lemma,pos,bci_av_id
1200,VERB,23157
15 min,VERB,23185
24 godziny,VERB,23054
30 minut,VERB,23104
aborcja,VERB,12323
abraham,PREP,21066
abstynencja,VERB,21308
adam,PREP,21063
adar,VERB,12337
adres,VERB,23402
adres e-mailowy,VERB,23486
adwent,VERB,24004
adwokat,PREP,23014
afryka,VERB,22602
agir,PREP,22821
agnostycyzm,VERB,24005
akademik,PREP,21559
akcja,VERB,12334
akordeon,VERB,23802
akrobata,PREP,24001
akrobatyka,VERB,24002
akt,VERB,12335
aktualności,VERB,13625
aktualny,ADJ,13624
aktywność,VERB,12335
aktywność seksualna,VERB,24257
aktywny,ADJ,12336
aktywny udział,VERB,23919
aktówka,VERB,23420
alarmowy,ADJ,18046
albo,NOUN,13914
ale,NOUN,13094
alergia,VERB,24407
alfabet,VERB,12366
alfabet palcowy,VERB,23506
aligator,VERB,12362
alkoholizm,VERB,24405
alt,VERB,23803
altana,VERB,13102
altówka,VERB,23982
ambulatorium,VERB,24008
amen,OTHER,21312
ameryka południowa,VERB,22608
ameryka północna,VERB,22607
ampulla,VERB,21365
ananas,VERB,16182
aneks,VERB,23409
angielski,VERB,23077
anglia,VERB,22610
ani,NOUN,15729
animacja,VERB,23435
anioł,PREP,12375
ankieter,PREP,21374
anoreksja,VERB,24439
antarktyka,VERB,22603
antena,VERB,24602
antena satelitarna,VERB,24740
antropologia,VERB,21548
antykoncepcja,VERB,12844
antylopa południowoafrykańska,VERB,22616
antywirus,VERB,23403
aparat,VERB,13111
aparat słuchowy,VERB,13895
apartamentowiec,VERB,23022
apostoł,PREP,21059
aprobować,PRON,12353
apteka,VERB,23072
aptekarz,PREP,23611
archeolog,PREP,21570
archeologia,VERB,21554
archipelag,VERB,23023
architekt,PREP,12412
areał,VERB,23024
aresztować,PRON,23025
arkusz,VERB,23715
armata,VERB,13120
armia,VERB,12579
aromat,VERB,15997
aromat czekoladowy,VERB,13173
aromat syropu klonowego,VERB,22334
aromoterapeuta,PREP,21603
artykuł,VERB,14457
astrolog,PREP,22901
astrologia,VERB,22636
astronauta,PREP,12590
astronom,PREP,21560
astronomia,VERB,21542
asysta,VERB,14704
asystent,PREP,14706
asystować,PRON,14705
atak choroby,VERB,12593
ateizm,VERB,21301
atom,VERB,12592
atrakcja warta zobaczenia,VERB,16970
atrakcyjność,VERB,24053
atrakcyjny,ADJ,12645
audio cd,VERB,16470
audiolog,PREP,21593
aula,VERB,24481
australia,VERB,22605
auto,VERB,13121
autobus,VERB,13089
autor,PREP,23716
aw,VERB,12599
awaryjny,VERB,13930
awokado,VERB,12600
azja,VERB,22604
azyl,VERB,16955
aż do,NOUN,17982
babcia,PREP,14629
babcia ze strony matki,PREP,14630
babeczka,VERB,22122
backspace,PRON,23411
badacz,PREP,23652
badanie,VERB,23635
badanie lekarskie,VERB,24480
badać,PRON,24442
badminton,VERB,12617
bagaż,VERB,12618
bagażnik,VERB,24613
bagażnik dachowy,VERB,24613
bagno,VERB,17472
bajkowa,PREP,23577
bakteria,VERB,24411
bakłażan,VERB,13913
baldur,PREP,22817
balet,VERB,23414
balkon,VERB,12620
balon,VERB,12622
balon z koszem,VERB,22107
banan,VERB,12623
bandaż,VERB,12625
bandera,VERB,14193
bandy - odmiana hokeja,VERB,21042
baner,VERB,16977
bangladesz,VERB,24607
banjo,VERB,23808
bank,VERB,12626
banknot,VERB,23604
bankomat,VERB,23405
bankowiec,PREP,13359
bar,VERB,12627
bar micwa,VERB,21112
baran,VERB,22638
baranina,VERB,15170
barbeque,VERB,12874
bardzo,ADJ,15671
bardzo wiele,VERB,15675
bariera,VERB,12631
barka,VERB,22072
barometr,VERB,23028
barwić,PRON,15957
barwnik,VERB,15956
bas,VERB,23809
baseball,VERB,12632
basen,VERB,16219
basen pływacki,VERB,17483
basen z piłeczkami,VERB,23413
bat micwa,VERB,21111
bateria,VERB,12638
batonik,VERB,22371
bawełna,VERB,23048
bawialnia,VERB,15224
bawić,PRON,12372
bawić się,PRON,16200
baza,VERB,12633
baza domowa,VERB,14886
bazowy,ADJ,24122
bać się,PRON,14159
bałwan,VERB,17196
bańka,VERB,12916
beczeć,PRON,24026
beczkowóz,VERB,14186
bejsbol uliczny,VERB,21803
bekać,PRON,12925
bekon,VERB,12614
belgia,VERB,22609
benzyna,VERB,14412
beton,VERB,13397
bez emocji,PRON,23444
bez końca,ADJ,21331
bez smaku,ADJ,22353
bez światła,ADJ,13634
bezludny,ADJ,21356
bezpieczeństwo,VERB,16705
bezpieczny,ADJ,16704
bezrobocie,VERB,17975
bezustanny,ADJ,21331
bezwietrzna pogoda,VERB,23828
bezwietrznie,ADJ,23829
bezwstyd,VERB,14125
biały,NOUN,18242
biblia,VERB,21068
biblioteczka,VERB,15202
biblioteka,VERB,15201
bibliotekarz,PREP,23568
biec,PRON,16699
biedny,ADJ,16220
bieg,VERB,21839
bieg przez płotki,VERB,21840
bieg sztafetowy,VERB,21842
biegun południowy,VERB,22599
biegun północny,VERB,22600
biegunka,VERB,24085
bielizna,VERB,17974
bielizna pościelowa,VERB,16951
bierzmowanie,VERB,21104
bieżący,ADJ,13624
bilard,VERB,22099
bilet,VERB,17729
bilet parkingowy,VERB,23915
bindi,VERB,12836
bingo,VERB,23571
biochemia,VERB,21545
biochemik,PREP,21563
biodro,VERB,14713
biolog,PREP,21564
biologia,VERB,21546
biomasa,VERB,13370
biopaliwo,VERB,13370
biseksualizm,VERB,24024
biseksualny,ADJ,24023
biskup,PREP,21056
biurko,VERB,13663
biustonosz,VERB,12889
biznes,VERB,13093
bizon,VERB,12917
biżuteria,VERB,24826
blacha do piekarnika,VERB,22575
blat,VERB,12868
blat biurka,VERB,23673
blin,VERB,23949
blink it itp - urządzenie do kontrolowania komputera wzrokiem,VERB,23493
bliski,ADJ,14951
blisko,ADJ,15697
bliskość,VERB,14950
bliss,VERB,21624
blissymbolics,VERB,23031
bliźniak,VERB,23193
bliźniaki,PREP,23978
bliźnięta,VERB,22655
blok,VERB,12860
blok mieszkalny,VERB,23022
blot,VERB,22833
bluzka,VERB,16957
bo,NOUN,12647
boczek,VERB,12614
bogactwa i piękna,PREP,15169
bogaty,ADJ,16506
bogini małżeństwa,PREP,22651
bohater,VERB,23528
bohaterski,ADJ,23529
boisko,VERB,13428
bok,VERB,16974
boks,VERB,12887
bolesne,ADJ,15955
boleć,PRON,14913
bolący,ADJ,16973
bom,VERB,22060
bomba,VERB,24036
borówka,VERB,15664
borówka amerykańska,VERB,12866
boski,ADJ,21041
botanik,PREP,21565
botanika,VERB,21547
boże narodzenie,VERB,13181
bożonarodzeniowy pudding,VERB,22308
brahma,PREP,12892
brak,NOUN,15474
brak dźwięków,VERB,16981
brak miesiączki,VERB,12370
brak wątpliwości,ADJ,13146
bramka,VERB,21809
brat,PREP,12909
brat bliźniak,PREP,23976
brat freji,PREP,22818
bratanek,PREP,15707
bratanica,PREP,15718
brać prysznic,PRON,16969
brać w leasing,PRON,24732
brew,VERB,14134
broda,VERB,12644
brodawczaki,VERB,24329
brodawka płciowa,VERB,24334
brodawki,VERB,24329
brodzik,VERB,18026
brodzik dla dzieci,VERB,18026
brokuły,VERB,12905
bronić,PRON,23015
bronić przed sądem,PRON,23060
bronić się słownie przed sądem,PRON,23062
brontozaur,VERB,23421
broń,VERB,14655
broń palna,VERB,14655
brud,VERB,22910
brudne,ADJ,13683
brukiew,VERB,17958
brukselka,VERB,12915
brusznica,VERB,15664
bryza,VERB,23824
bryłka,VERB,22362
brzeg,VERB,12640
brzoskwinia,VERB,15983
brzozowy,VERB,22337
brzuch,VERB,17265
brzydki,ADJ,17964
brzytwa,VERB,16946
brzęczenie,VERB,23884
brzęczyk,VERB,24616
bród,VERB,22083
brąz,VERB,23035
brązowy,NOUN,12910
buczenie,VERB,23884
budda,PREP,23423
buddyjski,ADJ,23425
buddysta,PREP,23426
buddyzm,VERB,23424
budynek,VERB,14905
budynek centrum handlowego,VERB,23208
budynek dwupoziomowy,VERB,23243
budynek jednopiętrowy,VERB,23163
budynek wielopiętrowy,VERB,23153
budynku wielopiętrowym,VERB,23154
budyń,VERB,22307
budyń ryżowy,VERB,23636
budzić się,PRON,23703
budżet,VERB,23427
bulimia itp,VERB,24439
bulwa,VERB,18006
buraki,VERB,12654
burza,VERB,17271
butelka,VERB,12880
butelka dla niemowląt,VERB,24409
butelka na mocz,VERB,24775
butelka z dziubkiem dla dzieci,VERB,24418
buty,VERB,12876
buty narciarskie,VERB,16999
buty śniegowe,VERB,17197
buziak,VERB,15152
bułka maślana,VERB,16683
bułka z kotletem rybnym,VERB,22120
bułka z parówką,VERB,14902
bydło,VERB,12379
bydło rogate,VERB,12379
byk,VERB,12920
być,PRON,12639
być gotowym,PRON,16244
być może,ADJ,16226
być niepewnym,PRON,13868
być posłusznym,PRON,15907
być spowodowane przez,PRON,13136
być w ciąży,ADJ,16241
być zimny,PRON,23444
być zmuszonym,PRON,15685
bóbr,VERB,12646
bóg,PREP,14451
bóg allah,PREP,21035
bóg ojciec,PREP,23098
ból,VERB,15954
bęben,VERB,23854
bębny ręcznie,VERB,23816
będzie,PRON,24261
błoto,VERB,15672
błysk,VERB,22384
błyskawica,VERB,15209
błyszczeć,PRON,17960
błyszczący,ADJ,22388
błąd,VERB,15479
błędne,ADJ,14935
całować,PRON,15153
cd,VERB,24621
cebula,VERB,12919
cegła,VERB,12860
cel,VERB,13682
celebracja życia,VERB,21291
celibat,VERB,12326
cement,VERB,13397
cena,VERB,13417
cenić,PRON,13948
cent,VERB,13143
centrum,VERB,15464
centrum handlowe,VERB,16961
centrum ogrodnicze,VERB,23091
centrum opieki,VERB,23038
centrum zasobów,VERB,16493
centrum zasobów systemu bliss,VERB,12859
centymetr,VERB,16698
ceramika,VERB,24048
ceremonia,VERB,21096
ceremonia nadania imienia,VERB,23155
ceremonia obrzezania,VERB,21113
ceremonia religijna,VERB,20573
ceres,VERB,24425
cerkiew,VERB,21030
cesarskie cięcie,VERB,13103
cewka moczowa,VERB,17988
chakka - owoc z kuchni indyjskiej,VERB,24682
chanuka,VERB,13153
charakter pisma,VERB,23107
charyzma,VERB,24053
charyzmatyczny,ADJ,24054
chatka,VERB,13102
chałka,VERB,13149
chałwa,VERB,14663
chcieć,PRON,18035
chemia,VERB,21544
chemiczny,VERB,23040
chemik,PREP,21562
cheszwan,VERB,13160
chipsy,VERB,16231
chirurg,PREP,21575
chiński basen,VERB,23413
chleb,VERB,12895
chmura,VERB,13367
chochla,VERB,22571
chodnik,VERB,16696
chodzik,VERB,18032
chodzić,PRON,18031
chodzić na palcach,PRON,17733
choinka,VERB,14116
choreoterapeuta,PREP,21599
choreoterapia,VERB,24078
choroba,VERB,16164
choroba psychiczna,VERB,24482
choroba skóry,VERB,24266
choroba układu oddechowego,VERB,24734
choroba weneryczna,VERB,24333
choroba żołądka,VERB,24289
chory,ADJ,16973
chorągiew,VERB,14193
chować,PRON,14710
chronione,ADJ,24223
chroniony,ADJ,16704
chronić,PRON,23059
chrupki ziemniaczane,VERB,16231
chrzan,VERB,14898
chrzest,VERB,21103
chrześcijanin,PREP,21031
chrześcijański,ADJ,13180
chrześcijańskie miłosierdzie,VERB,21305
chrześcijaństwo,VERB,21027
chrząkać,PRON,24140
chrząszcz,VERB,12655
chudy,ADJ,15693
chusta do noszenia dziecka,VERB,13126
chusta na głowę,VERB,14682
chusteczka do nosa,VERB,14671
chusteczka higieniczna,VERB,17738
chwilowy,ADJ,24307
chwycić,PRON,23200
chwytak,VERB,22567
chwytać,PRON,13131
chyba że,NOUN,17981
chór,PREP,13176
chętny,ADJ,23860
chłodny,ADJ,13410
chłopak,PREP,12888
chłopczyk,PREP,12604
chłopiec,PREP,12888
ciasteczko,VERB,13409
ciastko,VERB,13106
ciastko tortowe,VERB,22123
ciasto,VERB,22378
ciasto kruche z nadzieniem,VERB,16173
ciasto zagniatane,VERB,22379
ciało,VERB,12870
cicho,ADJ,16447
cichy,ADJ,16982
ciebie,PREP,18299
ciec,PRON,13872
ciec po brodzie,PRON,24433
ciecz,VERB,18209
cielęcina,VERB,18003
ciemnobłękitny,NOUN,14938
ciemny,ADJ,13634
cienki,ADJ,17716
cieplarnia,VERB,14643
ciepło,VERB,14696
ciepły,ADJ,18037
cierpienie,VERB,15954
cierpieć,PRON,14913
cierpliwość,VERB,15976
cieszyć się,PRON,12372
cień,VERB,24746
cień do oka,VERB,15164
cios,PRON,14717
ciotka,PREP,12596
cisza,VERB,16981
ciągle,ADJ,24286
ciągnik,VERB,17765
ciągnąć,PRON,16431
ciąć,PRON,13179
ciąża,VERB,16240
cięcie,VERB,17213
ciężar,VERB,18221
ciężarówka,VERB,17781
ciężki,ADJ,14698
ciśnienie,VERB,23169
ciśnieniomierz,VERB,23170
cmentarz,VERB,13142
cnota,VERB,13141
co,NOUN,18228
co jakiś czas,ADJ,17208
co mówiłaś,OTHER,15967
co mówiłeś słucham,OTHER,15967
co to,NOUN,18231
co-,NOUN,16482
cofać się,PRON,12612
cofnij,PRON,23701
cofnij i skasuj,PRON,23411
cokolwiek,VERB,12331
cola,VERB,17202
corrida,VERB,12921
coś,VERB,12331
coś chłonnego,VERB,12325
coś do okrycia,VERB,23600
coś do smarowania,VERB,17238
coś materialnego,VERB,17205
coś o słodkim smaku,VERB,17479
coś słodkiego,VERB,17453
coś ususzone,VERB,23859
cud,VERB,21299
cudzoziemski,ADJ,24118
cugle,VERB,24729
cukier,VERB,17453
cukierek,VERB,13118
cukierki,VERB,22376
cukiernia,VERB,23228
curling,VERB,21879
curry,VERB,22327
cydr,VERB,22347
cyfrowe,ADJ,23474
cyfrowe urządzenie magazynujące,VERB,24641
cylinder,VERB,13115
cyna,VERB,23239
cynamon,VERB,22312
cyrk,VERB,24061
cytra,VERB,23806
cytryna,VERB,15190
czajnik,VERB,16191
czajnik elektryczny,VERB,22587
czapati,VERB,16691
czapka,VERB,14682
czaprak,VERB,24252
czarny,NOUN,12849
czarodziej,PREP,23713
czarodziejka,PREP,23494
czarownik,PREP,23574
czarterować,PRON,24732
czas,VERB,17732
czas na odpoczynek,VERB,16497
czas wolny,VERB,14884
czasem,ADJ,17208
czasopismo,VERB,15407
czegoś,VERB,16494
czek,VERB,23604
czekanie,VERB,24832
czekać,PRON,18030
czekolada,VERB,13171
czemu-,NOUN,18245
czerwiec,VERB,15140
czerwony,NOUN,16474
czesać,PRON,13379
cześć,OTHER,14702
cześć mieszanki,VERB,22380
czkać,PRON,12925
czosnek,VERB,14423
czołg,VERB,17504
czoło,VERB,14384
cztery,NOUN,8500
czubek,VERB,16212
czuwający,ADJ,18046
czuwać,PRON,18045
czuć,PRON,14163
czuć zapach,PRON,17019
czwarta baza,VERB,14886
czwartek,VERB,17728
czyj-,NOUN,18248
czyjeś,NOUN,18247
czyn,VERB,12335
czynel,VERB,23842
czystość,VERB,12326
czysty,ADJ,13356
czytanie,VERB,23187
czytać,PRON,16465
czyścić,PRON,13357
czółno,VERB,22075
często,ADJ,15913
części ciała,VERB,24033
część,OTHER,15972
część symbolu bliss,OTHER,12858
członek,PREP,24692
człowiek,PREP,15416
człowiek w podeszłym wieku,PREP,24508
córka,PREP,13638
dach,VERB,16686
dachówka,VERB,24518
daj mi chwilę,NOUN,24664
daktyl,VERB,13637
daleko,NOUN,12602
dane,VERB,23467
dania,VERB,13654
danie główne,VERB,22119
dar,VERB,14437
dawać,PRON,14440
dawniej,NOUN,12352
dbający o innych,ADJ,13402
debata,VERB,13689
debatować,PRON,13688
decydować,PRON,13648
decyzja,VERB,13649
defekacja,VERB,12884
deflacja,VERB,23064
dekada,VERB,13646
deklaracja,VERB,23221
dekoracja,VERB,13650
delfin,VERB,13864
delikatny,ADJ,13402
demokracja,VERB,24080
demonstracja,VERB,23066
demonstrować,PRON,16967
demonstrować przeciwko,PRON,23065
dentysta,PREP,13656
depresja,VERB,13659
derka końska,VERB,24159
derka pod siodło,VERB,24252
deser,VERB,13664
deser owocowy,VERB,23515
deska,VERB,12868
deska do prasowania,VERB,14957
deska surfingowa,VERB,21881
deska windsurfingowa,VERB,21882
deskorolka,VERB,16997
deszcz,VERB,16455
deszczomierz,VERB,23186
deszczowy,ADJ,16458
detonacja,VERB,14132
detonować,PRON,14131
dezodorant,VERB,13657
dhoti,VERB,13668
diabeł,PREP,20568
diament,VERB,13669
dieta,VERB,13673
dingo,VERB,18268
dinozaur,VERB,13681
disco,VERB,13686
dlaczego,NOUN,18249
dlatego,NOUN,12647
dlatego też,NOUN,17708
dmuchać,PRON,12863
dno,VERB,12881
do,NOUN,12591
do czasu,NOUN,17982
do przodu,NOUN,14390
do przodu i do tyłu,NOUN,12610
do widzenia,NOUN,24457
do zobaczenia,OTHER,16748
do środka,NOUN,14952
doba,VERB,23054
dobranoc,NOUN,24459
dobre,ADJ,20526
dobrego dnia,NOUN,24461
dobroć,VERB,14456
dobry,ADJ,15717
dobry wieczór,NOUN,24460
dobrze,ADJ,14463
dobór,VERB,13175
docenić,PRON,13948
dochodzenie,VERB,24441
dodatek,VERB,23409
dodatek do czegoś,VERB,24003
dodatek do ubrania,VERB,12328
dodawanie,VERB,12339
dodać,PRON,12338
dojrzały,ADJ,12342
dojrzały płciowo,ADJ,24260
dojrzewanie,VERB,15433
dojść,PRON,13383
dokuczać,PRON,17515
dokument,VERB,15962
dolar,VERB,13863
dolina,VERB,17999
dolne części ciała,VERB,24182
dolny,NOUN,17969
dom,VERB,14885
dom do wynajęcia na krótko,VERB,23209
dom grupowy,VERB,16492
dom jednopiętrowy,VERB,23164
dom kultury,VERB,23446
dom towarowy,VERB,23067
dom w bloku,VERB,23154
dom wielopiętrowy,VERB,23022
dom zastępczy,VERB,23513
domek,VERB,13102
domino,VERB,24432
domowa biblioteka,VERB,15202
domowy,VERB,22116
dookoła,NOUN,12580
dopasowywanie elementów,VERB,23584
doradca,PREP,13421
doradca finansowy,PREP,13359
doradzać,PRON,12346
doradztwo,VERB,12345
dorastanie,VERB,12340
doraźny,VERB,13930
dorosły,ADJ,12342
dorsz,VERB,23044
dorównywać,PRON,13943
doskonale,ADJ,21345
doskonałe,ADJ,22352
doskonałość,VERB,21342
doskonały,ADJ,21343
dostawać,PRON,14435
dotknąć,PRON,17761
dotransportować,PRON,12904
dotykać,PRON,14163
dowcipne,ADJ,14414
dowiadywać,PRON,15184
dowieźć,PRON,12904
dowolne,VERB,21867
dowód,VERB,23079
doznawać,PRON,14163
dozorca,PREP,24683
dozorować,PRON,18045
doświadczać,PRON,24099
dość,ADJ,13939
drabina,VERB,15166
drakkar,VERB,22829
dramat,VERB,23480
drapacz chmur,VERB,23215
draperie,VERB,13626
drejdel,VERB,17759
dressing,VERB,16723
drewniana laska,VERB,17263
drewno,VERB,18270
droga,VERB,16678
drogi,OTHER,13644
drogo,ADJ,14129
drogomierz,VERB,23161
dromader,VERB,13885
drożdżówka,VERB,20769
drugi,ADJ,16744
drukarka,VERB,17962
drukować,PRON,23624
drut,VERB,18265
drużyna piłkarska,VERB,24450
drwal,PREP,23572
dryft kontynentalny,VERB,22621
drylować,PRON,16189
drzewko bożonarodzeniowe,VERB,21371
drzewo,VERB,17775
drzewo wiecznie zielone,VERB,14116
drzwi,VERB,13866
drób,VERB,13165
drążek,VERB,24180
duch,PREP,14436
duch sportu,PREP,23666
duch święty,PREP,23114
dudy,VERB,23807
dumny,ADJ,16422
duplikat,VERB,13412
durga,PREP,13891
durszlak,VERB,16976
dusić,PRON,13177
dusza,VERB,21045
duszek,PREP,23422
duża grupa ludzi,PREP,16429
dużo,VERB,14647
duży,ADJ,12835
dvd,VERB,24621
dwa,NOUN,8498
dworzec autobusowy,VERB,24040
dworzec kolejowy,VERB,24315
dworzec kolejowy  stacja kolejowa,VERB,24314
dwukropek,NOUN,8488
dym,VERB,17022
dymka,VERB,14644
dynia,VERB,17244
dyrektor,PREP,15182
dyrygent,PREP,13399
dyskomfort,VERB,13687
dyskusja,VERB,13689
dyskutować,PRON,13688
dywan,VERB,16696
dzbanek z dziubkiem,VERB,16191
dziadek,PREP,14626
dziadek do orzechów,VERB,22566
dziadek ze stron ojca,PREP,14628
dziadek ze strony matki,PREP,14627
dziadkowie,PREP,14632
działający,ADJ,23518
działanie,VERB,12334
działanie na rzecz,VERB,23007
działać,PRON,13860
działać na rzecz,PRON,23005
działać na rzecz jakiegoś celu,PRON,23172
działo,VERB,13120
dzieci,PREP,15912
dzieciak,PREP,13166
dzieciątko jezus,PREP,21086
dziecko,PREP,12603
dzielenie,VERB,13857
dzielić,PRON,13694
dzielnica,VERB,23848
dzienne centrum,VERB,23055
dzienne centrum opieki,VERB,13641
dziennikarz,PREP,23548
dzierżawa,VERB,24731
dziewczyna,PREP,14439
dziewczynka,PREP,12607
dziewictwo,VERB,18015
dziewięć,NOUN,8505
dzieło sztuki,VERB,18275
dzień,VERB,13639
dzień dobry,NOUN,24458
dzień dziecka,VERB,24059
dzień i noc,VERB,23054
dzień jerozolimy,VERB,14968
dzień matki,VERB,24195
dzień niepodległości,VERB,14937
dzień odpoczynku,VERB,16700
dzień ojca,VERB,24108
dzień pamięci,VERB,16486
dzień postu,VERB,14153
dzień urodzin,VERB,12846
dzień wszystkich świętych,VERB,14662
dziki kwiat,VERB,14370
dziki pies,VERB,18268
dzisiaj,VERB,17744
dziura,VERB,14883
dziura w zębie,VERB,13138
dziwny,ADJ,17274
dziób łodzi,VERB,22062
dziękczynienie,VERB,17534
dziękować,PRON,17532
dziś wieczór,VERB,17753
dzwon,VERB,12662
dzwonek,VERB,12662
dzwonić,PRON,22904
dzwonki rurowe,VERB,23814
dzwony,VERB,23814
dół,VERB,13097
dławić,PRON,13177
długi,ADJ,15229
długo,ADJ,24181
długopis,VERB,15991
długość,VERB,15193
dłuższy,ADJ,15230
dźwig,VERB,13434
dźwigać,PRON,15207
dźwięk,VERB,15682
dżakfrut,VERB,24682
dżdżysty,ADJ,16458
dżem,VERB,14965
dżokej,PREP,22091
dżudo,VERB,20595
e-mail,VERB,23485
edukacja,VERB,13908
efekt,VERB,13910
egir,PREP,22821
egocentryczny,ADJ,16755
egoistyczny,ADJ,16755
egzamin,VERB,17528
egzystencja,VERB,24098
ekologiczny,VERB,23108
ekonomia,VERB,21543
ekonomiczny,VERB,23074
ekonomista,PREP,21561
ekran dotykowy,VERB,23687
ekran komputera,VERB,23451
ekscytujący,ADJ,23868
ekshibicjonizm,VERB,14125
eksperymentować,PRON,24099
eksport,VERB,23489
eksportować,PRON,23490
ekstaza,VERB,14120
elektorat,PREP,24093
elektryczny,ADJ,13917
elektryczny wózek inwalidzki,VERB,13920
elf,PREP,23483
eliminować,PRON,14121
elul - miesiąc kalendarza hebrajskiego,VERB,13925
embrion,VERB,13929
emeryt,PREP,24497
emerytura,VERB,24493
emocja,VERB,14164
empatia,VERB,13931
energia,VERB,13936
energia ciała,VERB,23866
energia elektryczna,VERB,13918
energia jądrowa,VERB,15738
energia umysłowa,VERB,23865
enter,VERB,23488
epoka brązu,VERB,23036
epoka kamienia łupanego,VERB,23222
epoka żelaza,VERB,23123
erekcja,VERB,13944
eris,VERB,24440
erupcja,VERB,24652
estonia,VERB,24097
etrog,VERB,13946
etykieta,VERB,15691
euro,VERB,21541
europa,VERB,22606
ewa,PREP,21064
ewangelizacja chrześcijańska,PRON,21347
ewangelizować,PRON,21346
ewentualne,ADJ,25831
ewentualnie,ADJ,16226
fabryka,VERB,14140
fach,VERB,21360
fagot,VERB,23812
fagot francuski,VERB,23850
fajerwerk,VERB,24655
faksować,PRON,23498
fakt,VERB,14139
faktura,VERB,24681
fala,VERB,21880
fala pływowa,VERB,22624
falafel - arabska potrawa wegetariańska,VERB,14141
fan,PREP,24083
fan blissa,PREP,24027
fanatyczny,ADJ,24105
fanatyk,PREP,24106
fanatyk religijny,PREP,24234
fanatyk sportu,PREP,24280
fantastyczny,ADJ,24829
farba,VERB,15956
farbować,PRON,15957
farfale - makaron kokardki,VERB,22131
farmaceuta,PREP,23611
fartuch,VERB,12411
fasola,VERB,12642
fasola suszona,VERB,24021
fasolka szparagowa,VERB,17442
faworyzowany,ADJ,14158
fax,VERB,23497
fiasko,VERB,24445
figi,VERB,17971
fikołek,VERB,24272
filiżanka,VERB,22578
film,VERB,14177
film animowany,VERB,23435
filozof,PREP,23612
filozofia,VERB,23614
filozofia religijna,VERB,23681
filozoficzny,VERB,23615
finanse,VERB,15484
finałowy,ADJ,15173
finlandia,VERB,14182
fiolet,NOUN,16436
fiord,VERB,22613
fizjoterapeuta,PREP,21592
fizjoterapia,VERB,24211
fizyka,VERB,21556
flaga,VERB,14193
flet,VERB,23871
flet altowy,VERB,23873
flet piccolo,VERB,23924
flet poprzeczny,VERB,23872
flet sopranowy,VERB,23874
foka,VERB,23657
folder,VERB,21340
folk,VERB,21611
foremki do piasku,VERB,23645
forma,VERB,16940
forma do pieczenia,VERB,22576
forma modlitwy,VERB,12891
forma przedszkola,VERB,13640
forma żaroodporna,VERB,22593
fort,VERB,24119
forteca,VERB,24119
fortepian,VERB,23922
fortuna,VERB,15402
fotel,VERB,12578
fotel na biegunach,VERB,16681
fotografia,VERB,16169
frachtowiec,VERB,22069
fraza,VERB,16760
frej - nordycki bóg urodzaju,PREP,22818
freja - nordycka bogini płodności,PREP,22819
frigg - nordycka bogini,PREP,22651
frustracja,VERB,14410
frustrujące,ADJ,14409
fruwać,PRON,14372
frytki,VERB,14398
frytkownica,VERB,22585
fryzjer,PREP,12628
fujarka,VERB,23912
fundament,VERB,23089
fundamentalista,PREP,24127
fundamentalista religijny,PREP,24128
fundamentalizm,VERB,24125
fundamentalizm religijny,VERB,24126
funkcja,VERB,23516
funkcjonalny,ADJ,23518
funkcjonować,PRON,23517
funt szterling,VERB,16232
furtka,VERB,21809
futbol,VERB,14380
futro,VERB,14415
gabinet logopedyczny,VERB,24277
gabinet psychologiczny,VERB,24226
gad,VERB,12388
gaj,VERB,14648
galaktyka,VERB,24451
galeria,VERB,12582
galeria handlowa,VERB,23207
galeria sztuki,VERB,12582
galopować,PRON,24044
ganek,VERB,12620
ganeśa - hinduski bóg pokoju z głową słonia,PREP,14419
garaż,VERB,14420
garderoba,VERB,24063
garncarstwo,VERB,24048
garnek,VERB,22584
garnek elektryczny,VERB,22580
garnitur,VERB,17456
gaz,VERB,14424
gazeta,VERB,15407
gazowa planeta,VERB,24455
gałąź,VERB,12894
gderać,PRON,21361
gdy,NOUN,13892
gdzie,NOUN,18236
gdzie-,NOUN,18237
gdziekolwiek,NOUN,12402
gdzieś,NOUN,12402
gej,ADJ,24814
gejowski,VERB,14888
gejzer,VERB,22632
generalizacja,VERB,14430
generalny,ADJ,24131
geografia,VERB,23093
geograficzny,VERB,23094
geolog,PREP,21567
geologia - nauka,VERB,21550
geologiczny,VERB,23095
gigant,PREP,23521
gigantyczny,ADJ,21354
gimnastyka,VERB,21798
ginekolog,PREP,21580
gitara,VERB,23879
gitara basowa,VERB,23811
glina,VERB,15672
glob,VERB,13900
gnom,PREP,23481
goblin,PREP,23525
godzina,VERB,14904
gokarstwo,VERB,21831
gokart,VERB,21822
gol,VERB,14450
golarka,VERB,16946
golf,VERB,14453
golić brodę,PRON,16945
golić się,PRON,24263
gondolą,VERB,22107
gong,VERB,23878
gongi,VERB,23814
gorliwość,VERB,24804
gorliwy,ADJ,23860
gorset,VERB,13129
goryl,VERB,15485
gorzki,ADJ,12848
gorące źródło,VERB,22632
gorący,ADJ,14900
gorączka,VERB,24112
gospel,VERB,21076
gospodarczy,VERB,23074
gospodarka,VERB,21543
gospodarstwo rolne,VERB,14151
gotowane jajko,VERB,22137
gotowanie,VERB,22908
gotować,PRON,12619
gotować w mikrofalówce,PRON,15462
gotowy,ADJ,23860
gotówka,VERB,15484
gołąbki,VERB,23502
gołąbki z liści winogron,VERB,23504
gość,PREP,18018
gps,VERB,24660
gra,VERB,14418
gra losowa,VERB,24477
gra stołowa,VERB,17492
gra w bule,VERB,21806
gra w karty,VERB,23432
gra w kręgle,VERB,12885
gra w kule,VERB,21806
grabie,VERB,16461
gracz,PREP,24454
grad,VERB,14659
grafologia,VERB,23107
granice,VERB,15213
gratulacje,OTHER,15487
gratulować,PRON,15437
grać,VERB,23618
grać w piłkę,PRON,16201
grać w rzutki,VERB,21853
grejpfrut,VERB,14634
grill,VERB,12874
grillować,PRON,12906
groch,VERB,15987
gromadzić,PRON,14426
grube,ADJ,14156
gruby,ADJ,18250
grudzień,VERB,13647
grunt,VERB,13901
grupa,PREP,14646
grupowy dom rodzinny,VERB,16492
gruszka,VERB,15986
gry,VERB,24259
gry komputerowe,VERB,23449
grypa,VERB,24117
grypa żołądkowa,VERB,24288
gryzoń,VERB,12386
gryźć,PRON,12847
grzanka,VERB,17740
grzebień,VERB,13378
grzech,VERB,16988
grzechotka,VERB,23900
grzeczny,ADJ,15717
grzesznik,PREP,16993
grzeszyć,PRON,16989
grzmot,VERB,15209
grzyb,VERB,15678
grzybica,VERB,24472
grzywa,VERB,24184
grzywna,VERB,23082
grzęzawisko,VERB,17472
grób,VERB,14638
guano,VERB,24009
gubić z pola widzenia,PRON,21081
gulasz mięsny,VERB,23668
gumowe rękawice,VERB,22597
guzik,VERB,13098
gwałt,VERB,16462
gwiazda,VERB,17252
gwiazda dawida,VERB,17251
gwiazdka,VERB,17252
gwiazdor,PREP,23647
gwizdać,PRON,18241
gwóźdź,VERB,15689
gwóźdź do podkowy,VERB,24164
góra,VERB,15663
góra lodowa,VERB,24133
górna część ciała,VERB,24325
gówno,PRON,15668
gąbka,VERB,12325
gąsienica,VERB,13132
gęsta śmietana,VERB,13605
gęś,VERB,12840
gładki,ADJ,17186
gładzik,VERB,23688
głodny,ADJ,14912
głodzenie się,VERB,24283
głos,VERB,23984
głosić,PRON,21310
głosić wiarę,PRON,21346
głowa,VERB,14689
głowa niedźwiedzia,VERB,24801
głośniki,VERB,23898
głośny,ADJ,15397
głuchy,ADJ,13643
głupi,ADJ,17447
głównie,ADJ,14187
głęboka zatoka,VERB,22613
głęboki,ADJ,13652
hagada - hebrajska opowieść,VERB,14658
hak,VERB,14891
halka,VERB,17012
halloween,VERB,14662
halucynogen,VERB,24488
hamak,VERB,24662
hamburger,VERB,14664
hamentasz,VERB,14665
hamulce,VERB,23822
hamulec,VERB,23821
handel,VERB,13093
hangar,VERB,12358
hard rock,VERB,24663
harfa,VERB,23881
harmonia,VERB,14680
harmonogram,VERB,16733
hawdala - ceremonia hebr,VERB,14684
hazard,VERB,24452
hazardzista,PREP,24454
hałaśliwy,ADJ,15397
hebrajczyk,PREP,21032
hebrajski,ADJ,14972
hebrajski język,VERB,23110
hej,OTHER,14702
helikopter,VERB,14701
herbata,VERB,17511
herbatnik,VERB,13409
heteroseksualność,VERB,14709
hełm,VERB,14703
hibernacja,VERB,24150
hipermarket,VERB,23207
hipopotam,VERB,14714
hipoterapia,VERB,24310
histerektomia - usunięcie macicy,VERB,14915
historia,VERB,17272
historyczny,VERB,23112
historyk,PREP,21569
hobbit,PREP,23531
hobby,VERB,14718
hod dog,VERB,14902
hodować,PRON,16459
hokej,VERB,20590
hokej na lodzie,VERB,14922
hokej na trawie,VERB,14174
hol,VERB,23047
holandia,VERB,15708
holocaust,VERB,21612
holownik,VERB,22080
homar,VERB,23146
homoseksualista,ADJ,24814
homoseksualistka,ADJ,24813
homoseksualizm,VERB,24154
homoseksualne,ADJ,24153
honorarium,VERB,24109
horyzont,VERB,14894
horyzontalny,ADJ,23116
hostia,VERB,21367
hotel,VERB,14903
huczne przyjęcie towarzyskie,VERB,21287
hufnal,VERB,24164
hugin i mugin - kruki odyna,VERB,22823
hulajnoga,VERB,21811
hummus - arabska potrawa,VERB,14911
humor,VERB,15650
huragan,VERB,23887
huraganowe wiatry,VERB,17271
huśtawka,VERB,16751
huśtać się,PRON,17486
hydroplan,VERB,22104
hydroterapeuta,PREP,21597
hydroterapia,VERB,24169
hymn,VERB,21074
ich,NOUN,17712
ich-,PREP,17701
idea,VERB,14926
idź,PRON,14449
igła,VERB,15703
igła od strzykawki,VERB,15704
ile,NOUN,14908
ilustracja,VERB,16169
imbir,VERB,22318
imbir sproszkowany,VERB,22319
import,VERB,23538
import danych,PRON,23540
importowane,ADJ,23541
importować,PRON,23539
indeks,VERB,15220
indyk,VERB,17954
indywidualność,VERB,24210
infekcja,VERB,24065
infekcja bakteryjna,VERB,24410
inflacja,VERB,23119
informacja,VERB,15712
informatyczne,ADJ,23474
informować,PRON,16965
inne,NOUN,13675
inny,NOUN,13675
inochód,PRON,24230
instrukcja użytkowania,VERB,14946
instruktor,PREP,17513
instruktor jazdy konnej,PREP,24245
instruktor jeździecki,PREP,24245
instrument dęty,VERB,23823
instrument dęty drewniany,VERB,23985
instrument muzyczny,VERB,15681
instrument perkusyjny,VERB,23921
instrument rytmiczny,VERB,23943
instrument smyczkowy,VERB,23820
instrument strunowy,VERB,23879
instrumenty dęte,VERB,23981
intelekt,VERB,15471
intelektualny,ADJ,15456
inteligencja,VERB,22917
inteligentny,ADJ,17015
intensywność,NOUN,14947
intensywny,ADJ,16506
interesujący,ADJ,14948
interfejs,VERB,24628
internat,VERB,16492
internet,VERB,23543
intranet,VERB,23545
intuicja,VERB,21098
intymność,VERB,14950
intymny,ADJ,14951
inżynier,PREP,23441
inżynier elektryk,PREP,23482
inżynier mechanik,PREP,23588
ipod,VERB,23903
irlandia,VERB,14954
iskra,VERB,24274
islam,VERB,21029
islamski,ADJ,15659
islandia,VERB,14923
istnieje,PRON,12639
istnienie,VERB,24098
istnieć,PRON,12639
istota,VERB,13609
itp,VERB,23454
iyar miesiąc hebr,VERB,14964
izrael,VERB,14959
iść,PRON,18031
iść na kolanach,PRON,13603
iść z powrotem,PRON,12612
iść za,PRON,14376
ja,PREP,14916
ja mam,PREP,15687
jabłecznik,VERB,22347
jabłko,VERB,12405
jacht,VERB,20520
jadalnia,VERB,13680
jagnięcina,VERB,24475
jagoda,VERB,12666
jaguar,VERB,24175
jajecznica,VERB,22139
jajko,VERB,13911
jajko gotowane,VERB,22141
jajko sadzone,VERB,22138
jajnik,VERB,15947
jajo,VERB,13911
jajowód,VERB,14143
jak,NOUN,14906
jak wiele,NOUN,14908
jakiego rodzaju-,NOUN,18230
jakikolwiek,NOUN,12321
jakiś,NOUN,12321
jakość,VERB,24720
jarmułka,VERB,17004
jaskinia,VERB,13137
jasne,ADJ,13358
jasny,ADJ,12903
jastrząb,VERB,14686
jaszczurka,VERB,12388
jazda na nartach,VERB,20598
jechać,PRON,13883
jechać konno,PRON,21835
jeden,NOUN,8497
jednak,NOUN,12367
jednorożec,VERB,23702
jednostka,VERB,17978
jedwab,VERB,23211
jedwabny materiał,VERB,23212
jedzenie,VERB,14377
jego,PREP,14687
jej,PREP,14707
jeleń,VERB,12381
jelita,VERB,12883
jelito cienkie,VERB,12883
jelito grube,VERB,12883
jemu,PREP,14687
jen,VERB,18293
jesień,VERB,12597
jest,PRON,12639
jeszcze,ADJ,24285
jezioro,VERB,15168
jezus chrystus,PREP,14969
jeśli,NOUN,14927
jeść,PRON,13906
jeździec,PREP,22091
jeździectwo,VERB,21629
jeździć na rolkach,PRON,16684
jeździć na rowerze,PRON,21832
jeż,VERB,14699
jeżowiec,VERB,23656
jeżozwierz,VERB,16222
jeżyna,VERB,16463
jogurt,VERB,18296
jogurt owocowy,VERB,14407
jom kippur,VERB,18297
jorcait,VERB,18286
jormungand,VERB,22826
joystick,VERB,23549
judaizm,VERB,21028
judo,VERB,20595
jupiter,VERB,24473
jury,VERB,23129
jutro,VERB,14417
jutro wieczorem,VERB,17751
jądro,VERB,15741
jęczmień,VERB,24608
język,VERB,15172
język angielski,VERB,23078
język bliss,VERB,23031
język migowy,VERB,21538
językoznawca,PREP,21572
językoznawstwo,VERB,21557
kabaczek,VERB,17244
kabalat szabat,NOUN,15141
kabel,VERB,18265
kabel elektryczny,VERB,13921
kabina,VERB,24617
kaczka,VERB,12840
kadzidło,VERB,21358
kadłub statku,VERB,22065
kafel,VERB,24518
kajak,VERB,22075
kajakarstwo,VERB,22050
kakao,VERB,13173
kakao bez cukru,VERB,22341
kakao z cukrem,VERB,22340
kalafior,VERB,13133
kalendarz,VERB,13109
kalendarzyk małżeński,VERB,16503
kalesony,VERB,17971
kali - bogini hind,PREP,15142
kalkulacja,VERB,23050
kalkulator,VERB,13108
kambuz,VERB,24658
kameleon,VERB,13150
kamera fotograficzna,VERB,13111
kamerton,VERB,23975
kamienie,VERB,17266
kamienny materiał,VERB,17266
kamień,VERB,17267
kamizelka ratunkowa,VERB,24687
kanada,VERB,13116
kanapa,VERB,13419
kanapka,VERB,16718
kanał,VERB,24619
kangur,VERB,12384
kanister,VERB,22590
kantar,VERB,24038
kantele,VERB,23806
kapać,PRON,24433
kapelusz,VERB,14682
kapeć,VERB,17013
kapitan marynarki,VERB,24744
kapitan statku,VERB,24744
kapok,VERB,24687
kaptur,VERB,14682
kapusta,VERB,13101
kapusta kiszona,VERB,16724
kapłan,PREP,15473
kapłaństwo,VERB,21107
karabin,VERB,16510
karawaning,VERB,24618
karaś,VERB,14452
kardiolog,PREP,21582
karetka pogotowia,VERB,12369
karibu,VERB,16478
kariera,VERB,21360
kark,VERB,15700
karmić,PRON,14162
karta,VERB,23431
karta bankowa,VERB,23415
karta kredytowa,VERB,24633
karta płatnicza,VERB,23415
karta telefoniczna,VERB,23677
kartka,VERB,15962
kartka walentynkowa,VERB,17997
kartograf,PREP,23433
kartografia,VERB,23434
karty,VERB,13122
karty do gry,VERB,13122
karuzela,VERB,15458
karzeł,PREP,23481
kaseta,VERB,13128
kaseta magnetofonowa,VERB,13128
kaseta wideo,VERB,13128
kask,VERB,14703
kask hokejowy,VERB,21617
kask rowerowy,VERB,21618
kaskada,VERB,22623
kasować,PRON,23468
kastaniety,VERB,23830
kasza,VERB,13145
kaszleć,PRON,13420
katamaran,VERB,22087
katar,VERB,24065
katarakta,VERB,22623
katastrofa,VERB,13437
katecheta,PREP,23191
katechizm,VERB,16238
kawa,VERB,13373
kawałek,OTHER,15972
kawałki mięsa,VERB,23473
kawiarnia,VERB,13104
kazachstan,VERB,23551
kazirodztwo,VERB,14933
kaznodzieja,PREP,15473
kał,PRON,15668
każdego dnia,VERB,23021
każdy,NOUN,13893
kciuk,VERB,17726
kebab,VERB,23889
kelner,PREP,24777
kelnerka,PREP,24777
ketchup,VERB,23552
kibuc,VERB,15145
kichać,PRON,17191
kiddusz ceremonia hebr,VERB,15147
kiedy,NOUN,18234
kiedykolwiek,ADJ,14115
kiedyś,NOUN,12352
kielich,VERB,21363
kielich mszalny,VERB,21364
kieliszek do wina,VERB,21363
kierować,PRON,14461
kierowca,PREP,13884
kierowca autobusu,PREP,13091
kierownictwo,VERB,22913
kierownik,PREP,12878
kierownik opieki,PREP,24620
kierownik planu opieki,PREP,24620
kierunek,VERB,13682
kieszeń,VERB,16209
kiełbasa,VERB,16726
kij,VERB,17235
kij do bejsbola,VERB,12635
kijanka,VERB,24302
kijek do podparcia przy chodzeniu,VERB,13119
kijki do nart,VERB,17000
kil,VERB,22064
kilka,NOUN,16762
kino,VERB,15670
kislew - miesiąc hebr,VERB,15151
kiszone,ADJ,22350
klacz,VERB,24186
klamra,VERB,12890
klan,VERB,21609
klarnet,VERB,23837
klarnet basowy,VERB,23810
klasa,VERB,13352
klatka,VERB,13105
klatka dla ryb,VERB,24656
klatka piersiowa,VERB,13161
klaun,PREP,23443
klauzula,VERB,16760
klawesyn,VERB,23882
klawiatura,VERB,23892
klawiatura komputerowa,VERB,23555
klawiatura komputerowa mini,VERB,23557
klawiatura komputerowa rozszerzona,VERB,23556
klawiatura nakładkowa,VERB,23601
klawisz klawiatury komputerowej,VERB,23553
klawisze,VERB,23892
kleić,PRON,14448
klej,VERB,14447
klejnot,VERB,14971
klementynki,VERB,17503
kleszcz,VERB,15480
klimat,VERB,12356
klinika,VERB,13361
klinika dziecięca,VERB,12606
klinika planowania rodziny,VERB,14148
klops,VERB,14378
klopsik,VERB,15445
klopsiki rybne,VERB,22127
klub,VERB,13369
klub dla dzieci,VERB,23009
klub fanowski,VERB,24446
klub kibiców piłkarskich,VERB,24449
klub miłośników,VERB,24446
klub młodzieżowy,VERB,23011
klucz,VERB,15144
kluska,VERB,22128
klęczeć,PRON,15158
klęcząca,PREP,16162
klęknąć,PRON,15158
klęska,VERB,24445
koala,VERB,15163
kobiece narządy płciowe,VERB,14432
kobiecy,ADJ,14165
kobieta,ADJ,14165
kobieta przodek,PREP,21326
koc,VERB,12854
kochanek,PREP,17481
kochany,OTHER,13644
kochać,PRON,15400
kociak,VERB,15156
kocki konstrukcyjne,VERB,23454
kogucik,VERB,23043
koić,PRON,13385
koja,VERB,24610
kokos,VERB,13372
kolacja,VERB,17468
kolam,VERB,12365
kolano,VERB,15157
kolarstwo,VERB,21823
kolarstwo górskie,VERB,21825
kolba,VERB,12880
kolce,VERB,23627
kolega,PREP,14401
kolej podziemna,VERB,24296
kolejka,VERB,23896
kolejka jednoszynowa napowietrzna,VERB,24267
kolejka liniowa,VERB,24267
kolejka linowa,VERB,24042
kolejka miejska,VERB,24067
kolejny,NOUN,24011
kolonie,VERB,17461
kolor,VERB,13377
kolosalny,ADJ,21354
kolęda,VERB,24623
komandos,PREP,17204
komar,VERB,15660
kombinezon,VERB,12411
komedia,VERB,23445
kometa,VERB,13384
komin,VERB,13168
kominek,VERB,14185
komisja oceniająca,VERB,23129
komoda,VERB,13162
kompas,VERB,24626
kompozytor,PREP,13393
komputer,VERB,13394
komputer stacjonarny,VERB,23470
komputer z ekranem dotykowym,VERB,23672
komputerowa mysz nagłowna,VERB,23526
komu,NOUN,18245
komunia,VERB,21105
komunikacja,VERB,13390
komunikat,VERB,24485
komórka,VERB,21540
komórka jajowa,VERB,13911
koncert,VERB,23452
kondensacja,VERB,23839
kondensować,PRON,23840
kondygnacja,VERB,23085
konferencja,VERB,14427
koniec,PRON,17268
koniec drogi,VERB,13935
konieczność,VERB,15701
konieczność zrobienia czegoś,VERB,22914
konieczny,ADJ,15698
konik polny,VERB,14637
koniuszek,VERB,16212
koniuszy,PREP,24137
konkubinat,PREP,14145
konkurować,PRON,13392
konkurs,VERB,16451
konkurs skoków przez przeszkody,VERB,22096
konkurs ujeżdżenia,VERB,22097
konserwa,VERB,20528
konserwować,PRON,15143
konsola do gry,VERB,24659
konstelacja gwiazd,VERB,22633
konstrukcja,VERB,17445
konstytucja,VERB,24072
konsultant,PREP,13421
kontakt,VERB,23569
konto,VERB,12330
kontrabas,VERB,23849
kontrastować,PRON,13406
kontrola,VERB,24428
kontrola nad czymś,VERB,24718
kontynent,VERB,22601
kontynuować,PRON,13404
konwersja,VERB,21321
konwertować,PRON,21320
kopalnia,VERB,15472
kopać,PRON,13677
kopia,VERB,13412
kopiarka,VERB,23456
kopiować,PRON,16487
kopnąć,PRON,15146
kopulacja,VERB,16931
kopyto,VERB,15978
kora,VERB,22311
koral,VERB,23457
koralowiec,VERB,23653
koran,VERB,21072
korespondować,PRON,15408
korkociąg,VERB,22564
korona,VERB,22618
korupcja,VERB,24629
korytarz,VERB,23047
korzeń,VERB,16688
kos,VERB,12851
kosmonauta,PREP,12590
kostium,VERB,13418
kostka u nogi,VERB,12391
kosz motocyklowy,VERB,21821
koszenie,VERB,14681
koszt,VERB,13417
koszula,VERB,16957
koszula nocna,VERB,16442
koszulka pod sukienkę,VERB,17012
koszykówka,VERB,12634
kot,VERB,12383
kotlet rybny,VERB,22120
kotwica,VERB,24604
kowal,PREP,24107
koza,VERB,23097
koziorożec,VERB,22646
kołdra,VERB,12854
kołek,VERB,15216
koło,VERB,13347
koło dharmy,VERB,23472
koło życia,VERB,23472
kołysanka,VERB,24689
kołysać,PRON,17486
kołyska,VERB,17485
kołyska pleciona,VERB,13126
koń,VERB,14897
koń na biegunach,VERB,16682
kończyny dolne,VERB,15189
kończący,ADJ,15173
końskie odchody,VERB,24160
końskie włosie,VERB,24162
kościół,VERB,13345
kościół prawosławny,VERB,21030
kościół rzymskokatolicki,VERB,21038
kość,VERB,12873
krab,VERB,15226
krabów,VERB,22305
kraciaste,ADJ,24055
kraj,VERB,13423
kraje nordyckie,VERB,22619
krajobraz,VERB,13424
krajobrazów,VERB,23560
krajowe,ADJ,24086
kran,VERB,24516
krasnolud,PREP,23481
krasnoludek,PREP,23566
krata w oknie,VERB,18257
krater wulkanu,VERB,24631
kratka,ADJ,24055
krawat,VERB,17730
krawcowa,PREP,23674
krawiec,PREP,23674
krawędź,VERB,13907
kraść,PRON,23637
kreacja,VERB,13607
kreator mody,PREP,23496
kreatywny,ADJ,13608
kredens,VERB,13162
kredka,VERB,13604
kredka do oczu,VERB,15164
kredyt,VERB,24632
krem,VERB,22307
krem czekoladowy,VERB,13174
krem do opalania,VERB,17463
krem owocowy,VERB,23515
krem z filtrem,VERB,17463
kremacja,VERB,21285
krew,VERB,12861
krew menstruacyjna,VERB,24189
krewetka,VERB,23168
krewetki,VERB,23210
krewny,PREP,24817
krocze,VERB,13615
krokiet,VERB,13612
krokodyl,VERB,12362
kropka,NOUN,8486
kropkowany,ADJ,24087
krosty,VERB,16180
krowa,VERB,13430
kruche,ADJ,12897
kruk,VERB,12851
krupa,VERB,13145
kruszyć,PRON,15427
krwawić,PRON,12855
krwiaki,VERB,24419
krykiet,VERB,21808
kryminalne,ADJ,23118
kryształ,VERB,13619
krytykować,PRON,23202
krzak,VERB,13092
krzesło,VERB,13148
krzesło bujane,VERB,16681
krzesło prysznicowe,VERB,24748
krzesło toaletowe,VERB,24770
krzew,VERB,13092
krztusić się,PRON,13177
krzyczeć,PRON,13618
krzywa,VERB,13627
krzywdzenie dzieci,VERB,13167
krzyż,VERB,13613
krzyżować,PRON,13614
krzyżyk,VERB,20513
król,PREP,23559
królewski,ADJ,24250
królik,VERB,16448
królowa,PREP,23626
krótka broń palna,VERB,14670
krótka wiadomość tekstowa,VERB,24509
krótki,ADJ,16962
krótkie spodenki,VERB,16963
krąg narodzin i śmierci,VERB,23472
krążek,VERB,13685
kręcić,PRON,16690
kręcić się po podłożu,PRON,23640
kręgarz,PREP,21600
kręgle na trawie,VERB,22835
ksero,VERB,23456
ksiądz,PREP,15473
książka,VERB,12875
książka z psalmami,VERB,21073
książę,PREP,23622
księgarnia,VERB,23034
księgowy,PREP,24018
księżna,PREP,24075
księżniczka,PREP,23623
księżyc,VERB,15651
ksylofon,VERB,23986
kształt,VERB,16940
kształtowanie,VERB,23583
kto,PREP,12399
ktokolwiek,PREP,12399
ktoś,PREP,12399
która godzina-,NOUN,18235
które,NOUN,18238
którego,NOUN,18246
którego-,NOUN,18244
który,NOUN,16482
który-,NOUN,18239
którzy,NOUN,18244
kubek,VERB,13621
kucharz,PREP,22907
kuchenka,VERB,17273
kuchenka mikrofalowa,VERB,15463
kuchnia,VERB,15154
kukawka kalifornijska,VERB,16679
kukurydza,VERB,13413
kule,VERB,13617
kulki,VERB,22127
kultura,VERB,21608
kumkać,PRON,24073
kupować,PRON,13099
kuracja,VERB,24519
kurcz,VERB,13432
kurczak,VERB,13164
kurier,PREP,15199
kurtka,VERB,13371
kurtyna,VERB,13626
kurz,VERB,22910
kuzyn,PREP,13429
kuzynka,PREP,24817
kwadrans,VERB,23185
kwadrat,VERB,17242
kwadrat ulic,VERB,23815
kwadratowy,ADJ,17243
kwaśny lub ostry,ADJ,16944
kwiaciarnia,VERB,23088
kwiat,VERB,14205
kwiat cebulowy,VERB,14206
kwiat chroniony,VERB,14369
kwiat polny,VERB,14370
kwiatowa wróżka,PREP,23510
kwiecień,VERB,12410
kąpiel,PRON,18038
kąt,VERB,12376
kąt prosty,VERB,16674
kątomierz,VERB,23020
kłamać,PRON,15204
kłamstwo,VERB,15203
kłopotliwe,ADJ,13927
kłopotliwy,ADJ,24821
kłopoty,VERB,17780
kłus,PRON,24319
kłuć,PRON,16432
kłócić się,PRON,12413
kłótnia,VERB,12414
lacrosse - odmiana hokeja na trawie,VERB,22102
laczek,VERB,17013
lag b'omer - święto hebr,VERB,15167
lakier do paznokci,VERB,15690
lakier do włosów,VERB,23880
lakszimi - indyjska bogini szczęścia,PREP,15169
lalka,VERB,13862
lalka kobieta,VERB,23714
lalka robot,VERB,23639
lampa,VERB,13919
lampa naftowa,VERB,21362
lampion,VERB,14196
laptop,VERB,23562
las,VERB,14386
lasek,VERB,14648
laska,VERB,13119
latanie,ADJ,14373
latarnia,VERB,14196
latarnia morska,VERB,23143
latawiec,VERB,15155
latać,PRON,14372
lato,VERB,17459
lawa,VERB,24684
lawina,VERB,24019
lazania,VERB,22133
lać wodę,PRON,24330
lcd,VERB,23451
leczenie,VERB,24519
leczyć,PRON,24077
legenda,VERB,14658
lego,VERB,23454
lejce,VERB,24729
lejek,VERB,22574
lek,VERB,15448
lekarski,ADJ,15446
lekarstwo,VERB,15448
lekarz,PREP,13861
lekarz ogólny,PREP,21581
lekarz pierwszego kontaktu,PREP,21581
lekarz rodzinny,PREP,21581
lekcja,VERB,23567
lekcja czytania,VERB,23188
lekcje zajęć sportowych,VERB,23218
lekkoatletyka,VERB,21628
lemoniada,VERB,15191
len,VERB,23084
leopard,VERB,15194
lepszy,ADJ,12668
lesbijka,ADJ,24813
lesbijski,VERB,14887
lew,VERB,15217
lew morski,VERB,23655
lewy,ADJ,15187
leżak,VERB,24764
leżanka,VERB,13419
leżeć,PRON,15205
leżący,PREP,16163
libido,VERB,16765
liczba,VERB,15742
liczba mnoga,VERB,14647
liczenie,VERB,23148
licznie,VERB,14647
licznik energii elektrycznej,VERB,23075
liczyć,PRON,13422
liczyć na,PRON,14127
likwidować,PRON,24090
lilia wodna,VERB,24778
limetka,VERB,15211
limit,VERB,15213
limit czasowy,VERB,15212
lingwista,PREP,21572
lingwistyka,VERB,21557
linia,VERB,15214
linijka,VERB,15443
liniowy,ADJ,15215
linoleum,VERB,14203
lipiec,VERB,15137
lis,VERB,14394
list,VERB,15198
lista,VERB,15220
listonosz,PREP,15199
listopad,VERB,15735
liszka,VERB,13132
literować,PRON,23665
litery,VERB,12366
lizak,VERB,22365
lizak lodowy,VERB,22368
liść,VERB,15183
liść klonu,VERB,15422
lodowiec,VERB,24133
lodowisko,VERB,24170
lody,VERB,14920
lody na patyku,VERB,22366
lody typu sandwich,VERB,22370
lody w wafelku,VERB,14921
lodówka,VERB,16476
logopeda,PREP,21590
logopedia,VERB,24276
logoterapia,VERB,24276
lokacja,VERB,16193
lokalizacja,VERB,16193
loki,PREP,22822
lokować,PRON,16440
longboard,VERB,16997
lornetka polowa,VERB,24416
lornetki,VERB,24416
lot,VERB,14371
lot balonem,VERB,22108
loteria,VERB,24477
lotnisko,VERB,12358
lotto,VERB,23571
lub,NOUN,15929
lubić,PRON,15210
lubić coś,PRON,13938
ludobójstwo,VERB,21612
luka,VERB,24630
lulaw - gałąź palmy daktylowej,VERB,15404
lunch,VERB,15405
lupa,VERB,24478
lustro,VERB,20527
luty,VERB,14161
lód,VERB,14919
ląd,VERB,13901
lądowanie,VERB,15171
lśnienie,VERB,22386
lśniący,ADJ,22388
lśnić,PRON,16956
maca,VERB,15434
macica,VERB,17994
macocha,PREP,17261
magii i wojny,PREP,22819
magik,PREP,23574
magnetofon,VERB,17505
mahomet,PREP,21034
maj,VERB,15435
majtki,VERB,17971
makaron,VERB,22129
makaron nitki,VERB,17222
makaron ryżowy,VERB,22136
makaron w kształcie kółek,VERB,22132
makijaż,VERB,15413
makijaż oka,VERB,14137
maksymalnie,ADJ,15661
malarz,PREP,15958
malina,VERB,16463
malina moroszka,VERB,24064
malować,PRON,15957
mam,PREP,15686
mama,PREP,15662
mamusia,PREP,15662
mandarynki,VERB,17503
mandolina,VERB,23899
maneż,VERB,24246
mango,VERB,15419
manna,VERB,21355
manometr,VERB,23028
mapa,VERB,15421
mapa morska,VERB,24745
marchew,VERB,13124
margaryna,VERB,15424
marionetka,VERB,16433
marker,VERB,13604
mars,VERB,24479
martwić się,PRON,18281
martwy,ADJ,13642
maryja,PREP,21046
marynarz,PREP,16708
marynarz  żołnierz marynarki,VERB,15696
marynowane,ADJ,22350
marzec,VERB,15423
masa,VERB,23248
masaż,VERB,21606
masażysta,PREP,21602
maska,VERB,15428
maska ochronna,VERB,21621
maskotka,VERB,17764
masować,PRON,16695
masturbacja,VERB,15429
masturbacyjny,ADJ,22916
maszt,VERB,22059
maszyna,VERB,15406
maszyna do szycia,VERB,16764
masło,VERB,13095
masło czekoladowe,VERB,22906
masło orzechowe,VERB,15985
mata,VERB,14657
mata na stolik,VERB,22594
matematyk,PREP,21573
matematyka,VERB,15432
materac do ćwiczeń,VERB,14657
materiał,VERB,13365
materiały wybuchowe,VERB,24036
matka,PREP,15662
matka przybrana,PREP,14391
mauzoleum,VERB,21117
mazać,PRON,17239
mała liczba,ADJ,24111
mała mityczna istota,PREP,23570
mała zatoka,VERB,22625
mało,ADJ,14171
małpa człekokształtna,VERB,15485
małpi gaj,VERB,16203
mały,ADJ,15221
mały gryzoń,VERB,14434
mały zbiornik wodny,VERB,15168
małż,VERB,15952
małżeństwo,VERB,15425
małżonek,PREP,17237
małżonkowie,PREP,14145
mdłości,ADJ,24642
meble,VERB,14416
mechanik,PREP,23587
mechanik samochodowy,PREP,23429
meczet,VERB,13345
meduza,VERB,23124
medyczne,VERB,15447
medyczny,ADJ,15446
medytować,PRON,21097
megilla  hebr,VERB,15451
melodia,VERB,17953
melon,VERB,15452
membrana,VERB,13671
memo,VERB,24693
memory,VERB,23584
menadżer,PREP,15418
menopauza,VERB,15453
menora,VERB,15454
menstruacja,VERB,15455
menzurka,VERB,22568
merkury,VERB,24483
mesjasz,PREP,21043
metafora,VERB,15460
metal,VERB,15459
meteorolog,PREP,21571
meteorologia,VERB,21555
metoda,VERB,16194
metro,VERB,24296
metropolia,VERB,23151
mewa,VERB,14654
mezuza,VERB,15461
mgła,VERB,14374
miara,VERB,15443
miarka,VERB,22568
miasto,VERB,13351
miauczeć,PRON,24191
miażdżyć,PRON,15427
miecz,VERB,15159
miecznik,VERB,23671
miedź,VERB,23046
miejsce,VERB,16193
miejsce docelowe,PRON,17268
miejsce pochówku,VERB,22841
miejsce pracy,VERB,23252
mielizna,VERB,24763
mielone,VERB,14378
miernik,VERB,23092
miernik deszczu,VERB,23186
miernik ilości,VERB,24722
miernik jakości,VERB,24721
miernik odległości,VERB,23161
miernik oświetlenia,VERB,23142
mierzyć,PRON,15442
miesiąc,VERB,15649
miesiąc hebr,VERB,16996
miesiączka,VERB,15455
mieszadło,VERB,22572
mieszanina,VERB,22377
mieszać,PRON,15481
mieszkanie,VERB,12403
mieszkanie tymczasowe,VERB,23678
mieszkaniec,PREP,16491
mieszkać,PRON,15223
mieć,PRON,14685
mieć cierpliwość,PRON,15977
mieć nadzieję,PRON,14893
mieć torsje,PRON,18022
mieć wpływ na,PRON,24466
mieć żal,PRON,16477
migać,PRON,21537
migotać,PRON,17960
mikrofalówka,VERB,15463
mikrofon,VERB,23902
mikroorganizm,VERB,24486
mikroskop,VERB,24487
mikser,VERB,22392
milczenie,VERB,16981
milczący,ADJ,16982
minibus,VERB,18000
minister,PREP,24192
minus,NOUN,15474
minuta,VERB,15475
minutnik,VERB,23238
miotła,VERB,12908
mirliton - instrument muz,VERB,23888
misjonarz,PREP,21060
miska,VERB,13403
mityczna istota wodna,PREP,23579
mityczna istota z lasu,PREP,23578
mityczna istota z podziemi,PREP,23580
mityczna postać,PREP,23577
mityczna postać człekokształtna,PREP,23576
mityczna postać kobieca,PREP,23581
miód,VERB,14889
między,NOUN,12669
międzynarodowy,ADJ,14949
miękki,ADJ,17203
miękkie,ADJ,17203
mięsień,VERB,15676
mięso,VERB,15444
mięso mielone,VERB,23591
mięso mrożone,VERB,22355
mięso suszone,VERB,24187
mięso wieprzowe,VERB,16223
miłosierdzie,VERB,13154
miłości,PREP,22819
miłość,VERB,15399
miłość chrześcijańska,VERB,21304
miły,ADJ,15149
mjollnir,PREP,22654
mleczarz,PREP,15469
mleko,VERB,15468
mms,VERB,24699
mniej,ADJ,15195
mniej niż,NOUN,16479
mnożenie,VERB,15673
mnożyć,PRON,15674
mnóstwo,VERB,15675
moc,VERB,16234
mocz,VERB,17990
moczary,VERB,17472
modlitewnik,VERB,16238
modlitwa,VERB,16237
modlić się,PRON,16236
moja,PREP,15687
mojżesz,PREP,21067
mokre,ADJ,18226
mokry,ADJ,18226
mokry sen,VERB,15724
molestowanie,VERB,14677
molestowanie seksualne,VERB,16930
molo,VERB,16174
monarchia,VERB,24193
moneta,VERB,13374
monitor,VERB,23451
monoteizm,VERB,21025
monstrum,VERB,15486
morela,VERB,12409
morela suszona,VERB,24012
mors,VERB,23704
morska prognoza pogody,VERB,24747
morze,VERB,15909
morświn,VERB,13864
most,VERB,12902
moszaw,VERB,15658
moszna,VERB,16741
motel,VERB,14903
motocross,VERB,21826
motocykl,VERB,21810
motorówka,VERB,22074
motyl,VERB,13096
mowa,VERB,15172
mowa na rzecz,PREP,23017
mowa w obronie,PREP,23017
może być w stanie,PRON,13114
możliwe,ADJ,16252
możliwość,VERB,12322
mp3,VERB,23903
mp4,VERB,24691
mroczny,ADJ,13634
mrożonka,VERB,14404
mruczenie kota,PRON,24228
mrugać,PRON,18260
mrówka,VERB,12395
mucyka country,VERB,23841
muczeć,PRON,24026
muffinka,VERB,22122
mundurek szkolny,VERB,24743
murarz,PREP,23419
mus,VERB,23875
musical,VERB,23594
musztarda,VERB,22330
musztarda w proszku,VERB,22331
muzeum,VERB,15677
muzułmanin,PREP,21033
muzułmański,ADJ,15659
muzyczna,VERB,23596
muzyk,PREP,15683
muzyka,VERB,15679
muzyka do tańca,VERB,23843
muzyka heavy metal,VERB,24695
muzyka ludowa,VERB,21611
muzyka pop,VERB,23931
muzyka punkowa,VERB,23932
muzyka rockowa,VERB,24736
muzyka taneczna,VERB,23843
muzykoterapeuta,PREP,21598
muł,VERB,13865
my,PREP,18210
mycie,PRON,18038
mydło,VERB,16947
myjka,VERB,18040
mysz,VERB,15665
myszka,VERB,23593
myć włosy,PRON,24262
myć zęby szczotką,PRON,12914
myśl,VERB,14926
myśleć,PRON,17718
mój,PREP,15686
mówca,PREP,23016
mówić,PRON,16728
mówić w czyimś interesie,PRON,23013
mózg,VERB,12893
mądry,ADJ,17015
mąka,VERB,14204
mąka kukurydziana,VERB,13415
mąka ryżowa,VERB,22135
mąż,PREP,14914
męski,ADJ,15414
męskie narządy płciowe,VERB,14433
mężczyzna,PREP,15416
młode zwierzę,VERB,24408
młody,ADJ,18467
młodzieniec,PREP,17516
młodzieżowy dom kultury,VERB,23011
młot thora,PREP,22654
młotek,VERB,14666
na,NOUN,15918
na całym świecie,ADJ,21380
na czas,ADJ,13896
na dworze,ADJ,22117
na dół,NOUN,13869
na forum,ADJ,16427
na końcu,ADJ,15173
na oczach ludzi,ADJ,16427
na południu,ADJ,17220
na prąd,ADJ,13917
na tułowiu,VERB,24056
na uczelni,VERB,23567
na zawsze,ADJ,12368
na zewnątrz,NOUN,15942
nabożeństwo,VERB,23192
nabłyszczać,PRON,22389
nacierać,PRON,16695
naczynia,VERB,17993
naczynie,VERB,24726
naczynie do gotowania,VERB,23436
naczynie krwionośne,VERB,24028
naczynie szklane,VERB,14444
naczynie z podziałką,VERB,22568
naczynie ze zraszaczem,VERB,23954
naczynie żaroodporne,VERB,22576
nad,NOUN,15948
nadal,ADJ,24285
nadgarstek,VERB,18284
nadludzki,VERB,21036
nadprzyrodzony,VERB,21036
nadużycia wobec dzieci,VERB,13167
nadużycie,VERB,12327
nadużycie seksualne,VERB,16766
nadużywać,PRON,24698
nadwrażliwość,VERB,24407
nadziany,ADJ,23501
nadzieja,VERB,14128
nadzieja chrześcijańska,VERB,21303
nadziewana,VERB,23503
nadzorca,PREP,12878
nagle,ADJ,17452
nagrobek,VERB,21284
nagroda,VERB,17774
nagły,VERB,13930
najbardziej,ADJ,15661
najdłuższy,ADJ,15393
najlepszy,ADJ,12667
najmniej,ADJ,15185
najmocniej,ADJ,15661
najpierw,NOUN,12656
nakrywać do stołu,PRON,23563
nakładka na klawiaturę,VERB,23554
nakłaniać,PRON,21311
nakłuwać,PRON,16432
naleśnik,VERB,23603
należy do,OTHER,12663
namaszczenie chorych,VERB,21109
namawiać,PRON,21311
namiot,VERB,17523
naokoło,NOUN,12580
nap,VERB,13098
napaść,VERB,12327
napełniać,PRON,14176
napełniony,ADJ,23501
napletek,VERB,14385
naprawdę,ADJ,16467
naprawiać,PRON,14192
naprzód,NOUN,14390
napój,VERB,13881
napój alkoholowy,VERB,12359
napój cytrynowy,VERB,15191
napój czekoladowy,VERB,13172
napój gazowany,VERB,17202
narciarstwo,VERB,20597
narciarstwo akrobatyczne,VERB,21867
narciarstwo biegowe,VERB,21865
narciarstwo zjazdowe,VERB,21864
narkoman,PREP,24403
narkomania,VERB,24435
narkotyk halucynogenny,VERB,24488
narodziny,VERB,12842
narożnik,VERB,13414
narty,VERB,17003
narty wodne,VERB,21883
narty z siedziskiem ew nartosanki,VERB,23948
narzekać,PRON,21361
narząd,VERB,24202
narządy płciowe,VERB,14431
narzędzia kuchenne,VERB,22561
narzędzia stolarskie,VERB,24339
narzędzie,VERB,17755
narzędzie do pielęgnacji kopyt,VERB,24156
naród,VERB,21610
nas,PREP,18212
nas-,PREP,18210
nasienie,VERB,16757
nasieniowód,VERB,18001
nasiona,VERB,16749
nasiona drzewa,VERB,15906
nasiono,VERB,16749
nastolatek,PREP,17516
nastroić,VERB,23928
nastrój,VERB,15650
następca tronu,PREP,24074
następnie,NOUN,17705
następny,ADJ,15714
nasz,PREP,15939
nasza,PREP,15941
natrysk,VERB,16968
natura,VERB,13607
nauczanie,VERB,14945
nauczanie prowadzące,VERB,24068
nauczać,PRON,17512
nauczać wiary,PRON,21346
nauczyciel,PREP,17513
nauczyciel historii,PREP,23113
nauczyciel matematyki,PREP,21573
nauka,VERB,13908
naukowiec,PREP,21559
nauszniki,VERB,13897
nawadniać,PRON,24330
nawigacja satelitarna,VERB,24660
nawóz,VERB,24185
nazwa,VERB,15691
naśladować,PRON,14376
ne,VERB,24818
negacja,NOUN,15733
nektarynka,VERB,15983
nenufar,VERB,24778
neptun,VERB,24492
nerka,VERB,24176
netbook,VERB,23562
neurolog,PREP,21583
niania,PREP,12608
nic,NOUN,15725
nic nie zostało,NOUN,12361
nie,NOUN,15474
nie cierpieć,PRON,23845
nie lubić,PRON,13692
nie ma za co,OTHER,18466
nie wiadomo kto,PREP,24762
nie znosić,PRON,13692
nieatrakcyjny,ADJ,17964
niebezpieczeństwo,VERB,13632
niebezpiecznie,ADJ,13633
niebieski,NOUN,12864
niebieski ptak,VERB,12867
niebo,VERB,17006
niechęć,VERB,13691
niedawno,ADJ,16468
niedobrze,ADJ,12615
niedogotowane,ADJ,16464
niedosłyszący,ADJ,14694
niedowidzący,ADJ,18019
niedrogie,ADJ,23039
niedziela,VERB,17464
niedźwiedź,VERB,12643
niegrzeczny,ADJ,15694
niegłęboki,ADJ,16935
niektóre,ADJ,17207
nielegalne,ADJ,23118
niemiło,ADJ,15695
niemoralne,ADJ,14929
niemowlę,PREP,12603
niemówiący,ADJ,15728
nienawidzić,PRON,13692
nienawiść,VERB,13691
nieograniczone,ADJ,14940
nieokreślony,ADJ,14429
niepewność,VERB,12397
niepewny,ADJ,12398
niepełnosprawność,VERB,13684
niepełnosprawny fizycznie,ADJ,16170
niepełnosprawny intelektualnie,ADJ,15457
niepogodne,ADJ,13368
niepokój,VERB,12397
niepoprawne,ADJ,14935
nieposłuszny,ADJ,15694
niepowodzenie,VERB,24445
nieprawdziwe,ADJ,14935
niepłodny,ADJ,14939
nieskończone,ADJ,14940
niesmaczne,ADJ,22353
niespodzianka,VERB,17774
niespodziewanie,ADJ,17452
niespokojny,ADJ,12398
niesprawiedliwe,ADJ,23244
nieszczęście,VERB,16703
nieszczęśliwy,ADJ,16702
niesłyszący,ADJ,13643
nietoperz,VERB,12636
niewidoczny,ADJ,24173
niewidomy,ADJ,12856
niewidzialny,ADJ,24173
niewiele,ADJ,24111
niewinność,VERB,23120
niewinny,ADJ,23121
niewybaczalne,ADJ,21294
niewygoda,VERB,13687
niewygodny,ADJ,17968
niezadowolony,ADJ,16702
niezależnie,ADJ,24172
niezależny,ADJ,14395
niezamieszkały,ADJ,21356
niezidentyfikowany obiekt,VERB,17977
nieznany,PREP,24762
niezwykły,ADJ,17274
nieśmiertelność,VERB,20514
nieżywy,PREP,21313
nigdy,ADJ,15709
nigdzie,NOUN,15737
nikt,PREP,15723
nimfa leśna lub galion,PREP,23663
nisan,VERB,15721
niski,ADJ,15401
niski poziom wody,VERB,22629
nisko,ADJ,15401
niszczycielski żywioł,VERB,23846
nizinny,ADJ,14197
nić dentystyczna,VERB,13655
noc,VERB,15719
noc kupały,VERB,15465
noc świętojańska,VERB,15465
nocnik,VERB,24717
nocny wytrysk,VERB,15724
noe,PREP,21065
noga,VERB,15188
nogi,VERB,15189
nonsens,VERB,15726
nonsens bzdura,OTHER,15727
norwegia,VERB,22612
nos,VERB,15732
nosidełko,VERB,13126
nosorożec,VERB,16501
notariusz,PREP,23135
notatka,VERB,24693
notatnik,VERB,15734
noworodkowy,VERB,12606
nowy,ADJ,15710
nowy rok,VERB,15711
nowy testament,VERB,21071
nożyczki,VERB,16736
nudne,ADJ,24827
numer,VERB,15742
nurkowanie,VERB,22055
nurkowanie synchroniczne,VERB,22054
nuta,VERB,15682
nóż,VERB,15159
nękanie,VERB,14677
o czymś,NOUN,12324
o świcie,VERB,15656
oba,NOUN,12879
obawa,VERB,22912
obawiać,PRON,14159
obcy,PREP,17275
oberżyna,VERB,13913
obiad,VERB,15405
obiecywać,PRON,16417
obieg wody,VERB,22088
obiekt,VERB,17717
obiekt sztuki,VERB,18275
obierać owoce,PRON,15989
obierać ze skórki,PRON,15989
objaw,VERB,21078
objawienie,VERB,21300
objaśniać,PRON,14130
objąć,PRON,14909
oblać,PRON,24444
obliczać,PRON,13107
obniżka,VERB,23068
obojętny,ADJ,23440
obornik,VERB,24185
obracać,PRON,16690
obrazek,VERB,16172
obrażać,PRON,16490
obrona czynna,VERB,23056
obrona prawna,VERB,23057
obrona przed sądem,VERB,23057
obrona słowna,VERB,23058
obrońca,PREP,23063
obrus,VERB,17494
obrus ołtarzowy,VERB,21369
obrzezanie,VERB,13348
obrzydliwe,ADJ,22354
obróbka metalu,VERB,24190
obrót,VERB,24249
obserwować,PRON,15908
obszar,VERB,17221
obudowa komputera,VERB,23448
obudzony,ADJ,12601
obwarzanek,VERB,22125
obywatel,VERB,13349
obój,VERB,23908
obóz,VERB,13112
obóz bazowy,VERB,12633
obóz letni,VERB,17461
ocean,VERB,15909
ocena,VERB,13949
oceniać,PRON,13947
ocet,VERB,18013
ochraniacz na kolano,VERB,21619
ochraniacz na łokieć,VERB,21620
ochraniać,PRON,16419
ochrona,VERB,16420
ochrona środowiska,VERB,24224
ocieplacze na uszy,VERB,13897
ocieplać,PRON,14697
oczekiwanie,VERB,14128
oczywisty,ADJ,14961
od,NOUN,14403
od pasa w górę,VERB,24325
odbicie,VERB,22384
odbieranie,VERB,24727
odbierać,PRON,17448
odbijać,PRON,22374
odbijać światło,PRON,22387
odbiornik,VERB,24725
odbiornik sygnału,VERB,24751
odbiór,VERB,24727
odbiór sygnału,VERB,24753
odbyt,VERB,12396
odbytniczy,VERB,12373
odbłyśnik,VERB,22385
odchody zwierząt,VERB,24009
odchudzanie,VERB,13673
odchudzać się,PRON,13674
odczuwać brak,PRON,15478
oddalony,ADJ,14150
oddanie,VERB,14172
oddany,ADJ,24082
oddawać mocz,PRON,17989
oddech,VERB,12900
oddychanie usta - usta,VERB,12584
oddychać,PRON,12901
oddział pediatryczny,VERB,12606
odejdź,PRON,14449
odejmowanie,VERB,17449
odejmować,PRON,17448
odejście,VERB,13658
odgrywać,PRON,23609
odjazd,VERB,13658
odkrywanie,VERB,23651
odkrywanie czegoś,VERB,23635
odkrywać,PRON,14953
odkurzacz,VERB,22391
odległość,NOUN,12602
odległy,ADJ,14150
odmiana cytry,VERB,23806
odmienne,NOUN,13675
odmienne od,OTHER,15927
odmierzać,PRON,15442
odmowa,NOUN,15733
odnajmować,PRON,24733
odnieść porażkę,PRON,24444
odnośnie do czegoś,NOUN,12324
odpady,VERB,18043
odpoczynek,VERB,16495
odpoczywać,PRON,16496
odpowiadać,PRON,12394
odpowiadać na,PRON,24500
odpowiedzialność,VERB,24240
odpowiedzialny,ADJ,24241
odpowiedź,VERB,12393
odprężenie,VERB,15981
odprężony,ADJ,15982
odpuszczenie grzechów,VERB,21106
odpływ,VERB,22627
odrabiać zadanie,PRON,14124
odrzutowiec,VERB,14970
odsetek,VERB,8484
odskok,VERB,24805
odtwarzacz cd,VERB,16471
odtwarzacz dvd,VERB,24647
odtwarzacz multimedialny,VERB,24691
odtwarzacz muzyki,VERB,16471
odwaga,VERB,23460
odważny,ADJ,23418
odwiedzać,PRON,18017
odwołać,PRON,13665
odyn,PREP,22650
odzież,VERB,13366
odznaka,VERB,12616
odłączyć,PRON,23471
odśnieżarka,VERB,23951
odżywiać,PRON,14162
oferować,PRON,14440
oferta pomocy,VERB,24256
ofiara,VERB,22832
ofiarować,PRON,22831
oficerki,VERB,24243
ogier,VERB,24282
ogień,VERB,14183
ognisko,VERB,12874
ogon,VERB,17496
ograniczenie,VERB,13934
ograniczony czas,VERB,15212
ogrodnictwo,VERB,24197
ogrodnik,PREP,23519
ogrodzenie,VERB,14167
ogrodzona łąka,VERB,24208
ogromny,ADJ,21354
ogród,VERB,14422
ogród miejski,VERB,15969
ogródek przydomowy,VERB,18287
ogólnoświatowy,ADJ,21380
ogólny,ADJ,24131
ogórek,VERB,13620
ogórek morski,VERB,23654
ogłaszać,PRON,21337
ogłoszenie,VERB,21338
ogłowie,VERB,24038
ojciec,PREP,14157
ojczym,PREP,17260
ok,ADJ,14463
okap,VERB,23073
okazanie,VERB,21078
okazja,VERB,14114
okazywać,PRON,21079
okno,VERB,18256
oko,VERB,14133
okolica,VERB,23847
okra,VERB,24706
okradać,PRON,23637
okres,VERB,15212
określać,PRON,13661
okropny,ADJ,21289
okrutny,ADJ,15439
okrągły,ADJ,16693
okrągły kotlet,VERB,14378
okrążać,PRON,16690
okulary,VERB,14443
okulary słoneczne,VERB,24767
okulista,PREP,21578
okładka płyty cd,VERB,23832
olbrzym,PREP,23521
olbrzymi,ADJ,21353
olej,VERB,15914
olejowa,VERB,21362
oliwka,VERB,15917
omijać,PRON,14121
omlet,VERB,22139
on,PREP,14687
ona,PREP,14688
ona sama,PREP,16949
one,PREP,17714
oni,NOUN,17712
ono,PREP,14688
opad,VERB,16455
opad radioaktywny,VERB,15739
opalać się,PRON,24765
opalenizna,VERB,24768
oparcie,VERB,24120
oparzenie słoneczne,VERB,24766
oparzony,ADJ,23827
opatrunek,VERB,12625
opatrunek gipsowy na ręku,VERB,24142
opera,VERB,23597
operacja,VERB,15924
opieka dzienna,VERB,13640
opieka nad dzieckiem,VERB,24057
opiekować się,PRON,16419
opiekun,PREP,14392
opiekunka,PREP,14391
opiekunka do dziecka,PREP,12608
opinia,VERB,15925
opisywać,PRON,13661
opona,VERB,17734
opony,VERB,17734
oporządzać konia,PRON,24138
opos,VERB,15926
opowieść,VERB,17272
opozycja,VERB,15928
opróżniać,PRON,13933
opróżnione,ADJ,23863
optyk,PREP,21578
opuszczać,PRON,24688
opuszczenie,NOUN,15943
opuścić miejsce,PRON,14126
opłakiwać,PRON,21296
opłata,VERB,24109
orbitować,PRON,16690
organ,VERB,24202
organizm,VERB,24494
organy,VERB,23901
organy piszczałkowe,VERB,23911
orgazm,VERB,15936
orka itp,VERB,13864
orkiestra,PREP,12624
ornament,VERB,13650
ornat,VERB,21370
ortopeda,PREP,21577
ortopysta,PREP,21594
orzechy,VERB,15906
orzeł,VERB,14686
orędownik,PREP,23012
oschły,ADJ,23440
osesek,VERB,24408
osiedle,VERB,18012
osiem,NOUN,8504
osioł,VERB,13865
osiągać,PRON,24401
osiągnięcie,VERB,16437
osiągnąć sukces,PRON,17450
oskarżać,PRON,23004
oskarżenie,VERB,23001
oskarżenie sądowe,VERB,23002
oskarżyciel,PREP,23176
oskarżyć,PRON,23003
osoba,PREP,16161
osoba dorosła,PREP,12341
osoba która działa na rzecz,PREP,23014
osoba która mówi w czyjejś obronie,PREP,23016
osoba leżąca,PREP,16163
osoba na klęczkach,PREP,16162
osoba nadzorująca pomoc,PREP,24620
osoba prawna,PREP,23140
osoba przeprowadzająca wywiad,PREP,21374
osoba siedząca,VERB,16165
osoba stojąca,PREP,16166
osobisty,ADJ,16251
osobliwy,ADJ,17224
osobowość,VERB,24210
ostateczny,ADJ,14178
ostatni,ADJ,15173
osteopata,PREP,21600
ostrożny,ADJ,13123
ostry,ADJ,16943
ostry sos,VERB,22326
ostry w smaku,ADJ,14901
ostryga,VERB,15952
ostrze,VERB,16212
osuszać,PRON,24233
oswobodzenie,VERB,24179
oszczep,VERB,21854
osłabienie,VERB,16167
osłona,VERB,24685
otoczenie,VERB,13942
otolaryngolog,PREP,15938
otrzymywać,PRON,14435
otwarcie,VERB,15923
otwarty,ADJ,15921
otwieracz,VERB,22394
otwieracz do butelek,VERB,22395
otwieracz do puszek,VERB,22396
otwierać,PRON,15922
owad,VERB,14943
owad szkodnik,VERB,14944
owal,VERB,15946
owca,VERB,16950
owies,VERB,24705
owoc,VERB,14405
owoc cytrusowy,VERB,15933
owsianka,VERB,13145
owłosienie ciała,VERB,24032
owłosienie na klatce piersiowej,VERB,24056
ozdoba,VERB,13650
oziębły,PRON,23444
oznaczać,PRON,15440
ołtarz,VERB,21368
ołów,VERB,23137
ołówek,VERB,15991
ołówek do oczu,VERB,14135
oś,VERB,24605
ośmielać się,PRON,23466
ośmiornica,VERB,23160
ośrodek aktywności,VERB,23008
ośrodek młodzieżowy,VERB,23011
ośrodek rehabilitacyjny,VERB,23682
ośrodek terapii,VERB,23682
ośrodek terapii zajęciowej,VERB,23055
ośrodkowy uklad nerwowy,VERB,21585
oświadczać,PRON,23235
oświadczenie,VERB,23221
pachnieć,PRON,17018
pachnąca roślina,VERB,23111
pacyfizm,VERB,15980
pacynka,VERB,16433
paczka,VERB,15966
pada deszcz,PRON,16456
pada śnieg,PRON,17193
padok,VERB,24203
pajac,PREP,23443
pająk,VERB,17229
palec,VERB,14180
palec u nogi,VERB,17745
palenie narkotyków,VERB,24512
palenisko,VERB,14185
paliwa,VERB,23090
paliwo,VERB,14412
palić,PRON,12922
palma,VERB,15960
palmtop,VERB,23602
palne,ADJ,14195
palony,ADJ,12924
paluszki rybne,VERB,23508
pamiątkami,VERB,23096
pamiętać,PRON,16485
pamięć,VERB,23589
pamięć cyfrowa,VERB,23475
pamięć flash,VERB,24694
pamięć przenośna,VERB,24694
pamięć usb,VERB,24694
panika,VERB,24831
panna,VERB,22642
papier,VERB,15962
papier toaletowy,VERB,17748
papieros,VERB,13346
papież,PREP,21057
papryka,VERB,15995
papryka w proszku,VERB,22325
papuga,VERB,15970
papużka,VERB,15963
para,PREP,13425
para wodna,VERB,17255
para żyjąca razem,PREP,14145
para-ski,VERB,22113
paragon,VERB,24724
paralotniarstwo,VERB,22114
parasol,VERB,17966
park,VERB,15969
parkiet - coś pokrywające podłogę,VERB,14203
parking,VERB,24206
parkować,PRON,23913
parować,PRON,17256
parowiec,VERB,22084
parterowy,VERB,23163
partner,PREP,17237
party,VERB,15973
parówka,VERB,16726
parę,NOUN,16762
pas,VERB,12664
pas autobusowy,VERB,24039
pasażer,VERB,23605
pascha,VERB,15974
pasek,VERB,15214
paskowany,ADJ,24293
paskudne,ADJ,22354
pasmo,VERB,24606
pasta do zębów,VERB,17757
pasta sezamowa,VERB,17495
pastel,VERB,13604
pasternak,VERB,15971
pasterz,PREP,23661
pastor,PREP,15473
pastorałka,VERB,24623
pastwisko,VERB,24208
pasy bezpieczeństwa,VERB,24143
pasy bezpieczeństwa dla dziecka,VERB,24217
pasy mocujące,VERB,24143
pasy przy wózku,VERB,24217
pasy wózka inwalidzkiego,VERB,24335
paszport,VERB,24207
patelnia,VERB,16229
patelnia elektryczna,VERB,22580
patena,VERB,21366
patera,VERB,13690
patrzeć,PRON,16747
paw,VERB,15984
paznokieć,VERB,24114
pazur,VERB,13354
pałac,VERB,23437
pałeczka do bębna,VERB,23856
pałka,VERB,17263
pałka perkusyjna,VERB,23856
państwa,PREP,18472
państwo,VERB,13423
paść,PRON,14142
październik,VERB,15910
pchacz,VERB,22080
pchać,PRON,16439
pchnięcie kulą,VERB,21846
pchła,VERB,14199
pda,VERB,23602
pedagog,PREP,23606
pedagogika,VERB,23607
pediatra,PREP,21574
pedicurzysta,PREP,21596
pegaz,VERB,23608
pelikan,VERB,15990
pen,VERB,24694
pendive,VERB,24694
penis,VERB,15994
pensja,VERB,18027
perfekcyjnie,ADJ,21345
perfum,VERB,13657
periodyk,VERB,15407
perkusja,VERB,23816
peron,VERB,16198
personel,PREP,17246
perspektywy,VERB,21607
pestka,VERB,16188
pewność,ADJ,13146
pełen nadziei,ADJ,23535
pełny,ADJ,14413
pełzający,ADJ,18253
pełzać,PRON,13603
pełzać pod ziemią,PRON,18252
phi,OTHER,17963
piana,VERB,23875
pianino,VERB,23922
pianino elektryczne,VERB,23862
pianka do golenia,VERB,16947
piasek,VERB,16715
piaskownica,VERB,16717
picie,VERB,13881
piec,PRON,12619
pieczywo,VERB,12895
pieczątka imienna,VERB,16980
piekarnia,VERB,23027
piekarnik,VERB,17273
piekarz,PREP,23412
piekący,ADJ,14901
piekło,VERB,21062
pielucha,VERB,13670
pieluchomajtki,VERB,13670
pielęgniarka,PREP,15905
pielęgniarz,PREP,15905
pieniądze,VERB,15484
pieprzniczka,VERB,17228
pieprzny,ADJ,14901
piersi,VERB,12899
pieróg indyjski,VERB,23643
pierścień,VERB,16675
pies,VERB,12380
piesek ziemny,VERB,14460
pień,VERB,17783
pieśń religijna,VERB,21074
pigolić,PRON,24060
pigułka,VERB,12845
pigułki antykoncepcyjnej,VERB,12845
pijany,ADJ,13886
piknik,VERB,16171
pilnować,PRON,18045
pilot,PREP,16179
pinezka,VERB,16181
ping-pong,VERB,16183
pingwin,VERB,15993
pion,VERB,23250
pionizator,VERB,17250
pionizator mobilny,VERB,21820
pionizator na kółkach,VERB,21820
pionowy,ADJ,23249
piorun,VERB,15209
piosenka,VERB,17210
piosenkarz,PREP,16991
piosenki dla dzieci,VERB,23835
piramida,VERB,16443
pirat,PREP,23616
pisarz,PREP,23716
pisać,PRON,18285
pisać list,PRON,15408
pisać na maszynie,PRON,23698
pisemne ogłoszenie,VERB,21339
pisklak,VERB,24447
pismo,VERB,23253
pistolet,VERB,14670
piszczałka z ustnikiem,VERB,23920
pita,VERB,16190
piwnica,VERB,23029
piwo,VERB,12653
pizza,VERB,16192
piórnik,VERB,23166
pióro,VERB,14160
piątek,VERB,14400
pić,PRON,13882
pięcioksiąg,VERB,13182
pięciolinia,VERB,23955
piękno,VERB,22903
piękny,ADJ,12645
pięta,VERB,14700
piętro,VERB,23085
piętro numer,VERB,23086
pięć,NOUN,8501
piła,VERB,16727
piłka,VERB,12621
piłka do rugby,VERB,21807
piłka nożna,VERB,14380
piłka ręczna,VERB,14669
piłka wodna,VERB,21805
piżama,VERB,16442
piżmak,VERB,15684
plac,VERB,24281
plac zabaw,VERB,13428
placek,VERB,13106
placuszek naleśnikowy,VERB,23949
plan,VERB,16194
plan lekcji,VERB,16733
planeta,VERB,13900
planeta karłowata,VERB,24437
planeta skalista,VERB,24504
planista,PREP,23469
planowanie rodziny,VERB,14147
planowy,PRON,16195
plasterek,VERB,13685
plastik,VERB,16197
platforma,VERB,24214
player,VERB,24691
plaża,VERB,12640
plecak,VERB,12611
plecy,VERB,12609
plemię,VERB,21609
plemnik,VERB,17226
pleść,PRON,18215
plik,VERB,23500
plik z danymi,VERB,23500
plus,NOUN,12374
pluskać,PRON,17232
pluton,VERB,24498
pluć,PRON,17231
plwocina,VERB,16710
po,NOUN,12348
po pierwsze,ADJ,14187
poblask,VERB,24135
pobudzenie,VERB,24822
pocałunek,VERB,15152
pochmurne,ADJ,13368
pochować,PRON,12926
pochwa,VERB,17996
pocieszać,PRON,13385
pociąg,VERB,17767
pociąg podmiejski,VERB,24067
pociągać,PRON,16431
pociąć,PRON,22382
pocić się,PRON,17474
pocięty,ADJ,22383
poczta,VERB,15198
pocztówka,VERB,16227
poczucie klęski,VERB,14410
poczuć,PRON,14163
początek,VERB,12658
pod spodem,NOUN,17969
podatek,VERB,23230
podatek od nieruchomości,VERB,23232
podatek od sprzedaży,VERB,23233
podbródek,VERB,13169
podchodzenie,VERB,12407
podchodzić,PRON,13383
podczas,NOUN,13892
poddasze,VERB,23026
podejście,VERB,12407
podekscytowanie,VERB,23869
podekscytowany,ADJ,23868
poderwanie się,VERB,17499
podglądactwo,VERB,18023
podgrzewać,PRON,14697
podkolanówki,VERB,17264
podkoszulek,VERB,17972
podkowa,VERB,24163
podkładka,VERB,22594
podkładka pod gorące naczynie,VERB,22595
podlewać,PRON,24330
podmurówka,VERB,23089
podniecenie,VERB,23869
podniecenie seksualne,VERB,16929
podnosić,PRON,15207
podnoszenie ciężarów,VERB,21859
podnośnik,VERB,13924
podobnie,OTHER,16984
podobnie brzmiący,OTHER,16986
podobnie jak,OTHER,16984
podobnie wyglądający,OTHER,16985
podobno,ADJ,16226
podomka,VERB,13879
podpaska higieniczna,VERB,16719
podpis,VERB,16979
podpowiadać,PRON,17454
podpowiedź,VERB,17455
podrapać,PRON,24507
podróż,VERB,17779
podróżnik,PREP,23693
podróżować,PRON,17772
podróżować konno,PRON,21835
podróżować przez morze,PRON,23524
podróżować samochodem,PRON,21833
podróżować samolotem,PRON,21834
podręcznik z ćwiczeniami,VERB,18276
podskakiwać,PRON,16934
podskoczyć,PRON,14892
podstawa,VERB,12881
podstawa prawna,VERB,24123
podstawka,VERB,17773
podstawowe zasady,VERB,24124
podstawowy,ADJ,24122
poduszka,VERB,16177
poduszkowiec,VERB,22085
podwiązanie jajowodów,VERB,17789
podwyższenie,VERB,24214
podwórko,VERB,18287
podwórze,VERB,18287
podział,VERB,13857
podzielić się,PRON,16941
podziw dla kogoś,VERB,16494
podziękowanie,OTHER,17533
podążać za,PRON,14376
podłoga,VERB,14202
podłoże,VERB,13901
podłużny,VERB,16472
podły,ADJ,15439
podłączać,PRON,23407
podłączony,ADJ,23408
podłączyć do,PRON,24710
podłączyć do prądu,PRON,24711
poemat,VERB,16210
poezja,VERB,16211
pogardzać,PRON,23845
pogoda,VERB,18214
pogrzeb,VERB,20578
pogrzeb religijny,VERB,20577
pogrzebać,PRON,12926
pojazd,VERB,18010
pojazd silnikowy,VERB,13121
pojedynczy,ADJ,12363
pojemnik,VERB,13403
pojemnik na długopisy,VERB,23166
pojemnik na przyprawy,VERB,17228
pojemnik na śmieci,VERB,14421
pojmać zwierzę,PRON,24152
pojąć,PRON,17973
pokaz,VERB,23610
pokazywać,PRON,16967
pokorny,ADJ,14910
pokrycie,VERB,16686
pokrywa,VERB,16686
pokrywka,VERB,22583
pokwitowanie,VERB,24724
pokój,VERB,16687
pokój dzienny,VERB,15224
pokój gościnny,VERB,24465
pokój rekreacyjny,VERB,15482
pokój zabaw,VERB,16203
pokład,VERB,22061
polder,VERB,21539
pole lodowe,VERB,24170
polec,PRON,14142
polecany,ADJ,14158
polecenie,PRON,21335
polenta,VERB,16216
polerka,VERB,22390
polerować,PRON,18264
polewa czekoladowa,VERB,22342
policja,PREP,14146
policjant,PREP,16217
policjantka,PREP,16217
policzek,VERB,13156
politeizm,VERB,21026
polityk,PREP,24215
polityka,VERB,24216
polo,VERB,22098
polować,PRON,23537
pomadka,VERB,15219
pomagać,PRON,14705
pomarańcza,VERB,15933
pomarańczowy,NOUN,15931
pomarszczyć,PRON,14375
pomazać,PRON,17239
pomiar prędkości,VERB,23216
pomidor,VERB,17749
pomieszczenie,VERB,13934
pomieszczenie do suszenia,VERB,24089
pomieszczenie egzaminacyjne,VERB,24016
pomieszczenie komisji,VERB,24016
pomieszczenie pierwszej pomocy,VERB,24008
pomieszczenie publiczne,VERB,16430
pomimo,NOUN,12367
pomnażać,PRON,15674
pomniejszać,PRON,13651
pomnik,VERB,24700
pomoc,VERB,12355
pomoc lekarska,VERB,24188
pomoc prawna,PREP,23041
pomoc seksualna,VERB,24258
pomocnik,PREP,14706
pomost,VERB,16174
pomysł,VERB,14926
pomyłka,VERB,15479
ponawiać,PRON,16487
ponawiać czynność,PRON,23630
poniechanie,PRON,23700
poniedziałek,VERB,15483
ponieważ,NOUN,12647
ponieść,PRON,24035
ponieść klęskę,PRON,24444
poniżej,NOUN,17969
ponownie,NOUN,12350
ponton,VERB,22086
poobijane,ADJ,24421
poparzony,ADJ,23827
popchnąć,VERB,24825
popcorn,VERB,16221
popełnić morderstwo,PRON,15148
popielniczka,VERB,12587
popijawa,VERB,21287
popiół,VERB,12586
popołudnie,VERB,12349
poprawiać,PRON,14192
poprawić,PRON,14931
poprawne,ADJ,13416
poprawność,VERB,21341
poprawny,NOUN,16225
poprzedni,ADJ,16239
poprzeć,PRON,12408
popręg,VERB,24132
popychać,PRON,16439
popęd płciowy,VERB,16765
por,VERB,24476
pora obiadowa,VERB,14393
pora roku,VERB,23199
porada,VERB,12345
poradnictwo w sprawach płodności,VERB,14169
porażka,VERB,24445
poronienie,VERB,15477
porozumiewać się,PRON,13389
porozumiewać się alfabetem palcowym,PRON,23507
poroże,VERB,21061
port,VERB,14678
portfel,VERB,16438
portmonetka,VERB,16438
poruszanie się,VERB,24702
poruszać,PRON,24701
poruszać się do tyłu,PRON,12612
porzeczka,VERB,13623
porządek obrad,VERB,24603
poród,VERB,15165
poród przedwczesny,VERB,16243
porównywać,PRON,13391
poręcz,VERB,24180
posiadać,PRON,14685
posilać,PRON,14162
posiłek,VERB,14377
posiłek główny,VERB,22119
pospiech,VERB,24166
post,VERB,21322
postój pojazdu,VERB,24290
posuwać się naprzód,PRON,12343
poszczenie,VERB,24283
poszewka na poduszkę,VERB,16178
poszewki,VERB,16951
posłuszeństwo,VERB,21309
pot,VERB,17475
potem,NOUN,17705
potnik,VERB,24252
potomstwo,PREP,15912
potop,VERB,14201
potrawa faszerowana,VERB,23503
potrawa kończąca posiłek,VERB,13664
potrzeba,VERB,15701
potrzebny,ADJ,15698
potrzebować,PRON,15702
potrzebuję czasu,NOUN,24664
potwierdzać,PRON,23235
potwierdzenie wiary,VERB,21110
potwór,VERB,15486
potykać się,PRON,14175
potępiać,PRON,23202
potężny,ADJ,17444
powiadamiać,PRON,16965
powiat,VERB,16423
powiedzieć,PRON,16728
powieka,VERB,14136
powierzchowny,ADJ,16935
powiesić,PRON,14673
powietrze,VERB,12356
powieść się,PRON,17450
powinien był,PRON,24264
powiększać,PRON,14936
powiększać się,PRON,16676
powodowania eksplozji,ADJ,24101
powodować,PRON,13135
powodzenia,OTHER,15487
powodzenie,VERB,17451
powoli,ADJ,17014
powołanie,VERB,21359
powracać,PRON,16500
powrót,VERB,16499
powtarzać,PRON,16487
powtórnie,NOUN,12350
powód,VERB,13134
powódź,VERB,14201
powłoka,VERB,16954
poza,NOUN,15942
poza czymś,ADJ,12670
poza domem,ADJ,22117
poziom,VERB,23085
poziomka,VERB,24336
poziomy,ADJ,23116
pozorować,PRON,16247
pozostawać,PRON,17254
pozwalać,PRON,15196
pozwól nam,PRON,15197
pozycja,VERB,16224
pozytywny,NOUN,16225
połamany,ADJ,12907
poławianie,VERB,14191
południe,VERB,17219
południowe,ADJ,17220
połykać,PRON,17471
połączenie,VERB,13380
połączenie bezprzewodowe,VERB,24782
połączony,ADJ,17746
pończochy,VERB,17264
pościel,VERB,12854
pościć,PRON,21323
pośladki,VERB,13097
poślubić,PRON,15426
pośpiesznie,ADJ,24168
poświata,VERB,24135
poświęcenie,VERB,24084
poświęcić,PRON,21084
poświęcony czemuś,ADJ,24082
pożegnanie,OTHER,14454
pożyczyć,PRON,12877
pożądanie,ADJ,13662
pożądać,PRON,21336
praca,VERB,18273
praca domowa,VERB,23533
praca w zespole,VERB,24305
prace domowe,VERB,23536
pracować,PRON,14124
pracownicy,PREP,17246
pracownik,PREP,18277
pracownik opieki społecznej,PREP,17201
pracownik socjalny,PREP,17201
pragnienie,ADJ,13662
pragnąć,PRON,18035
pralka,VERB,18042
pralnia,VERB,15179
prasować,PRON,14956
prawa,VERB,23134
prawda,VERB,17786
prawdopodobieństwo,VERB,14128
prawdopodobne,ADJ,16252
prawdziwe,ADJ,13416
prawdziwy,ADJ,16467
prawidłowe,ADJ,13416
prawie,ADJ,15697
prawne,ADJ,23128
prawnicze,ADJ,23138
prawnik,PREP,23135
prawo,ADJ,15653
prawo jazdy,VERB,23853
prawo moralne,ADJ,15653
prawy,ADJ,16673
prażona kukurydza,VERB,16221
premier,PREP,24221
pretekst,VERB,14122
prezent,VERB,14437
prezentacja,VERB,21078
prezentować,PRON,21079
prezerwatywa,VERB,13398
prezydent,PREP,24220
problem,VERB,16253
procent,VERB,8484
prochy,VERB,12586
producent,PREP,15412
produkcja,VERB,23583
produkować,PRON,15410
produkt,VERB,24803
produkt chemiczny,VERB,13158
produktywny,ADJ,15420
produkujący,ADJ,15420
prognoza pogody,VERB,22637
program,VERB,24222
program antywirusowy,VERB,23403
program komputerowy,VERB,23664
program spotkania,VERB,24603
program tv,VERB,24773
projektant,PREP,23469
projektant ogrodów,PREP,23561
projektor,VERB,16254
projektowanie ogrodów,VERB,23560
projektowany,PRON,16195
proklamacja,VERB,21338
prokurator,PREP,23176
prom,VERB,22083
promieniowanie elektromagnetyczne,VERB,13922
promieniowanie jądrowe,VERB,15740
promocja,VERB,23173
promocjami,VERB,23070
promować,PRON,23172
propagować,PRON,21310
proponować,PRON,17454
propozycja,VERB,17455
proroctwo,VERB,21048
prorok,PREP,21050
prorokować,PRON,21049
prosić,PRON,16489
prostokąt,VERB,16472
prostokątny,ADJ,16473
prostopadle,VERB,15998
prosty,ADJ,15215
prosty pionowy przedmiot,VERB,15216
prosty poziomy przedmiot,VERB,24180
prostytucja,VERB,16418
proszek,VERB,16233
proszek kakaowy,VERB,13173
proszę,OTHER,16204
protest,VERB,23066
protestantyzm,VERB,21039
protestować,PRON,16421
protokół,VERB,24696
prowadzić,PRON,15181
prowadzić samochód,PRON,13883
prowokować,PRON,23466
prysznic,VERB,16968
prywatny,ADJ,16251
przebaczać,PRON,14388
przebaczenie,VERB,21292
przebaczony,ADJ,21381
przebierać się,PRON,13878
przebranie,VERB,13418
przebywać,PRON,15223
przechodzić,PRON,15992
przechowywanie cyfrowe,VERB,24640
przecinek,NOUN,8487
przeciwieństwo,OTHER,15927
przeciwnie,NOUN,12351
przeciwstawiać,PRON,13406
przeciągać,PRON,16431
przeciąć,PRON,22382
przecznica,VERB,23815
przed czymś,NOUN,12656
przed południem,VERB,15655
przedmiot,VERB,17717
przedstawiać,PRON,23609
przedstawienie,VERB,23480
przedstawić,PRON,23547
przedszkole,VERB,23558
przedział,VERB,24625
przegrać,PRON,15395
przeistaczać,PRON,21320
przeistoczenie,VERB,21321
przejrzyste,ADJ,13358
przejąć,PRON,23200
przejście,VERB,21841
przejść dalej,PRON,13404
przekaz,PRON,24615
przekazywać,PRON,13389
przekonywać,PRON,21311
przekreślić,PRON,13665
przekształcić,PRON,23453
przekąska,VERB,17187
przekłuwać,PRON,16432
przemawiać,PRON,23013
przemiana,VERB,21321
przemieniać,PRON,21320
przemieszczać,PRON,13125
przemieszczać się do przodu,PRON,12343
przemoc,VERB,12327
przemowa,PREP,23017
przemysł włókienniczy,VERB,24308
przenikać,PRON,15992
przenoszenie,VERB,24714
przenośnia,VERB,15460
przenośny,ADJ,24715
przenośny komputer,VERB,23562
przepis na coś,VERB,16469
przepisy,VERB,23134
przepowiadać,PRON,21049
przepowiednia,VERB,21048
przepraszam,OTHER,17214
przepraszać,PRON,12404
przeprosiny,OTHER,17214
przeprowadzać wywiad,PRON,21373
przeprowadzi,PRON,17497
przepuszczać pieniądze,PRON,24758
przepychać,PRON,16439
przepłacać,PRON,24707
przepływać,PRON,17482
przerabiać,PRON,23630
przerażający,ADJ,17525
przerażenie,VERB,22912
przerażony,ADJ,12347
przerwa,VERB,16497
przerwa na śniadaniowa,VERB,17521
przerwa obiadowa,VERB,14393
przesiewać,PRON,13872
przesilenie letnie,VERB,15465
przestraszony,ADJ,12347
przestraszyć się,PRON,14159
przestrzeń,VERB,17221
przestrzeń ograniczona,VERB,13934
przestępcze,ADJ,23118
przesuwanie się kontynentów,VERB,22621
przesyłać,PRON,23491
przesyłka pocztowa,VERB,15198
przeszłość,VERB,15975
przesłuchanie,PRON,21333
przetrawiać,PRON,13678
przewidywanie,VERB,14128
przewidywać,PRON,21049
przewinienie,VERB,14652
przewodnictwo,VERB,22913
przewodniczący,PREP,24051
przewodnik,PREP,15182
przewodzić,PRON,14461
przewozić,PRON,13125
przewód,VERB,13921
przewóz,VERB,13127
przez,NOUN,12333
przez długi czas,ADJ,24181
przeziębienie,VERB,24065
przełamywać,PRON,12896
przełykać,PRON,17471
przełączać,PRON,17488
przełącznik,VERB,23670
przeżegnanie się,VERB,24265
przeżegnać się,PRON,24183
przeżuwać,PRON,13163
przodek,PREP,21325
przodkini,PREP,21326
przy,NOUN,12591
przybory,VERB,17993
przybory do makijażu oka,VERB,15164
przybory kuchenne,VERB,22561
przybywać z powrotem,PRON,16500
przybyć,PRON,13940
przybyć do celu,VERB,13935
przycisk,VERB,23553
przyczepa do przewozu koni,VERB,24161
przyczepa kempingowa,VERB,13113
przyczepiać,PRON,14154
przyczepka motocykla,VERB,21821
przyczyna,VERB,13134
przyczyniać się,PRON,13135
przyczynowość,VERB,23439
przygnębiające,ADJ,24827
przygnębiony,ADJ,14408
przygoda,VERB,24601
przygotowywanie,VERB,22909
przygotowywać,ADJ,16466
przygotowywać posiłek,PRON,16245
przygotowywać się,PRON,16244
przyjaciel,PREP,14401
przyjemność,VERB,14675
przyjemny,ADJ,15717
przyjęcie,VERB,15973
przykazania,VERB,13388
przykro mi,OTHER,17698
przykrywka,VERB,22583
przykład,VERB,17978
przymocowywać,PRON,14154
przymus,VERB,22914
przymusowy,ADJ,14383
przymuszony,ADJ,14383
przynieść,PRON,17497
przynoszący szczęście,ADJ,15403
przypadek,VERB,23867
przypominać sobie,PRON,16485
przyprawa,VERB,14198
przyprawa sypka,VERB,22310
przyprawa w płynie,VERB,22309
przyprawy aromatyczne,VERB,22321
przypuszczać,PRON,14127
przyrząd,VERB,17755
przyrząd do czyszczenia,VERB,22397
przyrządzanie,VERB,22908
przystanek,VERB,24290
przystanek autobusowy,VERB,24041
przystawka,VERB,22118
przystań,VERB,14678
przystojny,ADJ,12645
przyszłość,VERB,14417
przyszły,VERB,14417
przytulic,PRON,14909
przytulić,PRON,24076
przytwierdzony,ADJ,17746
przywieźć,PRON,12904
przywiązanie,VERB,14172
przywódca,PREP,15182
przywódca państwa,PREP,24220
przywódca religijny,PREP,21055
przyznać się do czegoś,PRON,21099
przyłączać,PRON,14154
próba,VERB,23242
próbka,VERB,17978
próbowanie,PRON,17787
próbować,PRON,17787
próchnica,VERB,13138
próg rzeczny,VERB,22623
prąd,VERB,13918
prędko,ADJ,16446
prędkościomierz,VERB,23217
prędkość,VERB,24819
psi zaprzęg,VERB,21874
psychiatra,PREP,21584
psychiczny,ADJ,15456
psycholog,PREP,21586
psychologia,VERB,21552
psychologiczny,VERB,24818
pszczoła,VERB,12651
pszenica,VERB,24780
ptak,VERB,12837
ptak drapieżny,VERB,14686
ptak nocny,VERB,15949
ptak wodny,VERB,12840
pterodaktyl,VERB,23625
pub,VERB,12627
publicznie,ADJ,16427
publiczność,PREP,16429
publiczny,ADJ,16428
puchar,VERB,21282
pudding ryżowy,VERB,23636
puder do ciała,VERB,17500
pudełko z ciastkami,VERB,22591
pudełko śniadaniowe,VERB,23573
pudło,VERB,12886
punk,VERB,23932
punk rock,VERB,23932
punkt,VERB,16737
punkt widzenia,VERB,16214
purim,VERB,16435
purpura,NOUN,16436
puste,ADJ,13932
pustynia,VERB,21350
puszcza,VERB,14386
puszczanie latawca,VERB,22115
puszka,VERB,20528
puzon,VERB,23970
puzzle,VERB,16441
pułap,VERB,13139
pysk,VERB,24196
pyszne,ADJ,22352
pytanie,VERB,16445
pytać,PRON,12588
pył,VERB,15739
pół godziny,VERB,23104
półka,VERB,16953
półksiężyc,VERB,13610
półmisek,VERB,13690
północ,VERB,15730
północny,ADJ,15731
później,NOUN,17705
późno,ADJ,15177
pączek,VERB,22124
pęcherz,VERB,12853
pęcherzyk nasienny,VERB,16758
pęd,VERB,24166
pędzić,PRON,16699
pędzlować,PRON,12913
pęknięcie,VERB,24630
pępek,VERB,24198
pępowina,VERB,17965
płacić,PRON,15979
płakać,PRON,13618
płaski,ADJ,14197
płastuga,VERB,23083
płaszcz,VERB,13371
płaszcz przeciwdeszczowy,VERB,16457
płaszczka,VERB,23083
płat,VERB,22381
płatek śniegu,VERB,17195
płatna stacja,VERB,24708
płatny kanał,VERB,24708
płaz,VERB,12371
płeć,VERB,14428
płodności oraz pokoju,PREP,22818
płodny,ADJ,14168
płomień,VERB,14183
płot,VERB,14167
pług,VERB,16206
pług śnieżny,VERB,23951
pługopiaskarka,VERB,23951
płyn,VERB,18209
płyn do mycia,VERB,17200
płyn ustrojowy,VERB,24031
płynny,ADJ,17186
płyta,VERB,20599
płyta audio,VERB,16470
płyta cd z muzyką,VERB,16470
płyta grzejna kuchenki,VERB,22577
płytki,ADJ,16935
pływanie,VERB,22053
pływanie synchroniczne,VERB,22056
pływanie łodzią,VERB,21801
pływać,PRON,14200
pływy,VERB,22626
płód,VERB,13929
płótno lniane,VERB,23144
rabat,VERB,23068
rabować,PRON,23637
rabuś,PREP,23638
rachunek,VERB,23050
racica,VERB,15978
rada,VERB,12345
rada zarządu,VERB,24611
radca,PREP,13421
radio,VERB,16453
radosny,ADJ,14676
radować,PRON,12372
radość,VERB,14675
radzić,PRON,12346
rafa,VERB,24763
rafa koralowa,VERB,23458
raj,VERB,24149
rajstopy,VERB,17264
rak,VERB,15226
rakieta,VERB,16452
rakiety śnieżne,VERB,17197
ramadan,VERB,21324
ramię,VERB,12577
rampa,VERB,23629
rana cięta,VERB,17213
randka,VERB,13635
rangoli,VERB,12365
rano,VERB,15655
rap,VERB,23934
ravioli,VERB,22134
raz,ADJ,15919
razem,ADJ,17746
reagować,PRON,24500
reakcja,VERB,24501
reanimacja,PRON,12585
recepcja,VERB,24502
recepta,VERB,16469
refleks,VERB,22384
reflektor,VERB,22385
refować,PRON,24728
region państwa,VERB,16423
reguły,VERB,16697
rekin,VERB,16942
reklama,VERB,12344
relacja,PREP,16481
relaks,VERB,15981
relaksować się,PRON,16496
religia,VERB,16483
religia  religijne,VERB,23189
religijne,ADJ,16484
religioznawstwo,VERB,23190
renifer,VERB,16478
renta,VERB,24430
reperować,PRON,14192
reprodukcja,VERB,16488
republika,VERB,24238
republika południowej afryki,VERB,22615
respekt,VERB,16494
respirator,VERB,24239
restauracja,VERB,16498
rewident,PREP,24018
rezerwa,VERB,15467
rezultat,VERB,13910
rezydent,PREP,16491
riksza,VERB,16508
robak,VERB,14943
robakowaty,ADJ,18253
robiący coś,ADJ,15420
robić,PRON,13860
robić na drutach,PRON,15160
robić niespodziankę,PRON,17470
robić zakłady,VERB,24415
robocze,VERB,12411
robot kuchenny,VERB,22393
robot zabawka,VERB,23639
robota,VERB,18273
rock,VERB,24736
rocznica,VERB,12392
rodzaj,VERB,17961
rodzenie,VERB,15165
rodzeństwo,PREP,16972
rodzic,PREP,15968
rodzic przybrany,PREP,14392
rodzina,PREP,14144
rodzina jako grupa rodzinna,PREP,21094
rodzina królewska,VERB,24251
rodzina z jednym rodzicem,PREP,21093
rodziny i deszczu,PREP,22651
rodzynki,VERB,16460
rok,VERB,18289
rok temu,VERB,15176
rok świetlny,VERB,22634
rolki,VERB,16685
rolnik,PREP,14152
rondel,VERB,16229
rondelek do sosu,VERB,22579
ropa,VERB,14412
ropucha,VERB,14402
rosja,VERB,23642
rosnąć,PRON,14649
rosz haszana,VERB,16689
rosół,VERB,17218
rotacja,VERB,24249
roti - azjatyckie placki chlebowe,VERB,16691
rower,VERB,12834
rower górski,VERB,21817
rower inwalidzki,VERB,21819
rower poziomy,VERB,21815
rower tandem,VERB,21816
rower terenowy,VERB,21818
rower z napędem ręcznym,VERB,21814
rozbijać,PRON,17016
rozbite,ADJ,24421
rozbity,ADJ,12907
rozbryzgiwać,PRON,17232
rozbudzony,ADJ,12601
rozciąganie mięśni,PRON,24292
rozciągać,PRON,24291
rozciąć,PRON,22382
rozcięty,ADJ,22383
rozdrabniać,PRON,15427
rozdzielać,PRON,16941
rozdzielić,PRON,23471
rozejm,VERB,24424
rozerwać,PRON,23471
rozgniewany,ADJ,12377
rozgrywka,VERB,14418
rozgwiazda,VERB,17253
rozgłaszać,PRON,21337
rozkaz,PRON,21335
rozmiar,VERB,23214
rozmnażanie,VERB,16488
rozmrozić,PRON,17699
rozpakować,PRON,17976
rozpoczynać,PRON,12657
rozporządzenia,VERB,16697
rozpowszechniać,PRON,21058
rozpraszać na różne strony,PRON,21058
rozprzęgać,PRON,24323
rozrywka,VERB,14718
rozrzucać,PRON,21058
rozrzucać prochy,PRON,21118
rozsadzać,PRON,14131
rozsadzony,ADJ,24100
rozstrzygać,PRON,23126
rozszczep,VERB,24630
roztocze,VERB,15480
rozum,VERB,15471
rozwijać się,PRON,13666
rozwinąć,PRON,17976
rozwiązywać problem,PRON,17206
rozwodzić się,PRON,13859
rozwód,VERB,13858
rozwój,VERB,13667
rozłożyć,PRON,17976
rozłączyć,PRON,23471
roślina,VERB,14205
roślina cebulowa,VERB,14206
roślina pod ochroną,VERB,14369
roślina podwodna,VERB,23457
rożek,VERB,13400
rożek angielski,VERB,23937
rożen,VERB,23945
rożku,VERB,14921
rtęć,VERB,23149
ruch,VERB,24702
ruch uliczny,VERB,17766
ruchy,VERB,22621
rudera,VERB,23641
rufa,VERB,22063
rugby,VERB,20593
ruina,VERB,23641
rumienić się,PRON,24029
runda,VERB,17956
runy,VERB,22830
rura,VERB,16187
ruszać się,PRON,15667
ryba,VERB,14188
ryba miecz,VERB,23671
ryba mrożona,VERB,22356
ryba suszona,VERB,24115
rybak,PREP,23509
ryby,VERB,22648
rychło,ADJ,13896
ryczeć,PRON,24248
rym,VERB,16502
rynna,VERB,23103
rysować,PRON,13873
rytuał,VERB,21317
rywalizacja,VERB,16451
rywalizować,PRON,13392
ryzyko,VERB,24426
ryzykować,PRON,24453
ryż,VERB,16505
rzadszy,ADJ,15195
rzecz,VERB,17717
rzecznik,PREP,23014
rzeczywisty,ADJ,16467
rzeka,VERB,16677
rzemieślnik,PREP,15412
rzemiosło,VERB,13431
rzep,VERB,14155
rzepa,VERB,17958
rześki,ADJ,14399
rzeźba,VERB,24700
rzeźnik,PREP,23428
rzodkiew,VERB,16454
rzodkiewka,VERB,16454
rzucać,PRON,17725
rzucić kotwicę,PRON,24644
rzut dyskiem,VERB,21847
rzut młotem,VERB,21848
rzut oszczepem,VERB,21851
rzutka,VERB,21850
rzygać,PRON,18022
rząd,VERB,14462
rządzić państwem,PRON,14461
róg,VERB,13414
róg myśliwski,VERB,23825
róg zwierzęcy,VERB,14896
rówieśnik,PREP,23165
równać,PRON,13943
równik,VERB,22598
równolegle,VERB,15964
równy,NOUN,16713
rózga do mieszania,VERB,22563
róż,VERB,16692
róża,VERB,22611
różdżka,VERB,18034
różne,NOUN,13675
różnica,VERB,17449
różowy,NOUN,16184
rączka,VERB,17487
ręcznik,VERB,17762
ręka,VERB,14667
rękawica do kąpieli,VERB,18040
rękawica kuchenna,VERB,22596
rękawice do zmywania,VERB,22597
rękawice sportowe,VERB,14445
rękawiczka,VERB,14446
rękodzieło,VERB,14672
rękodzieło z papieru,VERB,24204
rżeć,PRON,24199
sad,VERB,15934
sahrimnir - dzik z mitologi nordyckiej,VERB,22825
sakrament,VERB,21102
saksofon,VERB,23946
sala,VERB,16687
sala fizjoterapii,VERB,24212
sala gimnastyczna,VERB,14656
sala koncertowa,VERB,13396
sala konferencyjna,VERB,24481
sala spotkań,VERB,23446
sala sądowa,VERB,23052
sala terapii zajęciowej,VERB,24201
sala wystawowa,VERB,16970
salon,VERB,15224
salon fryzjerski,VERB,12629
salon kosmetyczny,VERB,12629
salto,VERB,24272
sam,ADJ,12363
same,PREP,17714
same  - niekoniecznie człowiek,NOUN,17712
sami,PREP,17715
samochodowy,VERB,17766
samochód,VERB,13121
samochód ciężarowy,VERB,17781
samochód ciężarowy z możliwością zrzucenia towaru,VERB,13890
samochód strażacki,VERB,14186
samodzielnie,PREP,16949
samogwałt,VERB,16753
samokontrola,PRON,13407
samolot,VERB,12357
samolot wojskowy,VERB,15466
samotna matka,PREP,21091
samotny,ADJ,12363
samotny ojciec,PREP,21092
samotny rodzic,PREP,21090
sandały,VERB,16716
sandman,PREP,23646
sandwich,VERB,16718
saneczkarstwo,VERB,21870
saneczki,VERB,21871
sanie konne,VERB,21873
sanki,VERB,17007
sardynka,VERB,23530
sari,VERB,16720
sarna,VERB,12381
saszetka,VERB,14668
satelita,VERB,24739
satelita meteorologiczny,VERB,24779
satelita szpiegowski,VERB,24779
satelita telekomunikacyjny,VERB,24624
saturn,VERB,24505
satysfakcja,VERB,16721
sauna,VERB,16725
sałata,VERB,15200
sałatka,VERB,16709
sałatka owocowa,VERB,22142
sałatka z makaronem,VERB,22306
sałatka z owoców morza,VERB,22305
scena,VERB,24214
sceneria,VERB,16731
schach,VERB,16732
schody,VERB,17247
schody ruchome,VERB,24096
schorowany,ADJ,16973
schron,VERB,17970
schronienie,VERB,16420
schronisko,VERB,24685
schwytać,PRON,24152
sedes,VERB,24770
sekret,VERB,16745
sekretarka,PREP,15418
sekretarz,PREP,16746
seks oralny,VERB,15930
seksualna przyjemność,VERB,16932
seksualność,VERB,16933
sekunda,VERB,16743
seler,VERB,13140
sen,VERB,17008
sen zimowy,VERB,24150
senior,PREP,24508
ser,VERB,13157
ser półtwardy,VERB,22359
serce,VERB,14695
serek topiony,VERB,22360
serwetka,VERB,15692
sezon,VERB,23199
sfrustrowany,ADJ,14408
shake,VERB,15470
shamrock,VERB,16939
siadać,PRON,16995
siano,VERB,24147
siatka,VERB,23595
siatkówka,VERB,21804
siebie,PREP,16752
siebie-,PREP,18301
siedem,NOUN,8503
siedzący,VERB,16165
sierpień,VERB,12595
sierść,VERB,14660
sierść zwierzęcia,VERB,14415
sieć,VERB,24656
sieć do połowu ryb,VERB,21357
sif,PREP,22653
sikać,PRON,17989
siki,VERB,17990
silnik,VERB,15406
silny,ADJ,17444
simchat tora,VERB,16983
siniaki,VERB,24419
siodlarnia,VERB,24301
siodło,VERB,22839
siostra,PREP,16994
siostra bliźniaczka,PREP,23977
siostrzenica,PREP,24817
siostrzeniec,PREP,24817
sitko,VERB,16976
siusiać,PRON,17989
siusiu,VERB,17990
siwan,VERB,16996
się,PREP,16752
siłownia,VERB,14656
skakanka,VERB,15138
skakać,PRON,15139
skapywać,PRON,24433
skarpetki,VERB,17264
skała,VERB,17267
sklep,VERB,17269
sklep mięsny,VERB,23037
sklep monopolowy,VERB,23145
sklep odzieżowy,VERB,23042
sklep ogrodniczy,VERB,23091
sklep sportowy,VERB,23219
sklep spożywczy,VERB,14645
sklep wielobranżowy,VERB,23067
sklep z akloholem,VERB,23145
sklep z rękodziełem,VERB,23106
sklep z upominkami,VERB,23096
sklep z warzywami,VERB,23101
sklep z zabawkami,VERB,23241
sklep ze słodyczami,VERB,23228
sklep ze zdrową żywnością,VERB,23108
sklep ze zniżkami,VERB,23070
skm,VERB,24067
skok,VERB,23550
skok do tyłu,VERB,24805
skok o tyczce,VERB,21844
skok w dal,VERB,21845
skok wzwyż,VERB,21843
skoki narciarskie,VERB,21866
skompletować,PRON,14181
skorpion,VERB,16738
skorupiak,VERB,15226
skorupiaków,VERB,22305
skończyć,PRON,14181
skraplać,PRON,23840
skremować,PRON,21286
skroplenie,VERB,23839
skrzat,PREP,23525
skrzat domowy,PREP,23422
skrzeczeć,PRON,24073
skrzydła,VERB,18259
skrzynka pocztowa,VERB,15409
skrzypce,VERB,23983
skręt,VERB,17230
skunks,VERB,17005
skurcz,VERB,24275
skurcze,VERB,13432
skurcze macicy,VERB,13405
skutek,VERB,13910
skuter,VERB,21810
skuter śnieżny,VERB,23950
skwapliwy,ADJ,23860
skwer,VERB,24281
skóra,VERB,12387
skóra zwierzęca,VERB,15186
skóra zwierzęcia,VERB,12387
skórka,VERB,16954
skórka owocu,VERB,15988
skład,VERB,24450
składnik,VERB,22380
slalom narciarski,VERB,21863
sleipnir,VERB,22824
smaczne,ADJ,20526
smak,VERB,17506
smakować,PRON,17507
smakowite,ADJ,20526
smar,VERB,15914
smarować,PRON,17239
smarowidło,VERB,17238
smażone,VERB,22138
smażony,ADJ,22351
smażyć jedzenie,PRON,14411
smażyć na ruszcie,PRON,12906
smażyć w głębokim tłuszczu,PRON,13653
smoczek,VERB,24496
smoczek na butelkę,VERB,24418
sms,VERB,24509
smutek,VERB,13659
smutne,ADJ,24827
smutny,ADJ,16702
smyczek,VERB,23819
snack bar,VERB,13104
snooker,VERB,22100
snowboard,VERB,21868
sobota,VERB,16722
socjalny,ADJ,24269
socjolog,PREP,21568
socjologia,VERB,21551
soczysty,ADJ,22349
sofa,VERB,13419
software,VERB,23664
sok owocowy,VERB,14406
sok roślinny,VERB,22333
sok winogronowy,VERB,14633
solidny przedmiot,VERB,17205
sopran,VERB,23952
sos,VERB,16723
sos curry,VERB,22329
sos do sałatki,VERB,22324
sos imbirowy,VERB,22320
sos mięsny,VERB,23586
sos musztardowy,VERB,22332
sos pomidorowy,VERB,23685
sos sałatkowy,VERB,22324
sos waniliowy,VERB,22317
sos ziołowy,VERB,22323
sowa,VERB,15949
spadać,PRON,14142
spadochron,VERB,22105
spadochroniarstwo,VERB,22106
spadochroniarz,PREP,15965
spaghetti,VERB,17222
spalony,ADJ,12923
spać,PRON,13875
spaść,PRON,13436
specjalista od akupunktury,PREP,21605
specjalista od aromaterapii,PREP,21603
specjalny,ADJ,17223
specyficzny,ADJ,17224
sperma,VERB,17226
spierać,PRON,12413
spiesz się,NOUN,24769
spirala,VERB,17230
spis,VERB,15220
spięty,ADJ,23957
spiżarka,VERB,17270
splatać,PRON,18215
splot,VERB,12882
spluwać,PRON,17231
spodnie,VERB,15961
spodziewać się,PRON,14127
spokojna,ADJ,15982
spokojny,ADJ,13386
spokój,VERB,15981
spopielenie,VERB,21285
spopielić,PRON,21286
sport,VERB,17234
sport motocyklowy,VERB,21826
sporty górskie,VERB,21795
sporty kontaktowe,VERB,21627
sporty motorowe,VERB,21794
sporty powietrzne,VERB,21796
sporty umysłowe,VERB,21799
sporty walki,VERB,21627
sporty wodne,VERB,21626
sporty zespołowe,VERB,21625
sporty zimowe,VERB,21630
spotkanie,VERB,12406
spotkanie modlitewne,VERB,21288
spotkać się,PRON,15449
społeczeństwo,VERB,24270
społeczny,ADJ,24269
spragniony,ADJ,17719
sprawdzać smak,PRON,17507
sprawiające cierpienie,ADJ,15955
sprawiedliwość,VERB,23130
sprawiedliwy,ADJ,23081
sprawić ból,PRON,14942
sprawozdanie,VERB,24696
sprej,VERB,23954
springbok,VERB,22616
spryskiwać,PRON,23953
spryt,VERB,22917
sprytny,ADJ,17015
sprzeciw,VERB,23177
sprzeciwiać się,PRON,16421
sprzedawać,PRON,16756
sprzedaż,VERB,13093
sprzedaż z rabatem,VERB,23069
spuszczać w dół,PRON,24688
spódnica,VERB,17002
spór,VERB,12414
spłoszyć się,PRON,24035
squash,VERB,22101
srebro,VERB,23213
srodowisko,VERB,13942
srom,VERB,18025
stacja,VERB,24284
stacja kolejki podziemnej,VERB,24322
stacja metra,VERB,24322
stadion,VERB,22840
stajenny,PREP,24137
stajnia,VERB,12630
stal,VERB,17258
stan gry,VERB,16737
stan wiedzy,VERB,16214
stanik,VERB,12889
stanowisko,VERB,16224
starcie,VERB,18036
start,VERB,12658
staruszek,PREP,24508
stary,ADJ,15915
stary testament,VERB,21070
statek,VERB,12869
statek kosmiczny,VERB,16680
statek parowy,VERB,22084
statek wikingów,VERB,22829
statek wycieczkowy,VERB,22082
statua,VERB,24700
staw,VERB,15168
stawiać na,PRON,24414
stać,PRON,17249
stać się,PRON,12648
stały,ADJ,14679
ster,VERB,22066
sterburta,VERB,24760
sterroryzować,PRON,17527
sterylizacja,VERB,17262
sterylny,ADJ,14939
stickball,VERB,21803
stodoła,VERB,12630
stojący,PREP,16166
stolec,PRON,15668
stopa,VERB,14379
stoper,VERB,23238
stopień schodów,VERB,24761
stopić,PRON,17699
stopnie,VERB,17247
stosunek analny,VERB,12373
stosunek płciowy,VERB,16931
stołek,VERB,13148
stołować,PRON,23033
stożek,VERB,13400
strach,VERB,22912
straszny,ADJ,17525
strata,VERB,15396
strażak,PREP,14184
strażnica,VERB,23245
stroić,VERB,23928
strona,VERB,15962
strona ciała,VERB,16974
strona internetowa,VERB,23709
strop,VERB,13139
struktura,VERB,17445
struna,VERB,23959
struś,VERB,15937
strzała,VERB,21852
strzałka,VERB,15476
strzałki,VERB,21853
strzelać,PRON,23662
strzelba,VERB,14655
strzelec,VERB,22645
strzemię,VERB,24287
strzykawka,VERB,17491
strzykwa,VERB,23654
strój do jazdy konnej,VERB,24244
strój kąpielowy,VERB,17484
strąk,VERB,22837
student,PREP,17446
studio nadawcze,VERB,24774
studiować,PRON,24294
studiów,VERB,23669
stworzenie,VERB,13607
stworzenie wodne,VERB,23706
styczeń,VERB,14966
stół,VERB,17493
stół roboczy,VERB,13663
stół sportowy,VERB,21800
stół warsztatowy,VERB,13663
stęp,PRON,24327
stępka,VERB,22064
stłuczenia,VERB,24419
stłuczenie,VERB,24420
substancja,VERB,24515
substancja chemiczna,VERB,13158
sucha,ADJ,13887
suche,ADJ,13887
suchy,ADJ,13887
sufit,VERB,13139
sugerować,PRON,17454
sugestia,VERB,17455
suka,VERB,17457
sukces,VERB,17451
sukienka,VERB,13876
sukkot,VERB,16983
sulki,VERB,22093
sumienie,VERB,13401
super,OTHER,18282
supermarket,VERB,23147
surowe,ADJ,16464
surowiec,VERB,15431
suseł,VERB,14460
susz,VERB,23859
suszarka,VERB,24088
suszarka do naczyń,VERB,24431
suszarka do ubrań,VERB,24320
suszarka do włosów,VERB,24141
suszarnia,VERB,24089
suszona fasola,VERB,13880
suszona śliwka,VERB,16424
suszony owoc,VERB,24121
suszyć,PRON,13888
sutek,VERB,15720
swobodny,ADJ,14395
sygnatura,VERB,16979
sygnał,VERB,24749
sygnał cyfrowy,VERB,24639
sygnał dźwiękowy,VERB,23878
sygnał satelitarny,VERB,24742
syk kota,PRON,24151
symbol bliss,VERB,12857
sympatyczny,ADJ,15398
syn,PREP,17209
syn boży,PREP,23099
synagoga,VERB,17490
syndrom chronicznego zmęczenia,VERB,23836
syntezator,VERB,23963
sypialnia,VERB,12650
syrena,PREP,23590
syrena drzewna,PREP,23663
syrop,VERB,22335
syrop klonowy,VERB,22337
syrop kukurydziany,VERB,22339
syrop z drzewa,VERB,22337
system,VERB,16194
system symboli bliss,VERB,23031
szabat,VERB,16700
szabla,VERB,15159
szacować,PRON,13947
szafa,VERB,13622
szafka,VERB,13622
szafka z szufladami,VERB,13162
szalik,VERB,16730
szalom,VERB,16936
szalotka,VERB,14644
szalupa,VERB,22078
szampan,VERB,22345
szampon,VERB,16938
szansa,VERB,24426
szarfa,VERB,12664
szary,NOUN,14639
szatnia,VERB,24063
szawuot,VERB,16948
szczebiotać,PRON,24060
szczególny,ADJ,17223
szczekać,PRON,24020
szczeniak,VERB,16434
szczenię,VERB,16434
szczep,VERB,21609
szczepienie,VERB,14941
szczery,ADJ,17782
szczoteczka do zębów,VERB,17756
szczotka,VERB,12912
szczotka do czyszczenia koni,VERB,24158
szczotkować,PRON,12913
szczupły,ADJ,17716
szczur,VERB,12386
szczypce,VERB,16205
szczypce kuchenne,VERB,22565
szczypiorek,VERB,14644
szczyt,VERB,17758
szczęście,VERB,15402
szczęśliwy,ADJ,15403
szef,PREP,12878
szef kuchni,PREP,22907
szekel,VERB,16952
szelki dla dzieci,VERB,24058
szeptać,PRON,18240
szeregowiec,VERB,23193
szermierka,VERB,21837
szeroki,ADJ,18250
szerokie,ADJ,14156
szerokopasmowe,VERB,24614
sześcian,VERB,12886
sześć,NOUN,8502
sziwa,VERB,21295
szkarłupień,VERB,23656
szkicować,PRON,13873
szkielet,VERB,16998
szklanka,VERB,14442
szklany słoik,VERB,22589
szklarnia,VERB,14643
szklarstwo,VERB,24134
szkocja,VERB,22614
szkoła,VERB,16734
szkoła jazdy,VERB,24246
szkoła podstawowa,VERB,23076
szkuner,VERB,22073
szkło,VERB,14441
szkło powiększające,VERB,24478
szlafrok,VERB,13879
szlifierka,VERB,22562
szminka,VERB,15219
sznurek,VERB,15214
szofar,VERB,16960
szofer,PREP,13884
szop pracz,VERB,16450
szopa,VERB,12630
szorty,VERB,16963
szpada,VERB,15159
szparagi,VERB,24015
szpilka,VERB,16181
szpital,VERB,14899
szpon,VERB,13355
sztafeta,VERB,21842
sztorm,VERB,17271
sztuczne oddychanie,VERB,12584
sztuczne ognie,VERB,24655
sztuczne zapłodnienie,VERB,12583
sztuka,VERB,12581
sztuki walki,VERB,21838
sztućce,VERB,13630
szufla,VERB,16966
szuflada,VERB,13874
szukać,PRON,16742
szum,VERB,23884
szwaczka,PREP,23674
szwat,VERB,16971
szwecja,VERB,22617
szwedzki,VERB,23226
szybko,ADJ,16446
szybkowar,VERB,22586
szybkość,VERB,24819
szybowanie na spadochronie za motorówką,VERB,22112
szybowiec,VERB,22103
szydełkować,PRON,13611
szyja,VERB,15699
szyjka macicy,VERB,13147
szykować cię,ADJ,16466
szyna,VERB,12890
szyna na rękę,VERB,24142
szyna na łokieć,VERB,24091
szyna nadgarstka,VERB,24340
szyna ortopedyczna,VERB,24279
szyna zakładana na kostkę u nogi,VERB,24010
szyć,PRON,16763
sól,VERB,20523
sól kryształ,VERB,16711
sąd,VERB,23051
sądzić,PRON,23126
sąsiad,PREP,15705
sędzia,PREP,23125
sędziowie,VERB,23129
sęp,VERB,18024
słabość,VERB,16167
słaby,ADJ,18213
słodka bułka,VERB,16683
słodka przekąska,VERB,22372
słodki,ADJ,17478
słodki napój,VERB,22344
słodkie,ADJ,17477
słodkie ziemniaki,VERB,17480
słodycze,VERB,17479
słodzik,VERB,17453
słoik,VERB,20528
słoik z ciasteczkami,VERB,22591
słomka,VERB,17277
słoneczne,ADJ,17465
słonecznie,ADJ,17465
słonecznik,VERB,24297
słony,ADJ,16712
słowo,VERB,18272
słoń,VERB,13923
słońce,VERB,17462
słuchawki,VERB,13899
słuchać,PRON,14692
słup,VERB,15216
służba,VERB,14704
służba wartownicza,VERB,14650
służący do wyburzania,ADJ,24101
słój na przetwory,VERB,22588
tablet pc,VERB,23672
tabletka,VERB,16176
tablica do pisania,VERB,12852
tablica informacyjna,VERB,16977
tablica symboli,VERB,17489
tablica szkolna,VERB,12852
tabliczka czekolady,VERB,22373
taca,VERB,17773
taczka,VERB,18028
tajemnica,VERB,16745
tajemniczy,ADJ,21298
tajfun,VERB,23887
tak,OTHER,18294
taki sam,NOUN,16713
taksówka,VERB,17509
taksówkarz,PREP,17510
także,NOUN,12374
talerz,VERB,13690
talia,VERB,18029
talit,VERB,17501
talk,VERB,17500
tam,NOUN,17707
tam i z powrotem,NOUN,12610
tamburyn,VERB,23964
tampon,VERB,16719
tamte,NOUN,17723
tamten,NOUN,17697
tamuz,VERB,17502
tanie,ADJ,13155
tankowiec,VERB,22070
tarcica,VERB,18270
tarka,VERB,22562
tarnik,VERB,22562
tarta,VERB,16173
tasiemka,VERB,23958
tata,PREP,14157
taternictwo,VERB,22109
tatuś,PREP,14157
tałes,VERB,17501
tańczyć,PRON,13631
taśma,VERB,17276
taśma z materiału,VERB,16504
tchórz,PREP,23461
tchórzliwy,ADJ,23463
tchórzostwo,VERB,23462
te,NOUN,17711
teatr,VERB,23237
teczka na dokumenty,VERB,23511
tefilin,VERB,17531
tego,NOUN,16482
tekstylia,VERB,13365
telefon,VERB,17518
telefon bezprzewodowy,VERB,23459
telefon komórkowy,VERB,23592
telefon tekstowy,VERB,23679
telefonować,PRON,22904
teleskop,VERB,22635
telewizja,VERB,17519
temperatura,VERB,17520
temperatura ciała,VERB,24034
ten sam dźwięk,OTHER,16714
tenis,VERB,17522
tenis plażowy,VERB,12641
tenis stołowy,VERB,16183
tenor,VERB,23966
teolog,PREP,23191
teologia,VERB,23681
terapeuta,PREP,17706
terapeuta komunikacji,PREP,21595
terapeuta porozumiewania się,PREP,21595
terapeuta refleksologii,PREP,21604
terapeuta zajmujący się terapią tańca,PREP,21599
terapeuta zajęciowy,PREP,21591
terapia,VERB,21589
terapia tańcem i ruchem,VERB,24078
terapia zajęciowa,VERB,24200
teraz,NOUN,15736
teraźniejszość,VERB,16246
termit,VERB,17524
termometr,VERB,17709
termos,VERB,17710
terrorysta,PREP,17526
terroryzm,VERB,24820
test,VERB,17528
tewet,VERB,17530
też,NOUN,12374
thor,PREP,22652
tika,VERB,12836
timer,VERB,23238
tisza be-aw,VERB,17736
tiszri,VERB,17737
tiu,PREP,22820
tkanina,VERB,13365
tkanina bawełniana,VERB,23049
tkanina jedwabna,VERB,23212
tkanina na ołtarzu,VERB,21369
tkanina syntetyczna,VERB,23229
tkaniny,VERB,16504
to,NOUN,14960
to niedobrze,OTHER,17698
toaleta,VERB,17747
toczek,VERB,21616
toczyć się,PRON,23640
ton,VERB,23929
tonąć,PRON,21348
topić,PRON,21348
tor,VERB,23690
tor bobslejowy,VERB,21872
tor samochodowy,VERB,23430
tor wyścigowy,VERB,23430
tora,VERB,17760
torba,VERB,12618
torbacz,VERB,12384
torebka,VERB,14668
torfowisko,VERB,17472
tornado,VERB,23967
tornister,VERB,23650
tort,VERB,22121
tory kolejowe,VERB,23628
tost,VERB,17740
toster,VERB,17742
tostować,PRON,17741
touchpad,VERB,23688
towar,VERB,14457
trackball,VERB,23691
tracker pro,VERB,23493
tragedia,VERB,23692
traktor,VERB,17765
trampolina,VERB,17768
tramwaj,VERB,24316
transmisja,PRON,24615
transport publiczny,VERB,24227
transport towarowy,VERB,13127
transportować,PRON,13125
transportowiec,VERB,22069
transwestyta,PREP,17770
tranzelka,VERB,24038
trap,VERB,24612
trawa,VERB,14636
trawienie,VERB,13679
trawić,PRON,13678
trawnik,VERB,15180
triathlon,VERB,21858
triceratops,VERB,23694
trolejbus,VERB,24318
troll,PREP,23695
trolli ogoniasty,PREP,23696
troska,VERB,12397
troskliwy,ADJ,13402
trucizna,VERB,16215
trudny,ADJ,13676
trumna,VERB,21116
trup,VERB,21315
truskawka,VERB,17278
trwały,ADJ,21332
trzcina,VERB,23942
trzepaczka,VERB,22563
trzy,NOUN,8499
trzymać w ręku,PRON,23532
trzęsienie ziemi,VERB,22620
trójkołowy,VERB,17778
trójkąt,VERB,17776
trójkątny,ADJ,17777
trąbka,VERB,14895
trądzik,VERB,12332
tsunami,VERB,23972
tu,NOUN,14708
tu bi- szwat,VERB,17788
tuba,VERB,16187
tunel,VERB,24321
turysta,PREP,24771
tutaj,NOUN,14708
tułów,VERB,12870
tuńczyk,VERB,23697
twardy,ADJ,14679
twardy ser,VERB,22358
twarz,VERB,14138
twaróg,VERB,22361
twierdza,VERB,24119
twoje-,PREP,18469
tworzywo sztuczne,VERB,16197
tworzyć,PRON,13606
twój,PREP,18469
twórczy,ADJ,13608
tybet,VERB,23684
tydzień,VERB,18217
tydzień temu,VERB,15175
tygrys,VERB,17731
tykwa,VERB,23900
typ,VERB,17961
tyr,PREP,22820
tyrannosaurus rex,VERB,23699
tytan,PREP,23521
tytoń,VERB,17743
tytoń fajkowy,VERB,16186
tytuł,VERB,15691
tył,VERB,13097
tyłek,VERB,13097
tęcza,VERB,23933
tłuc,PRON,17016
tłum,PREP,16429
tłumaczyć,PRON,17512
tłumaczyć się,PRON,14123
u celu,ADJ,24017
ubezpieczenie zdrowotne,VERB,15447
ubierać kostium,PRON,13878
ubierać się,PRON,13877
ubiór,VERB,13366
ubogi,ADJ,16220
ubolewać,PRON,16477
ubrania,VERB,13366
ubranie ochronne,VERB,12411
ubranie zimowe,VERB,17199
ubóstwo,VERB,21306
uchatka,VERB,23655
ucho,VERB,13894
uchwyt,VERB,17487
uciążliwy,ADJ,24821
uczciwy,ADJ,23081
uczestniczyć,PRON,23917
uczestnik,PREP,23916
uczeń,PREP,17446
ucznie się,VERB,16735
uczucie,VERB,14164
uczyć się,PRON,15184
udawany,ADJ,15411
udawać,PRON,16247
uderzać,PRON,24423
uderzenia,VERB,24422
uderzenie,PRON,13439
uderzyć,VERB,13435
udział,VERB,23918
ujawniać,PRON,21079
ujeżdżalnia,VERB,24246
uklęknąć,PRON,15158
ukończony,ADJ,14178
ukończyć,PRON,14181
ukrywać,PRON,14710
ukryć,PRON,14710
ukulele,VERB,23979
ukwiał,VERB,23653
układ słoneczny,VERB,22836
układanka,VERB,16441
uległy,ADJ,14910
ulica,VERB,17441
ulotka,VERB,21340
ulubiony,ADJ,14158
umarły,PREP,21313
umiejscawiać,PRON,16440
umierać,PRON,13672
umowa,VERB,12354
umowa pisemna,VERB,24007
umowa ustna,VERB,24006
umysł,VERB,15471
umysłowy,ADJ,15456
umywalka,VERB,16992
umyć się,VERB,23705
unia,VERB,24324
unieważnić,PRON,13665
uniwersytet,VERB,17980
unosić,PRON,15207
unosić się na widzie,PRON,14200
uogólnienie,VERB,14430
upadać,PRON,13436
upadek,VERB,13440
upadku,VERB,24420
upaść,PRON,14142
upoważniać,PRON,24648
upoważnienie,VERB,24650
upoważniony,ADJ,24649
uprawiać,PRON,16459
uprawiać hazard,PRON,24453
uprzejmość,VERB,14456
uprzejmy,ADJ,15149
uprząż,VERB,24143
uprząż dla dzieci,VERB,24058
uprząż końska,VERB,24145
uprzęż spadochronowa,VERB,24205
upuszczać,PRON,24686
upław,VERB,24326
uran,VERB,24521
urlop,VERB,17995
urna,VERB,21281
uroczy,ADJ,15398
uroczystość,VERB,21290
urodziny,VERB,12842
urok,VERB,24053
urząd,VERB,15911
urządzenia peryferyjne komputera,VERB,23450
urządzenie cyfrowe,VERB,24638
urządzenie mechaniczne,VERB,15406
urządzenie pomagające stawiać kroki,VERB,24298
urządzenie wskazujące,VERB,23593
urzędnik,PREP,23041
urzędnik bankowy,PREP,13359
usa,VERB,24776
usprawiedliwiać,PRON,14123
usta,VERB,15666
ustawiać,PRON,16440
ustawiać ton,VERB,23928
ustawy,VERB,23134
usunąć,PRON,17498
ususzona roślina,VERB,24116
ususzone,ADJ,23852
ususzony kwiat,VERB,24116
usuwać,PRON,23468
usztywnienie,VERB,24279
usztywnienie nadgarstka,VERB,24340
usługa,VERB,23203
utopić,PRON,21349
utracić,PRON,15478
utrudzony,ADJ,23870
utrzymywać,PRON,15143
uwaga,VERB,12594
uważny,ADJ,13123
uzależnienie,VERB,24404
uzależnienie od narkotyków,VERB,24435
uzależniony od czegoś,PREP,24403
uzda,VERB,24038
uzdrawiać,PRON,24077
uzgodnione,ADJ,24808
uśmiechać się,PRON,17021
uśpiony,ADJ,12589
uświęcić,PRON,21084
użyczyć,PRON,15192
używać,PRON,17991
valhalla walhalla,VERB,22827
van,VERB,18000
w biegu,ADJ,24168
w celu,NOUN,14382
w czasie,NOUN,13892
w dół,NOUN,13869
w dół i do przodu,NOUN,13871
w dół i do tyłu,NOUN,13870
w ekstazie,ADJ,14119
w górę,PRON,16676
w górę i do przodu,NOUN,17987
w górę i do tyłu,NOUN,17986
w górę i w dół,NOUN,17984
w jakimś momencie,NOUN,12401
w każdym czasie,ADJ,12368
w kierunku,NOUN,17739
w miejscu przeznaczenia,ADJ,24017
w nawiązaniu do,NOUN,12324
w niedalekiej przyszłości,ADJ,17212
w odległości,NOUN,12602
w pobliżu,NOUN,12580
w pojeździe,ADJ,23401
w poprzek,NOUN,12333
w porozumieniu,ADJ,24808
w przeciwieństwie do,NOUN,12351
w przeszłości,ADJ,12670
w przyszłości,VERB,14417
w przyszłym roku,VERB,15716
w przyszłym tygodniu,VERB,15715
w samochodzie,ADJ,23401
w stosunku do,NOUN,12324
w tym roku,VERB,17722
w tym tygodniu,VERB,17721
w zamian za,NOUN,14381
w zeszłym miesiącu,VERB,24835
w zeszłym roku,VERB,15176
w zeszłym tygodniu,VERB,15175
w środku,NOUN,14932
w-f,VERB,23218
wachlarz,VERB,14149
wafel,VERB,22126
wafelek,VERB,22372
waga,VERB,16729
wagon,VERB,18010
wakacje,VERB,14884
walczyć,PRON,14175
waleczny,ADJ,23418
walentynki,VERB,17998
walizka,VERB,12618
walka,VERB,18036
walka byków,VERB,12921
walnąć,VERB,13435
waltornia,VERB,23876
waluta,VERB,23464
wanilia,VERB,22314
wanna,VERB,24809
warczeć,PRON,24139
wargi,VERB,15218
warkot,VERB,23884
warownia,VERB,24119
warstwa,VERB,16954
warsztat,VERB,24236
warsztat naprawczy,VERB,24237
warta,VERB,14650
wartość,VERB,13949
warzywa,VERB,23710
warzywa faszerowane,VERB,23505
warzywa nadziewane,VERB,23505
warzywniak,VERB,23101
warzywo,VERB,13124
warzywo  korzeniowe lub bulwa,VERB,18005
was,PREP,18298
wasze,PREP,18468
watykan,VERB,21037
waza,VERB,21282
wazektomia,VERB,18002
wałach,VERB,24130
wałek do ciasta,VERB,22592
ważne,ADJ,14930
ważyć,PRON,18220
wchodzić,PRON,13360
wciskać przycisk,PRON,17488
wciągarka,VERB,14881
wcześniaczy,VERB,16243
wcześnie,ADJ,13896
wcześniejszy,ADJ,24218
wczoraj,VERB,18295
wczoraj wieczorem,VERB,15174
weekend,VERB,18218
wejściówka,VERB,17729
wejść,PRON,13940
wek,VERB,22588
welon,VERB,21614
wentylator,VERB,24104
wenus,VERB,24522
weranda,VERB,12620
wewnątrz,NOUN,14932
wełna,VERB,18271
wgląd,VERB,21098
wgryzać się,PRON,12847
wiadomość,VERB,15712
wiadro,VERB,15953
wiadro wody,VERB,24331
wiadukt,VERB,12902
wiara,VERB,12660
wiara chrześcijańska,VERB,21302
wiara w boga,VERB,20561
wiata,VERB,24685
wiatr,VERB,18255
wiatromierz,VERB,23019
wiać,PRON,12862
wibrafon,VERB,23986
wichura,VERB,17271
widelec,VERB,14389
wideo,VERB,18011
wideo telefon,VERB,24781
widzieć,PRON,15908
widzieć różnice,PRON,13406
wieczny,ADJ,12368
wieczór,VERB,13950
wiedza,VERB,15162
wiedzieć,PRON,15161
wiedźma,PREP,23712
wiek,VERB,13144
wiek dojrzewania,VERB,12340
wieko,VERB,22583
wielbiciel,PREP,24083
wielbiący,ADJ,24082
wielbłąd,VERB,13110
wiele,VERB,14647
wielka brytania,VERB,17979
wielkanoc,VERB,13903
wielki,ADJ,12835
wielki piątek,VERB,14455
wielki post,VERB,24178
wielkolud,PREP,23522
wieloryb,VERB,18227
wielostrunowy instrument muzyczny,VERB,23905
wieprzowina,VERB,16223
wierność,VERB,14172
wiersz,VERB,16210
wierszyk dziecinny,VERB,23835
wierzyć,PRON,12661
wierzący,PREP,20565
wieszak,VERB,14891
wietrzyk,VERB,23824
wiewiórka,VERB,17245
wiewiórka ziemna,VERB,13170
wieś,VERB,18012
wieża,VERB,23240
wieża ciśnień,VERB,23247
wieża kontrolna,VERB,23045
wieża widokowa,VERB,23245
wieżowiec,VERB,23022
wigilia szabatu,VERB,14113
wiking,PREP,22828
wilgotne,ADJ,18226
wilgotność,VERB,23886
wilgotny,ADJ,23885
wilk,VERB,18268
wina,VERB,14652
winda,VERB,13924
windsurfing,VERB,21885
winny,ADJ,14653
wino,VERB,18258
wino musujące,VERB,22345
winogrono,VERB,14635
wiolonczela,VERB,23834
wiosna,VERB,17240
wiosło,VERB,22067
wiosło dwupiórowe,VERB,22068
wioślarstwo,VERB,22051
wirus,VERB,23711
wisznu,PREP,18016
witaj,OTHER,14702
witamy,OTHER,18223
wiza,VERB,24337
wizja,VERB,21300
wizyta,VERB,12406
wiązać,PRON,13381
więcej,ADJ,15654
większy niż,NOUN,16480
więzienie,VERB,16250
wiśnie,VERB,13159
wkrótce,ADJ,17212
wkręt,VERB,16739
wkładka antykoncepcyjna,VERB,13671
wkładka higieniczna,VERB,16719
wkładka wewnątrzmaciczna,VERB,14963
wniebowstąpienie,VERB,24013
wnioskować,PRON,17718
wnętrzności,VERB,12883
woda,VERB,18209
woda źródlana,VERB,22631
wodnik,VERB,22647
wodnisty,ADJ,18226
wodnosamolot,VERB,22104
wodomierz,VERB,23246
wodorost,VERB,23658
wodospad,VERB,22622
wodowstręt,VERB,16449
wodze,VERB,24729
województwo,VERB,16423
wojna,VERB,18036
wojownik,PREP,17204
wojsko,VERB,12579
wok,VERB,22582
wolno,ADJ,17014
wolność,VERB,14396
wolny,ADJ,14395
wolontariusz,PREP,18021
wolta,PRON,24338
worek,VERB,13403
wow,OTHER,18282
wołowina,VERB,12652
wprowadzić,PRON,23547
wpływ,VERB,24467
wracać,PRON,16500
wraz z,NOUN,12364
wrestling,VERB,18283
wreszcie koniec,ADJ,14178
wrona,VERB,12851
wrotkach,PRON,16684
wrotki,VERB,16685
wrzesień,VERB,16761
wrzeszczeć,PRON,18290
wrzeć,PRON,12872
wróżka,PREP,23494
wróżka - zębuszka,PREP,23686
wschodni,ADJ,13904
wschodnia,ADJ,13904
wschód,VERB,13902
wskazywać,PRON,16213
wskaźnik,VERB,23092
wskaźnik poziomu benzyny,VERB,23090
wskaźnik poziomu oleju,VERB,23162
wspaniale,ADJ,21345
wspaniałe doświadczenie,VERB,14640
wspaniały,ADJ,21343
wsparcie,VERB,12355
wsparcie finansowe,VERB,24113
wspierać,PRON,14705
wspinać się,PRON,13360
wspomagać,PRON,17469
wspólne,VERB,14973
wspólne dążenie do czegoś,VERB,14680
wspólne śpiewanie,VERB,24754
współczucie,VERB,13931
wstawić do środka,PRON,13940
wstecz,NOUN,12613
wstrzemięźliwość,VERB,12326
wstrzymywanie się,VERB,21308
wstyd,VERB,13928
wstydliwe,ADJ,13927
wstążka,VERB,16504
wstęga,VERB,12664
wszechmocny,ADJ,21329
wszechświat,VERB,24520
wszyscy,NOUN,12360
wszystkiego dobrego,OTHER,15487
wszystko,NOUN,12360
wszystko stracone,NOUN,12361
wszystkowiedzący,ADJ,21328
wtedy,NOUN,12352
wtorek,VERB,17790
wtyczka,VERB,16207
wujek,PREP,17967
wulkan,VERB,18020
wy,PREP,18298
wybaczać,PRON,14388
wybaczenie,VERB,21293
wybaczony,ADJ,21381
wybieg,VERB,24203
wybierać,PRON,13178
wyborca,PREP,24092
wyborcy,PREP,24093
wybrzeże,VERB,12640
wybuch,VERB,14132
wybuchać,PRON,14131
wybuchowy,ADJ,24101
wybór,VERB,13175
wychowawca,PREP,23675
wycieczka,VERB,15945
wycierać,PRON,18264
wycinek wiedzy,VERB,23669
wyciszony,ADJ,13386
wyciąg krzesełkowy,VERB,24050
wyczarować,PRON,23453
wyczerpany,ADJ,17735
wydaje się,PRON,16750
wydalanie,VERB,12884
wydarzenie,VERB,14114
wydarzenie chrześcijańskie,VERB,21100
wydarzenie religijne,VERB,21095
wydarzenie sportowe,VERB,21857
wydatki na przyjemności,VERB,24757
wydawać na przyjemności,PRON,24758
wydawać pieniądze,PRON,15979
wydawać się,PRON,16750
wydawać za dużo,PRON,24707
wydzierżawiać,PRON,24733
wydłużać,PRON,24291
wyeksportowany,ADJ,23492
wygląd,VERB,21078
wygodny,ADJ,23518
wygrać,PRON,18254
wyjałowić,PRON,21307
wyjaśniać,PRON,14130
wyjątkowy,ADJ,17223
wyjście,NOUN,15943
wyjść,PRON,14126
wyjść na brzeg,ADJ,23404
wykluczać,PRON,14121
wykonywać,PRON,23609
wykorzystywanie seksualne,VERB,16766
wykończyć,PRON,14181
wykrzyknik,VERB,8485
wykład,VERB,23564
wykładać,PRON,23565
wykładowca psychologii,PREP,21588
wykładzina dywanowa,VERB,16696
wykładzina podłogowa,VERB,14203
wymagać,PRON,21336
wymiana poglądów,VERB,13689
wymieniać,PRON,14118
wymieniać poglądy,PRON,13688
wymiotować,PRON,18022
wymioty,VERB,24288
wymuszony,ADJ,14383
wymyślać,PRON,14953
wymyślony,ADJ,15411
wymówka,VERB,14122
wynagrodzenie,VERB,18027
wynajdywać,PRON,14953
wynajem,VERB,24731
wynajmować komuś,PRON,24733
wynajmować kwaterę z posiłkiem,PRON,23033
wynajmować od kogoś,PRON,24732
wynik,VERB,13910
wynik rywalizacji,VERB,16737
wyniszczony,ADJ,23870
wypadek,VERB,12329
wypchany,ADJ,23501
wypełniać,PRON,14176
wypełniony,ADJ,23501
wypoczynek,VERB,16199
wypoczywać,PRON,16496
wypożyczyć,PRON,15192
wypryski,VERB,16180
wyprzedaż,VERB,23069
wypróżnianie,VERB,12884
wyraz,VERB,18272
wyrazić zgodę,PRON,12408
wyrażać żal,PRON,12404
wyrok,VERB,23127
wyrostek,PREP,17516
wyrzucać,PRON,13933
wysadzać,PRON,14131
wysadzony,ADJ,24100
wysiadać,PRON,23478
wysoka fala,VERB,22630
wysoki,ADJ,12835
wysoki przypływ,VERB,22628
wysoko,ADJ,14711
wysokościomierz,VERB,23018
wyspa,VERB,14958
wystarczy,ADJ,13939
wystawa,VERB,16970
wystąpić,PRON,14674
występować w obronie,PRON,23015
wysypka na ciele,VERB,24232
wysyłanie towaru,VERB,23489
wysyłać,PRON,16759
wysyłać fax,PRON,23498
wyszukiwać,PRON,16742
wysłać,PRON,16759
wytnij i wklej,PRON,23465
wytrwać,PRON,21319
wytrwałość,VERB,21318
wytrysk,VERB,13915
wytrzymać,PRON,21319
wytwarzanie,VERB,23583
wytwarzać,PRON,15410
wywar,VERB,17218
wywiad,VERB,21372
wywrotka,VERB,13890
wywóz,VERB,23489
wyzdrowieć,PRON,24148
wyznacznik czasownika,OTHER,8993
wyznacznik czasu przeszłego,OTHER,9004
wyznacznik czasu przeszłego niedokonanego,OTHER,9005
wyznacznik czasu przyszłego,OTHER,8999
wyznacznik czasu teraźniejszego,OTHER,24807
wyznacznik czasu teraźniejszego biernego,OTHER,24677
wyznacznik dopełniacza,OTHER,24673
wyznacznik drugiej osoby,OTHER,24678
wyznacznik formy biernej,OTHER,9003
wyznacznik formy nieokreślonej,OTHER,24671
wyznacznik formy określonej,OTHER,24667
wyznacznik imiesłowu przymiotnikowego przeszłego,OTHER,24675
wyznacznik imiesłowu przymiotnikowego przeszłego czynnego,OTHER,24674
wyznacznik liczby mnogiej,OTHER,9011
wyznacznik pierwszej osoby,OTHER,24669
wyznacznik przymiotnika,OTHER,8998
wyznacznik przymiotnika o niezakończonym wartościowaniu,OTHER,8997
wyznacznik przymiotnika o zakończonym wartościowaniu,OTHER,8996
wyznacznik przysłówka,OTHER,24665
wyznacznik rodzaju nieokreślonego,OTHER,24672
wyznacznik rodzaju żeńskiego,OTHER,24668
wyznacznik rzeczownika,OTHER,9009
wyznacznik rzeczownika w liczbie mnogiej,OTHER,9010
wyznacznik strony biernej czasu przeszłego,OTHER,9007
wyznacznik strony biernej czasu przeszłego trybu przypuszczającego,OTHER,9006
wyznacznik strony biernej czasu przyszłego,OTHER,9001
wyznacznik strony biernej czasu przyszłego trybu przypuszczającego,OTHER,9002
wyznacznik strony biernej przypuszczającej,OTHER,9008
wyznacznik strony czynnej,OTHER,8994
wyznacznik trybu przypuszczającego,OTHER,8995
wyznacznik trybu przypuszczającego czasu przyszłego niedokonanego,OTHER,9000
wyznacznik trybu rozkazującego,OTHER,24670
wyznacznik trzeciej osoby,OTHER,24679
wyznacznik znaków kombinowanych,OTHER,13382
wyznanie,VERB,16483
wyznać,PRON,21099
wyzwanie,VERB,24052
wyzwolenie,VERB,24179
wyzywać,PRON,23466
wyłączać,PRON,14121
wyścig,VERB,16451
wyścigi kolarskie,VERB,21824
wyścigi konne,VERB,22094
wyścigi motocykli z przyczepami,VERB,21828
wyścigi motocyklowe,VERB,21827
wyścigi motorówek,VERB,22052
wyścigi psich zaprzęgów,VERB,21877
wyścigi samochodowe,VERB,21829
wyścigi zaprzęgów,VERB,21875
wyśmiewać,PRON,17515
wyżywiać,PRON,14162
wzajemne,ADJ,24066
wzburzone morze,VERB,24737
wzgórze,VERB,14712
wziąć,PRON,17497
wzmacniacz,VERB,23804
wzmacniać,PRON,13666
wzrost cen,VERB,23171
wzwyż,NOUN,17983
wzywać,PRON,24823
wóz,VERB,13127
wózek,VERB,18028
wózek dziecięcy,VERB,12605
wózek inwalidzki,VERB,18233
wózek spacerowy,VERB,12605
wół,VERB,15951
wąchać,PRON,17019
wąski,ADJ,15693
wąsy,VERB,24102
wątpić,PRON,13868
wątpliwości,VERB,22911
wąż,VERB,16187
wąż morski,VERB,17190
wąż z mitgardu,VERB,22826
wędkarstwo,VERB,14191
wędkarz,PREP,23509
wędzidło,VERB,24025
węgorz,VERB,13909
węgry,VERB,24165
węzeł,VERB,24177
włosie smyczka,VERB,23818
włosy,VERB,14660
włosy na głowie,VERB,14661
włosy łonowe,VERB,16426
włożyć do środka,PRON,14934
włócznia,VERB,21854
włączać,PRON,24300
włącznik,VERB,17487
włącznik światła,VERB,23569
wścieklizna,VERB,16449
wściekły,ADJ,12377
z pomocą,NOUN,13100
z powrotem,NOUN,12613
z przodu,NOUN,12656
z tyłu,NOUN,12348
z wyjątkiem,NOUN,13094
z wysokości,VERB,22110
za,NOUN,12348
za dużo,ADJ,17754
zaangażowanie,VERB,23919
zabawa,VERB,14675
zabawa towarzyska,VERB,15973
zabawa w dużym gronie,VERB,21287
zabawka,VERB,17763
zabawka dźwiękowa,VERB,23596
zabawki do piaskownicy,VERB,23645
zabawki konstrukcyjne,VERB,23455
zabawki wodne,VERB,23708
zabawne,ADJ,14414
zabawy seksualne,VERB,24259
zabawy w piasku,VERB,23644
zabawy w wodzie,VERB,23707
zabezpieczenie finansowe,VERB,24489
zabierać,PRON,17448
zabić,PRON,15148
zabrać,PRON,17498
zaburzenia mowy,ADJ,17225
zaburzenia odżywiania,VERB,24439
zachmurzone,ADJ,13368
zachodni,ADJ,18225
zachodnie,ADJ,18225
zachowaj,PRON,23648
zachowanie,VERB,12659
zachowywać na przyszłość,PRON,15143
zachwycony,ADJ,14119
zachwyt,VERB,14120
zachód,VERB,18224
zachód słońca,VERB,17467
zacisk,VERB,12890
zadanie domowe,VERB,23533
zadawać pytania,PRON,21373
zadowolenie,VERB,16721
zadowolony,ADJ,14676
zadrapanie,VERB,24506
zadrapać,PRON,24507
zagadka,VERB,21297
zagadnienie,VERB,16253
zagajnik,VERB,14648
zaginać,PRON,14375
zaginięcie,VERB,21080
zagorzały,ADJ,24105
zagraniczny,ADJ,24118
zagroda,VERB,13934
zagrożony,ADJ,24094
zainfekować,PRON,24468
zając,VERB,16448
zajęcia w szkole,VERB,23567
zakaźna,ADJ,24471
zakażenie,VERB,24470
zakażenie bakteryjne,VERB,24410
zakażenie wirusowe,VERB,24523
zakażony,ADJ,24469
zakluczyć,PRON,15227
zakochany,ADJ,24815
zakopać,PRON,20581
zakotwiczyć,PRON,24644
zakończony,ADJ,14178
zakratowane okno,VERB,18257
zakręt,VERB,13627
zakupić,PRON,13099
zakład,VERB,24413
zakład pracy chronionej,VERB,23205
zakład produkcyjny,VERB,14140
zakładać,PRON,14375
zakładać się,PRON,24414
zakłopotanie,VERB,13928
zakłopotany,ADJ,13926
zalecać,PRON,12346
zalecenie,VERB,12345
zależność,VERB,24429
zależny,ADJ,24637
zamarzać,PRON,14397
zamarznięty,ADJ,13375
zamek,VERB,23437
zamek błyskawiczny,VERB,14155
zamglenie,VERB,14374
zamieniać,PRON,23453
zamiennik,VERB,24653
zamieć,VERB,17198
zamknąć,PRON,13364
zamrażarka,VERB,23514
zamrażać,PRON,14397
zamrożone,ADJ,14925
zamrożone jedzenie,VERB,14404
zamykać,PRON,13364
zaniechanie,PRON,23700
zanieczyszczenie,VERB,16218
zanieczyszczone,ADJ,13683
zaniepokojenie,VERB,22912
zapach,VERB,15997
zapalne,ADJ,14195
zapamiętały,ADJ,24105
zaparcie,VERB,24070
zapasy,VERB,20594
zapał,VERB,24804
zapałka,VERB,15430
zapewniać,PRON,14440
zapełniony,ADJ,14413
zapisz,PRON,23648
zapisz jako,PRON,23649
zapiąć pasy,PRON,24144
zapięcie przy ubraniu,VERB,14155
zaplecze finansowe,VERB,24489
zapominać,PRON,14387
zapomnieć,PRON,14387
zaprezentować,PRON,23547
zaprzeczenie,NOUN,15733
zaprzysięgły,ADJ,24105
zaprząc konia,PRON,24146
zaprzęg,VERB,20601
zapytanie,VERB,16445
zapytać,PRON,12588
zapłata,VERB,18027
zapłodnienie,VERB,13395
zapłodniony,ADJ,24110
zarabiać,PRON,13898
zaraza,VERB,24470
zarazić,PRON,24468
zaraźliwa,ADJ,24471
zarażony,ADJ,24469
zarodek,VERB,13929
zarost,VERB,24102
zarzucić,PRON,23003
zarzut,VERB,23001
zarzut w sądzie,VERB,23002
zarząd,VERB,24611
zaręczony,ADJ,13937
zasady,VERB,16697
zaskakiwać,PRON,17470
zaskoczony,ADJ,23962
zastrzyk,VERB,14941
zastój,VERB,23828
zastępca,VERB,24759
zastępcza matka,PREP,14391
zastępczy rodzic,PREP,14392
zastępować,PRON,14118
zasypiać,PRON,17009
zasłać łóżko,PRON,23575
zasłony,VERB,13626
zasługiwać,PRON,13898
zataczać koło,PRON,24338
zatoczka,VERB,22625
zatoczka autobusowa,VERB,13090
zatoka autobusowa,VERB,24041
zatroskany,ADJ,12398
zatrudnienie,VERB,18273
zatrzask,VERB,13098
zatwierdzić,PRON,12408
zaufanie,VERB,17785
zaufać,PRON,17784
zauważyć,PRON,15908
zawartość,VERB,14457
zawierać,PRON,14882
zawieszenie broni,VERB,24424
zawieść,PRON,24444
zawody strzeleckie,VERB,21797
zawrót głowy,ADJ,24642
zawsze,ADJ,14115
zawód,VERB,21360
zawładnąć,PRON,23200
zazdrosny,ADJ,13941
zaziębienie,VERB,24065
zaznacz wszystko,PRON,23659
zazwyczaj,ADJ,17992
zaćmienie księżyca,VERB,24690
zaćmienie słońca,VERB,24755
załadować na,PRON,23487
załoga,PREP,17246
założyć uprząż,PRON,24144
załącznik,VERB,23409
zaślepiony,ADJ,24105
zażenowanie,VERB,13928
zbawienie,VERB,24253
zbierać,PRON,24709
zbierać się,PRON,14426
zbiornik,VERB,13115
zbity,ADJ,14679
zbity proszek,VERB,22362
zbliżenie,VERB,12407
zboże,VERB,14625
zbroja,VERB,21622
zbrylony,ADJ,22363
zbyt wiele,ADJ,17754
zdanie,VERB,16760
zdarzenie,VERB,14114
zdarzenie losowe,VERB,12329
zdarzyć,PRON,14674
zdenerwowanie,VERB,23869
zdenerwowany,ADJ,17985
zderzenie,PRON,13439
zderzyć,VERB,13435
zdetonowany,ADJ,24100
zdjęcie,VERB,16169
zdobywać,PRON,14435
zdolność,VERB,12322
zdolny,PRON,13114
zdolny do rozmnażania,ADJ,14168
zdrowie,VERB,14690
zdrowieć,PRON,24148
zdrowy,ADJ,14691
zdziałać,PRON,24401
zebra,VERB,18474
zegar,VERB,13363
zegarek,VERB,13363
zegarek na rękę,VERB,18044
zejście na ląd,ADJ,23404
zejść na dół,PRON,13660
zejść na ląd,PRON,23523
zero,NOUN,8496
zespołowa,VERB,24305
zespół,PREP,12624
zespół drużyna,VERB,20605
zespół muzyczny,PREP,15680
zestresowany,ADJ,23957
zeszyt ćwiczeń,VERB,18276
zewnętrzny dysk twardy,VERB,24654
zezwalać,PRON,15196
zezwolenie na parkowanie,VERB,23914
zgadzać się,PRON,12353
zgarniać,PRON,14426
zgiąć,PRON,24412
zgniatać,PRON,13616
zgoda,VERB,14680
zgromadzenie,VERB,14427
zgromadzenie religijne,VERB,21288
zgrzebło,VERB,24158
zgubić coś,PRON,15394
ziarno,VERB,14625
zielona cebulka,VERB,14644
zielony,NOUN,14641
ziemia,VERB,13900
ziemniak,VERB,16230
ziewać,PRON,18288
zima,VERB,18261
zimne,ADJ,13376
zimny,ADJ,13375
zimozielone,VERB,14116
zioła,VERB,22321
zioło,VERB,22322
zjazd,VERB,17011
zjeżdżanie na linie z góry,VERB,22110
zlew,VERB,16992
zlewozmywak,VERB,24511
zmarli,PREP,21314
zmarszczyć,PRON,14375
zmartwienie,VERB,12397
zmartwiony,ADJ,12398
zmartwychwstanie,VERB,21316
zmartwychwstanie jezusa,VERB,24242
zmarły,ADJ,13642
zmiana,VERB,13151
zmieniać,PRON,13152
zmieniać pozycję,PRON,24701
zmniejszać,PRON,13651
zmoczone,ADJ,18226
zmontować,PRON,14673
zmrożone,ADJ,14925
zmuszać,PRON,15685
zmuszony,ADJ,14383
zmywalny,ADJ,18039
zmywarka,VERB,18041
zmęczony,ADJ,17735
znaczek,VERB,17248
znaczenie,VERB,15441
znaczyć,PRON,15440
znaczące,ADJ,14930
znajomy,PREP,14401
znak,VERB,17236
znak drogowy,VERB,24735
znak krzyża,VERB,24265
znak migowy,VERB,16978
znak nawigacyjny,VERB,24704
znak zapytania,NOUN,8483
znaleźć,PRON,14179
zniechęcające,ADJ,14409
zniechęcenie,VERB,14410
zniechęcony,ADJ,14408
znikać,PRON,21081
zniknięcie,VERB,21080
zniszczyć,PRON,13665
zniżka,VERB,23068
znowu,NOUN,12350
zobaczymy się ponownie,OTHER,16748
zobaczyć,PRON,17973
zobaczyć się z kimś,PRON,15449
zoo,VERB,18475
zoolog,PREP,21566
zoologia,VERB,21549
zorganizować,PRON,15935
zostaw,PRON,14449
zostać,PRON,17254
zranienie,VERB,17213
zranić,PRON,14942
zraszać,PRON,23953
zrozumiały,ADJ,14961
zrozumieć,PRON,17973
zstąpić,PRON,13660
zszywać,PRON,16763
zubożyć,PRON,21307
zupa,VERB,17218
zwielokrotniać,PRON,15674
zwierzyna płowa,VERB,12381
zwierzątko ulubione,VERB,16168
zwierzę,VERB,12378
zwierzę chronione,VERB,12385
zwierzę domowe,VERB,12382
zwierzę dzikie,VERB,12390
zwierzę kotowate,VERB,12383
zwierzę pluszowe,VERB,17764
zwierzę pod ochroną,VERB,12385
zwierzę wodne,VERB,12389
zwierzę wodno-lądowe,VERB,12371
zwijać,PRON,14375
związek,VERB,13380
związywać,PRON,14154
zwiększać się,PRON,24723
zwiększyć ilość,PRON,12338
zwolennik,PREP,23012
zwykle,ADJ,17992
zwój,VERB,17230
zwłoki,VERB,21315
zyskać,PRON,12338
zziajany,ADJ,23870
zębowa wróżka,PREP,23686
zęby,VERB,17517
złamany,ADJ,12907
złapać,PRON,23200
złe,ADJ,14929
złe samopoczucie,VERB,13659
złodziej,PREP,23638
złota rybka,VERB,14452
złotnik,PREP,24456
złoto,VERB,23100
zły,ADJ,12377
złączać,PRON,13381
złącze,VERB,24628
złączenie,VERB,13380
ćma,VERB,13096
ćwiczenie,PRON,16235
ćwiczyć,PRON,14124
ćwierkać,PRON,24060
łabędź,VERB,17473
ładny,ADJ,12645
ładunek,VERB,15966
łamać,PRON,12896
łamliwe,ADJ,12897
łapa,VERB,15978
łaska,VERB,21040
łatwe,ADJ,13905
łatwopalne,ADJ,14195
łatwy,ADJ,13905
ława,VERB,12665
ławica ryb,VERB,23206
ławka,VERB,12665
łazienka,VERB,12637
łańcuch,VERB,21849
łaźnia parowa,VERB,17257
łechtaczka,VERB,13362
łodyga,VERB,17259
łokieć,VERB,13916
łopata,VERB,16966
łosoś,VERB,23195
łowienie,VERB,14191
łowić,PRON,13131
łoś,VERB,15652
łożysko,VERB,24213
łucznictwo,VERB,21856
łuk,VERB,13627
łuk i strzała,VERB,21855
łupina,VERB,22837
łyżeczka,VERB,17233
łyżka,VERB,17233
łyżka stołowa,VERB,22570
łyżwiarstwo,VERB,21860
łyżwiarstwo figurowe,VERB,21862
łyżwiarstwo szybkie,VERB,21861
łyżwy,VERB,14924
łódka rzeczna,VERB,22072
łódź,VERB,12869
łódź mieszkalna,VERB,22089
łódź pilot,VERB,22079
łódź ratunkowa,VERB,22078
łódź wiosłowa,VERB,22076
łódź żaglowa,VERB,20520
łóżko,VERB,12649
łączyć,PRON,13381
ściana,VERB,14167
ściana wspinaczkowa,VERB,22111
ściek,VERB,23103
ścierać,PRON,18264
ściereczka czyszcząca,VERB,22398
ścieżka rowerowa,VERB,24022
ściskać,PRON,13616
śiwa,PREP,16958
ślad uderzenia,VERB,24420
śledź,VERB,23530
ślepy,ADJ,12856
śliczny,ADJ,12645
ślimak,VERB,17188
ślina,VERB,16710
śliniaczek,VERB,12833
śliwka,VERB,16208
ślizg,VERB,17011
ślub,VERB,15425
ślub kościelny,VERB,20576
śmiać się,PRON,15178
śmiech,VERB,24824
śmieci,VERB,18043
śmierdzieć,PRON,17020
śmiertelne,ADJ,15657
śmierć,VERB,13645
śmietanka,VERB,13605
śmietnik,VERB,14421
śniadanie,VERB,12898
śnieg,VERB,17192
śnieżka,VERB,17194
śnieżna kula,VERB,17194
śnieży,PRON,17193
śnieżyca,VERB,17198
śnieżynka,VERB,17195
śnić,PRON,13875
śpieszyć się,PRON,24167
śpiewający ptak,VERB,17211
śpiewać,PRON,16990
śpiewnik,VERB,21073
śpiwór,VERB,17010
śpiący,ADJ,12589
środa,VERB,18216
środek,VERB,15464
środek antykoncepcyjny,VERB,12631
środek plemnikobójczy,VERB,17227
śruba,VERB,16739
śrubokręt,VERB,16740
świadczenie dla niepełnosprawnych,VERB,24430
świadectwo,VERB,23236
świadectwo winy,VERB,23079
świadek,PREP,23251
świadomość duchowa,VERB,24278
świat,VERB,18278
światło,VERB,15208
światło elektryczne,VERB,13919
światłomierz,VERB,23142
świeca,VERB,13117
świecić,PRON,16956
świerzb,VERB,24254
świetlica,VERB,23008
świetlica dla dzieci,VERB,23009
świetlica po szkole,VERB,23010
świetlica szkolna,VERB,23010
świeży,ADJ,14399
świnia,VERB,16175
świstak,VERB,14460
świt,VERB,17466
świątynia,VERB,13345
święta rodzina,PREP,21089
święta trójca,VERB,23115
święte,ADJ,21083
święte miasto,VERB,21088
święte wydarzenie,VERB,21101
święto,VERB,14884
święto rodziny,VERB,24103
święto trzech króli,VERB,24095
święto wniebowstąpienia pańskiego,VERB,24014
świętość,VERB,21082
świętość życia,VERB,21087
święty,ADJ,21041
święty józef,PREP,21047
święty mikołaj,PREP,23647
źle,ADJ,12615
źrebak,VERB,24448
źrebię,VERB,24448
żaba,VERB,14402
żaden,NOUN,15706
żagiel,VERB,16706
żaglowiec,VERB,22073
żaglówka,VERB,16707
żal,VERB,16703
żar,VERB,24135
żartować,PRON,14974
żarzyć,PRON,24136
żałować,PRON,16477
żałować straty,PRON,21296
że,NOUN,24309
że-,NOUN,18238
żeglarstwo,VERB,22049
żeglarz,PREP,16708
żegnaj,OTHER,14454
żel,VERB,16947
żelazko,VERB,14955
żelazo,VERB,23122
żenujące,ADJ,13927
żeński,ADJ,14165
żona,PREP,18251
żona odyna,PREP,22651
żołnierz,PREP,17204
żołnierze rezerwy wojskowej,VERB,15467
żołądek,VERB,17265
żubr,VERB,12917
żuk,VERB,12655
żuraw,VERB,13434
żurawina,VERB,13433
żuć,PRON,13163
życie,VERB,15206
życie wieczne,VERB,13945
życzenie,VERB,24833
żyd,PREP,21032
żydowski,ADJ,14972
żyrafa,VERB,14438
żyto,VERB,24738
żywić,PRON,14162
żywność,VERB,14377
żyć,PRON,15222
żółta karteczka,VERB,24693
żółty,NOUN,18291
żółw,VERB,17959
