lemma,pos,bci_av_id
'condizionale'del verbo,PRON,24261
'futuro' del verbo,PRON,24261
a bordo,ADJ,23401
a dopo,OTHER,16748
a meno che,NOUN,17981
a noi,PREP,18212
a pois,ADJ,24087
a strisce,ADJ,24293
a terra,ADJ,23404
abbaiare,PRON,24020
abbassare,PRON,24688
abbastanza,ADJ,13939
abbia,VERB,14685
abbiamo,VERB,14685
abbigliarsi,PRON,13878
abbracciare,PRON,14909
abietto,ADJ,15439
abilità,VERB,12322
abitazione provvisoria,VERB,23209
abito,VERB,13876
abito sacerdotale,VERB,21370
aborto,VERB,12323
aborto spontaneo,VERB,15477
abramo,PREP,21066
abusare,VERB,12327
abuso sessuale,VERB,16766
abuso sui bambini,VERB,13167
acaro,VERB,15480
accadere,PRON,14674
accarezzare,PRON,17443
accendere,PRON,24300
acceso,ADJ,12924
accessori,VERB,12328
acchiappare,PRON,13131
acciaio,VERB,17258
accogliere,VERB,21367
accordo,VERB,12354
accumulare,VERB,25033
accuratezza,VERB,21341
aceto,VERB,18013
acne,VERB,12332
acqua,VERB,18209
acqua alta,VERB,22630
acquario,VERB,22647
acre,ADJ,16944
acro,VERB,14173
acrobata,PREP,24001
adamo,PREP,21063
adar,VERB,12337
addizione,VERB,12339
addormenato,ADJ,12589
addormentarsi,PRON,23495
adempiere,PRON,15907
adirato,ADJ,12377
adolescente,PREP,17516
adolescenza,VERB,12340
adulto,PREP,12341
aegir,PREP,22821
aereo militare,VERB,15466
aeroplano,VERB,12357
aeroporto,VERB,12358
aeroscivolante,VERB,22085
aesir,PREP,22649
affermazione,VERB,23221
afferrare,PRON,17498
affettare,PRON,22382
affetto,VERB,15399
affilato,ADJ,16943
affittare,VERB,24731
affogare,PRON,21349
affrettarsi,VERB,24166
afghanistan,VERB,25008
agenda,VERB,16733
agghindarsi,PRON,13878
aggiungere,PRON,12338
aggiustare,PRON,14192
agire in favore di,PRON,23005
aglio,VERB,14423
agnello,VERB,24475
ago ipodermico,VERB,15704
ago per cucire,VERB,15703
agopuntorista,PREP,21605
agosto,VERB,12595
aiuta,VERB,14705
aiutando,VERB,14705
aiutano,VERB,14705
aiutante,PREP,14706
aiutare,PRON,14705
aiutata,VERB,14705
aiutate,VERB,14705
aiutati,VERB,14705
aiutato,VERB,14705
aiutava,VERB,14705
aiutavamo,VERB,14705
aiutavano,VERB,14705
aiutavate,VERB,14705
aiutavi,VERB,14705
aiutavo,VERB,14705
aiuterai,VERB,14705
aiuteranno,VERB,14705
aiuteremo,VERB,14705
aiuterete,VERB,14705
aiuterà,VERB,14705
aiuterò,VERB,14705
aiuti,VERB,14705
aiutiamo,VERB,14705
aiuto,VERB,14704
al sangue,ADJ,16464
ala,VERB,18259
albero,VERB,17775
albero della palma,VERB,15960
albero di natale,VERB,21371
albicocca,VERB,12409
albicocca essiccata,VERB,24012
alce,VERB,15652
alcuni,ADJ,17207
alfabeto,VERB,12366
alfabeto manuale,PRON,23507
alga marina,VERB,23658
aliante,VERB,22103
all'erta,ADJ,18046
all'indietro,NOUN,12613
all'insù e all'indietro,NOUN,17986
allarme,VERB,25253
allegare un documento,PRON,23407
allegato,VERB,23410
allenarsi,PRON,14124
allergia,VERB,24407
alloggio,VERB,24876
allontanarsi,NOUN,12602
allora,NOUN,12352
alpana,VERB,12365
alpinismo,VERB,22109
alta marea,VERB,22628
altalena,VERB,16751
altare,VERB,21368
altezza,VERB,24909
altimetro,VERB,23018
alto,ADJ,14711
altoparlanti,VERB,23898
altro,PREP,15938
ama,VERB,15400
amabile,ADJ,15398
amaca,VERB,24662
amando,VERB,15400
amano,VERB,15400
amare,PRON,15400
amaro,ADJ,12848
amata,VERB,15400
amate,VERB,15400
amati,VERB,15400
amato,PREP,17481
amava,VERB,15400
amavamo,VERB,15400
amavano,VERB,15400
amavate,VERB,15400
amavi,VERB,15400
amavo,VERB,15400
ambiente,VERB,13942
ambulanza,VERB,12369
amburger di pesce,VERB,22120
amen,OTHER,21312
amenorrea,VERB,12370
amerai,VERB,15400
ameranno,VERB,15400
ameremo,VERB,15400
amerete,VERB,15400
america del nord,VERB,22607
amerà,VERB,15400
amerò,VERB,15400
ami,VERB,15400
amiamo,VERB,15400
amica,PREP,14401
amico,PREP,14401
ammaccatura,VERB,24420
amo,VERB,15400
amore,VERB,15399
amore cristiano,VERB,21304
amperometro,VERB,25258
ampio,ADJ,18250
ampliare,PRON,14936
ampolla,VERB,21365
ananas,VERB,16182
anatra,VERB,12840
ancòra,NOUN,12350
andando,VERB,12343
andare,PRON,12343
andare a cavallo,PRON,21835
andare con l'aereo,PRON,21834
andare con l'automobile,PRON,21833
andare in alto,PRON,16676
andare in bagno,PRON,15668
andare in bicicletta,PRON,21832
andare in canoa,VERB,22050
andare in pezzi,PRON,17016
andare su veicoli,PRON,16509
andare sui pattini a rotelle,PRON,16684
andata,VERB,12343
andate,VERB,12343
andati,VERB,12343
andato,VERB,12343
andava,VERB,12343
andavamo,VERB,12343
andavano,VERB,12343
andavate,VERB,12343
andavi,VERB,12343
andavo,VERB,12343
andiamo,VERB,12343
andrai,VERB,12343
andranno,VERB,12343
andremo,VERB,12343
andrete,VERB,12343
andrà,VERB,12343
andrò,VERB,12343
anello,VERB,16675
anemometro,VERB,23019
anemone marino,VERB,23653
anfibio,VERB,12371
angelo,PREP,12375
angolo,VERB,12376
angolo retto,VERB,16674
anguilla,VERB,13909
anima,VERB,21045
animale,VERB,12378
animale domestico,VERB,12382
animale selvatico,VERB,12390
animaletto,VERB,17764
animali protetti,VERB,12385
annaffiare le piante,PRON,24330
annaffiatoio,VERB,24331
annegare,PRON,21348
annegato,VERB,24854
anniversario,VERB,12392
anno,VERB,18289
anno prossimo,VERB,15716
anno solare,VERB,22634
annunciare,PRON,21337
annuncio,VERB,21338
ano,VERB,12396
ansietà,VERB,12397
ansioso,ADJ,12398
antartide,VERB,22603
antenna trasmittente,VERB,22059
antico,ADJ,15915
antipasto,VERB,22118
antisettico,VERB,25047
antropologia,VERB,21548
anziano,ADJ,15916
ape,VERB,12651
aperta,VERB,15922
aperte,VERB,15922
aperti,VERB,15922
aperto,ADJ,15921
apertura,VERB,15923
apostolo,PREP,21059
apparecchiare,PRON,23563
apparecchio acustico,VERB,14693
apparecchio fax,VERB,23499
apparire,PRON,16750
apparizione,VERB,21078
appartamento,VERB,12403
appartiene a,OTHER,12663
appendere,PRON,14673
appendino,VERB,14891
applaudire,PRON,25012
applauso,VERB,25013
approvare,PRON,12408
approvazione,VERB,24926
appuntamento,VERB,12406
apre,VERB,15922
aprendo,VERB,15922
apri,VERB,15922
apri bottiglie,VERB,22395
apriamo,VERB,15922
apribottiglie,VERB,22394
aprile,VERB,12410
aprirai,VERB,15922
apriranno,VERB,15922
aprire,PRON,15922
apriremo,VERB,15922
aprirete,VERB,15922
aprirà,VERB,15922
aprirò,VERB,15922
apriscatole,VERB,22394
aprite,VERB,15922
apriva,VERB,15922
aprivamo,VERB,15922
aprivano,VERB,15922
aprivate,VERB,15922
aprivi,VERB,15922
aprivo,VERB,15922
apro,VERB,15922
aprono,VERB,15922
aquilone,VERB,15155
arancio,VERB,15933
arancione,NOUN,15931
aratro,VERB,16206
archeologia,VERB,21554
archeologo,PREP,21570
archetto,VERB,23818
architetto,PREP,12412
arco,VERB,24037
arco e freccia,VERB,21855
arcobaleno,VERB,23933
area,VERB,23024
argento,VERB,23213
argomentare in difesa di qualcuno,PRON,23061
aria,VERB,12356
ariete,VERB,22638
aritmetica,VERB,15432
arma,VERB,25213
armadietto,VERB,13622
armatura,VERB,21622
armonia,VERB,14680
aroma terapista,PREP,21603
aromi,VERB,14198
arpa,VERB,23881
arrabbiato,ADJ,12377
arrampicarsi,PRON,13360
arrestare,PRON,23025
arricciatura,VERB,21879
arrivederci,OTHER,14454
arrivo,VERB,13935
arrossire,PRON,24029
arte,VERB,12581
arti marziali,VERB,21838
articolazione,VERB,14973
artiglio,VERB,13354
asagud,PREP,22649
ascensore,VERB,13924
asciuga piatti,VERB,24431
asciugabiancheria,VERB,24320
asciugamano,VERB,17762
asciugare,PRON,13888
asciutto,ADJ,13887
asilo,VERB,13640
asina,VERB,13865
asino,VERB,13865
asparagi,VERB,24015
aspetta,VERB,18030
aspettando,VERB,18030
aspettano,VERB,18030
aspettare,PRON,18030
aspettarsi di,PRON,14127
aspettata,VERB,18030
aspettate,VERB,18030
aspettati,VERB,18030
aspettativa,VERB,14128
aspettato,VERB,18030
aspettava,VERB,18030
aspettavamo,VERB,18030
aspettavano,VERB,18030
aspettavate,VERB,18030
aspettavi,VERB,18030
aspettavo,VERB,18030
aspetterai,VERB,18030
aspetteranno,VERB,18030
aspetteremo,VERB,18030
aspetterete,VERB,18030
aspetterà,VERB,18030
aspetterò,VERB,18030
aspetti,VERB,18030
aspettiamo,VERB,18030
aspetto,VERB,18030
aspetto simile,OTHER,16985
aspira polvere,VERB,22391
assaggiare,PRON,17507
asse da stiro,VERB,14957
assemblea,VERB,15450
assicurazione medica,VERB,15447
assistente,PREP,13359
assistenza,VERB,14704
assorbenti igienici,VERB,16719
astensione,VERB,21308
astinenza,VERB,12326
astrologia,VERB,22636
astrologo,PREP,22901
astronauta,PREP,12590
astronomia,VERB,21542
astronomo,PREP,21560
ateismo,VERB,21301
atletica,VERB,21628
atmosfera,VERB,12356
atomo,VERB,12592
atrio,VERB,23105
attento,ADJ,13123
attenzione,VERB,12594
atterrare,PRON,25108
atterrare con l'aeroplano,VERB,15171
attico,VERB,23026
attività,VERB,12335
attivo,ADJ,12336
attraente,ADJ,12645
attraversare,PRON,13614
attraverso,NOUN,17724
attrezzatura,VERB,12355
attuale,ADJ,13624
audiologo,PREP,21593
auguri,OTHER,15487
aula,VERB,13353
aula di geografia,VERB,23094
aula di scienze,VERB,23167
aula lettura,VERB,23187
aula per le lezioni di storia,VERB,23112
aula per lezioni di linguaggio,VERB,23131
aumentare,PRON,14936
autista di autobus,PREP,13091
auto,VERB,13121
autocarro,VERB,17781
autocontrollo,VERB,16754
automobile,VERB,13121
automobilismo,VERB,21794
autopompa,VERB,14186
autunno,VERB,12597
av,VERB,12599
avanti,NOUN,14390
avanti ed indietro,NOUN,12610
avanzare,PRON,12343
avanzare rotolando,PRON,23640
avena,VERB,24705
avendo,VERB,14685
avere,PRON,14685
avere bisogno,PRON,15702
avere bisogno di,PRON,15702
avere freddo,PRON,23444
avere il raffreddore,VERB,24065
avere in avversione,VERB,13691
avere paura,ADJ,12347
avere paura di,ADJ,12347
avere rancore,PRON,16490
avere sonno,ADJ,25373
avete,VERB,14685
aveva,VERB,14685
avevamo,VERB,14685
avevano,VERB,14685
avevate,VERB,14685
avevi,VERB,14685
avevo,VERB,14685
aviatore,VERB,21340
aviazione,PREP,25250
avo,PREP,21327
avocado,VERB,12600
avrai,VERB,14685
avranno,VERB,14685
avremo,VERB,14685
avrete,VERB,14685
avrà,VERB,14685
avrò,VERB,14685
avuto,VERB,14685
avvenimento,VERB,14114
avvento,VERB,24004
avventuroso,ADJ,25007
avvertire,PRON,25210
avvicinarsi,VERB,12407
avvisatore acustico,VERB,24616
avvocato,PREP,23135
avvoltoio,VERB,18024
azione,VERB,12334
azione in favore di,VERB,23007
babbo natale,PREP,23647
baby sitter,PREP,12608
bacchetta,VERB,18034
baciare,PRON,15153
bacio,VERB,15152
bagagliaio,VERB,24613
bagaglio,VERB,12618
bagnato,ADJ,18226
bagno di vapore,VERB,17257
bagno nei palloni,VERB,23413
bahpuh,OTHER,17963
baita,VERB,13102
balcone,VERB,12620
balder,PREP,22817
ballare,PRON,13631
balletto,VERB,23414
bambino,PREP,13166
bambola,VERB,13862
banana,VERB,12623
banca,VERB,12626
banco,VERB,13663
bancomat,VERB,23405
banconota,VERB,23604
bandiera,VERB,14193
bar,VERB,12627
bar mitzvah,VERB,21112
bara,VERB,21116
barattolo,VERB,22589
barattolo per conservare,VERB,22588
barba,VERB,12644
barbabietola,VERB,12654
barbiere,PREP,12628
barca a remi,VERB,22076
barca a vela,VERB,16707
barretta al cioccolato,VERB,22373
barretta da sgranocchiare,VERB,22372
barretta di gelato,VERB,22370
barriere contraccettive,VERB,12631
base,VERB,12633
bassa marea,VERB,22627
basso,ADJ,15401
basso ventre,VERB,13615
bastoncini di pesce,VERB,23508
bastoncini per tamburo,VERB,23856
bastone,VERB,17263
bastone da passeggio,VERB,13119
bat mitzvah,VERB,21111
battello,VERB,22072
battere le mani,PRON,25012
batteria,VERB,12638
battesimo,VERB,21103
battezzare,VERB,21103
bavaglino,VERB,12833
belgio,VERB,22609
bello,ADJ,12645
benda,VERB,12625
bene,ADJ,14463
benedire,PRON,25268
benedizione,PRON,25268
beni,VERB,14457
benvenuto,OTHER,18223
benzina,VERB,14425
bere,PRON,13882
berrai,VERB,13882
berranno,VERB,13882
berremo,VERB,13882
berrete,VERB,13882
berretto,VERB,21623
berrà,VERB,13882
berrò,VERB,13882
bevanda,VERB,13881
bevanda alcolica,VERB,12359
beve,VERB,13882
bevendo,VERB,13882
bevete,VERB,13882
beveva,VERB,13882
bevevamo,VERB,13882
bevevano,VERB,13882
bevevate,VERB,13882
bevevi,VERB,13882
bevevo,VERB,13882
bevi,VERB,13882
beviamo,VERB,13882
bevo,VERB,13882
bevono,VERB,13882
bevuta,VERB,13882
bevute,VERB,13882
bevuti,VERB,13882
bevuto,VERB,13882
biancheria,VERB,23144
biancheria intima,VERB,17974
bianco,NOUN,18242
bibbia,VERB,21069
biberon,VERB,24409
bibita dolce,VERB,22344
bibita fresca,VERB,17202
biblioteca,VERB,15201
bicchiere,VERB,14442
bicchiere per il vino,VERB,21363
bicicletta,VERB,12834
bicicletta a tre ruote,VERB,21814
bicicletta da riposo,VERB,21815
bicicletta per utilizzatori di sedia a rotelle,VERB,21819
bielorussia,VERB,25020
biglietto,VERB,17729
biglietto di parcheggio,VERB,23915
biglietto di san valentino,VERB,17997
bilance,VERB,16729
bilancia,VERB,22643
biliardo,VERB,22099
binari,VERB,23628
binario unico,VERB,24267
bindi,VERB,12836
binocolo,VERB,24416
biochimica,VERB,21545
biochimico,PREP,21563
biologia,VERB,21546
biologo,PREP,21564
birichino,ADJ,15694
birra,VERB,12653
biscotti,VERB,13409
bisogno,VERB,15701
bistecca,VERB,25176
bisticciare,PRON,12413
blocchi per costruzioni,VERB,23455
blocco di case,VERB,23815
blu,NOUN,12864
bocca,VERB,15666
bocce,VERB,22835
bolla,VERB,12916
bollire,PRON,12871
bollire acqua,PRON,12872
bomba,VERB,24036
bontà,VERB,14456
bordo,VERB,13907
borseggiare,PRON,23667
borsetta,VERB,14668
bosco,VERB,14648
botanica,VERB,21547
botanico,PREP,21565
bottiglia,VERB,12880
bottone,VERB,13098
bovino,VERB,12379
bowling,VERB,12885
boxe,VERB,12887
braccialetto,VERB,25433
braccio,VERB,12577
brahma,PREP,12892
brasile,VERB,25024
bravo,ADJ,14463
briglia,VERB,24038
briglie,VERB,24729
brillante,ADJ,17015
brillare,PRON,16956
brocca,VERB,16191
broccoli,VERB,12905
brontosauro,VERB,23421
bronzo,VERB,23035
bruciante,ADJ,12924
bruciare,PRON,12922
bruciato,ADJ,12923
bruco,VERB,13132
brufolo,VERB,16180
brutto,ADJ,17964
buca,VERB,14883
buca delle lettere,VERB,15409
buccia,VERB,15988
buchi alle orecchie,PRON,25482
buco,VERB,15923
budda,PREP,23423
buddista,PREP,23426
budella,VERB,12883
budino,VERB,22307
budino di natale,VERB,22308
bue,VERB,15951
bufalo,VERB,12917
bufera,VERB,17271
bulbo,VERB,12919
buon compleanno,OTHER,15487
buon giorno,NOUN,24461
buona fortuna,VERB,15402
buona notte,NOUN,24463
buona sera,NOUN,24459
buono,ADJ,15653
burro,VERB,13095
burro di noccioline,VERB,15985
bussare,PRON,25105
bussola,VERB,24626
buttare,PRON,24090
cabina di pilotaggio,VERB,22061
cacao,VERB,13173
caccia,VERB,24601
cacciare,PRON,23537
cacciatore,PREP,25086
cacciavite,VERB,16740
cadavere,PREP,21313
cadere,PRON,13436
caduta,VERB,24894
caffetteria,VERB,13104
caffè,VERB,12627
caffè d'orzo,VERB,22339
calamita,VERB,25338
calare,PRON,24688
calarsi a corda doppia,VERB,22110
calcagno,VERB,14700
calcestruzzo,VERB,13397
calciare,PRON,15146
calcolare,PRON,13107
calcolatrice,VERB,13108
calcolo,VERB,23050
caldissimo,ADJ,14900
caldo,ADJ,18037
calendario,VERB,13109
calice,VERB,21364
calmo,ADJ,15982
calura,VERB,14696
calzettone,VERB,17264
calzino,VERB,17264
camaleonte,VERB,13150
cambiare,PRON,13152
cambio,VERB,13151
camemoro,VERB,24064
camera da pranzo,VERB,13680
cameriere,PREP,24777
camicetta,VERB,16957
caminetto,VERB,14185
camino,VERB,13168
camion con retro ribaltabile,VERB,13890
camion dei pompieri,VERB,14186
cammello,VERB,13110
cammina,VERB,18031
camminando,VERB,18031
camminano,VERB,18031
camminare,PRON,18031
camminare carponi,PRON,13603
camminare in punta di piedi,PRON,17733
camminata,VERB,18031
camminate,VERB,18031
camminati,VERB,18031
camminato,VERB,18031
camminava,VERB,18031
camminavamo,VERB,18031
camminavano,VERB,18031
camminavate,VERB,18031
camminavi,VERB,18031
camminavo,VERB,18031
camminerai,VERB,18031
cammineranno,VERB,18031
cammineremo,VERB,18031
camminerete,VERB,18031
camminerà,VERB,18031
camminerò,VERB,18031
cammini,VERB,18031
camminiamo,VERB,18031
cammino,VERB,18031
campagna,VERB,13424
campana,VERB,12662
campane tubolari,VERB,24802
campanelli,VERB,23814
campanello,VERB,24616
camper,VERB,24618
campo,VERB,13112
campo di giochi,VERB,16202
campo estivo,VERB,17461
campo magnetico,VERB,25339
campo sportivo,VERB,13428
canale,VERB,24619
cancellare,PRON,13665
cancro,VERB,22640
candela,VERB,13117
cane,VERB,12380
cane da slitta,VERB,21878
canguro,VERB,12384
cannella,VERB,22312
cannone,VERB,13120
cannuccia,VERB,17277
canoa,VERB,22075
canottaggio,VERB,22050
canottiera,VERB,17012
canotto,VERB,22086
canotto di salvataggio,VERB,22078
canta,VERB,16990
cantando,VERB,16990
cantano,VERB,16990
cantante,PREP,16991
cantare,PRON,16990
cantata,VERB,16990
cantate,VERB,16990
cantati,VERB,16990
cantato,VERB,16990
cantava,VERB,16990
cantavamo,VERB,16990
cantavano,VERB,16990
cantavate,VERB,16990
cantavi,VERB,16990
cantavo,VERB,16990
canterai,VERB,16990
canteranno,VERB,16990
canteremo,VERB,16990
canterete,VERB,16990
canterà,VERB,16990
canterò,VERB,16990
canti,VERB,16990
cantiamo,VERB,16990
canticchiare,VERB,23884
canto,VERB,24623
canto sacro,VERB,21074
canzone,VERB,17210
capacità,VERB,12322
capannone,VERB,12630
capelli,VERB,14660
capendo,VERB,17973
capezzoli,VERB,15720
capiamo,VERB,17973
capirai,VERB,17973
capiranno,VERB,17973
capire,PRON,17973
capiremo,VERB,17973
capirete,VERB,17973
capirà,VERB,17973
capirò,VERB,17973
capisce,VERB,17973
capisci,VERB,17973
capisco,VERB,17973
capiscono,VERB,17973
capita,VERB,17973
capitano,VERB,24744
capite,VERB,17973
capiti,VERB,17973
capito,VERB,17973
capiva,VERB,17973
capivamo,VERB,17973
capivano,VERB,17973
capivate,VERB,17973
capivi,VERB,17973
capivo,VERB,17973
capo,PREP,12878
capo animazione,PREP,25027
capo religioso,PREP,21055
capodanno,VERB,15711
capogiro,ADJ,24642
capovolersi,VERB,22064
cappello,VERB,14682
cappotto,VERB,13371
capra,VERB,23097
capricorno,VERB,22646
caratteri,VERB,12366
caravan,VERB,18000
carbone,VERB,13370
carburante,VERB,14412
cardiologo,PREP,21582
carico,VERB,25111
carie,VERB,13138
carità,VERB,13154
carità cristiana,VERB,21305
carne,VERB,15444
carne a pezzetti,VERB,23473
carne congelata,VERB,22355
carne di bovino,VERB,12652
carne tritata,VERB,23591
caro,OTHER,13644
carosello,VERB,15458
carota,VERB,13124
carpenteria,VERB,24339
carretto,VERB,13127
carriola,VERB,23416
carro coperto,VERB,20601
carro per il cavallo,VERB,22093
carroarmato,VERB,17504
carrozzina,VERB,12605
carrozzino,VERB,21821
carta costituzionale,VERB,24072
carta d'identità,VERB,25088
carta dei simboli,VERB,17489
carta di credito,VERB,23415
carta geografica,VERB,15421
carta igienica,VERB,17748
carta telefonica,VERB,23677
cartella per la scuola,VERB,23650
cartografia,VERB,23434
cartolina,VERB,16227
cartoni animati,VERB,23435
casa,VERB,14885
casa comunale,VERB,23446
casa di cura,VERB,23038
casa galleggiante,VERB,22089
casco,VERB,21616
casco per hockey,VERB,21617
case a schiera,VERB,23193
casseruola,VERB,23436
cassetta di registrazione,VERB,13128
cassetto,VERB,13874
cassettone,VERB,13162
castello,VERB,23437
castello d'acqua,VERB,23247
castoro,VERB,12646
casualita,VERB,23439
catamarano,VERB,22087
catena,VERB,21849
cattolicesimo romano,VERB,21038
causa,VERB,13134
causato da,PRON,13136
cavalletta,VERB,14637
cavallo,VERB,14897
cavallo a dondolo,VERB,16682
cavallone,VERB,22624
cavatappi,VERB,22564
caverna,VERB,13137
cavia,VERB,14434
caviglia,VERB,12391
cavo elettrico,VERB,13921
cavolfiore,VERB,13133
cavolini di bruxelles,VERB,12915
cavolo,VERB,13101
cd,VERB,24621
celebrazione della vita,VERB,21291
celibato,VERB,13141
cellula,VERB,21540
cena,VERB,15405
cena del signore,VERB,21105
cenere,VERB,12586
centesimo,VERB,13143
centrale energetica,VERB,25141
centro,VERB,15464
centro attività,VERB,23008
centro commerciale,VERB,16961
centro di scienza,VERB,25369
centro diurno,VERB,23055
centro dopo scuola,VERB,23010
centro risorse,VERB,16493
centro soluzione simboli bliss,VERB,12859
centro terapeutico,VERB,23682
cercare,PRON,16742
cerchio,VERB,13347
cereale,VERB,14625
cereali,VERB,13145
cerimonia,VERB,21096
cerimonia della circoncisione,VERB,21113
certo,ADJ,13146
cervello,VERB,12893
cespuglio,VERB,13092
cetriolo,VERB,13620
challah,VERB,13149
champagne,VERB,22346
che,NOUN,18228
che cosa,NOUN,18228
che peccato,OTHER,17698
che tipo,NOUN,18230
check up,VERB,24441
cheshvan,VERB,13160
chi,NOUN,18244
chi pratica equitazione,PREP,22091
chiamare a voce alta,PRON,16965
chiamato,PRON,24874
chiaramente,ADJ,13358
chiaro,ADJ,13358
chiave,VERB,15144
chiave di sicurezza,VERB,23554
chiedere,PRON,12588
chiesa,VERB,13345
chiesa ortodossa orientale,VERB,21030
chiesa romana cattolica,VERB,21038
chimica,VERB,21544
chimico,PREP,21562
chioccia,VERB,13164
chiocciola,VERB,17188
chiodo,VERB,15689
chiropratico,PREP,21601
chirurgo,PREP,21575
chitarra,VERB,23879
chitarra basso,VERB,23811
chiude,VERB,13364
chiudendo,VERB,13364
chiuderai,VERB,13364
chiuderanno,VERB,13364
chiudere,PRON,13364
chiudere a chiave,PRON,15227
chiuderemo,VERB,13364
chiuderete,VERB,13364
chiuderà,VERB,13364
chiuderò,VERB,13364
chiudete,VERB,13364
chiudeva,VERB,13364
chiudevamo,VERB,13364
chiudevano,VERB,13364
chiudevate,VERB,13364
chiudevi,VERB,13364
chiudevo,VERB,13364
chiudi,VERB,13364
chiudiamo,VERB,13364
chiudo,VERB,13364
chiudono,VERB,13364
chiusa,VERB,13364
chiuse,VERB,13364
chiusi,VERB,13364
chiuso,ADJ,25277
chiusura,VERB,14155
chiusura delle tube,VERB,17789
chumash,VERB,13182
ci,NOUN,17707
ciao,OTHER,14702
cibo,VERB,14377
cibo congelato,VERB,14404
cibo farcito,VERB,23503
ciclismo,VERB,21823
ciclismo di montagna,VERB,21825
ciclismo veloce,VERB,21824
cieco,ADJ,12856
cielo,VERB,17006
cigno,VERB,17473
ciliegie,VERB,13159
cilindro,VERB,16187
cimitero,VERB,13142
cina,VERB,25029
cinema,VERB,15670
cinguettare,PRON,24060
cinque,NOUN,8501
cintura,VERB,12664
cintura di sicurezza,VERB,24255
cioccolata da spalmare,VERB,13174
cioccolato,VERB,13171
cioccolato caldo,VERB,13172
cipolla,VERB,18006
cipolla verde,VERB,14644
circa,NOUN,12324
circo,VERB,24061
circolare,ADJ,16693
circoncisione,VERB,13348
circuito elettrico,VERB,25287
cittadini,VERB,13349
città,VERB,13351
città del vaticano,VERB,21037
città santa,VERB,21088
ciuccio,VERB,24496
clan,VERB,21609
clarinetto,VERB,23837
classe,VERB,13352
classificare,PRON,13948
clinica,VERB,13361
clinica pediatrica,VERB,12606
clinica per la pianificazione familliare,VERB,14148
clitoride,VERB,13362
clown,PREP,23443
cocco,VERB,13372
coccodrillo,VERB,12362
coda,VERB,17496
codardo,VERB,23462
codini,VERB,25023
coito interrotto,VERB,16503
colazione,VERB,12898
colla,VERB,14447
collana,VERB,25470
collina,VERB,14712
collo,VERB,15699
collo dell'utero,VERB,13147
colloquio,VERB,21372
colore,VERB,13377
colpa,VERB,14652
colpevole,ADJ,14653
colpo al cuore,VERB,12593
coltello,VERB,15159
comandamenti,VERB,13388
comandare,PRON,21335
comando,VERB,22913
combinare,PRON,13381
combinazione,VERB,13380
combustibile,ADJ,14195
come,NOUN,14907
cometa,VERB,13384
comignolo,VERB,13168
commemorazione,VERB,16486
commercio,VERB,13093
compact disc,VERB,24621
comparare,PRON,13391
compasso,VERB,23180
compendio,VERB,25179
competere,PRON,13392
competizione,VERB,16451
competizione sport multiplo,VERB,21857
compitare,PRON,23665
compiti,VERB,23533
compleanno,VERB,12846
comportamento,VERB,12659
compositore,PREP,13393
compra,VERB,13099
comprando,VERB,13099
comprano,VERB,13099
comprare,PRON,13099
comprata,VERB,13099
comprate,VERB,13099
comprati,VERB,13099
comprato,VERB,13099
comprava,VERB,13099
compravamo,VERB,13099
compravano,VERB,13099
compravate,VERB,13099
compravi,VERB,13099
compravo,VERB,13099
comprendere,PRON,17973
comprerai,VERB,13099
compreranno,VERB,13099
compreremo,VERB,13099
comprerete,VERB,13099
comprerà,VERB,13099
comprerò,VERB,13099
compri,VERB,13099
compriamo,VERB,13099
compro,VERB,13099
computer portatile,VERB,23562
comunicare,PRON,13389
comunicazione,VERB,13390
comunicazione scritta,VERB,21339
comunione,VERB,21105
comunità,VERB,18012
con,NOUN,12364
concedere,PRON,15196
concentrato di pomodoro,VERB,23685
concepimento,VERB,13395
concerto,VERB,23452
concimare,VERB,24185
condimento per insalata,VERB,22324
condividere,PRON,16941
condurre,PRON,15181
condurre un cavallo,PRON,21836
conferenza,VERB,15450
confessare,PRON,21099
confortare,PRON,13385
confortevole,ADJ,13386
congelare,PRON,14397
congelato,ADJ,14925
congelatore,VERB,23514
congratularsi,PRON,15437
coniglio,VERB,16448
connettere,PRON,24710
connettore,VERB,24628
cono,VERB,13400
cono gelato,VERB,14921
conoscenza,VERB,15162
consacrare,PRON,21084
consapevolezza del mondo,VERB,21098
conservare,PRON,15143
conservare qualcosa,PRON,16440
conservazione,VERB,24224
considerare,PRON,22374
consigliare,PRON,12346
consiglio,VERB,12345
consulente,PREP,13421
consulenza sulla fertilità,VERB,14169
contadino,PREP,14152
contagioso,ADJ,24471
contare,PRON,13422
contare su,PRON,14127
contenitore spazzatura,VERB,14421
continente,VERB,22601
continuare,PRON,13404
conto,VERB,12330
contrario,NOUN,12351
contrastare,PRON,13406
contrazioni uterine,VERB,13405
controllare,PRON,24442
controllarsi,PRON,13407
controllo,VERB,24428
controllo delle nascite,VERB,12844
controllo medico,VERB,24441
conversione,VERB,21321
convertire,PRON,21320
convincere,PRON,21311
coperchio,VERB,22583
coperta,VERB,12854
copertura,VERB,23600
copiare,VERB,13412
coppia,PREP,13426
coppia eterosessuale,PREP,13425
coppia sposata,PREP,13427
copricapo,VERB,17004
coraggioso,ADJ,23418
corano,VERB,21072
corda,VERB,17276
corda per saltare,VERB,15138
cordone ombelicale,VERB,17965
cornamusa,VERB,23807
corni,VERB,14896
corno,VERB,14895
coro,PREP,13176
corona,VERB,22618
corpo,VERB,12870
corre,VERB,16699
correndo,VERB,16699
corrente,ADJ,13624
correrai,VERB,16699
correranno,VERB,16699
correre,PRON,16699
correremo,VERB,16699
correrete,VERB,16699
correrà,VERB,16699
correrò,VERB,16699
correte,VERB,16699
correttezza,VERB,21341
corretto,ADJ,13416
correva,VERB,16699
correvamo,VERB,16699
correvano,VERB,16699
correvate,VERB,16699
correvi,VERB,16699
correvo,VERB,16699
corri,VERB,16699
corriamo,VERB,16699
corridoio,VERB,23047
corridore delle strade,VERB,16679
corro,VERB,16699
corrono,VERB,16699
corsa,VERB,21839
corsa alla base,VERB,14886
corsa automobilistica,VERB,21829
corsa con il calesse,VERB,22095
corsa di motocicletta,VERB,21827
corse,VERB,16699
corse di go-cart,VERB,21831
corsi,VERB,16699
corso,VERB,16699
corte,VERB,23052
corteccia,VERB,22311
cortile,VERB,13428
corto,ADJ,15401
corto intestino,VERB,12883
cosa,VERB,17717
cosa lineare,VERB,15216
coscienza,VERB,13401
costantemente,ADJ,12368
costellazione,VERB,22633
costole umane,VERB,25487
costoso,ADJ,14129
costringere,ADJ,14383
costrittore della mano,VERB,24142
costruire,PRON,24877
costruzione,VERB,23153
costume,VERB,13418
crampo,VERB,13432
cratere,VERB,24631
crauti,VERB,16724
cravatta,VERB,17730
creare,PRON,13606
creativo,ADJ,13608
creatura,VERB,13609
creazione,VERB,13607
credente,PREP,20565
credere,PRON,12661
crema,VERB,13605
crema di cioccolato,VERB,22342
cremare,PRON,21286
cremazione,VERB,21285
crepes,VERB,23603
crepes piccole,VERB,23949
crescere,PRON,14649
crescita,VERB,24905
cresima,VERB,21104
crimine,VERB,25036
criniera,VERB,24184
cristalleria,VERB,14444
cristalli di sale,VERB,16711
cristallo,VERB,13619
cristianità,VERB,21027
cristiano,ADJ,13180
cristo,PREP,14969
croce,VERB,13613
crosta,VERB,16954
crudele,ADJ,15439
crudo,ADJ,16464
cubo,VERB,12860
cucchiaino,VERB,22569
cucchiaio,VERB,17233
cucchiaio di legno,VERB,22572
cucciolo,VERB,16434
cucciolo di animale,VERB,24408
cucina,VERB,15154
cucinando,VERB,13408
cucinano,VERB,13408
cucinare,PRON,13408
cucinata,VERB,13408
cucinate,VERB,13408
cucinati,VERB,13408
cucinato,VERB,13408
cucinava,VERB,13408
cucinavamo,VERB,13408
cucinavano,VERB,13408
cucinavate,VERB,13408
cucinavi,VERB,13408
cucinavo,VERB,13408
cucinerai,VERB,13408
cucineranno,VERB,13408
cucineremo,VERB,13408
cucinerete,VERB,13408
cucinerà,VERB,13408
cucinerò,VERB,13408
cucini,VERB,13408
cuciniamo,VERB,13408
cucino,VERB,13408
cucire,PRON,16763
cuffie stereofoniche,VERB,13899
cugino,PREP,13429
culla trasportabile,VERB,13126
cultura,VERB,21608
cuocere a fuoco lento,PRON,16987
cuocere a vapore,PRON,17256
cuocere al forno,PRON,12619
cuoco,PREP,22907
cuoio,VERB,15186
cuore,VERB,14695
cuore dell'estate,VERB,15465
cura,VERB,23056
curioso,ADJ,25040
curry,VERB,22327
curvare,PRON,24412
cuscinetto a pedale,VERB,23670
cuscino,VERB,16177
custodia per cd,VERB,23832
d'accordo,ADJ,24808
da,NOUN,14403
da spalmare,VERB,17238
dai,VERB,14440
daino,VERB,12381
dall'altra parte,NOUN,12333
dando,VERB,14440
danimarca,VERB,13654
danno,VERB,14440
danza,VERB,24853
darai,VERB,14440
daranno,VERB,14440
dare,PRON,14440
dare aiuto,PRON,12612
dare in prestito,PRON,15192
dare la carica,PRON,25398
dare potere,PRON,24648
dare pugni,PRON,14717
dare un calcio,PRON,15146
daremo,VERB,14440
darete,VERB,14440
darà,VERB,14440
darò,VERB,14440
data,VERB,14440
date,VERB,14440
dati,VERB,14440
dati digitali,VERB,23467
dato,VERB,14440
dattero,VERB,13637
dava,VERB,14440
davamo,VERB,14440
davano,VERB,14440
davanti,NOUN,25311
davate,VERB,14440
davi,VERB,14440
davo,VERB,14440
debole,ADJ,18213
decade,VERB,13646
decidere,PRON,13648
decisione,VERB,13649
decollare,VERB,17499
decorazione,VERB,13650
delfino,VERB,13864
delizioso,ADJ,22352
deltaplano,VERB,22114
demone maligno,PREP,23695
denaro contante,VERB,15484
denti,VERB,17517
dentifricio,VERB,17757
dentista,PREP,13656
dentro,NOUN,14932
deodorante,VERB,13657
deposito,VERB,17270
depressione,VERB,13659
descrivere,PRON,13661
descrizione,VERB,24720
deserto,VERB,21350
desiderabile,ADJ,13662
desiderio,VERB,24833
destinatario,VERB,24725
destra,ADJ,16673
detestare,PRON,13692
deve,VERB,15685
devi,VERB,15685
devo,VERB,15685
devono,VERB,15685
dhoti,VERB,13668
di,OTHER,12663
di chi,NOUN,18246
di fronte,NOUN,12656
di lei,PREP,14707
di solito,ADJ,17992
diaframma,VERB,13671
diamante,VERB,13669
diamo,VERB,14440
diarrea,VERB,24085
diavolo,PREP,20568
dicembre,VERB,13647
dieta,VERB,13673
dietro,NOUN,12348
difesa,VERB,23058
differente,NOUN,13675
difficile,ADJ,13676
difficoltà,VERB,17780
digerire,PRON,13678
digestione,VERB,13679
digiunare,PRON,21323
diligenza,VERB,20601
dimenarsi,PRON,18252
dimensione,VERB,23214
dimenticare,PRON,14387
diminuire,PRON,13651
dimora,VERB,14905
dimostrare,PRON,23065
dinosauro,VERB,13681
dio,PREP,14451
dipartimento,PREP,21094
dipingere,PRON,15957
direttore,PREP,15418
direttore d'orchestra,PREP,13399
direzione,VERB,13682
direzione est,ADJ,13904
direzione nord,ADJ,15731
direzione ovest,ADJ,18225
direzione sud,ADJ,17220
dirigere,PRON,15181
disabilità,VERB,13684
disabitato,ADJ,21356
disagio,VERB,13687
discendente all'indietro,NOUN,13870
discendente in avanti,NOUN,13871
discendenza,PREP,15912
discesa libera,VERB,21864
disco,VERB,13685
discorso,VERB,24756
discoteca,VERB,13686
discussione,VERB,13689
discutere,PRON,13688
disegna,VERB,13873
disegnando,VERB,13873
disegnano,VERB,13873
disegnare,PRON,13873
disegnata,VERB,13873
disegnate,VERB,13873
disegnati,VERB,13873
disegnato,VERB,13873
disegnava,VERB,13873
disegnavamo,VERB,13873
disegnavano,VERB,13873
disegnavate,VERB,13873
disegnavi,VERB,13873
disegnavo,VERB,13873
disegnerai,VERB,13873
disegneranno,VERB,13873
disegneremo,VERB,13873
disegnerete,VERB,13873
disegnerà,VERB,13873
disegnerò,VERB,13873
disegni,VERB,13873
disegniamo,VERB,13873
disegno,VERB,13873
disfare,PRON,23700
disgustoso,ADJ,22354
disoccupato,VERB,17975
disperdere,PRON,21058
dispiacere,PRON,16477
dispositivo elettrico che interrompe il flusso di corrente se sovraccarico,VERB,25313
disseminare,PRON,21058
distanza,VERB,23071
distintivo,VERB,12616
distruggere,PRON,13665
disturbo visivo,ADJ,18019
disubbidiente,ADJ,15695
dita dei piedi,VERB,17745
dito,VERB,14180
divano,VERB,13419
divenire,PRON,12648
divertente,ADJ,14414
divertire,PRON,13938
divertirsi,PRON,12372
dividere,PRON,13694
divinità nordiche,PREP,22649
divisa,VERB,24743
divisione,VERB,13857
divorziare,PRON,13859
divorzio,VERB,13858
divulgazione,VERB,24887
do,VERB,14440
dobbiamo,VERB,15685
doccia,VERB,16968
documento,VERB,23479
dolce,VERB,13664
dolciumi,VERB,13118
dolersi,PRON,21296
dollaro,VERB,13863
dolore,VERB,12331
doloroso,ADJ,15955
domanda,VERB,16445
domandare,PRON,21336
domani,VERB,17750
domani notte,VERB,17751
domenica,VERB,17464
domino,VERB,24432
dondolare,PRON,17486
dondolo,VERB,17485
donna,PREP,18269
doppio basso,VERB,23849
dorme,VERB,17009
dormendo,VERB,17009
dormi,VERB,17009
dormiamo,VERB,17009
dormirai,VERB,17009
dormiranno,VERB,17009
dormire,PRON,17009
dormiremo,VERB,17009
dormirete,VERB,17009
dormirà,VERB,17009
dormirò,VERB,17009
dormita,VERB,17009
dormite,VERB,17009
dormiti,VERB,17009
dormito,VERB,17009
dormiva,VERB,17009
dormivamo,VERB,17009
dormivano,VERB,17009
dormivate,VERB,17009
dormivi,VERB,17009
dormivo,VERB,17009
dormo,VERB,17009
dormono,VERB,17009
dossi di rallentamento,VERB,24422
dotto deferente,VERB,18001
dove,NOUN,18236
dovendo,VERB,15685
dovere,PRON,15685
dovete,VERB,15685
doveva,VERB,15685
dovevamo,VERB,15685
dovevano,VERB,15685
dovevate,VERB,15685
dovevi,VERB,15685
dovevo,VERB,15685
dovrai,VERB,15685
dovranno,VERB,15685
dovrebbe,PRON,15685
dovremo,VERB,15685
dovrete,VERB,15685
dovrà,VERB,15685
dovrò,VERB,15685
dovuto,VERB,15685
dritto,ADJ,15215
drive esterno,VERB,24654
dromedario,VERB,13885
dubbio,VERB,22911
dubbioso,ADJ,22918
dubitare,PRON,13868
due,NOUN,8498
due punti,NOUN,8488
durante,NOUN,13892
durare,PRON,13404
durga,PREP,13891
duro,ADJ,14679
dà,VERB,14440
ebreo,ADJ,14972
eccellente,ADJ,21343
eccellenza,VERB,21342
ecchimosi,VERB,24419
eccitato,ADJ,14119
eccitazione,VERB,14120
eccitazione sessuale,VERB,16930
economico,ADJ,13155
economista,PREP,21561
edifici elevati a blocco,VERB,12403
edificio,VERB,23153
educazione,VERB,13908
effetto,VERB,13910
egitto,VERB,25286
egli,PREP,14687
egli o ella,PREP,14688
egli stesso,PREP,14687
egocentrico,ADJ,16755
egoista,ADJ,16755
eguagliare,PRON,13943
eiaculazione,VERB,13915
elefante,VERB,13923
elettricità,VERB,13918
elettrico,ADJ,13917
elica,VERB,25362
elicottero,VERB,14701
eliminare,PRON,23468
ella,PREP,16949
elmetto,VERB,14703
elul,VERB,13925
emanare odore,PRON,17019
embrione,VERB,13929
emettere un rutto,PRON,12925
empatia,VERB,13931
energia,VERB,13936
energia nucleare,VERB,15738
enorme,ADJ,21352
entrambi,NOUN,12879
entrare,PRON,13940
epifania,VERB,24095
equatore,VERB,22598
era,VERB,14916
erano,VERB,14916
eravamo,VERB,14916
eravate,VERB,14916
erba,VERB,14636
erbe,VERB,22321
erezione,VERB,13944
eri,VERB,14916
ero,VERB,14916
eroe,VERB,23528
eroico,ADJ,23529
errore,VERB,15479
eruzione cutanea,VERB,24232
esaminare,PRON,13948
esatto,ADJ,13416
esce,VERB,14126
esci,VERB,14126
escludere,PRON,14121
esco,VERB,14126
escono,VERB,14126
eseguire un concerto,PRON,23609
esercitare,PRON,16235
esercito,VERB,12579
esibizionismo,VERB,14125
esigere,PRON,21336
esistenza,VERB,24098
esistere,PRON,12639
esperienza fantastica,VERB,14640
esperimento,VERB,24893
esplodere,PRON,14131
esplosione,VERB,14132
esplosivo,ADJ,24101
esportare,PRON,23490
esportato,ADJ,23492
esposimetro,VERB,23142
esprimere un desiderio,PRON,18266
essa,NOUN,14960
esse,PREP,17714
essendo,VERB,14916
essere,PRON,12639
essere a dieta,PRON,13674
essere connessi,PRON,24711
essere d'accordo,PRON,12353
essere in grado,PRON,13114
essere in vita,PRON,15222
essere paziente,PRON,15977
essere terrorizzato,ADJ,17525
essere triste,PRON,21296
essere umano,PREP,16161
essi,PREP,17715
esso,NOUN,14960
est,VERB,13902
estate,VERB,17459
estintore,VERB,25301
estonia,VERB,24097
estraneo,PREP,17275
eterno,ADJ,21332
eterosessualità,VERB,14709
etrog,VERB,13946
eucarestia,VERB,21105
europa,VERB,22606
eva,PREP,21064
evadere,PRON,25056
evangelizzare,PRON,21346
evento,VERB,14114
evento cristiano,VERB,21100
evento religioso,VERB,21095
evento sacro,VERB,21101
evidenza,VERB,23079
eyeliner,VERB,15164
fa,NOUN,12352
fabbrica,VERB,14140
fabbrica di cotone,VERB,23049
fabbrica di seta,VERB,23212
fabbricante,PREP,15412
fabbricare,PRON,15410
fabbro,PREP,24417
faccende di casa,VERB,23536
faccia,VERB,14138
facciamo,PRON,15197
faccio,VERB,13860
facendo,VERB,13860
faceva,VERB,13860
facevamo,VERB,13860
facevano,VERB,13860
facevate,VERB,13860
facevi,VERB,13860
facevo,VERB,13860
facile,ADJ,13905
facilmente,ADJ,13905
fagioli,VERB,12642
fagiolini,VERB,17442
fai,VERB,13860
falafel,VERB,14141
falco,VERB,14686
fallire,PRON,24444
falò,VERB,12874
fame,ADJ,14912
famiglia adottiva,VERB,23513
famiglia monogenitoriale,PREP,21093
famiglia tradizionale,PREP,14144
fango,VERB,15672
fanno,VERB,13860
fantasma,PREP,14436
fantino,PREP,22092
fantoccio che si infila sulle mani,VERB,16433
far credere,ADJ,15411
far girare la testa,ADJ,24642
farai,VERB,13860
faranno,VERB,13860
fard,VERB,16692
fare,PRON,13860
fare bricolage,VERB,13431
fare ceramiche,VERB,24048
fare esercizio,PRON,14124
fare giochi di prestigio,PRON,23453
fare goal,VERB,14450
fare i dispetti,PRON,17515
fare la cacca,VERB,12884
fare pipì,PRON,17989
fare un cerchio,PRON,16690
fare un nodo,PRON,24311
fare un'altra volta,PRON,16487
fare una capriola,VERB,24272
fare vedere,PRON,16967
fare visita,PRON,18017
faremo,VERB,13860
farete,VERB,13860
farfalla,VERB,13096
farfalle,VERB,22131
farina,VERB,14204
farina di frumento,VERB,13415
farina di riso,VERB,22135
farmacia,VERB,23072
farmacista,PREP,23611
faro,VERB,23143
farsi la doccia,PRON,16969
farsi lo shampoo,PRON,24262
farsi male,PRON,14913
farà,VERB,13860
farò,VERB,13860
fate,VERB,13860
fatina,PREP,23494
fatta,VERB,13860
fatte,VERB,13860
fatti,VERB,13860
fatto,VERB,14139
fatto dall'uomo,ADJ,15420
fattoria,VERB,14151
fattura,VERB,12330
fazzoletti,VERB,17738
fazzoletto per il naso,VERB,14671
febbraio,VERB,14161
febbre,VERB,24112
fecondo,ADJ,14168
fede,VERB,12660
fede cristiana,VERB,21302
fedeltà,VERB,14172
federa,VERB,16178
federazione russa,VERB,23642
fegato,VERB,25462
felice,ADJ,14676
felicità,VERB,14675
femmina,ADJ,14165
femminile,VERB,14166
ferire,PRON,14942
ferita,VERB,17213
fermarsi,PRON,17268
fermata dell'autobus,VERB,13090
ferro,VERB,23122
ferro da stiro,VERB,14955
fertile,ADJ,14168
fesseria,OTHER,15727
festa,VERB,15973
festa del papà,VERB,24108
festa del ringraziamento,VERB,17534
festa della mamma,VERB,24195
festa di ogni santi,VERB,14662
festeggiamento,VERB,21290
festività,VERB,14884
feto,VERB,14170
fiamma,VERB,14194
fiammifero,VERB,15430
fianco,VERB,14713
fidanzata,PREP,25297
fidanzato,ADJ,13937
fidarsi,PRON,17784
fiducia,VERB,17785
fienile,VERB,12630
fieno,VERB,24147
figlia,PREP,13638
figlio,PREP,17209
figura d'azione,VERB,23528
fila,VERB,23896
file,VERB,23479
film,VERB,15669
filo elettrico,VERB,13921
filo interdentale,VERB,13655
finalmente,ADJ,14178
finanziare,PRON,17469
fine,VERB,13935
fine settimana,VERB,18218
finestra,VERB,18256
finestra barricata,VERB,18257
finire,PRON,14181
finito,NOUN,12361
finlandia,VERB,14182
fino a,NOUN,17982
fiocco,VERB,12882
fiocco di neve,VERB,17195
fiordo,VERB,22613
fiore,VERB,14205
fiore dal bulbo,VERB,14206
fiore protetto,VERB,14369
fiore selvatico,VERB,14370
firma,VERB,15691
fisarmonica,VERB,23802
fischiare,PRON,18241
fisica,VERB,21556
fisioterapia,VERB,24211
fisioterapista,PREP,21592
fissare,PRON,14154
fiume,VERB,16677
flauto,VERB,23871
flauto traverso,VERB,23872
flusso,VERB,22626
fluttuazione dei continenti,VERB,22621
foglia,VERB,15183
foglia d'acero,VERB,15422
foglie di vite riempite,VERB,23504
foglio di lavoro,VERB,23715
folla,PREP,24634
folletto,PREP,23481
fondamenta,VERB,23029
fondamenta sotterranee,VERB,17970
fondotinta,VERB,24120
fontana,VERB,24900
football americano,VERB,20593
forbici,VERB,16736
forchetta,VERB,14389
foresta,VERB,14386
forma,VERB,16940
forma quadrata,VERB,17242
forma triangolare,VERB,17776
formaggio,VERB,13157
formaggio cremoso,VERB,22359
formaggio da spalmare,VERB,22360
formaggio fresco,VERB,22359
formaggio molle,VERB,22364
formica,VERB,12395
fornaio,PREP,23412
fornello,VERB,17273
forno a microonde,PRON,15462
forse,ADJ,16226
forte,ADJ,17444
fortuna,VERB,15402
fortunato,ADJ,15403
forze di polizia,PREP,14146
fosse,VERB,14916
fossi,VERB,14916
fotocopiatrice,VERB,23456
fotografia,VERB,16169
foulard per il capo,VERB,21613
fragile,ADJ,12897
fragola,VERB,17278
fragoroso,ADJ,15397
francia,VERB,25063
frappè,VERB,15470
frase,VERB,16760
fratelli e sorelle,PREP,16972
fratello,PREP,12909
frattura,VERB,24852
freccetta,VERB,21850
freccette,VERB,21853
freccia,VERB,21852
freddo,ADJ,13375
frej,PREP,22818
freja,PREP,22819
frenare,PRON,24850
frequentemente,ADJ,15913
fresco,ADJ,14399
frigg,PREP,22651
friggere,PRON,13653
friggitrice elettrica,VERB,22585
frigorifero,VERB,16476
fritto,ADJ,22351
fronte,VERB,14384
frullato,VERB,15470
frumento,VERB,24780
frustino,VERB,22563
frustrante,ADJ,14409
frustrato,ADJ,14408
frustrazione,VERB,14410
frutta,VERB,14405
frutteto,VERB,15934
fruttiera,VERB,23515
fruttivendolo,VERB,23101
fucile,VERB,14655
fulmine,VERB,15209
fumare,PRON,17185
fumo,VERB,17022
funerale,VERB,20577
fungo,VERB,15678
funivia,VERB,24042
funzionante,VERB,23516
funzionare,PRON,23517
fuochi d'artificio,VERB,24655
fuoco,VERB,14183
fuori,NOUN,15942
fusibile,VERB,25313
futuro,VERB,14417
gabbia,VERB,13105
gabbiano,VERB,14654
galleggiare,PRON,14200
galleria d'arte,VERB,12582
gallo,VERB,23043
galoppare,PRON,24129
gamba,VERB,15188
gambe e piedi,VERB,15189
gamberetti,VERB,23210
gambero,VERB,23053
ganesh,PREP,14419
gara di addestramento con cavalli,VERB,22097
gara sportiva,VERB,16451
garage,VERB,14420
gareggiare,PRON,13392
gattino,VERB,15156
gatto,VERB,12383
gazzella,VERB,22616
gelato,VERB,14920
geloso,ADJ,13941
gemelli,VERB,22655
generale,ADJ,14429
generalizzazione,VERB,14430
genere,VERB,14428
genere maschile,PREP,15416
genitali,VERB,14431
genitore singolo,PREP,21090
genitori,PREP,15968
gennaio,VERB,14966
genocidio,VERB,21612
gente,VERB,21609
gentile,ADJ,15149
gentilmente,ADJ,15149
genuflessione,PREP,16162
geografia,VERB,23093
geologia,VERB,21550
geologo,PREP,21567
germania,VERB,25414
gesso,VERB,13129
gesticolare,PRON,21537
gestione della casa,VERB,23536
gesù cristo,PREP,14969
gettare via,PRON,24090
geyser,VERB,24830
ghiaccio,VERB,14919
ghiacciolo,VERB,22366
giacca,VERB,13371
giaguaro,VERB,24175
giallo,NOUN,18291
giappone,VERB,25099
giardiniere,PREP,23519
giardino,VERB,14422
gigante,PREP,23521
giganteso,ADJ,21354
ginecologo,PREP,21580
ginnastica,VERB,21798
ginocchiera,VERB,21619
ginocchio,VERB,15157
gioca,VERB,16200
giocando,VERB,16200
giocano,VERB,16200
giocare,PRON,16200
giocare a pallone,PRON,16201
giocare a rincorrersi,PRON,25275
giocata,VERB,16200
giocate,VERB,16200
giocati,VERB,16200
giocato,VERB,16200
giocattoli,VERB,23708
giocattolo,VERB,17763
giocava,VERB,16200
giocavamo,VERB,16200
giocavano,VERB,16200
giocavate,VERB,16200
giocavi,VERB,16200
giocavo,VERB,16200
giocerai,VERB,16200
gioceranno,VERB,16200
gioceremo,VERB,16200
giocerete,VERB,16200
giocerà,VERB,16200
giocerò,VERB,16200
giochi al computer,VERB,23449
giochi olimpici,VERB,25130
giochi per la sabbia,VERB,23645
gioci,VERB,16200
giociamo,VERB,16200
gioco,VERB,14418
gioco con il computer,VERB,24659
gioco da tavolo,VERB,17492
gioco del calcio,VERB,14380
gioco della memoria,VERB,25343
gioco delle bocce,VERB,21806
gioco delle carte,VERB,13122
gioco elettrico da tavolo,VERB,23673
gioielleria,VERB,24826
gioiello,VERB,14971
giornale,VERB,15407
giornalista,PREP,23548
giorno,VERB,13639
giorno di digiuno,VERB,14153
giostra,VERB,15458
giovane,ADJ,18467
giove,VERB,24473
giovedì,VERB,17728
gira dischi,VERB,16471
giraffa,VERB,14438
girare,PRON,16690
girasole,VERB,24297
girino,VERB,24302
gita,VERB,15945
giubbotto di salvataggio,VERB,24687
giudaismo,VERB,21028
giudeo,PREP,21032
giugno,VERB,15140
giuidice,PREP,23125
giungla,VERB,25202
giuntura,VERB,14973
giuseppe,PREP,21047
giusto,ADJ,15653
giù,NOUN,13869
gli,NOUN,17700
gnocchi,VERB,22128
gnomo irlandese,PREP,23481
go-cart a motore,VERB,21822
goletta,VERB,22073
gomito,VERB,13916
gonfiare,PRON,25091
gonna,VERB,17002
governare,PRON,14461
governo,VERB,14462
gracidare,PRON,24073
granchio,VERB,15226
grande,ADJ,12835
grande magazzino,VERB,23067
grandine,VERB,14659
grano,VERB,14625
granturco,VERB,13413
graticola,VERB,16691
grattacielo,VERB,23215
grattare,PRON,24507
gravidanza,VERB,16240
gravità,VERB,25070
grazia,VERB,21040
grazie,OTHER,17533
grecia,VERB,25071
gridare,PRON,16965
grigio,NOUN,14639
griglia,VERB,21809
grigliare,PRON,12906
grondaia,VERB,23073
gru,VERB,13434
grugnire,PRON,24140
grumoso,ADJ,22363
gruppo,PREP,14646
gruppo musicale,PREP,15680
gruppo pop,PREP,15680
guadagnare,PRON,13898
guancia,VERB,13156
guanciale,VERB,12614
guanti,VERB,14446
guanti da sport,VERB,14445
guanti di gomma,VERB,22597
guanti per i piatti,VERB,22597
guanto da forno,VERB,22596
guarda,VERB,18045
guardando,VERB,18045
guardano,VERB,18045
guardare,PRON,18045
guardaroba,VERB,24063
guardata,VERB,18045
guardate,VERB,18045
guardati,VERB,18045
guardato,VERB,18045
guardava,VERB,18045
guardavamo,VERB,18045
guardavano,VERB,18045
guardavate,VERB,18045
guardavi,VERB,18045
guardavo,VERB,18045
guarderai,VERB,18045
guarderanno,VERB,18045
guarderemo,VERB,18045
guarderete,VERB,18045
guarderà,VERB,18045
guarderò,VERB,18045
guardi,VERB,18045
guardiamo,VERB,18045
guardo,VERB,18045
guerra,VERB,18036
gufo,VERB,15949
guida,PREP,15182
guidare,PRON,13883
guidatore,PREP,13884
guscio,VERB,22837
gusto,VERB,17506
gusto allo sciroppo d'acero,VERB,22334
gustoso,ADJ,20526
ha,VERB,14685
haggadah,VERB,14658
hai,VERB,14685
halva,VERB,14663
hamentasch,VERB,14665
handicap fisico,ADJ,16170
handicap mentale,ADJ,15457
hanno,VERB,14685
har bracha,VERB,12891
havdalah,VERB,14684
ho,VERB,14685
hockey su prato,VERB,14174
hockey sul ghiaccio,VERB,14922
hugin e munin,VERB,22823
hummus,VERB,14911
i nostri,PREP,15939
i tuoi,PREP,18472
iceberg,VERB,24171
idea,VERB,14926
idiota,ADJ,17447
idroterapia,VERB,24169
idroterapista,PREP,21597
idrovolante,VERB,22104
ieri,VERB,18295
ignoto,VERB,21297
il,NOUN,14960
il loro,PREP,17701
il meno,ADJ,15185
il mese scorso,VERB,24835
il migliore,ADJ,12667
il mio,PREP,15686
il nostro,PREP,15939
il più,ADJ,15661
il più lungo,ADJ,15393
il più piccolo,ADJ,15185
il primo uomo,PREP,21063
il quale,NOUN,18247
il suo,PREP,14716
il tuo,PREP,18469
illegale,ADJ,23118
imbarazzante,ADJ,13927
imbarazzato,ADJ,13926
imbarazzo,VERB,13928
imbarcarsi,PRON,23524
imbianchino,PREP,15958
imbracatura,VERB,24143
imbucare,PRON,15408
imbuto,VERB,22574
immersione subacquea,VERB,22057
immobile,ADJ,24285
immondizia,VERB,18043
immorale,ADJ,14929
immortalita,VERB,20514
impartire la respirazione artificiale,PRON,12585
imparziale,ADJ,23081
imperdonabile,ADJ,21294
impermeabile,VERB,16457
importante,ADJ,14930
importare,PRON,23540
importato,ADJ,23541
impostare,PRON,15408
impoverirsi,PRON,21307
impronta digitale,VERB,25298
impronte,VERB,25308
improvvisamente,ADJ,17452
impugnatura,VERB,17487
in,NOUN,13100
in allegato,ADJ,23408
in anticipo,ADJ,13896
in basso,VERB,12881
in direzione di,NOUN,17739
in mezzo,VERB,15464
in nessun luogo,NOUN,15737
in ogni tempo,NOUN,12401
in povertà,ADJ,21329
in qualunque momento,ADJ,14115
in stato di gravidanza,ADJ,16241
in sù e in avanti,NOUN,17987
inalatore,VERB,25328
incenso,VERB,21358
incesto,VERB,14933
incidente,VERB,12329
incidente aereo,VERB,13437
incidente d'auto,VERB,13438
includere,PRON,14934
incollare,PRON,14448
incontrare,PRON,15449
incontrarsi,PRON,15449
incoraggiare,PRON,25053
incorretto,ADJ,14935
indaco,NOUN,14938
indicare,PRON,16213
indicazione,VERB,25278
indipendente,ADJ,24172
indirizzo,VERB,23402
indirizzo e-mail,VERB,23486
individuo,PREP,16161
indovinare,PRON,14651
infermiera,PREP,15905
inferno,VERB,21062
infezione,PRON,24468
infiammabile,ADJ,14195
infinito,ADJ,14940
influenza,VERB,24117
informazione,VERB,23542
ingegneria,VERB,25189
inghiottire,PRON,17471
inginocchiarsi,PRON,15158
ingiusto,ADJ,23244
inglese,VERB,23078
ingrediente,VERB,22380
iniezione,VERB,14941
inizia,PRON,12657
inizio,VERB,12658
innalzare,PRON,16459
innamorarsi,ADJ,24815
inno,VERB,21074
innocente,ADJ,23121
innocenza,VERB,23120
inondazione,VERB,14201
inquinamento,VERB,16218
insalata,VERB,16709
insalata di calamari,VERB,22305
insalata di pasta,VERB,22306
insegnamento,VERB,14945
insegnante,PREP,17513
insegnante di psicologia,PREP,21588
insegnare,PRON,17512
inseminazione artificiale,VERB,12583
insenatura,VERB,22625
inserzione pubblicitaria,VERB,12344
insetto,VERB,14943
insetto infestante,VERB,14944
insieme,NOUN,12364
insistere,PRON,21361
insulina,VERB,25459
intagliare,PRON,25273
intellettuale,ADJ,15456
intelligente,ADJ,17015
intensita,NOUN,14947
intera aerea per biciclette,VERB,21818
interessante,ADJ,14948
internamente,NOUN,14932
internazionale,ADJ,14949
interrogare,PRON,21333
interruttore,VERB,23569
intervallo,VERB,16497
intervista,VERB,21372
intervistare,PRON,21373
intervistatore,PREP,21374
intimità,VERB,14950
intimo,ADJ,14951
intorno,NOUN,12580
intranet,VERB,23545
introdurre,PRON,23547
intuizione,VERB,21098
inventare,PRON,14953
inverno,VERB,18261
inviare un fax,PRON,23498
invidioso,ADJ,13941
invio,VERB,23488
invito,VERB,25093
involtini di cavolo ripieni,VERB,23502
io,PREP,14916
ippica,VERB,22094
ippopotamo,VERB,14714
irlanda,VERB,14954
islam,VERB,21029
islanda,VERB,14923
isola,VERB,14958
isolante,VERB,25326
israele,VERB,14959
isterectomia,VERB,14915
istinto sessuale,VERB,16765
istituto residenziale,VERB,16492
istruzione,VERB,14945
italia,VERB,25098
jet,VERB,14970
joy stick,VERB,23549
kabbalat shabbat,NOUN,15141
kali,PREP,15142
kazakistan,VERB,23551
ketchup,VERB,23552
kibbutz,VERB,15145
kiddush,VERB,15147
kislev,VERB,15151
l'anno scorso,VERB,15176
la,NOUN,17700
la natività,VERB,13181
la nostra,PREP,15939
la notte scorsa,VERB,15174
la prima donna,PREP,21064
la prossima settimana,VERB,15715
la scorsa settimana,VERB,15175
labbra,VERB,15218
labbro,VERB,15218
ladro,PREP,23683
lago,VERB,15168
lakshmi,PREP,15169
lampada,VERB,13919
lampada ad olio,VERB,21362
lampeggiare,PRON,17960
lampone di montagna,VERB,15664
lamponi,VERB,16463
lana,VERB,18271
lancia,VERB,21854
lanciare,PRON,17725
lancio del disco,VERB,21847
lancio del giavellotto,VERB,21851
lancio del martello,VERB,21848
lancio del peso,VERB,21846
lancio di un aquilone,VERB,22115
lapide funeraria,VERB,21284
largo,ADJ,18250
lasagna,VERB,22133
lasciarsi cadere a terra,PRON,24686
lato,VERB,16975
latta,VERB,23239
lattaio,PREP,15469
latte,VERB,15468
lattina,VERB,13115
lattuga,VERB,15200
lava,VERB,18038
lavabile,ADJ,18039
lavagna,VERB,12852
lavanderia,VERB,15179
lavandino,VERB,16992
lavando,VERB,18038
lavano,VERB,18038
lavare,PRON,18038
lavare i piatti,VERB,23705
lavata,VERB,18038
lavate,VERB,18038
lavati,VERB,18038
lavato,VERB,18038
lavatrice,VERB,18041
lavava,VERB,18038
lavavamo,VERB,18038
lavavano,VERB,18038
lavavate,VERB,18038
lavavi,VERB,18038
lavavo,VERB,18038
laverai,VERB,18038
laveranno,VERB,18038
laveremo,VERB,18038
laverete,VERB,18038
laverà,VERB,18038
laverò,VERB,18038
lavi,VERB,18038
laviamo,VERB,18038
lavo,VERB,18038
lavora,VERB,18274
lavorando,VERB,18274
lavorano,VERB,18274
lavorare,PRON,18274
lavorare a telaio,PRON,18215
lavorare ai ferri,PRON,15160
lavorare all'uncinetto,PRON,13611
lavorata,VERB,18274
lavorate,VERB,18274
lavorati,VERB,18274
lavorato,VERB,18274
lavoratore,PREP,18277
lavoratore sociale,PREP,17201
lavoratori,PREP,24634
lavorava,VERB,18274
lavoravamo,VERB,18274
lavoravano,VERB,18274
lavoravate,VERB,18274
lavoravi,VERB,18274
lavoravo,VERB,18274
lavorerai,VERB,18274
lavoreranno,VERB,18274
lavoreremo,VERB,18274
lavorerete,VERB,18274
lavorerà,VERB,18274
lavorerò,VERB,18274
lavori,VERB,18274
lavori socialmente protetti,VERB,23205
lavoriamo,VERB,18274
lavoro,VERB,18273
lavoro con il legno,VERB,24339
lavoro con il metallo,VERB,24190
lavoro di gruppo,VERB,24305
le,NOUN,17700
le nostre,PREP,15939
le tue,PREP,18468
leader,PREP,15182
lecca-lecca,VERB,22365
legale,ADJ,23138
legare,PRON,24311
legge,VERB,23132
leggendo,VERB,16465
leggerai,VERB,16465
leggeranno,VERB,16465
leggere,PRON,16465
leggeremo,VERB,16465
leggerete,VERB,16465
leggero,ADJ,25336
leggerà,VERB,16465
leggerò,VERB,16465
leggete,VERB,16465
leggeva,VERB,16465
leggevamo,VERB,16465
leggevano,VERB,16465
leggevate,VERB,16465
leggevi,VERB,16465
leggevo,VERB,16465
leggi,VERB,16465
leggiamo,VERB,16465
leggo,VERB,16465
leggono,VERB,16465
legno,VERB,18270
lei,PREP,14707
lei stessa,PREP,16949
lente d'ingrandimento,VERB,24478
lento,ADJ,17014
lenzuolo,VERB,16951
leone,VERB,15217
leonessa,VERB,15217
leopardo,VERB,15194
letta,VERB,16465
lette,VERB,16465
lettera,VERB,15198
lettere,VERB,12366
letti,VERB,16465
letto,VERB,12649
lettore dvd,VERB,24647
levante,VERB,13902
levigato,ADJ,17186
lezione,VERB,23567
lezione di chimica,VERB,23040
li,NOUN,17700
libero,ADJ,14395
libertà,VERB,14396
libraio,PREP,23568
libreria,VERB,23034
libro,VERB,12875
libro di canti,VERB,21073
libro di preghiera,VERB,16238
libro sacro,VERB,21068
lima,VERB,23500
lime,VERB,15211
limite,VERB,15213
limonata,VERB,15191
limone,VERB,15190
linea,VERB,15214
linea curva,VERB,13627
lineare,ADJ,15215
linfa,VERB,22336
linfa dell'albero,VERB,22336
lingua,VERB,17752
linguaggio,VERB,15172
linguaggio bliss,VERB,23031
linguaggio dei segni,VERB,23506
linguista,PREP,21572
linguistica,VERB,21557
lino,VERB,23084
liquido,VERB,18209
lisca di pesce,VERB,25305
lista,VERB,15220
lite,VERB,12414
litigare,PRON,12413
livellato,ADJ,14197
llinguaggio dei segni,VERB,21538
lo,NOUN,14960
lo stesso,NOUN,16713
logopedia,VERB,24276
loke,PREP,22822
lontano,ADJ,14150
loro,PREP,17701
loro stessi,PREP,17713
lotta,VERB,24855
lottare,PRON,14175
lotto,VERB,23571
lozione solare protettiva,VERB,17463
luce,VERB,15208
lucertola,VERB,12388
lucidare,PRON,22389
lucidatrice,VERB,22390
lucido,ADJ,12903
luglio,VERB,15137
lui,PREP,14687
lulav,VERB,15404
luna,VERB,15651
luna crescente,VERB,13610
lunedì,VERB,15483
lunghezza,VERB,15193
lungo,VERB,12883
luogo dove lavorano le persone con handicap,VERB,23055
lupo,VERB,18268
lyar,VERB,14964
lì,NOUN,17707
ma,NOUN,13094
maccheroni,VERB,22130
macchia,VERB,17236
macchina,VERB,15406
macchina da cucire,VERB,16764
macchina fotografica,VERB,13111
macedonia,VERB,22142
macellaio,VERB,23037
madre,PREP,15662
madre adottiva,PREP,14391
madre singola,PREP,21091
maggio,VERB,15435
maggiolino,VERB,25333
maglietta intima,VERB,17972
magnete,VERB,25338
mago,PREP,23713
mai,ADJ,15709
maiale,VERB,16175
malato,ADJ,16973
malattia,VERB,16164
malattie a trasmissione sessuale,VERB,24333
male,ADJ,14935
mallo,VERB,22837
manager,PREP,15418
manager dell'assistenza,PREP,24620
mancare,PRON,15478
mandarino,VERB,17503
mangia,VERB,13906
mangiando,VERB,13906
mangiano,VERB,13906
mangiare,PRON,13906
mangiata,VERB,13906
mangiate,VERB,13906
mangiati,VERB,13906
mangiato,VERB,13906
mangiava,VERB,13906
mangiavamo,VERB,13906
mangiavano,VERB,13906
mangiavate,VERB,13906
mangiavi,VERB,13906
mangiavo,VERB,13906
mangierai,VERB,13906
mangieranno,VERB,13906
mangieremo,VERB,13906
mangierete,VERB,13906
mangierà,VERB,13906
mangierò,VERB,13906
mangii,VERB,13906
mangiiamo,VERB,13906
mangio,VERB,13906
mango,VERB,15419
maniera,NOUN,14906
manifestare,PRON,23065
manifestazione,VERB,21078
manna,VERB,21355
mano,VERB,14667
manopola,VERB,18040
mantenere,PRON,15143
maracas,VERB,23900
marciapiede,VERB,16198
mare,VERB,15909
marea,VERB,22626
marina,VERB,15696
marinaio,PREP,16708
marito,PREP,14914
marmellata di frutta,VERB,14965
maroso,VERB,22624
marrone,NOUN,12910
marte,VERB,24479
martedì,VERB,17790
martello,VERB,14666
marzo,VERB,15423
maschera,VERB,15428
maschera protettiva,VERB,21621
mascherina,VERB,25354
maschio,ADJ,15414
massaggiatore,PREP,21602
massaggio,VERB,21606
massimo,ADJ,15661
masticare,PRON,13163
masturbazione,VERB,15429
matematica,VERB,15432
matematico,PREP,21573
materiale,VERB,15431
materiale assorbente,VERB,12325
materiale sintetico,VERB,23229
matita per colorare,VERB,13604
matita per sopracciglia,VERB,14135
matrimonio,VERB,15425
matterello,VERB,22592
mattina,VERB,15655
mattina presto,VERB,15656
mattonella,VERB,24518
maturazione,VERB,15433
matzo,VERB,15434
mausoleo,VERB,21117
mazza da beseball,VERB,12635
me,PREP,14916
me stesso,PREP,14916
meccanico,PREP,23429
medicazione,VERB,15448
medicine,VERB,15448
medico,PREP,13861
medico della riabilitazione,PREP,21579
medico generico,PREP,21581
meditare,PRON,21097
megillah,VERB,15451
meglio,ADJ,12668
mela,VERB,12405
melanzana,VERB,13913
melma,VERB,15672
melone,VERB,15452
membro,PREP,24692
memoria,VERB,23589
memoria digitale,VERB,23475
memorizzare,PRON,23648
mendicante,PREP,25019
meno,ADJ,15195
menopausa,VERB,15453
menorah,VERB,15454
mensola,VERB,16953
mentale,ADJ,15456
mente,VERB,15471
mentire,VERB,15203
mento,VERB,13169
mentre,NOUN,13892
menzogna,VERB,15203
meraviglioso,ADJ,24829
mercato,VERB,23147
merci,VERB,25111
mercoledì,VERB,18216
mercurio,VERB,23149
merlo,VERB,12851
merluzzo,VERB,23044
mescolare,PRON,15481
mese,VERB,15649
mese prossimo,VERB,24921
messaggi di testo,VERB,24509
messaggio,VERB,24484
messale,VERB,21075
messìa,PREP,21043
mestolo,VERB,22573
mestolo per servire,VERB,22571
mestruazioni,VERB,15455
meta,VERB,13935
metafora,VERB,15460
metallo,VERB,15459
metereologia,VERB,21555
metereologo,PREP,21571
metropolitana,VERB,24296
metà,NOUN,24906
mezuzah,VERB,15461
mezzogiorno,VERB,23157
mi scusi,OTHER,15967
mia,PREP,15687
miagolare,PRON,24191
michetta,VERB,16683
microfono,VERB,23902
microscopio,VERB,24487
midgardsomen,VERB,22826
miele,VERB,14889
migliorare,PRON,14931
migliore,ADJ,12668
mini tastiera,VERB,23557
ministro,PREP,24192
minorazione acustica,ADJ,14694
minorazione del linguaggio,ADJ,17225
minuti,VERB,24696
minuto,VERB,15475
mio,VERB,15472
miracolo,VERB,21299
mirtillo,VERB,12866
mirtillo rosso,VERB,13433
miscela,VERB,22377
misericordia,VERB,21292
missionario,PREP,21060
misterioso,ADJ,21298
mistero,VERB,21297
misura,VERB,15443
misurare,PRON,15442
misuratore dell'acqua,VERB,23246
misuratore di pressione,VERB,23170
misurino,VERB,22568
mixer,VERB,22392
mjölner,PREP,22654
mobili,VERB,14416
modesto,ADJ,14910
modo,NOUN,14906
moffetta,VERB,17005
moglie,PREP,18251
mohammed,PREP,21034
molatrice,VERB,22562
molo,VERB,16174
moltiplicare,PRON,15674
moltiplicazione,VERB,15673
moltitudine,VERB,15675
molto,ADJ,15671
mondo,VERB,18278
moneta,VERB,13374
monopattino,VERB,21811
monoteismo,VERB,21025
montacarichi,VERB,14881
montagna,VERB,15663
montare,PRON,16509
montone,VERB,15170
mora,VERB,23417
mordere,PRON,12847
morire,PRON,13672
morso,VERB,24025
mortale,ADJ,15657
morte,ADJ,13642
mosca,VERB,14371
moshav,VERB,15658
mostarda,VERB,22332
mostrare,PRON,16967
mostro,VERB,15486
mosè,PREP,21067
motivo,VERB,13134
moto d'acqua,VERB,21884
moto da neve,VERB,23950
motocicletta,VERB,21810
motocross,VERB,21826
motoscafo,VERB,22074
mountainbike,VERB,21817
mouse comandabile con la testa,VERB,23526
mouse oculare,VERB,23493
movimento,VERB,24702
mucca,VERB,13430
muffin,VERB,22122
muggire,PRON,24194
mulino a vento,VERB,25395
multa,VERB,23082
mummia,VERB,25120
muratore,PREP,23419
muro,VERB,18033
muscolo,VERB,15676
museo,VERB,15677
musica,VERB,15679
musica country,VERB,23841
musica rap,VERB,23934
musica rock,VERB,24663
musicista,PREP,15683
musicoterapeuta,PREP,21598
musulmano,ADJ,15659
mutande,VERB,17971
muto,ADJ,15728
nacchere,VERB,23830
nascita,VERB,12842
nascita prematura,VERB,16243
nascondere,PRON,14710
nascondiglio per animali,VERB,12387
nascondino,VERB,25078
naso,VERB,15732
natale,VERB,13181
naturalismo,VERB,20563
nave,VERB,12869
nave a vapore,VERB,22084
nave cisterna,VERB,22070
nave da carico,VERB,22069
nave da crociera,VERB,22082
nave da spinta,VERB,22081
nave spia,VERB,22079
nave traghetto,VERB,22083
nave vichinga,VERB,22829
navicella spaziale,VERB,16680
navigare a vela,VERB,22049
navigazione,VERB,21801
nazione,VERB,21610
nazioni nordiche,VERB,22619
ne,NOUN,14960
neanche,NOUN,15729
nebbia,VERB,14374
necessario,ADJ,15698
negativo,NOUN,15733
negozio,VERB,17269
negozio di abbigliamento,VERB,23042
negozio di articoli da regalo,VERB,23096
negozio di cibi naturali,VERB,23108
negozio di dolciumi,VERB,23228
negozio di giocattoli,VERB,23241
negozio di liquori,VERB,23145
negozio ecc,VERB,25088
neonata,PREP,12607
neonato,PREP,12603
nero,NOUN,12849
nessuno,PREP,15723
nettuno,VERB,24492
neurologo,PREP,21583
neurone,VERB,25473
neve,VERB,17192
nevicare,PRON,17193
nido,VERB,23558
niente,NOUN,15725
ninfea,VERB,24778
ninna nanna,VERB,23835
nipote,PREP,15707
nissan,VERB,15721
nitrire,PRON,24199
no,OTHER,15722
nocciolo,VERB,16188
noci,VERB,15906
nodo,VERB,24177
noi,PREP,18210
noi stessi,PREP,18212
noioso,ADJ,24827
nome,VERB,15691
nome bliss,VERB,21624
nominato,PRON,24874
non,NOUN,15733
non confortevole,ADJ,17968
non convinto,ADJ,22918
non potere sopportare,PRON,13692
non privato,ADJ,16428
non senso,VERB,15726
nonna,PREP,14627
nonni,PREP,14632
nonno,PREP,14626
nonsense,OTHER,15727
nord,VERB,15730
norvegia,VERB,22612
nostro,PREP,15939
nota musicale,VERB,15682
notizie,VERB,15712
notizie d'attualità,VERB,13625
notte,VERB,15719
notte di natale,VERB,25441
nove,NOUN,8505
novembre,VERB,15735
noè,PREP,21065
nucleo,VERB,15741
nulla,NOUN,15725
numeri di emergenza,VERB,13930
numero,VERB,15742
nuota,VERB,17482
nuotando,VERB,17482
nuotano,VERB,17482
nuotare,PRON,17482
nuotata,VERB,17482
nuotate,VERB,17482
nuotati,VERB,17482
nuotato,VERB,17482
nuotava,VERB,17482
nuotavamo,VERB,17482
nuotavano,VERB,17482
nuotavate,VERB,17482
nuotavi,VERB,17482
nuotavo,VERB,17482
nuoterai,VERB,17482
nuoteranno,VERB,17482
nuoteremo,VERB,17482
nuoterete,VERB,17482
nuoterà,VERB,17482
nuoterò,VERB,17482
nuoti,VERB,17482
nuotiamo,VERB,17482
nuoto,VERB,22053
nuoto sincronizzato,VERB,22056
nuovo,ADJ,15710
nuovo testamento,VERB,21071
nutrire,PRON,14162
nuvola,VERB,13367
nuvoloso,ADJ,13368
nè,NOUN,15706
obbedienza,VERB,21309
obbligare,ADJ,14383
oca,VERB,14458
occhiali,VERB,14443
occhiali da sole,VERB,24767
occhio,VERB,14133
oceano,VERB,15909
oculista,PREP,21578
odia,VERB,14683
odiando,VERB,14683
odiano,VERB,14683
odiare,PRON,14683
odiata,VERB,14683
odiate,VERB,14683
odiati,VERB,14683
odiato,VERB,14683
odiava,VERB,14683
odiavamo,VERB,14683
odiavano,VERB,14683
odiavate,VERB,14683
odiavi,VERB,14683
odiavo,VERB,14683
odierai,VERB,14683
odieranno,VERB,14683
odieremo,VERB,14683
odierete,VERB,14683
odierà,VERB,14683
odierò,VERB,14683
odii,VERB,14683
odiiamo,VERB,14683
odio,VERB,14683
odorare,PRON,17018
odore,VERB,17017
offrire,PRON,22831
oftalmologo,PREP,21578
oggetti,VERB,14457
oggetti per la pulizia,VERB,22397
oggetto non identificato,VERB,17977
oggi,VERB,17744
ogni,NOUN,13893
ogni cosa,NOUN,12360
ognuno,NOUN,13893
ok,ADJ,25129
okra,VERB,24706
olanda,VERB,15708
olio,VERB,15914
oliva,VERB,15917
olocausto,VERB,21612
oltre,ADJ,12670
ombelico,VERB,24198
ombrello,VERB,17966
omelette,VERB,22139
omosessualità,VERB,14887
onda,VERB,21880
ondeggiare,PRON,18252
opera d'arte,VERB,18275
operazione,VERB,15924
opinione,VERB,15925
opossum,VERB,15926
opposizione,VERB,15928
opposto,NOUN,12351
ora,VERB,14904
ordinare,PRON,15935
ore dieci meranda,VERB,17521
orecchino,VERB,25447
orecchio,VERB,13894
organi,VERB,24202
organi genitali maschili,VERB,14433
organizzare,PRON,15935
organo,VERB,23911
orgasmo,VERB,15936
orgoglioso,ADJ,16422
orizzontale,ADJ,23116
orizzonte,VERB,14894
ornamento,VERB,13650
oro,VERB,23100
orologio,VERB,13363
orribile,ADJ,21289
orsetto lavatore,VERB,16450
orso,VERB,12643
ortopedico,PREP,21577
ortottista,PREP,21594
orzo,VERB,24608
oscillare,PRON,17486
ospedale,VERB,14899
osservare,PRON,15908
osservazione,VERB,24846
osso,VERB,12873
ostacoli,VERB,21840
ostrica,VERB,15952
otorinolaringoiatra,PREP,21576
ottavino,VERB,23924
ottico,PREP,23598
otto,NOUN,8504
ottobre,VERB,15910
ovaie,VERB,15947
ovale,VERB,15946
ovatta,VERB,23048
ovest,VERB,18224
ovunque,NOUN,12402
ovviamente,ADJ,13358
ovvio,ADJ,13358
pacco postale,VERB,15966
pace,VERB,15980
padella cinese,VERB,22582
padella per friggere,VERB,22581
padiglione,PREP,21094
padre,PREP,14157
padre adottivo,PREP,14392
padre singolo,PREP,21092
paesaggio,VERB,16731
paga,VERB,18027
pagare,PRON,15979
pagina,VERB,15962
paio,VERB,15959
pala,VERB,16966
pala per vogare,VERB,22067
palazzo,VERB,23437
palcoscenico,VERB,24214
palestra,VERB,14656
palla,VERB,12621
palla a mano,VERB,14669
palla a volo,VERB,21804
palla da rugby,VERB,21807
palla di cibo,VERB,14378
palla di neve,VERB,17194
pallacanestro,VERB,12634
palline di cioccolata,VERB,22343
pallone,VERB,12622
palo dove legare i cavalli,VERB,24911
palpebra,VERB,14136
palude,VERB,17472
pancetta,VERB,12614
panchina,VERB,12665
pancia,VERB,17265
pane,VERB,12895
panificio,VERB,23027
panino,VERB,16683
panno per i piatti,VERB,22398
pannolino,VERB,13670
pantaloncini,VERB,16963
pantaloni,VERB,15961
pantofole,VERB,17013
papa,PREP,21057
papalina,VERB,17004
pappa di fiocchi d'avena,VERB,23621
pappagallino,VERB,15963
pappagallo,VERB,15970
paracadute,VERB,22105
paracadutismo,VERB,22106
paracadutista,PREP,15965
paradiso,VERB,24149
paragomito,VERB,21620
parallelo,VERB,15964
paramento,VERB,21370
paraorecchie,VERB,13897
parcheggiare,PRON,23913
parcheggio,VERB,24206
parco,VERB,15969
parecchi,NOUN,16762
parenti,PREP,16481
parla,VERB,16728
parlando,VERB,16728
parlano,VERB,16728
parlare,PRON,16728
parlare al telefono,PRON,22904
parlata,VERB,16728
parlate,VERB,16728
parlati,VERB,16728
parlato,VERB,16728
parlava,VERB,16728
parlavamo,VERB,16728
parlavano,VERB,16728
parlavate,VERB,16728
parlavi,VERB,16728
parlavo,VERB,16728
parlerai,VERB,16728
parleranno,VERB,16728
parleremo,VERB,16728
parlerete,VERB,16728
parlerà,VERB,16728
parlerò,VERB,16728
parli,VERB,16728
parliamo,VERB,16728
parlo,VERB,16728
parola,VERB,18272
parte,OTHER,15972
parte di,OTHER,15972
parte simbolo bliss,OTHER,12858
parte superiore del braccio,VERB,25507
partecipare,PRON,23917
partenza,VERB,12658
parti del corpo,VERB,24033
pascolo,VERB,15180
pasqua,VERB,13903
pasqua ebraica,VERB,15974
passaporto,VERB,24207
passato,VERB,15975
passeggiero,VERB,23605
passerella,VERB,16174
pasta,VERB,22132
pasta in genere,VERB,22129
pasta sfoglia,VERB,22378
paste dolci,VERB,22124
pastella,VERB,22379
pastinaca,VERB,15971
pasto,VERB,15438
pastore,PREP,23661
patata,VERB,16230
patata dolce,VERB,17480
patatine,VERB,16231
patatine fritte,VERB,14398
patena,VERB,21366
patente di guida,VERB,23853
pattinaggio,VERB,21860
pattinaggio figurato,VERB,21862
pattinaggio veloce,VERB,21861
pattini a rotelle,VERB,16685
pattini per il ghiaccio,VERB,14924
paura,VERB,22912
pausa,VERB,16497
pavimento,VERB,14202
pavone,VERB,15984
pazienza,VERB,15976
peccare,PRON,16989
peccato,VERB,16988
peccatore,PREP,16993
peccatrice,PREP,16993
pecora,VERB,16950
pedale,VERB,23670
pedalò,VERB,22088
pediatra,PREP,21574
pedicure,PREP,21596
peggiorare,PRON,21307
pelare,PRON,15989
peli pubici,VERB,16426
peli sul petto,VERB,24056
pelle,VERB,17001
pellicano,VERB,15990
pelliccia,VERB,14415
pellicola,VERB,14177
pene,VERB,15994
penetrare,PRON,15992
penna,VERB,14160
pennone,VERB,22060
pensa,VERB,17718
pensando,VERB,17718
pensano,VERB,17718
pensare,PRON,17718
pensata,VERB,17718
pensate,VERB,17718
pensati,VERB,17718
pensato,VERB,17718
pensava,VERB,17718
pensavamo,VERB,17718
pensavano,VERB,17718
pensavate,VERB,17718
pensavi,VERB,17718
pensavo,VERB,17718
penserai,VERB,17718
penseranno,VERB,17718
penseremo,VERB,17718
penserete,VERB,17718
penserà,VERB,17718
penserò,VERB,17718
pensi,VERB,17718
pensiamo,VERB,17718
pensiero,ADJ,15456
pensionato,ADJ,25155
pensione,VERB,24489
penso,VERB,17718
pentimento,PRON,16477
pentola,VERB,16229
pentola elettrica,VERB,22580
pentola per cottura a vapore,VERB,22586
pepe,VERB,15996
peperone,VERB,15995
per,NOUN,14381
per favore,OTHER,16204
per imbottire sandwich,VERB,17238
pera,VERB,15986
percentuale,VERB,8484
perchè,NOUN,12647
percussione,VERB,23921
perdere,PRON,15394
perdita,VERB,15396
perdonare,PRON,14388
perdono,VERB,21293
perdono di dio,VERB,21292
perfetto,ADJ,21345
perfezione,VERB,21342
perforare,PRON,16432
pericolo generico,VERB,13632
pericoloso,ADJ,13633
periferica del computer,VERB,23450
periodo,VERB,15212
periodo mestruale,VERB,15455
permesso,VERB,24926
permettere,PRON,15196
pernottare,PRON,17254
perorare una causa,PRON,23013
perpendicolare,VERB,15998
perseveranza,VERB,21318
perseverare,PRON,21319
persona,PREP,16161
persona debole,VERB,16167
persona in piedi,PREP,16166
persuadere,PRON,21311
persuasione,VERB,24927
pesante,ADJ,14698
pesare,PRON,18220
pesca,VERB,14191
pescare,PRON,14190
pescatore,PREP,23509
pesce,VERB,14189
pesce congelato,VERB,22356
pesci,VERB,22648
peso,VERB,18221
peto,VERB,25060
petroliera,VERB,22071
pettinarsi,PRON,13379
pettine,VERB,13378
pezzo,OTHER,15972
phon,VERB,24141
piacere sessuale,VERB,16932
pianerottolo,VERB,23047
pianeta,VERB,22834
piange,VERB,13618
piangendo,VERB,13618
piangerai,VERB,13618
piangeranno,VERB,13618
piangere,PRON,13618
piangeremo,VERB,13618
piangerete,VERB,13618
piangerà,VERB,13618
piangerò,VERB,13618
piangete,VERB,13618
piangeva,VERB,13618
piangevamo,VERB,13618
piangevano,VERB,13618
piangevate,VERB,13618
piangevi,VERB,13618
piangevo,VERB,13618
piangi,VERB,13618
piangiamo,VERB,13618
piango,VERB,13618
piangono,VERB,13618
pianificare,PRON,16195
pianificazione familiare,VERB,14147
piano,VERB,16194
piano finanziario,VERB,23427
pianoforte,VERB,23862
pianta,VERB,16196
piante,VERB,13618
pianti,VERB,13618
pianto,VERB,13618
piatti,VERB,23842
piatto,VERB,13690
piazza,VERB,24281
piccante,ADJ,14901
piccolo,ADJ,15221
piede,VERB,14379
piegare,PRON,14375
pieno,ADJ,13939
pietra,VERB,17266
pigiama,VERB,16442
pigolare,PRON,24060
pila,VERB,12638
pillola,VERB,16176
pillola anticoncezionale,VERB,12845
pilota,PREP,16179
pinguino,VERB,15993
pinza,VERB,16205
pinze da cucina,VERB,22565
pioggia,VERB,16455
piombo,VERB,23137
piovere,PRON,16456
piovoso,ADJ,16458
piovra,VERB,23160
pipa,VERB,16186
pipistrello,VERB,12636
piramide,VERB,16443
pirata,PREP,23616
piscina,VERB,17483
piscina per bambini,VERB,18026
piselli,VERB,15987
pista,VERB,23690
pista ciclabile,VERB,24022
pistola,VERB,14655
pittore,PREP,15958
pittrice,PREP,15958
piu',NOUN,12374
più,ADJ,15654
più lungo,ADJ,15230
placca da forno,VERB,22575
plastica,VERB,16197
plutone,VERB,24498
pluviometro,VERB,23186
pneumatico,VERB,17734
poco,ADJ,14171
poco profondo,ADJ,16935
podologo,PREP,21596
poesia,VERB,16210
poetica,VERB,16211
pointer,VERB,23619
polder,VERB,21539
polenta,VERB,16216
politeismo,VERB,21026
poliziotto,PREP,16217
pollice,VERB,17726
pollo,VERB,13165
polluzioni notturne,VERB,15724
polmoni,VERB,25465
polo nord,VERB,22600
polo sud,VERB,22599
polonia,VERB,25139
polpetta,VERB,15445
polpetta di pesce,VERB,22127
polso,VERB,18284
poltrona,VERB,12578
polvere,VERB,16233
polvere di curry,VERB,22328
polvere di mostarda,VERB,22331
polvere di talco,VERB,17500
polverizzatore,VERB,23954
pomeriggio,VERB,12349
pomodoro,VERB,17749
pompa,VERB,25146
pompare,PRON,25147
pompelmo,VERB,14634
ponente,VERB,18224
ponte,VERB,12902
pop corn,VERB,16221
poppa,VERB,22063
porco,VERB,16175
porcospino,VERB,16222
porridge di riso,VERB,23636
porro,VERB,24476
porta,VERB,13866
porta vaso,VERB,22595
portafoglio,VERB,16438
portamonete,VERB,16438
portare,PRON,12904
portare a termine,PRON,17268
portare via,PRON,17498
portare via con se,PRON,17497
portata principale,VERB,22119
portinaio,PREP,24683
porto,VERB,14678
portogallo,VERB,25140
posacenere,VERB,12587
posate,VERB,13630
positivo,NOUN,16225
posizione,VERB,16224
possedere,PRON,15950
possesso,VERB,24925
possiamo,VERB,13114
possibile,ADJ,25831
possibilità,VERB,15436
possibilmente,ADJ,16226
posso,VERB,13114
possono,VERB,13114
posta,VERB,15198
posteriore,VERB,12609
postino,PREP,15199
posto,VERB,16193
potendo,VERB,13114
potente,VERB,24718
potenza,VERB,16234
potere,PRON,13114
potete,VERB,13114
poteva,VERB,13114
potevamo,VERB,13114
potevano,VERB,13114
potevate,VERB,13114
potevi,VERB,13114
potevo,VERB,13114
potrai,VERB,13114
potranno,VERB,13114
potremo,VERB,13114
potrete,VERB,13114
potrà,VERB,13114
potrò,VERB,13114
potuto,VERB,13114
povero,ADJ,16220
povertà,VERB,21306
pozza,VERB,16219
pozzo,VERB,22631
pranzo,VERB,15405
praticare,PRON,16235
prato,VERB,15180
precedente,ADJ,16239
precipitare,PRON,13436
predicare,PRON,21310
predirre,PRON,21051
preferito,ADJ,14158
pregare,PRON,16236
preghiera,VERB,16237
prego non c'è di che,OTHER,18466
premuroso,ADJ,13402
prendere il sole,PRON,24765
prendere tempo,PRON,13404
prendersi cura,PRON,23059
preoccuparsi,PRON,18281
preoccupato,ADJ,12398
preoccupazione,VERB,23056
preparare,PRON,16244
preparazione,VERB,24929
prepuzio,VERB,14385
presa,VERB,22567
presentare,PRON,23547
presente,VERB,16246
preservativo,VERB,13398
presidente,PREP,24051
presidente del consiglio dei ministri,PREP,24221
presidentessa,PREP,24220
pressione,VERB,23169
prestare,PRON,12877
prestazione,VERB,24402
prestigiatore,PREP,23574
presto,ADJ,17212
prete,PREP,15473
pretendere,PRON,16247
previsioni del tempo,VERB,22637
prezzo,VERB,13417
prigione,VERB,16250
prigioniero,PREP,25145
prima,NOUN,12656
primavera,VERB,17240
primavera calda,VERB,22632
primo,ADJ,14187
principe,PREP,23622
principessa,PREP,23623
privato,ADJ,16251
probabile,ADJ,16252
probabilmente,ADJ,16252
problema,VERB,16253
proccupazione,VERB,18280
procione,VERB,16450
proclamare,PRON,21337
proclamazione,VERB,21338
prodotti fatti a mano,VERB,14672
prodotto chimico,VERB,13158
produrre,PRON,15410
professare,PRON,21049
professione,VERB,21360
profeta,PREP,21050
profetessa,PREP,21050
profezia,VERB,21048
profondo,ADJ,13652
profumo,VERB,15997
progenie,PREP,15912
progenitore,PREP,21325
progenitrice,PREP,21326
progetto,VERB,16194
programma,VERB,16733
programma antivirus,VERB,23403
programma del computer,VERB,23664
programma televisivo,VERB,24773
programmare,PRON,16195
proiettore per diapositive,VERB,16254
promettere,PRON,16417
promozione,VERB,23173
promuovere,PRON,23172
pronto soccorso,VERB,25304
proporre,PRON,17454
proprietà,VERB,24925
prostituzione,VERB,16418
proteggere,PRON,16419
protesi per l'orecchio,VERB,13895
protesta,VERB,23066
protestantesimo,VERB,21039
protestare,PRON,16421
protezione,VERB,16420
protezione ambientale,VERB,24224
provare,PRON,17787
provare emozioni,PRON,14163
provincia,VERB,16423
provocare,PRON,13135
provocare annegamento,PRON,21349
provocare dolore,PRON,14942
prua,VERB,22062
prudere,PRON,24507
prugna,VERB,16208
prugna secca,VERB,16424
psichiatra,PREP,21584
psicologia,VERB,21552
psicologo,PREP,21586
pubblico,ADJ,16427
pubertà,VERB,16425
pulce,VERB,14199
puledro,VERB,24448
pulendo,VERB,13357
puliamo,VERB,13357
pulirai,VERB,13357
puliranno,VERB,13357
pulire,PRON,13357
puliremo,VERB,13357
pulirete,VERB,13357
pulirà,VERB,13357
pulirò,VERB,13357
pulisce,VERB,13357
pulisci,VERB,13357
pulisco,VERB,13357
puliscono,VERB,13357
pulita,VERB,13357
pulite,VERB,13357
puliti,VERB,13357
pulito,ADJ,13356
puliva,VERB,13357
pulivamo,VERB,13357
pulivano,VERB,13357
pulivate,VERB,13357
pulivi,VERB,13357
pulivo,VERB,13357
pullman turistico,VERB,13089
pungere,PRON,16432
punteggio,VERB,16737
punto,NOUN,8486
punto di vista,VERB,16214
punto esclamativo,NOUN,8483
punto interrogativo,VERB,8485
puntura,VERB,16212
puoi,VERB,13114
purim,VERB,16435
puzzare,PRON,17020
puzzle,VERB,16441
può,VERB,13114
quaderno,VERB,15734
quadrato,ADJ,17243
quadro,VERB,16172
qualche volta,ADJ,17208
qualcuno,PREP,12399
quale,NOUN,18239
qualità,VERB,24720
qualunque cosa,NOUN,12400
quando,NOUN,18234
quanti,NOUN,14908
quaresima,VERB,21322
quattro,NOUN,8500
quattro del pomeriggio merenda,VERB,14393
quella,NOUN,17697
quelle,NOUN,17723
quelli,NOUN,17723
quello,NOUN,17697
quest'anno,VERB,17722
questa,NOUN,17720
questa notte,VERB,17753
questa settimana,VERB,17721
queste,NOUN,17711
questi,NOUN,17711
questo,NOUN,17720
questo mese,VERB,24948
qui,NOUN,14708
quieto,ADJ,15982
rabbia,VERB,16449
rabbrividente,ADJ,23440
racchetta,VERB,16452
racchette da neve,VERB,17197
racchette da sci,VERB,17000
raccogliere,PRON,24709
raccolto,VERB,14681
raccomandazione,VERB,12345
radersi,PRON,16945
radiazione elettromagnetica,VERB,13922
radiazione nucleare,VERB,15740
radice,VERB,16688
radio,VERB,16453
rafano,VERB,14898
ragazza,PREP,14439
ragazzo,PREP,12888
raggiungere,PRON,24401
ragionare,PRON,17718
ragno,VERB,17229
ramadan,VERB,21324
rame,VERB,23046
ramo,VERB,12894
rampa,VERB,23629
rana,VERB,14402
rapa,VERB,17958
rapide,VERB,22623
rapido,ADJ,16446
rapporti anali,VERB,12373
rapporto sessuale,VERB,16931
rappresentazione,VERB,16199
rasoio,VERB,16946
rastrello,VERB,16461
ratto muschiato,VERB,15684
ravanello,VERB,16454
ravioli,VERB,22128
razionale,ADJ,15456
razzo,VERB,16680
re,PREP,23559
reale,ADJ,16467
recente,ADJ,16468
recentemente,ADJ,16468
recinto,VERB,13934
recinto con la sabbia,VERB,16717
redentore,PREP,21043
redenzione,VERB,24253
refrigerare,ADJ,13410
regalo,VERB,14437
reggiseno,VERB,12889
regina,PREP,23626
regione pubica,VERB,13615
regione selvaggia,VERB,21351
registratore,VERB,17505
regno unito,VERB,17979
regola,VERB,16697
relativizzare,NOUN,16482
relazione,NOUN,16479
religione,VERB,16483
religioso,ADJ,16484
rendere grazie,PRON,16236
reni,VERB,24176
renna,VERB,16478
repubblica ceca,VERB,25043
residente,PREP,16491
respirare,PRON,12901
respirazione artificiale,VERB,12584
respiro,VERB,12900
responsabilità,VERB,24240
restare,PRON,17254
resurrezione,VERB,21316
rete da pesca,VERB,21357
retina,VERB,23595
retro,NOUN,25364
rettangolare,ADJ,16473
rettangolo,VERB,16472
riassunto,VERB,25179
ribes,VERB,13623
ribesribes,VERB,12666
ricchezza,ADJ,16507
riccio,VERB,14699
ricerca,VERB,24601
ricercare,PRON,24935
ricetta,VERB,16469
ricevere,PRON,14435
ricevimento,VERB,24502
ricezione,VERB,24727
richiedere,PRON,16489
ricordare,PRON,16485
ricordo,VERB,23589
ride,VERB,15178
ridendo,VERB,15178
riderai,VERB,15178
rideranno,VERB,15178
ridere,PRON,15178
rideremo,VERB,15178
riderete,VERB,15178
riderà,VERB,15178
riderò,VERB,15178
ridete,VERB,15178
rideva,VERB,15178
ridevamo,VERB,15178
ridevano,VERB,15178
ridevate,VERB,15178
ridevi,VERB,15178
ridevo,VERB,15178
ridi,VERB,15178
ridiamo,VERB,15178
rido,VERB,15178
ridono,VERB,15178
riempire,PRON,14176
riempito,ADJ,23501
rientrare,PRON,16500
rifare,PRON,23630
rifare il letto,PRON,23575
rifiuti nucleari,VERB,15739
rifiuto,VERB,18043
riflessione,VERB,15476
riflessologo,PREP,21604
riflettere,PRON,22374
riflettore,VERB,22385
riga,VERB,15214
righello,VERB,16698
rigonfiamento,VERB,22362
riguardo a,NOUN,12324
rima,VERB,16502
rimessa,VERB,16955
rimessa per imbarcazioni,VERB,22090
rimorchiatore,VERB,22080
rimorchio,VERB,18028
rincorrere,PRON,25275
ringhiare,PRON,24139
ringraziare,PRON,17532
rinoceronte,VERB,16501
riparare,PRON,14192
ripetere,PRON,16487
ripetizione,VERB,24934
riporre,PRON,16440
riposarsi,PRON,16496
riposo,VERB,16495
ripostiglio,VERB,16955
riproduzione,VERB,16488
risa,VERB,15178
risata,VERB,24824
riscaldare,PRON,14697
rischiare,PRON,23466
risciò,VERB,16508
risiedere,PRON,15223
riso,VERB,16505
risolvere,PRON,17206
rispetto,VERB,16494
rispondere,PRON,12394
risposta,VERB,12393
ristorante,VERB,16498
risultato,VERB,16737
risveglio sessuale,VERB,16929
ritorno,VERB,16499
rituale,VERB,21317
riunione,VERB,14427
riunione religiosa,VERB,21288
riunire,PRON,14426
riuscire,PRON,17450
rivelazione,VERB,21287
rivista,VERB,15407
robot per cucina,VERB,22393
roditore,VERB,14460
rompere,PRON,12896
rosa,NOUN,16184
rosh hashana,VERB,16689
rossetto,VERB,15219
rosso,NOUN,16474
rotolare,PRON,16690
roulotte,VERB,13113
rovine,VERB,23641
rubare,PRON,23637
rubinetto,VERB,24516
ruderi,VERB,23641
rugby,VERB,20593
ruggito,PRON,24248
ruggito leone,PRON,24248
rumore,VERB,24922
rumoroso,ADJ,15397
ruota,VERB,18232
ruttare,PRON,12925
sa,VERB,15161
sabato,VERB,16722
sabbath,VERB,16700
sabbia,VERB,16715
sacco,VERB,16701
sacco a pelo,VERB,17010
sacra famiglia,PREP,21089
sacramento,VERB,21102
sacramento degli ordini sacri,VERB,21107
sacramento del matrimonio,VERB,21108
sacramento dell'assoluzione,VERB,21106
sacramento della estrema unzione,VERB,21109
sacrificare,PRON,22831
sacrificio,VERB,22832
sagittario,VERB,22645
sai,VERB,15161
sala concerto,VERB,13396
sala da bagno,VERB,12637
sala dei giochi,VERB,16203
sala di fisioterapia,VERB,24212
sala giochi,VERB,15482
sala pubblica,VERB,16430
sala ricreazione,VERB,15482
sala riunione,VERB,24465
salario,VERB,18027
salato,ADJ,16712
sale,VERB,20523
salendo,VERB,13360
sali,VERB,13360
saliamo,VERB,13360
salirai,VERB,13360
saliranno,VERB,13360
salire,PRON,13360
saliremo,VERB,13360
salirete,VERB,13360
salirà,VERB,13360
salirò,VERB,13360
salita,VERB,13360
salite,VERB,13360
saliti,VERB,13360
salito,VERB,13360
saliva,VERB,13360
salivamo,VERB,13360
salivano,VERB,13360
salivate,VERB,13360
salivi,VERB,13360
salivo,VERB,13360
salma,VERB,21315
salmo,VERB,21074
salo,VERB,13360
salone del barbiere,VERB,12629
salono,VERB,13360
salsa,VERB,16723
salsa al curry,VERB,22329
salsa di carne,VERB,23586
salsa di erbe,VERB,22323
salsa mostarda,VERB,22330
salsa piccante,VERB,22326
salsiccia,VERB,16726
saltare,PRON,15139
saltellare su una gamba,PRON,14892
salti con gli sci,VERB,21866
salto con l'asta,VERB,21844
salto in alto,VERB,21843
salto in lungo,VERB,21845
salto ostacoli con cavallo,VERB,22096
salutare,ADJ,14691
salute,VERB,14690
salva polso,VERB,24340
salvare,PRON,23648
salvare come,PRON,23649
salvietta,VERB,15692
samosa,VERB,23643
san valentino,VERB,17998
sandali,VERB,16716
sandwich,VERB,16718
sangue,VERB,12861
sanguinare,PRON,12855
sanno,VERB,15161
santificare,PRON,21084
santità,VERB,21082
santità di vita,VERB,21087
santo,ADJ,21041
santo bambino,PREP,21086
sapendo,VERB,15161
sapere,PRON,15161
sapere di,PRON,15161
sapete,VERB,15161
sapeva,VERB,15161
sapevamo,VERB,15161
sapevano,VERB,15161
sapevate,VERB,15161
sapevi,VERB,15161
sapevo,VERB,15161
sapientone,ADJ,21328
sapone,VERB,17200
sapore dolciastro,VERB,22333
sapore ricco,ADJ,16506
saporito,ADJ,20526
sappiamo,VERB,15161
saprai,VERB,15161
sapranno,VERB,15161
sapremo,VERB,15161
saprete,VERB,15161
saprà,VERB,15161
saprò,VERB,15161
saputo,VERB,15161
sarai,VERB,14916
saranno,VERB,14916
saremo,VERB,14916
sarete,VERB,14916
sari,VERB,16720
sarà,VERB,14916
sarò,VERB,14916
sassofono,VERB,23946
saturno,VERB,24505
sazio,ADJ,25312
sbadigliare,PRON,18288
sbagliare,PRON,24444
sbagliato,ADJ,14929
sbaglio,VERB,15479
sbarcare,PRON,23523
sbarco,VERB,25109
sbavare,PRON,24433
scafo,VERB,22065
scala,VERB,15166
scala di misura,VERB,23092
scala mobile,VERB,24096
scalare,PRON,25320
scalare la parete,VERB,22111
scalda acqua,VERB,22587
scalda vivande,VERB,22593
scale,VERB,17247
scalini,VERB,17247
scalino,VERB,24761
scambiare,PRON,14118
scandinavia,VERB,22619
scappare,PRON,25056
scarabeo,VERB,12655
scarpa,VERB,16959
scarponi da sci,VERB,16999
scatola,VERB,12886
scatola dei biscotti,VERB,22591
scatola delle spezie,VERB,17228
scatola per contenere il pranzo,VERB,23573
scatola per le pillole,VERB,25138
scatola per matite,VERB,23166
scavare,PRON,13677
scegliere,PRON,13178
scelta,VERB,13175
scenario,VERB,16731
scendere giu,PRON,13660
schach,VERB,16732
scheletro,VERB,16998
scherma,VERB,21837
schermo sensibile al tatto,VERB,23687
scherzare,PRON,14974
schiaccianoci,VERB,22566
schiacciare,PRON,15427
schiaccire,PRON,13616
schiantarsi,PRON,13439
schiavitù,VERB,25132
schiuma,VERB,23875
schiuma da barba,VERB,16947
schizzare,PRON,17232
sci,VERB,17003
sci d'acqua,VERB,21883
sci di fondo,VERB,21865
sci seduto,VERB,23948
sci stile libero,VERB,21867
sciare con il paracadute,VERB,22113
sciarpa,VERB,16730
scienza,VERB,16735
scienziato,PREP,21559
scimmia,VERB,15485
sciroppo,VERB,22335
sciroppo al cioccolato,VERB,22342
sciroppo d'acero,VERB,22338
sciroppo d'albero,VERB,22337
scivolo,VERB,17011
scodella,VERB,13403
scogliera,VERB,23458
scoglio,VERB,23458
scoiattolo,VERB,13170
scolare,PRON,13872
scommessa,VERB,24413
scommettere,PRON,24414
scomodo,ADJ,17968
scomparire,PRON,21081
scomparsa,VERB,21080
sconosciuto,ADJ,21298
scopa,VERB,12908
scopo,VERB,16437
scopo di replica,VERB,15928
scoreggia,VERB,25060
scorpione,VERB,16738
scottatura solare,VERB,24766
scout,PREP,25370
scozia,VERB,22614
scritta,VERB,18285
scritte,VERB,18285
scritti,VERB,18285
scritto,VERB,18285
scrittore,PREP,23716
scrittrice,PREP,23716
scrivania,VERB,13663
scrive,VERB,18285
scrivendo,VERB,18285
scriverai,VERB,18285
scriveranno,VERB,18285
scrivere,PRON,18285
scrivere a macchina,PRON,23698
scriveremo,VERB,18285
scriverete,VERB,18285
scriverà,VERB,18285
scriverò,VERB,18285
scrivete,VERB,18285
scriveva,VERB,18285
scrivevamo,VERB,18285
scrivevano,VERB,18285
scrivevate,VERB,18285
scrivevi,VERB,18285
scrivevo,VERB,18285
scrivi,VERB,18285
scriviamo,VERB,18285
scrivo,VERB,18285
scrivono,VERB,18285
scroto,VERB,16741
scuderia,VERB,20600
scuffare,VERB,22064
scuola,VERB,16734
scuola di equitazione,VERB,24246
scuola elementare,VERB,23076
scuola materna,VERB,13641
scuro,ADJ,13634
scusa,VERB,14122
scusare,PRON,14123
scusarsi,PRON,12404
se,NOUN,14927
se stesso,PREP,16752
sebbene,NOUN,12367
secchio,VERB,15953
secco,ADJ,13887
secolo,VERB,13144
secondo,VERB,16743
sedano,VERB,13140
sedia,VERB,13148
sedia a dondolo,VERB,16681
sedia a rotelle,VERB,18233
sedia a rotelle elettrica,VERB,13920
sedia per la doccia,VERB,24748
sedile,VERB,16165
sedile per wc,VERB,24770
sega,VERB,16727
segale,VERB,24738
seggiovia,VERB,24050
segnale stradale,VERB,24735
segno,VERB,16977
segretaria,PREP,16746
segreto,VERB,16745
seguire,PRON,14376
sei,NOUN,8502
selezionare tutto,PRON,23659
sella,VERB,22839
sembrare,PRON,16750
seme,VERB,16749
sempre,ADJ,12368
sempreverde,VERB,14116
senior,PREP,24508
seno,VERB,12899
sensazioni,VERB,14164
senso,VERB,15441
sente,VERB,14692
sentendo,VERB,14692
senti,VERB,14692
sentiamo,VERB,14692
sentimenti negativi,ADJ,12615
sentirai,VERB,14692
sentiranno,VERB,14692
sentire,PRON,14692
sentire la mancanza,PRON,15478
sentiremo,VERB,14692
sentirete,VERB,14692
sentirà,VERB,14692
sentirò,VERB,14692
sentita,VERB,14692
sentite,VERB,14692
sentiti,VERB,14692
sentito,VERB,14692
sentiva,VERB,14692
sentivamo,VERB,14692
sentivano,VERB,14692
sentivate,VERB,14692
sentivi,VERB,14692
sentivo,VERB,14692
sento,VERB,14692
sentono,VERB,14692
senza,NOUN,15474
senza fine,ADJ,21331
senza limite,ADJ,14940
separare,PRON,23471
sepoltura,VERB,20579
seppellire,PRON,12926
seppia,VERB,23160
sera,VERB,13950
sera di sabbath sabato,VERB,14113
serbare,PRON,15143
serenità,VERB,15981
serpente,VERB,17189
serra,VERB,14643
servizio,VERB,23203
servizio di guardia,VERB,14650
servizio militare obbligatorio,VERB,15467
sesso orale,VERB,15930
sessualità,VERB,16933
seta,VERB,23211
setaccio,VERB,16976
sete,ADJ,17719
sette,NOUN,8503
settembre,VERB,16761
settimana,VERB,18217
sfidare,PRON,23466
sfumatura,VERB,24746
sgelare,PRON,17699
sguazzare,PRON,17232
shalom,VERB,16936
shavuot,VERB,16948
shiva,PREP,16958
shofar,VERB,16960
shvat,VERB,16971
si,OTHER,18294
sia,VERB,14916
siamo,VERB,14916
siclo,VERB,16952
sicurezza,VERB,16705
sicuro,ADJ,13146
sidecar,VERB,21828
sidro,VERB,22347
siete,VERB,14916
sigaretta,VERB,13346
significare,PRON,15440
significato,VERB,15441
significato opposto,OTHER,15927
sii,VERB,14916
silenzio,ADJ,16447
simbolo bliss,VERB,12857
simchat torah,VERB,16983
simile,NOUN,16713
sinagoga,VERB,17490
singhiozzo,VERB,25075
sinistra,ADJ,15187
sintonizzazione,VERB,17953
sinuoso,ADJ,18253
sirena,PREP,23590
sirene,VERB,14896
siringa,VERB,17491
sistema nervoso centrale,VERB,21585
sistema solare,VERB,22836
siv,PREP,22653
sivan,VERB,16996
sleipner,VERB,22824
slitta,VERB,17007
slitta con cavallo,VERB,21873
slitta per cani,VERB,21874
slitta per il bob,VERB,21872
slitta trainata da cavalli,VERB,21875
slittino,VERB,21870
smalto per unghie,VERB,15690
smerigliatrice,VERB,22562
snack bar,VERB,13104
snow board,VERB,21868
so,VERB,15161
soccorso,PRON,12612
sociologia,VERB,21551
sociologo,PREP,21568
soddisfazione,VERB,16721
soffiare,PRON,12862
soffice,ADJ,17203
soffitto,VERB,13139
soffocare,PRON,13177
soggetto,VERB,23669
soggiorno,VERB,15224
sognare,PRON,13875
soldato,PREP,17204
sole,VERB,17462
soleggiato,ADJ,17465
solido,VERB,17205
solitario,ADJ,15228
sollevamento pesi,VERB,21859
sollevare,PRON,15207
sollevarsi,PRON,16676
solo,ADJ,12363
sommerso,VERB,24854
sonaglio,VERB,23936
sonaglio per bambini,VERB,23935
sonnellino,VERB,17008
sonno,VERB,17008
sono,VERB,14916
sono pronto,ADJ,16466
sopra,NOUN,12591
sopracciglia,VERB,14134
soprannaturale,VERB,21036
sordo,ADJ,13643
sorella,PREP,16994
sorgere del sole,VERB,17466
sorpresa,PRON,17470
sorpreso,ADJ,23962
sorridere,PRON,17021
sottaceto,ADJ,22350
sottile,ADJ,17716
sotto,NOUN,17969
sotto sella,VERB,24252
sottocategoria,VERB,23511
sottoveste,VERB,17012
sottrarre,PRON,17448
sottrazione,VERB,17449
soufganiya,VERB,17215
spaghetti,VERB,17222
spaghetti di riso,VERB,22136
spagna,VERB,25376
spalla,VERB,16964
spalmare,PRON,16695
sparare,PRON,23662
spargere cenere,PRON,21118
spartire,PRON,16941
spasmo,VERB,24275
spaventarsi,PRON,14159
spaventoso,ADJ,25192
spazzaneve,VERB,23951
spazzare,PRON,12913
spazzola,VERB,12912
spazzolare i denti,PRON,12914
spazzolino da denti,VERB,17756
specchio,VERB,20527
speciale,ADJ,17223
specifico,ADJ,17224
spedire,PRON,16759
spegnere,PRON,24299
speranza,VERB,23534
speranza cristiana,VERB,21303
speranzoso,ADJ,23535
sperare,PRON,14893
sperma,VERB,17226
spermatozoo,VERB,16757
spermicida,VERB,17227
spesso,ADJ,14156
spettacolo,VERB,16199
speziato,ADJ,14901
spezie,VERB,22309
spezzare,PRON,12896
spezzato,ADJ,12907
spiaggia,VERB,12640
spiegare,PRON,14130
spilla,VERB,16181
spina,VERB,16207
spina dorsale,VERB,23627
spingere,PRON,16439
spirale,VERB,14963
spirito,VERB,21044
spirito santo,PREP,23114
splendere,VERB,22386
sporcizia,VERB,22910
sporco,ADJ,13683
sport acquatici,VERB,21626
sport aerei,VERB,21796
sport alpini,VERB,21795
sport con barche a motore,VERB,22052
sport con la palla,VERB,21625
sport da tavolo,VERB,21800
sport di contatto,VERB,21627
sport di tiro,VERB,21797
sport equestri,VERB,21629
sport invernali,VERB,21630
sport mentali,VERB,21799
sposa,PREP,17237
sposarsi,PRON,15426
spostare,PRON,15667
spray per capelli,VERB,23880
spruzzare,PRON,23953
spuntino,VERB,17187
sputare,PRON,17231
squadra,PREP,17514
staccionata,VERB,14167
staff,PREP,17246
staffa,VERB,24287
staffetta,VERB,21841
stagioni,VERB,23199
stampante,VERB,17962
stampare,PRON,23624
stampelle,VERB,13617
stampo per torte,VERB,22576
stanco,ADJ,17735
stanza,VERB,16687
stanza da lavoro,VERB,23252
stanza da letto,VERB,12650
stanza degli attrezzi,VERB,24301
stanza della logopedia,VERB,24277
stanza per la terapia occupazionale,VERB,24201
stare in piedi,PRON,17249
stare sdraiato,PRON,15205
stare seduti,PRON,16995
starnutire,PRON,17191
stata,VERB,14916
state,VERB,14916
stati,VERB,14916
stati uniti,VERB,24776
stato,VERB,13423
stazione degli autobus,VERB,24040
stazione ferroviaria,VERB,24314
stecca,VERB,24279
stecca per sport,VERB,17235
stella,VERB,17252
stella di davide,VERB,17251
stelo,VERB,17259
stendere,PRON,24291
sterile,ADJ,14939
sterilizzazione,VERB,17262
sterlina inglese,VERB,16232
stesso rumore,OTHER,16714
stickball,VERB,21803
stipsi,VERB,24070
stirare,PRON,14956
stivali,VERB,12876
stivali da equitazione,VERB,24243
stomaco,VERB,17265
storia,VERB,17272
storico,PREP,21569
strada,VERB,16678
strada pedonale,VERB,24328
straniero,ADJ,24118
strano,ADJ,17274
strega,PREP,23712
stretto,ADJ,15693
stringere a se,VERB,24848
strizzare l'occhio,PRON,18260
strumenti musicali,VERB,15681
strumento,VERB,15406
struttura,VERB,17445
struttura eretta,VERB,17250
struttura per camminare,VERB,18032
struzzo,VERB,15937
studente,PREP,17446
studentessa,PREP,17446
studia,VERB,15184
studiando,VERB,15184
studiano,VERB,15184
studiare,PRON,15184
studiata,VERB,15184
studiate,VERB,15184
studiati,VERB,15184
studiato,VERB,15184
studiava,VERB,15184
studiavamo,VERB,15184
studiavano,VERB,15184
studiavate,VERB,15184
studiavi,VERB,15184
studiavo,VERB,15184
studierai,VERB,15184
studieranno,VERB,15184
studieremo,VERB,15184
studierete,VERB,15184
studierà,VERB,15184
studierò,VERB,15184
studii,VERB,15184
studiiamo,VERB,15184
studio,VERB,15184
stufato,VERB,23668
stupido,ADJ,17447
stuprare,VERB,16462
su,NOUN,12591
su e giu',NOUN,17984
sua,PREP,14716
subito,NOUN,15736
successivo,ADJ,15714
successo,VERB,17451
succo d'uva,VERB,14633
succo di frutta,VERB,14406
succoso,ADJ,22349
sud,VERB,17219
sud africa,VERB,22615
sud america,VERB,22608
sudare,PRON,17474
sudore,VERB,17475
suggerire,PRON,17454
suggestione,VERB,17455
sugo per l'arrosto,VERB,20522
sukkah,VERB,17457
sukkot,VERB,17458
suo,PREP,14715
suona,VERB,17217
suonando,VERB,17217
suonano,VERB,17217
suonare,PRON,17217
suonare uno strumento,PRON,23930
suonata,VERB,17217
suonate,VERB,17217
suonati,VERB,17217
suonato,VERB,17217
suonava,VERB,17217
suonavamo,VERB,17217
suonavano,VERB,17217
suonavate,VERB,17217
suonavi,VERB,17217
suonavo,VERB,17217
suonerai,VERB,17217
suoneranno,VERB,17217
suoneremo,VERB,17217
suonerete,VERB,17217
suonerà,VERB,17217
suonerò,VERB,17217
suoni,VERB,17217
suoniamo,VERB,17217
suono,VERB,17216
suono simile,OTHER,16986
superman,VERB,23528
supermarket,VERB,14645
supplicare,PRON,21334
supporto,VERB,12355
supporto fisico,VERB,12890
supporto per piede e caviglia,VERB,24010
supporto verbale,PRON,23225
sussurrare,PRON,18240
svedese,VERB,23227
sveglia,VERB,13363
svegliarsi,ADJ,12601
svezia,VERB,22617
sviluppare,PRON,13666
sviluppo,VERB,13667
svizzera,VERB,25184
svuotare,PRON,13933
särimner,VERB,22825
tabacco,VERB,17743
tacchino,VERB,17954
tacco,VERB,25455
tacco alto,VERB,25456
taccuino,VERB,15734
tacere,ADJ,16982
taglialegna,PREP,23572
tagliare,PRON,13629
tagliare con le forbici,PRON,13628
tagliare vegetali,PRON,13179
tagliato,ADJ,22383
taglierino,VERB,15159
taglio cesareo,VERB,13103
tahini,VERB,17495
tailandia,VERB,25416
tallit,VERB,17501
tamburello,VERB,23964
tamburo,VERB,23854
tamponare,VERB,13435
tamuz,VERB,17502
tandem,VERB,21816
tanto tempo,ADJ,24181
tappetino,VERB,16696
tappetino per la ginnastica,VERB,14657
tappeto,VERB,14203
tardi,ADJ,15177
tartaruga,VERB,17959
tasca,VERB,16209
tassa,VERB,23230
tassista,PREP,17510
tastiera,VERB,23555
tastiera ampliata,VERB,23556
tastiera del telefono,VERB,23679
tastiera sostitutiva,VERB,23601
tasto,VERB,23553
tasto indietro,PRON,23411
tatuaggio,VERB,25499
tavola,VERB,12868
tavola da surf,VERB,21881
tavola da windsurf,VERB,21882
tavolo,VERB,17493
taxi,VERB,17509
tazza,VERB,13621
te stesso,PREP,18465
teatro,VERB,16970
tecnologia,VERB,25189
tedioso,ADJ,24827
telecomando,VERB,24730
telefonare,PRON,22904
telefono,VERB,17518
telefono cellulare,VERB,23592
telefono senza filo,VERB,23459
telescopio,VERB,22635
televisione,VERB,17519
temperatura,VERB,17520
tempesta,VERB,17271
tempo,VERB,17732
tempo libero,VERB,23141
tempo limitato,VERB,15212
tenaglia,VERB,16205
tenda,VERB,13626
tenendo,VERB,14882
tenere,PRON,14882
tenete,VERB,14882
teneva,VERB,14882
tenevamo,VERB,14882
tenevano,VERB,14882
tenevate,VERB,14882
tenevi,VERB,14882
tenevo,VERB,14882
tengo,VERB,14882
tengono,VERB,14882
teniamo,VERB,14882
tennis sulla spiaggia,VERB,12641
tensiometro,VERB,23075
tentare,PRON,17787
tenuto,VERB,14882
terapia,VERB,21589
terapia occupazionale,VERB,24200
terapista,PREP,17706
terapista del linguaggio,PREP,21590
terapista della comunicazione,PREP,21595
terapista della danza,PREP,21599
terapista occupazionale,PREP,21591
terminato,NOUN,12361
termometro,VERB,17709
terra,VERB,13900
terrai,VERB,14882
terranno,VERB,14882
terrazza,VERB,23815
terremo,VERB,14882
terremoto,VERB,22620
terreno,VERB,13901
terrete,VERB,14882
terrorismo,VERB,24820
terrorista,PREP,17526
terrorizzare,PRON,17527
terrà,VERB,14882
terrò,VERB,14882
teschio,VERB,25492
tesoro,VERB,25143
tessere,PRON,18215
tessuto,VERB,13365
testa,VERB,14661
testare,PRON,24442
testicolo,VERB,17529
testimone,PREP,23251
tetto,VERB,16686
tevet,VERB,17530
tfillim,VERB,17531
thermos,VERB,17710
thor,PREP,22652
tiene,VERB,14882
tieni,VERB,14882
tigre,VERB,17731
timbro,VERB,17248
timbro personale,VERB,16980
timer,VERB,23238
timido,ADJ,13926
timone,VERB,22066
tipo,VERB,17961
tirannosauro,VERB,23699
tirare,PRON,16431
tiro con l'arco,VERB,21856
tisha b'av,VERB,17736
tishrai,VERB,17737
toboga,VERB,21871
toccare,PRON,17761
togli zoccolo,VERB,24156
togliere i semi,PRON,16189
toilette,VERB,17747
tomba,VERB,14638
tonalità,VERB,24746
topo,VERB,12386
torace,VERB,13161
torah,VERB,17760
torcia,VERB,14196
tormenta di neve,VERB,17198
tormentare,PRON,17515
tormento,VERB,14677
torna,VERB,16500
tornando,VERB,16500
tornano,VERB,16500
tornare,PRON,16500
tornata,VERB,16500
tornate,VERB,16500
tornati,VERB,16500
tornato,VERB,16500
tornava,VERB,16500
tornavamo,VERB,16500
tornavano,VERB,16500
tornavate,VERB,16500
tornavi,VERB,16500
tornavo,VERB,16500
tornerai,VERB,16500
torneranno,VERB,16500
torneremo,VERB,16500
tornerete,VERB,16500
tornerà,VERB,16500
tornerò,VERB,16500
torni,VERB,16500
torniamo,VERB,16500
torno,VERB,16500
toro,VERB,12920
torre,VERB,23240
torretta di guardia,VERB,23245
torta,VERB,13106
tossire,PRON,13420
tostapane,VERB,17742
tostare il pane,PRON,17741
touchpad,VERB,23688
tovaglia,VERB,17494
tovaglia da altare,VERB,21369
tovaglietta,VERB,22594
tra,NOUN,12669
trachea,VERB,25505
tradurre,PRON,17769
traffico,VERB,17766
traino delle slitte con i cani,VERB,21877
tram elettrico,VERB,24316
tramonto,VERB,17467
trampolino,VERB,17768
trapano a mano,VERB,25048
trappola,VERB,25199
trasformare,PRON,13152
traslocare in un'altra casa,PRON,24701
trasportare,PRON,13125
trasporti pubblici,VERB,24227
trattare,VERB,17774
trattore,VERB,17765
travaglio,VERB,15165
travestito,PREP,17770
tre,NOUN,8499
treno,VERB,17767
triangolare,ADJ,17777
triangolo,VERB,23968
tribunale,VERB,23052
tribù,VERB,21609
trice,PREP,21602
triceratopo,VERB,23694
triciclo,VERB,17778
triciclo elettrico,VERB,21812
trifoglio,VERB,16939
trinità,VERB,23115
triste,ADJ,16702
tristezza,VERB,16703
tromba,VERB,23971
tronco,VERB,17783
troppo,ADJ,17754
trottare,PRON,24319
trottola,VERB,17759
trovare,PRON,14179
trucco,VERB,15413
trucco per gli occhi,VERB,14137
tu,PREP,18299
tube di falloppio,VERB,14143
tuberi,VERB,18005
tubetto,VERB,23927
tubo,VERB,16187
tuffi,VERB,22055
tuffo sincronizzato,VERB,22054
tuo,PREP,18471
tuoi,PREP,18472
tuono,VERB,17727
turbato,ADJ,17985
turbina,VERB,25395
turchia,VERB,25206
turno,VERB,17956
tuta da lavoro,VERB,12411
tuta da neve,VERB,17199
tuttavia,NOUN,17708
tutti,NOUN,14117
tutto,NOUN,12360
tyr,PREP,22820
tè,VERB,17511
tè del mattino,VERB,17521
tè del pomeriggio,VERB,14393
ubbidire,PRON,15907
ubriaco,ADJ,13886
uccellino,VERB,24447
uccello,VERB,12837
uccello canoro,VERB,17211
uccello selvatico,VERB,12841
uccello sialia,VERB,12867
uccidere,PRON,15148
ucraina,VERB,25207
ufficio,VERB,15911
ufficio postale,VERB,16228
uguale,NOUN,16713
ultimo,ADJ,15173
ultimo dell'anno,VERB,25475
umile,ADJ,14910
umore,VERB,15650
un,NOUN,12321
un mezzo,NOUN,24906
un peso,VERB,18222
un quarto,NOUN,24932
una,NOUN,8497
una volta,ADJ,15919
ungheria,VERB,24165
unghia del dito,VERB,24114
unità,VERB,17978
unità abitativa,PREP,21094
universale,ADJ,21380
università,VERB,17980
universo,VERB,24520
uno,NOUN,8497
uomo,ADJ,15414
uomo di neve,VERB,17196
uova fritte,VERB,22138
uova in camicia,VERB,22141
uovo,VERB,13911
uovo sodo,VERB,22137
uovo strapazzato,VERB,22140
uragano,VERB,23887
urano,VERB,24521
uretra,VERB,17988
urna,VERB,21281
urtare,PRON,24423
usare,PRON,17991
uscendo,VERB,14126
usciamo,VERB,14126
uscirai,VERB,14126
usciranno,VERB,14126
uscire,PRON,14126
usciremo,VERB,14126
uscirete,VERB,14126
uscirà,VERB,14126
uscirò,VERB,14126
uscita,VERB,14126
uscite,VERB,14126
usciti,VERB,14126
uscito,VERB,14126
usciva,VERB,14126
uscivamo,VERB,14126
uscivano,VERB,14126
uscivate,VERB,14126
uscivi,VERB,14126
uscivo,VERB,14126
uso,VERB,24847
utensile,VERB,17755
utensili,VERB,17993
utero,VERB,17994
uva,VERB,14635
uva passa,VERB,16460
va,VERB,12343
va bene,ADJ,25129
vacanze,VERB,17995
vado,VERB,12343
vagina,VERB,17996
vai,VERB,12343
valhall,VERB,22827
valigia,VERB,12618
valigia ventiquattrore,VERB,23420
valle,VERB,17999
valore,VERB,13949
valutare,PRON,13947
valutazione,VERB,13949
vampiro,PREP,25209
vangelo,VERB,21076
vaniglia,VERB,22314
vanno,VERB,12343
vapore,VERB,17255
vasca da bagno,VERB,24809
vasectomia,VERB,18002
vasetto,VERB,24717
vaso,VERB,21282
vassoio,VERB,17773
vassoio sacro,VERB,21366
vecchio,ADJ,15915
vecchio testamento,VERB,21070
vede,VERB,16747
vedendo,VERB,16747
vedere,PRON,16747
vedete,VERB,16747
vedeva,VERB,16747
vedevamo,VERB,16747
vedevano,VERB,16747
vedevate,VERB,16747
vedevi,VERB,16747
vedevo,VERB,16747
vedi,VERB,16747
vediamo,VERB,16747
vedo,VERB,16747
vedono,VERB,16747
vedrai,VERB,16747
vedranno,VERB,16747
vedremo,VERB,16747
vedrete,VERB,16747
vedrà,VERB,16747
vedrò,VERB,16747
veduta aerea,VERB,24602
vegetali,VERB,18004
vegetali a foglia,VERB,15200
vegetali a forma cilindrica,VERB,18007
vegetali farciti,VERB,23505
veicolo,VERB,18010
vela,VERB,16706
velenoso,VERB,16215
velo da sposa,VERB,21614
veloce,ADJ,16446
velocemente,ADJ,16446
velocità,VERB,23216
vendere,PRON,16756
vendita,VERB,23069
venendo,VERB,13383
venerdì,VERB,14400
venerdì santo,VERB,14455
venere,VERB,24522
vengo,VERB,13383
vengono,VERB,13383
veniamo,VERB,13383
venire,PRON,13383
venite,VERB,13383
veniva,VERB,13383
venivamo,VERB,13383
venivano,VERB,13383
venivate,VERB,13383
venivi,VERB,13383
venivo,VERB,13383
ventaglio,VERB,14149
ventilatore,VERB,24104
vento,VERB,18255
venuta,VERB,13383
venute,VERB,13383
venuti,VERB,13383
venuto,VERB,13383
veramente,ADJ,17782
verde,NOUN,14641
vergine,VERB,22642
vergine maria,PREP,21046
verginità,VERB,18015
vergogna,VERB,16937
verità,VERB,17786
verme,VERB,18279
vernice,VERB,15956
vero,ADJ,17782
verrai,VERB,13383
verranno,VERB,13383
verremo,VERB,13383
verrete,VERB,13383
verrà,VERB,13383
verrò,VERB,13383
verso,NOUN,17739
verticale,ADJ,23249
vescica,VERB,12853
vescica seminale,VERB,16758
vescovo,PREP,21056
vessazione,VERB,14677
vestaglia,VERB,13879
vestirsi,PRON,13877
vestiti,VERB,13366
vestiti da bagno,VERB,17484
vestito,VERB,13876
vestito due pezzi,VERB,17456
veterinario,PREP,25392
vetro,VERB,14441
vezzeggiare,PRON,17443
via,NOUN,12602
viaggia,VERB,17772
viaggiando,VERB,17772
viaggiano,VERB,17772
viaggiare,PRON,17772
viaggiata,VERB,17772
viaggiate,VERB,17772
viaggiati,VERB,17772
viaggiato,VERB,17772
viaggiatore,PREP,23693
viaggiava,VERB,17772
viaggiavamo,VERB,17772
viaggiavano,VERB,17772
viaggiavate,VERB,17772
viaggiavi,VERB,17772
viaggiavo,VERB,17772
viaggierai,VERB,17772
viaggieranno,VERB,17772
viaggieremo,VERB,17772
viaggierete,VERB,17772
viaggierà,VERB,17772
viaggierò,VERB,17772
viaggii,VERB,17772
viaggiiamo,VERB,17772
viaggio,VERB,17779
vibrare qualcosa,PRON,16934
vichingo,PREP,22828
vicini,PREP,15705
vicino,ADJ,14951
vicino fisiscamente,ADJ,15697
video registratore,VERB,18011
viene,VERB,13383
vieni,VERB,13383
vigile,ADJ,18046
viglie del fuoco,PREP,14184
villaggio,VERB,18012
vincere,PRON,18254
vino,VERB,18258
vino frizzante,VERB,22345
viola,NOUN,16436
violentare,VERB,16462
violetto,NOUN,18014
violino,VERB,23983
violoncello,VERB,23834
virgola,NOUN,8487
virus,VERB,24524
virus del computer,VERB,23711
vishnu,PREP,18016
visione,VERB,21300
visione della vita,VERB,21607
visita,VERB,24859
visitatore,PREP,18018
vista,VERB,16747
viste,VERB,16747
visti,VERB,16747
visto,VERB,16747
vita,VERB,15206
vita eterna,VERB,13945
vite,VERB,16739
vitello,VERB,18003
vivaio,VERB,23091
vivere,PRON,15223
vocazione,VERB,21359
voce,VERB,23984
voga,VERB,22051
vogliamo,VERB,18035
voglio,VERB,18035
vogliono,VERB,18035
voi,PREP,18298
voi stessi,PREP,18302
volante,ADJ,14373
volare,PRON,14372
volare con la mongolfiera,VERB,22108
volatile domestico,VERB,12838
volatile protetto,VERB,12839
volendo,VERB,18035
volere,PRON,18035
volere bene,PRON,15210
volete,VERB,18035
voleva,VERB,18035
volevamo,VERB,18035
volevano,VERB,18035
volevate,VERB,18035
volevi,VERB,18035
volevo,VERB,18035
volo planato,VERB,22112
volontario,PREP,18021
volpe,VERB,14394
voltaggio,VERB,25396
voltare,PRON,17957
voluta,VERB,18035
volute,VERB,18035
voluti,VERB,18035
voluto,VERB,18035
vomitare,PRON,18022
vorrai,VERB,18035
vorranno,VERB,18035
vorremo,VERB,18035
vorrete,VERB,18035
vorrà,VERB,18035
vorrò,VERB,18035
vostro,PREP,18470
voyerismo,VERB,18023
vulcano,VERB,18020
vuoi,VERB,18035
vuole,VERB,18035
vuoto,ADJ,13932
wafer,VERB,22126
wind surf,VERB,21885
woden,PREP,22650
wow grandioso,OTHER,18282
xilofono,VERB,23986
yahrzeit,VERB,18286
yen,VERB,18293
yogurt,VERB,18296
yogurt alla frutta,VERB,14407
yom kippur,VERB,18297
zaino,VERB,12611
zampa,VERB,15978
zenzero,VERB,22318
zero,NOUN,8496
zia,PREP,12596
zio,PREP,17967
zoccolo,VERB,24155
zoologia,VERB,21549
zoologo,PREP,21566
zucca,VERB,17244
zucchero,VERB,17453
zuppa,VERB,17218
àncora,VERB,24604
è,VERB,14916
è chiaro,ADJ,14961
