lemma,pos,bci_av_id
a,NOUN,8521
a_,NOUN,8521
abattoir,VERB,25801
abattoir's,VERB,25801
abattoirs,VERB,25801
abdomen,VERB,17265
abdomen's,VERB,17265
abdomens,VERB,17265
abilities,VERB,25520
ability,VERB,12322
ability's,VERB,25520
ability_,VERB,25520
aboard,ADJ,23401
abortion,VERB,12323
abortion's,VERB,12323
abortion_,VERB,12323
abortions,VERB,12323
about,NOUN,12324
above,NOUN,15948
above's,VERB,15948
abraham,PREP,21066
abraham's,VERB,21066
abrasive,VERB,29556
abrasive's,VERB,29556
abrasive_,PRON,29556
abrasively,VERB,29556
abrasiveness,VERB,29556
abrasives,VERB,29556
abrupt,ADJ,17452
abrupter,VERB,17452
abruptest,VERB,17452
abruptly,VERB,17452
abruptness,VERB,17452
abseiling,VERB,22110
absence,VERB,26306
absence's,VERB,26306
absences,VERB,26306
absorb,PRON,13940
absorbed,VERB,13940
absorbent_material,VERB,12325
absorbing,VERB,13940
absorbs,VERB,13940
abstention,VERB,21308
abstention's,VERB,21308
abstentions,VERB,21308
abstinence,VERB,12326
abstinence's,VERB,12326
abstract,VERB,25179
abstract's,VERB,25179
abstracted,VERB,25179
abstracting,VERB,25179
abstractly,VERB,25179
abstractness,VERB,25179
abstracts,VERB,25179
abuse,VERB,12327
abused,VERB,12327
abuses,VERB,12327
abusing,VERB,12327
abusive,VERB,12327
ac,VERB,25256
academic,PREP,21559
academic's,VERB,21559
academics,VERB,21559
accept,VERB,26280
accept-,PRON,26280
acceptable,VERB,26280
accepted,VERB,26280
accepting,VERB,26280
accepts,VERB,26280
access,VERB,25002
access's,VERB,25002
access-,PRON,25001
accessed,VERB,25002
accesses,VERB,25002
accessibility,VERB,25002
accessibility's,VERB,25002
accessible,ADJ,25003
accessing,VERB,25002
accessories,VERB,12328
accessory,VERB,12328
accessory's,VERB,12328
accident,VERB,12329
accident's,VERB,12329
accidents,VERB,12329
accordion,VERB,23802
accordion's,VERB,23802
accordions,VERB,23802
account,VERB,12330
account's,VERB,12330
accountable,VERB,12330
accountant,PREP,24018
accountant's,VERB,24018
accountants,VERB,24018
accounted,VERB,12330
accounting,VERB,12330
accounts,VERB,12330
accurate,ADJ,13416
accurately,VERB,13416
accusation,VERB,23001
accusation's,VERB,23002
accusation_,VERB,23002
accusations,VERB,23002
accuse,VERB,23004
accuse-,PRON,23003
accuse_,PRON,23004
accused,VERB,23004
accuser,VERB,23004
accusers,VERB,23004
accuses,VERB,23004
accusing,VERB,23004
ache,VERB,12331
ache's,VERB,12331
ached,VERB,12331
aches,VERB,12331
achievable,VERB,24401
achieve,VERB,24401
achieve-,PRON,24401
achieved,VERB,24401
achievement,VERB,24402
achievement's,VERB,24402
achievements,VERB,24402
achiever,VERB,24401
achievers,VERB,24401
achieves,VERB,24401
achieving,VERB,24401
aching,VERB,12331
acid,ADJ,16944
acid's,VERB,16944
acidly,VERB,16944
acids,VERB,16944
acne,VERB,12332
acne's,VERB,12332
acquirable,VERB,14435
acquire,PRON,14435
acquired,VERB,14435
acquirement,VERB,14435
acquirer,VERB,14435
acquirers,VERB,14435
acquires,VERB,14435
acquiring,VERB,24727
acrobat,PREP,24001
acrobat's,VERB,24001
acrobatics,VERB,24002
acrobatics's,VERB,24002
acrobats,VERB,24001
acrophobia,VERB,26169
acrophobia's,VERB,26169
across,NOUN,12333
act,VERB,12334
act-,PRON,13860
act_in_favour_of,VERB,23006
act_in_favour_of_-,PRON,23006
acted,VERB,13860
acting,VERB,13860
action,VERB,12334
action's,VERB,12334
action_film,VERB,26319
action_movie,VERB,26319
actions,VERB,12334
active,ADJ,12336
actively,ADJ,12336
activity,VERB,12335
activity's,VERB,12335
activity_centre,VERB,23008
activity_centre_,VERB,23009
activity_under_water,VERB,25868
actor,PREP,25650
actor's,VERB,25650
actors,VERB,25650
acts,VERB,13860
acupuncturist,PREP,21605
acupuncturist's,VERB,21605
acupuncturists,VERB,21605
adam,PREP,21063
adam's,VERB,21063
adams,VERB,21063
adar,VERB,12337
adar's,VERB,12337
add,PRON,12338
addable,VERB,12338
added,VERB,12338
adder,VERB,12338
adders,VERB,12338
addict,PREP,24403
addict's,VERB,24403
addicted,VERB,24403
addicting,VERB,24403
addiction,VERB,24404
addiction's,VERB,24404
addictions,VERB,24404
addictive,VERB,24403
addicts,VERB,24403
adding,VERB,24003
addition,VERB,12339
addition's,VERB,12339
additions,VERB,12339
additive,VERB,24003
additive's,VERB,24003
additives,VERB,24003
address,VERB,23402
address-,ADJ,29501
address_book,VERB,29001
addressed,VERB,29501
addresses,VERB,29501
addressing,VERB,29501
adds,VERB,12338
adhesive,VERB,14447
adhesive's,VERB,14447
adhesive_tape,VERB,29075
adhesiveness,VERB,14447
adhesives,VERB,14447
adjective,VERB,27002
adjective's,VERB,27002
adjectives,VERB,27002
admiration,VERB,16494
admiration's,VERB,16494
adolescence,VERB,12340
adolescence's,VERB,12340
adolescences,VERB,12340
adolescent,PREP,17516
adolescent's,VERB,17516
adolescents,VERB,17516
adopt,VERB,25004
adopt-,PRON,25004
adopted,VERB,25004
adopting,VERB,25004
adoption,VERB,25005
adoption's,VERB,25005
adoptions,VERB,25005
adoptive,VERB,25004
adopts,VERB,25004
adult,PREP,12341
adult's,VERB,12341
adults,VERB,12341
advance,PRON,12343
advance's,VERB,12343
advance_fast,PRON,25954
advanced,VERB,12343
advancement,VERB,12343
advances,VERB,12343
advancing,VERB,12343
advent,VERB,24004
advent's,VERB,24004
advents,VERB,24004
adventure,VERB,25006
adventure's,VERB,25006
adventure_,VERB,24601
adventured,VERB,25006
adventurer,VERB,25006
adventurers,VERB,25006
adventures,VERB,25006
adventuring,VERB,25006
adventurous,ADJ,25007
adventurously,VERB,25007
adventurousness,VERB,25007
adverb,VERB,27003
adverb's,VERB,27003
adverbs,VERB,27003
adverse,ADJ,29502
adversely,VERB,29502
adverseness,VERB,29502
adverser,VERB,29502
adversest,VERB,29502
adversities,VERB,25545
adversity,VERB,25545
adversity's,VERB,25545
advertisement,VERB,12344
advertisement's,VERB,12344
advertisements,VERB,12344
advice,VERB,12345
advice's,VERB,12345
advisable,VERB,12346
advise,PRON,12346
advised,VERB,12346
advisement,VERB,12346
adviser,PREP,13421
adviser's,VERB,13421
advisers,VERB,12346
advises,VERB,12346
advising,VERB,12346
advocacy,VERB,24871
advocacy's,VERB,24871
advocate,PREP,23012
advocate's,VERB,23015
advocate-,PRON,23013
advocate_,PREP,23014
advocate_-,PRON,23015
advocated,VERB,23015
advocates,VERB,23015
advocating,VERB,23015
aegir,PREP,22821
aerial,VERB,24602
aerial's,VERB,24602
aerially,VERB,24602
aerials,VERB,24602
aeroplane,VERB,12357
affect,VERB,25736
affect-,PRON,25736
affected,ADJ,25737
affectedly,VERB,25737
affecting,VERB,25736
affection,VERB,15399
affection's,VERB,15399
affects,VERB,25736
affix,VERB,27004
affix's,VERB,27004
affixed,VERB,27004
affixes,VERB,27004
affixing,VERB,27004
afghanistan,VERB,25008
afghanistan's,VERB,25008
afloat,ADJ,26103
afraid,ADJ,12347
africa,VERB,22602
africa's,VERB,22602
after,NOUN,12348
after_school_club,VERB,23010
afternoon,VERB,12349
afternoon's,VERB,12349
afternoons,VERB,12349
afterwards,ADJ,29002
again,NOUN,12350
against,NOUN,12351
age,VERB,25840
age's,VERB,25840
aged,VERB,25840
agenda,VERB,24603
agenda's,VERB,24603
agendas,VERB,24603
ages,VERB,25840
aging,VERB,25840
agings,VERB,25840
agitation,VERB,24822
agitation's,VERB,24822
agnosticism,VERB,24005
agnosticism's,VERB,24005
ago,NOUN,12352
agree,VERB,12353
agree-,PRON,12353
agreeable,VERB,12353
agreed,ADJ,24808
agreement,VERB,12354
agreement's,VERB,24006
agreement_,VERB,24006
agreements,VERB,24006
agrees,VERB,12353
aid,VERB,12355
aid's,VERB,12355
aid_store_room,VERB,24008
aide,PREP,14706
aide's,VERB,14706
aided,VERB,12355
aides,VERB,14706
aiding,VERB,12355
aids,VERB,12355
aim,VERB,28001
aim's,VERB,28001
aimed,VERB,28001
aiming,VERB,28001
aims,VERB,28001
air,VERB,12356
air's,VERB,12356
air_crash,VERB,13437
air_crash_,VERB,13437
air_force,PREP,25250
air_traffic_controller,PREP,25252
air_travel,VERB,29303
aired,VERB,12356
airforce,PREP,25250
airier,VERB,29503
airiest,VERB,29503
airiness,VERB,29503
airing,VERB,12356
airing_cupboard,VERB,24088
airings,VERB,12356
airline_ticket,VERB,29302
airplane,VERB,12357
airplane's,VERB,12357
airplane_landing,VERB,15171
airplane_take-off,VERB,17499
airplanes,VERB,12357
airport,VERB,12358
airport's,VERB,12358
airport_terminal,VERB,25251
airports,VERB,12358
airs,VERB,12356
airy,ADJ,29503
ajar,ADJ,25009
alarm,VERB,25253
alarm's,VERB,25253
alarmed,VERB,25253
alarming,VERB,25253
alarms,VERB,25253
albumin,VERB,26302
albumin's,VERB,26302
alcohol,VERB,25010
alcohol's,VERB,29402
alcohol_,VERB,29402
alcohol_abuse,VERB,24406
alcohol_addiction,VERB,24405
alcoholic_beverage,VERB,12359
alcoholic_drink,VERB,12359
alcoholism,VERB,24405
alcoholism's,VERB,24405
alcohols,VERB,29402
alert,ADJ,18046
alert's,VERB,18046
alerted,VERB,18046
alerting,VERB,18046
alertly,VERB,18046
alertness,VERB,24949
alertness's,VERB,24949
alerts,VERB,18046
alice,VERB,25651
alice's,VERB,25651
alice_,PREP,25651
alike,OTHER,16984
alive,ADJ,27005
all,NOUN,12360
all's,VERB,12360
all-terrain_bike,VERB,21818
all_done,ADJ,24844
all_gone,NOUN,12361
all_knowing,ADJ,21328
all_powerful,ADJ,21329
all_right,ADJ,14463
all_saints'_day,VERB,26120
allah,PREP,21035
allah's,VERB,21035
allegories,VERB,25876
allegory,VERB,25876
allegory's,VERB,25876
allergies,VERB,24407
allergy,VERB,24407
allergy's,VERB,24407
alligator,VERB,12362
alligator's,VERB,12362
alligators,VERB,12362
allow,PRON,15196
allowable,ADJ,28002
allowance,VERB,24926
allowance's,VERB,25593
allowance_,VERB,25593
allowances,VERB,25593
allowed,ADJ,28003
allowing,VERB,15196
allows,VERB,15196
almost,ADJ,15697
alone,ADJ,12363
along_with,NOUN,12364
alpana,VERB,12365
alphabet,VERB,12366
alphabet's,VERB,12366
alphabets,VERB,12366
alright,ADJ,25129
also,NOUN,12374
altar,VERB,21368
altar's,VERB,21368
altar_cloth,VERB,21369
altars,VERB,21368
alter,PRON,13152
alterable,VERB,13152
alteration,VERB,13151
alteration's,VERB,13151
alterations,VERB,13151
altered,VERB,13152
altering,VERB,13152
alternate,VERB,24759
alternate's,VERB,29003
alternate_,PRON,29003
alternated,VERB,29003
alternately,VERB,29003
alternates,VERB,29003
alternating,ADJ,29580
alternating_current,VERB,25256
alternation,NOUN,12610
alternation's,VERB,29004
alternation_,VERB,29004
alternations,VERB,29003
alternative,VERB,29003
alters,VERB,13152
although,NOUN,12367
altimeter,VERB,23018
altimeter's,VERB,23018
altimeters,VERB,23018
altitude,VERB,25726
altitude's,VERB,25726
altitudes,VERB,25726
alto,VERB,23803
alto's,VERB,23803
altos,VERB,23803
altruism,VERB,25652
altruism's,VERB,25652
aluminium_foil,VERB,27006
always,ADJ,12368
am,PRON,12639
ambulance,VERB,12369
ambulance's,VERB,12369
ambulances,VERB,12369
amen,OTHER,21312
amenable,VERB,21312
amenorrhea,VERB,12370
ammeter,VERB,25258
ammeter's,VERB,25258
ammeters,VERB,25258
amnesia,VERB,24899
amnesia's,VERB,24899
among,NOUN,25653
amongst,NOUN,25653
amphibian,VERB,12371
amphibian's,VERB,12371
amphibians,VERB,12371
amplifier,VERB,23804
amplifier's,VERB,23804
amplifier_,VERB,23804
amplitude,VERB,25259
amplitude's,VERB,25259
amplitudes,VERB,25259
ampullae,VERB,21365
amuse,PRON,12372
amused,VERB,12372
amusement,VERB,12372
amusement_park,VERB,28004
amuses,VERB,12372
amusing,VERB,12372
an,NOUN,12321
anaesthesia,VERB,27007
anaesthetic,VERB,27008
anal_intercourse,VERB,12373
anarthria,VERB,25588
ancestor,PREP,21327
ancestor's,VERB,21327
ancestors,VERB,21327
anchor,VERB,24604
anchor's,VERB,24604
anchored,VERB,24604
anchoring,VERB,24604
anchors,VERB,24604
and,NOUN,12374
anemometer,VERB,23019
anemometer's,VERB,23019
anemometers,VERB,23019
angel,VERB,12375
angel's,VERB,12375
angel_,PREP,12375
angels,VERB,12375
angle,VERB,12376
angle's,VERB,16674
angle_,VERB,16674
angled,VERB,16674
angler,VERB,16674
anglers,VERB,16674
angles,VERB,16674
angling,VERB,29310
angling's,VERB,29311
angling_,VERB,29311
angrier,VERB,12377
angriest,VERB,12377
angrily,ADJ,12377
angry,ADJ,12377
animal,VERB,12378
animal's,VERB,12379
animal_,VERB,12379
animal_droppings,VERB,24009
animal_skin,VERB,12387
animal_sound,VERB,29409
animals,VERB,12379
animated_picture,VERB,23435
ankle,VERB,12391
ankle's,VERB,12391
ankle_splint,VERB,24010
ankles,VERB,12391
annex,VERB,23409
annex's,VERB,23409
annexed,VERB,23409
annexes,VERB,23409
annexing,VERB,23409
anniversaries,VERB,12392
anniversary,VERB,12392
anniversary's,VERB,12392
announce,VERB,21337
announce-,PRON,21337
announced,VERB,21337
announcement,VERB,21338
announcement's,VERB,21338
announcements,VERB,21338
announcer,VERB,21337
announcers,VERB,21337
announces,VERB,21337
announcing,VERB,21337
annoy,VERB,29537
annoy-,PRON,29537
annoyance,PRON,29540
annoyance's,VERB,29540
annoyances,VERB,29540
annoyed,VERB,29537
annoying,VERB,29537
annoys,VERB,29537
annul,PRON,13665
annulment,VERB,13665
annuls,VERB,13665
another,VERB,15938
another_,PREP,15938
another_time,NOUN,29005
ans,VERB,12321
answer,VERB,12393
answer's,VERB,12393
answerable,VERB,12393
answered,VERB,12393
answering,VERB,12393
answers,VERB,12393
ant,VERB,12395
ant's,VERB,12395
antarctic,VERB,22603
anted,VERB,12395
antenna,VERB,24602
antenna's,VERB,24602
antennas,VERB,24602
anthropologist,PREP,24840
anthropologist's,VERB,24840
anthropologists,VERB,24840
anthropology,VERB,21548
anthropology's,VERB,21548
anti-virus_program,VERB,23403
anticipate,VERB,14127
anticipate-,PRON,14127
anticipated,VERB,14127
anticipates,VERB,14127
anticipating,VERB,14127
anticipation,VERB,14128
anticipation's,VERB,14128
anticipations,VERB,14127
anticipatory_grief,VERB,29338
antiseptic,VERB,25047
antiseptic's,VERB,25047
antiseptics,VERB,25047
antler,VERB,21061
antler's,VERB,21061
antlered,VERB,21061
antlers,VERB,21061
ants,VERB,12395
anus,VERB,12396
anus's,VERB,12396
anuses,VERB,12396
anxieties,VERB,12397
anxiety,VERB,12397
anxiety's,VERB,12397
anxious,ADJ,12398
anxiously,ADJ,12398
anxiousness,VERB,12398
any,NOUN,12321
any_day,VERB,23021
anybodies,VERB,12399
anybody,PREP,12399
anybody's,VERB,12399
anyone,PREP,12399
anyone's,VERB,12399
anyplace,NOUN,12402
anything,NOUN,12400
anything's,VERB,12400
anythings,VERB,12400
anytime,NOUN,12401
anywhere,NOUN,12402
apartment,VERB,12403
apartment's,VERB,12403
apartment_block,VERB,23022
apartments,VERB,12403
ape,VERB,15485
ape's,VERB,15485
aped,VERB,15485
apes,VERB,15485
aping,VERB,15485
apologise,PRON,12404
apologize,PRON,12404
apologized,VERB,12404
apologizes,VERB,12404
apologizing,VERB,12404
aport,ADJ,24963
apostle,PREP,21059
apostle's,VERB,21059
apostles,VERB,21059
apostrophe,NOUN,8489
apostrophe's,VERB,8489
apostrophes,VERB,8489
app,VERB,23664
app's,VERB,23664
apparent,ADJ,14961
apparently,VERB,14961
apparition,VERB,21300
apparition's,VERB,21300
apparitions,VERB,21300
appear,VERB,21079
appear-,PRON,21079
appearance,VERB,21078
appearance's,VERB,21078
appearances,VERB,21078
appeared,VERB,21079
appearing,VERB,21079
appears,VERB,21079
append,PRON,14154
appended,ADJ,17746
appending,VERB,14154
appendix,VERB,23409
appendix's,VERB,23409
appendixes,VERB,23409
appends,VERB,14154
appetizer,VERB,22118
appetizer's,VERB,22118
appetizers,VERB,22118
appetizing,ADJ,20526
appetizingly,VERB,20526
applaud,PRON,25012
applauded,VERB,25012
applauder,VERB,25012
applauders,VERB,25012
applauding,VERB,25012
applauds,VERB,25012
applause,VERB,25013
applause's,VERB,25013
apple,VERB,12405
apple's,VERB,12405
apples,VERB,12405
appliance,VERB,15406
appliance's,VERB,15406
appliances,VERB,15406
applicant,PREP,29006
applicant's,VERB,29006
applicants,VERB,29006
application,VERB,23664
application's,VERB,23664
applications,VERB,29008
applied,VERB,29008
applies,VERB,29008
apply,VERB,29008
apply-,PRON,29008
applying,VERB,29008
appointment,VERB,12406
appointment's,VERB,12406
appointments,VERB,12406
appreciate,PRON,13948
appreciated,VERB,13948
appreciates,VERB,13948
appreciating,VERB,13948
appreciation,VERB,13948
appreciations,VERB,13948
appreciative,VERB,13948
apprentice,PRON,29218
apprentice's,VERB,29218
apprenticed,VERB,29218
apprentices,VERB,29218
apprenticeship,VERB,29219
apprenticeship's,VERB,29219
apprenticeships,VERB,29219
apprenticing,VERB,29218
approach,VERB,12407
approach's,VERB,13383
approach-,PRON,13383
approachable,VERB,13383
approached,VERB,13383
approaches,VERB,13383
approaching,VERB,13383
approve,VERB,12408
approve-,PRON,12408
approved,VERB,12408
approves,VERB,12408
approving,VERB,12408
apps,VERB,23664
apricot,VERB,12409
apricot's,VERB,24012
apricot_,VERB,24012
apricots,VERB,24012
april,VERB,12410
april's,VERB,12410
aprils,VERB,12410
apron,VERB,12411
apron's,VERB,12411
aprons,VERB,12411
aquarius,VERB,22647
aquarius's,VERB,22647
aquarius_,VERB,22647
aquariuses,VERB,22647
arabic,VERB,25260
arabic's,VERB,25260
arabic_,VERB,25260
arable,VERB,12639
arc,VERB,23817
arc's,VERB,23817
arced,VERB,23817
archaeologist,PREP,21570
archaeologist's,VERB,21570
archaeologists,VERB,21570
archaeology,VERB,21554
archaeology's,VERB,21554
archeologist,PREP,21570
archeology,VERB,21554
archery,VERB,21856
archery's,VERB,21856
archipelago,VERB,23023
archipelago's,VERB,23023
archipelagos,VERB,23023
architect,PREP,12412
architect's,VERB,12412
architects,VERB,12412
archive,VERB,29009
archive's,VERB,29009
archived,VERB,29009
archives,VERB,29009
archiving,VERB,29009
arcing,VERB,23817
arcs,VERB,23817
ard,VERB,26223
ard_plough,VERB,26223
are,PRON,12639
are's,VERB,12639
area,VERB,16193
area's,VERB,23024
area_,VERB,23024
areas,VERB,23024
ares,VERB,12639
argue,PRON,12413
argued,VERB,12413
arguer,VERB,12413
arguers,VERB,12413
argues,VERB,12413
arguing,VERB,12413
argument,VERB,12414
argument's,VERB,12414
arguments,VERB,12414
aries,VERB,22638
aries's,VERB,22638
aries_,VERB,22638
arieses,VERB,22638
arithmetic,VERB,15432
arithmetic's,VERB,15432
arm,VERB,12577
arm_support,VERB,28005
armchair,VERB,12578
armchair's,VERB,12578
armchairs,VERB,12578
armed,ADJ,25014
armed_forces,VERB,12579
armed_robber,PREP,25017
armed_services,VERB,12579
armies,VERB,24967
arming,VERB,12577
armistice,VERB,24424
armistice's,VERB,24424
armistices,VERB,24424
armoured_force,VERB,25422
arms,VERB,12577
army,VERB,24967
army's,VERB,24967
aroma,VERB,15997
aroma's,VERB,15997
aroma_therapist,PREP,21603
aromas,VERB,15997
aromatic,ADJ,29201
aromatic's,VERB,29201
aromatics,VERB,29201
around,NOUN,12580
arrange,VERB,15935
arrange-,PRON,15935
arranged,VERB,15935
arrangement,VERB,15935
arranges,VERB,15935
arranging,VERB,15935
arrest,VERB,23025
arrest's,VERB,23025
arrest-,PRON,23025
arrested,VERB,23025
arresting,VERB,23025
arrests,VERB,23025
arrival,VERB,13935
arrival's,VERB,13935
arrivals,VERB,13935
arrive,PRON,17268
arrived,VERB,17268
arrives,VERB,17268
arriving,VERB,17268
arrow,VERB,21852
arrow's,VERB,21852
arrow_,VERB,15476
arrowhead,VERB,26059
arrowhead's,VERB,26060
arrowhead_,VERB,26060
arrowheads,VERB,26060
arrows,VERB,21852
art,VERB,12581
art's,VERB,12581
art_gallery,VERB,12582
art_object,VERB,18275
artefact,VERB,24803
arthropod,VERB,26123
arthropod's,VERB,26123
arthropods,VERB,26123
article,VERB,27009
article's,VERB,27009
articled,VERB,27009
articles,VERB,27009
artifact,VERB,24803
artifact's,VERB,24803
artifacts,VERB,24803
artificial_insemination,VERB,12583
artificial_intelligence,VERB,23475
artificial_respiration,VERB,12584
artillery,VERB,25418
artillery's,VERB,25418
artist,PREP,25654
artist's,VERB,25654
artists,VERB,25654
arts,VERB,12581
as,VERB,8521
ascend,PRON,16676
ascended,VERB,16676
ascending,VERB,16676
ascending_and_descending,VERB,25401
ascends,VERB,16676
ascension,VERB,24013
ascension's,VERB,24013
ascension_,VERB,24013
ascension_day,VERB,24014
ascensions,VERB,24013
ashes,VERB,12586
ashore,ADJ,23404
ashtray,VERB,12587
ashtray's,VERB,12587
ashtrays,VERB,12587
asia,VERB,22604
asia's,VERB,22604
ask,PRON,12588
asked,VERB,12588
askew,ADJ,29630
asking,VERB,12588
asks,VERB,12588
asleep,ADJ,12589
asparagus,VERB,24015
asparagus's,VERB,24015
ass,VERB,13097
ass's,VERB,13097
assault,VERB,12327
assault's,VERB,12327
assaulted,VERB,12327
assaulter,VERB,12327
assaulting,VERB,12327
assaults,VERB,12327
assemble,VERB,14426
assemble-,PRON,14426
assembled,VERB,14426
assembles,VERB,14426
assembling,VERB,14426
assembly,VERB,14427
assembly's,VERB,14427
asses,VERB,13097
assessment,VERB,17528
assessment's,VERB,17528
assessment_room,VERB,24016
assessments,VERB,17528
assist,PRON,14705
assist's,VERB,14705
assistance,VERB,14704
assistance's,VERB,14704
assistance_dog,VERB,26124
assistant,PREP,14706
assistant's,VERB,14706
assistants,VERB,14706
assisted,VERB,14705
assisting,VERB,14705
assistive,ADJ,27065
assists,VERB,14705
astarboard,ADJ,24964
asteroid,VERB,25841
asteroid's,VERB,25841
asteroids,VERB,25841
astrologer,PREP,22901
astrologer's,VERB,22901
astrologers,VERB,22901
astrologist,PREP,22901
astrologist's,VERB,22901
astrologists,VERB,22901
astrology,VERB,22636
astrology's,VERB,22636
astronaut,PREP,12590
astronaut's,VERB,12590
astronauts,VERB,12590
astronomer,PREP,21560
astronomer's,VERB,21560
astronomers,VERB,21560
astronomy,VERB,21542
astronomy's,VERB,21542
at,NOUN,12591
at_a_distance,NOUN,12602
at_last,ADJ,14178
at_one's_destination,ADJ,24017
atb,VERB,21818
atheism,VERB,21301
atheism's,VERB,21301
athletics,VERB,21628
athletics's,VERB,21628
atlas,VERB,26125
atlas's,VERB,26125
atlases,VERB,26125
atm,VERB,23405
atm's,VERB,23405
atmosphere,VERB,12356
atmosphere's,VERB,12356
atmospheres,VERB,12356
atom,VERB,12592
atom's,VERB,12592
atoms,VERB,12592
attach,PRON,14154
attach_-,PRON,23407
attached,ADJ,17746
attached_,ADJ,23408
attached_houses,VERB,23193
attaches,VERB,23407
attaching,VERB,23407
attachment,VERB,23409
attachment's,VERB,23410
attachment_,VERB,23410
attack,VERB,25261
attack's,VERB,25262
attack-,PRON,25262
attack_,VERB,12593
attacked,VERB,25262
attacker,VERB,25262
attackers,VERB,25262
attacking,VERB,25262
attacks,VERB,25262
attempt,VERB,26126
attempt-,PRON,17787
attempted,VERB,26126
attempting,VERB,26126
attempts,VERB,26126
attendance_list,VERB,26127
attention,VERB,12594
attention's,VERB,12594
attic,VERB,23026
attic's,VERB,23026
attics,VERB,23026
attractive,ADJ,12645
attractively,VERB,12645
aubergine,VERB,13913
aubergines,VERB,13913
audience,PREP,28007
audience's,VERB,28007
audiences,VERB,28007
audio_book,VERB,26281
audiocassette,VERB,13128
audiologist,PREP,21593
audiologist's,VERB,21593
audiologists,VERB,21593
audition,VERB,25890
audition's,VERB,25890
auditioned,VERB,25890
auditioning,VERB,25890
auditions,VERB,25890
auditor,PREP,24018
auditor's,VERB,24018
auditorium,VERB,24481
auditorium's,VERB,24481
auditoriums,VERB,24481
auditors,VERB,24018
auditory_ossicle,VERB,26163
auditory_sense,VERB,25890
auditory_system,VERB,26128
august,VERB,12595
auguster,VERB,12595
augustest,VERB,12595
augustly,VERB,12595
augustness,VERB,12595
aunt,PREP,12596
aunt's,VERB,12596
aunts,VERB,12596
australia,VERB,22605
australia's,VERB,22605
austria,VERB,25015
austria's,VERB,25015
author,PREP,23716
author's,VERB,23716
authored,VERB,23716
authoring,VERB,23716
authors,VERB,23716
auto_racing,VERB,21829
autoharp,VERB,23806
automobile,VERB,13121
automobile's,VERB,13121
automobiled,VERB,13121
automobiles,VERB,13121
automobiling,VERB,13121
autumn,VERB,12597
autumn's,VERB,12597
autumns,VERB,12597
av,VERB,12599
av_,VERB,12599
avalanche,VERB,24019
avalanche's,VERB,24019
avalanches,VERB,24019
aver,VERB,12599
avers,VERB,12599
avocado,VERB,12600
avocado's,VERB,12600
avocados,VERB,12600
awake,ADJ,12601
awakes,VERB,12601
awaking,VERB,12601
award,VERB,25773
award's,VERB,25773
awarded,VERB,25773
awarding,VERB,25773
awards,VERB,25773
awareness,VERB,26289
awareness's,VERB,26289
away,NOUN,12602
awful,ADJ,21289
awfully,VERB,21289
awfulness,VERB,21289
awhile,VERB,15212
axis,VERB,24605
axis's,VERB,24605
b,NOUN,8522
b_,NOUN,8522
baa,VERB,24026
baa's,VERB,24026
baa-,PRON,24026
baaed,VERB,24026
baaing,VERB,24026
baas,VERB,24026
babied,VERB,12603
babier,VERB,12603
babies,VERB,12603
babiest,VERB,12603
baby,PREP,12603
baby's,VERB,12603
baby_animal,VERB,24408
baby_bottle,VERB,24409
baby_boy,PREP,12604
baby_carriage,VERB,12605
baby_chair,VERB,29632
baby_clinic,VERB,12606
baby_girl,PREP,12607
baby_shop,VERB,29010
baby_store,VERB,29010
babying,VERB,12603
babysitter,PREP,12608
babysitter's,VERB,12608
babysitters,VERB,12608
back,NOUN,12613
back's,VERB,12613
back_,VERB,12609
back_and_forth,NOUN,12610
back_of_a_thing,NOUN,25364
back_up,VERB,12612
back_up-,PRON,12612
backbone,VERB,26247
backbone's,VERB,26247
backbones,VERB,26247
backed,VERB,12613
backer,VERB,12613
backers,VERB,12613
backing,VERB,12613
backings,VERB,12613
backpack,VERB,12611
backpack's,VERB,12611
backpacked,VERB,12611
backpacker,VERB,12611
backpackers,VERB,12611
backpacking,VERB,12611
backpacks,VERB,12611
backs,VERB,12613
backspace,VERB,23411
backspace's,VERB,23411
backspace_-,PRON,23411
backspaced,VERB,23411
backspaces,VERB,23411
backspacing,VERB,23411
backward,NOUN,12613
backward_and_forward,NOUN,12610
backwardly,VERB,12613
backwardness,VERB,12613
backwards,VERB,12613
bacon,VERB,12614
bacon's,VERB,12614
bacterial_infection,VERB,24410
bacterium,VERB,24411
bacterium's,VERB,24411
bad,ADJ,12615
bad's,VERB,12615
bad_conscience,VERB,25523
badge,VERB,12616
badge's,VERB,12616
badger,VERB,26129
badger's,VERB,26129
badgered,VERB,26129
badgering,VERB,26129
badgers,VERB,12616
badges,VERB,12616
badly,VERB,12615
badminton,VERB,12617
badminton's,VERB,12617
badminton_,VERB,12617
badness,VERB,12615
bag,VERB,12618
bag's,VERB,12618
bag_shop,VERB,29011
bag_store,VERB,29011
bagel,VERB,22125
bagel's,VERB,22125
bagels,VERB,22125
baggage,VERB,12618
baggage's,VERB,12618
baggage_handling_belt,VERB,29314
bagpipe,VERB,23807
bagpipe's,VERB,23807
bagpiper,VERB,23807
bagpipers,VERB,23807
bagpipes,VERB,23807
bags,VERB,12618
baguette,VERB,25655
baguette's,VERB,25655
baguettes,VERB,25655
bake,PRON,12619
bake's,VERB,12619
baked,VERB,12619
baker,PREP,23412
baker's,VERB,23412
bakeries,VERB,23027
bakers,VERB,12619
bakery,VERB,23027
bakery's,VERB,23027
bakes,VERB,12619
baking,VERB,12619
baking_pan,VERB,22576
baking_powder,VERB,25656
baking_tin,VERB,22576
balance,VERB,25842
balance_,VERB,25843
balance_-,VERB,25845
balanced,VERB,25845
balances,VERB,25845
balancing,VERB,25845
balconies,VERB,12620
balcony,VERB,12620
balcony's,VERB,12620
balder,PREP,22817
balder's,VERB,22817
ball,VERB,12621
ball's,VERB,12621
ball_field,VERB,25524
ball_pool,VERB,23413
ball_sports,VERB,21625
balled,VERB,12621
ballet,VERB,23414
ballet's,VERB,23414
ballets,VERB,23414
balling,VERB,12621
balloon,VERB,12622
balloon's,VERB,22107
balloon_,VERB,22107
ballooned,VERB,22107
ballooning,VERB,22108
balloons,VERB,22107
ballot,VERB,25657
ballot's,VERB,25657
balloted,VERB,25657
balloting,VERB,25657
ballots,VERB,25657
balls,VERB,12621
balm,ADJ,29534
balm's,VERB,29534
balms,VERB,29534
bamboo,VERB,25931
bamboo's,VERB,25931
bamboo_,NOUN,25931
bamboos,VERB,25931
banana,VERB,12623
banana's,VERB,12623
bananas,VERB,12623
band,PREP,12624
band_,VERB,25980
band__,VERB,24606
bandage,VERB,12625
bandage's,VERB,12625
bandaged,VERB,12625
bandages,VERB,12625
bandaging,VERB,12625
bandaid,VERB,27134
banded,VERB,25980
bandied,VERB,21042
bandier,VERB,21042
bandies,VERB,21042
bandiest,VERB,21042
banding,VERB,25980
bandit,PREP,25017
bandit's,VERB,25017
bandits,VERB,25017
bands,VERB,25980
bandy,VERB,21042
bandy_,VERB,21042
bandy_stick,VERB,25618
bandying,VERB,21042
bangladesh,VERB,24607
bangladesh's,VERB,24607
banjo,VERB,23808
banjo's,VERB,23808
banjos,VERB,23808
bank,VERB,12626
bank's,VERB,12626
bank_card,VERB,23415
bank_clerk,PREP,29230
bank_customer,PREP,29229
bank_employee,PREP,29230
bank_teller,PREP,29230
bankable,VERB,12626
banked,VERB,12626
banker,PREP,29230
banker's,VERB,29230
bankers,VERB,12626
banking,VERB,12626
banks,VERB,12626
bar,VERB,12627
bar_mitzvah,VERB,21112
bar_mitzvah_,VERB,21112
barbecue,PRON,12906
barbecue's,VERB,12906
barbecued,VERB,12906
barbecues,VERB,12906
barbecuing,VERB,12906
barbeque,VERB,12874
barber,PREP,12628
barber's,VERB,12628
barbered,VERB,12628
barbering,VERB,12628
barbershop,VERB,12629
barbershop's,VERB,12629
barbershops,VERB,12629
barest,VERB,12627
barge,VERB,22072
barge's,VERB,22072
barged,VERB,22072
barges,VERB,22072
barging,VERB,22072
bark,VERB,22311
barked,VERB,22311
barking,VERB,22311
barks,VERB,22311
barley,VERB,24608
barley's,VERB,24608
barn,VERB,12630
barn's,VERB,12630
barns,VERB,12630
barometer,VERB,23028
barometer's,VERB,23028
barometers,VERB,23028
barred_window,VERB,18257
barrier,VERB,12631
barrier's,VERB,12631
barrier_,VERB,12631
barriers,VERB,12631
barrow,VERB,23416
barrow's,VERB,23416
barrows,VERB,23416
bars,VERB,12627
base,VERB,12881
base_camp,VERB,12633
baseball,VERB,12632
baseball's,VERB,12632
baseball_,VERB,12632
baseballs,VERB,12632
based,VERB,12881
basement,VERB,23029
basement's,VERB,23029
basements,VERB,23029
bases,VERB,12881
basest,VERB,12881
basic,ADJ,24122
basic's,VERB,24122
basics,VERB,24122
basin,VERB,24511
basin's,VERB,24511
basing,VERB,12881
basins,VERB,24511
basket,VERB,13403
basket's,VERB,25535
basket_,VERB,25535
basketball,VERB,12634
basketball's,VERB,12634
basketball_,VERB,12634
basketball_player,PREP,28008
basketballs,VERB,12634
baskets,VERB,25535
bass,VERB,23809
bass's,VERB,23809
bass_clarinet,VERB,23810
bass_fiddle,VERB,23849
bass_guitar,VERB,23811
basses,VERB,23809
bassinet,VERB,13126
bassinet's,VERB,13126
bassinets,VERB,13126
bassoon,VERB,23812
bassoon's,VERB,23812
bassoon_,VERB,23812
bassoons,VERB,23812
bat,VERB,12635
bat's,VERB,12635
bat_,VERB,12635
bat_mitzvah,VERB,21111
bat_mitzvah_,VERB,21111
bath,VERB,16992
bath's,VERB,18038
bath-,PRON,18038
bathe,PRON,18038
bathe's,VERB,18038
bathed,VERB,18038
bather,VERB,18038
bathers,VERB,18038
bathes,VERB,18038
bathing,VERB,18038
bathing_rule,VERB,25847
bathing_suit,VERB,17484
bathroom,VERB,12637
bathroom's,VERB,12637
bathrooms,VERB,12637
bathtub,VERB,24809
bathtub's,VERB,24809
bathtubs,VERB,24809
batman,VERB,25263
batman's,VERB,25263
bats,VERB,12635
batter,VERB,22379
batter's,VERB,22379
battered,VERB,22379
batterer,VERB,22379
batterers,VERB,22379
batteries,VERB,12638
battering,VERB,22379
batterings,VERB,22379
batters,VERB,22379
battery,VERB,12638
battery's,VERB,12638
battery_charger,VERB,26141
bazaar,VERB,25018
bazaar's,VERB,25018
bazaars,VERB,25018
be,PRON,12639
be_able,VERB,13114
be_able-,PRON,13114
be_afraid,PRON,14159
be_bored,VERB,29511
be_bored-,PRON,29511
be_called,VERB,24874
be_called-,PRON,24874
be_caused_by,VERB,13136
be_caused_by-,PRON,13136
be_cold,VERB,23444
be_cold-,PRON,23444
be_curious,VERB,26337
be_curious-,PRON,26337
be_forced_to,VERB,15685
be_forced_to-,PRON,15685
be_named,PRON,24874
be_patient,VERB,15977
be_patient-,PRON,15977
be_sceptical,PRON,25832
beach,VERB,12640
beach's,VERB,12640
beach_tennis,VERB,25981
beach_tennis_,VERB,25981
beach_tennis__,VERB,12641
beached,VERB,12640
beaches,VERB,12640
beaching,VERB,12640
beam,VERB,16956
beam's,VERB,16956
beam-,PRON,16956
beamed,VERB,16956
beaming,VERB,16956
beams,VERB,16956
bean,VERB,12642
bean's,VERB,24021
bean_,VERB,24021
beaned,VERB,24021
beaning,VERB,24021
beans,VERB,24021
bear,VERB,12643
bear's,VERB,12643
bear's_head,VERB,24801
bearable,VERB,12643
beard,VERB,12644
beard's,VERB,12644
bearded,VERB,12644
bearding,VERB,12644
beards,VERB,12644
bearer,VERB,12643
bearers,VERB,12643
bearing,VERB,12643
bearings,VERB,12643
bears,VERB,12643
beast,VERB,12378
beast's,VERB,12378
beasts,VERB,12378
beat,VERB,27154
beat's,VERB,27154
beat-,PRON,27154
beatable,VERB,27154
beaten,VERB,27154
beater,VERB,22563
beater's,VERB,22563
beaters,VERB,27154
beating,VERB,27154
beatings,VERB,27154
beats,VERB,27154
beauties,VERB,22903
beautiful,ADJ,12645
beautifully,VERB,12645
beauty,VERB,22903
beauty's,VERB,22903
beauty_shop,VERB,12629
beaver,VERB,12646
beaver's,VERB,12646
beavered,VERB,12646
beavering,VERB,12646
beavers,VERB,12646
because,NOUN,12647
become,VERB,12648
become-,PRON,12648
becomes,VERB,12648
bed,VERB,12649
bed's,VERB,12649
bed_linen,VERB,16951
bedbug,VERB,25264
bedbug's,VERB,25264
bedbugs,VERB,25264
bedclothes,VERB,16951
bedclothes's,VERB,16951
bedpan,VERB,24717
bedpan's,VERB,24717
bedpans,VERB,24717
bedroom,VERB,12650
bedroom's,VERB,12650
bedrooms,VERB,12650
beds,VERB,12649
bedtime,VERB,26130
bedtime's,VERB,26130
bedtimes,VERB,26130
bee,VERB,12651
bee's,VERB,12651
beef,VERB,12652
beef's,VERB,12652
beefed,VERB,12652
beefing,VERB,12652
beefs,VERB,12652
beer,VERB,12653
beer's,VERB,12653
beers,VERB,12651
bees,VERB,12651
beet,VERB,12654
beet's,VERB,12654
beetle,VERB,12655
beetle's,VERB,12655
beetled,VERB,12655
beetles,VERB,12655
beetling,VERB,12655
beetroot,VERB,12654
beetroots,VERB,12654
beets,VERB,12654
before,NOUN,12656
beforehand,ADJ,29012
beg,PRON,21334
beggar,PREP,25019
beggar's,VERB,25019
beggared,VERB,25019
beggaring,VERB,25019
beggarly,VERB,25019
beggars,VERB,25019
begin,PRON,12657
beginning,VERB,12658
beginning's,VERB,12658
beginning_of_year,VERB,25431
beginnings,VERB,12658
begins,VERB,12657
begs,VERB,21334
behaviour,VERB,12659
behind,NOUN,12348
behind's,VERB,12348
behinds,VERB,12348
beige,NOUN,25265
beige's,VERB,25265
being,VERB,13609
being's,VERB,24098
being_,VERB,24098
beings,VERB,12651
belarus,VERB,25020
belarus's,VERB,25020
belch,VERB,12925
belch's,VERB,12925
belch-,PRON,12925
belched,VERB,12925
belches,VERB,12925
belching,VERB,12925
belgium,VERB,22609
belgium's,VERB,22609
belief,VERB,12660
belief's,VERB,20564
belief_,VERB,20564
believe,VERB,12661
believe-,PRON,12661
believed,VERB,12661
believer,PREP,20566
believer's,VERB,20566
believer_,PREP,20565
believers,VERB,12661
believes,VERB,12661
believing,VERB,12661
bell,VERB,12662
bell's,VERB,12662
belled,VERB,12662
bellied,VERB,17265
bellies,VERB,17265
belling,VERB,12662
bellow,VERB,29425
bellow's,VERB,29425
bellow-,PRON,29425
bellowed,VERB,29425
bellowing,VERB,29425
bellows,VERB,29425
bells,VERB,23814
belly,VERB,17265
belly's,VERB,17265
bellying,VERB,17265
belongs_to,OTHER,12663
below,NOUN,17969
below_ground,ADJ,26108
belt,VERB,12664
belt's,VERB,12664
belted,VERB,12664
belting,VERB,12664
belts,VERB,12664
bench,VERB,12665
bench's,VERB,12665
benched,VERB,12665
benches,VERB,12665
benching,VERB,12665
bend,VERB,24412
bend's,VERB,24412
bend-,PRON,24412
bendable,VERB,24412
bender,VERB,24412
benders,VERB,24412
bending,VERB,24412
bends,VERB,24412
berakah,VERB,12891
berried,VERB,12666
berries,VERB,12666
berry,VERB,12666
berry's,VERB,12666
berrying,VERB,12666
berth,VERB,24610
berth's,VERB,24610
berthed,VERB,24610
berthing,VERB,24610
beside,NOUN,27010
besides,VERB,27010
best,ADJ,12667
best's,VERB,12667
best_of_luck,OTHER,15487
bested,VERB,12667
besting,VERB,12667
bests,VERB,12667
bet,VERB,24413
bet's,VERB,24414
bet-,PRON,24414
bets,VERB,24414
better,ADJ,12668
better's,VERB,12668
bettered,VERB,12668
bettering,VERB,12668
betterment,VERB,12668
betters,VERB,12668
betting,VERB,24415
between,NOUN,12669
beverage,VERB,13881
beverage's,VERB,13881
beverages,VERB,13881
beyond,ADJ,12670
biathlon,VERB,25266
biathlon's,VERB,25266
biathlons,VERB,25266
bib,VERB,12833
bib's,VERB,12833
bible,VERB,21069
bible's,VERB,21069
bible_,VERB,21069
bibles,VERB,21069
bibs,VERB,12833
bicycle,VERB,12834
bicycle's,VERB,12834
bicycle_helmet,VERB,21618
bicycle_path,VERB,24022
bicycle_shop,VERB,29013
bicycle_store,VERB,29013
bicycled,VERB,12834
bicycler,VERB,12834
bicyclers,VERB,12834
bicycles,VERB,12834
bicycling,VERB,12834
big,ADJ,12835
bigness,VERB,24875
bigness's,VERB,24875
bike_lamp,VERB,25848
bill,VERB,23604
bill's,VERB,23604
billable,VERB,23604
billed,VERB,23604
billiards,VERB,22099
billiards's,VERB,22099
billing,VERB,23604
billings,VERB,23604
bills,VERB,23604
bin_collector,PREP,29217
bind_together,PRON,24311
binder,VERB,29014
binder's,VERB,29014
binders,VERB,29014
bindi,VERB,12836
bingo,VERB,23571
bingo's,VERB,23571
bingo_,VERB,23571
binoculars,VERB,24416
biochemical_product,VERB,25525
biochemist,PREP,21563
biochemist's,VERB,21563
biochemistry,VERB,21545
biochemistry's,VERB,21545
biochemists,VERB,21563
bioenergy,VERB,25021
biofuel,VERB,13370
biologist,PREP,21564
biologist's,VERB,21564
biologists,VERB,21564
biology,VERB,21546
biology's,VERB,23030
biology_,VERB,23030
biomass,VERB,13370
biomass's,VERB,13370
birch,VERB,25849
birch's,VERB,25849
birched,VERB,25849
birches,VERB,25849
birching,VERB,25849
bird,VERB,12837
bird's,VERB,12838
bird_,VERB,12838
bird_nest,VERB,25659
bird_of_prey,VERB,25267
bird_table,VERB,25850
birded,VERB,12838
birder,VERB,12838
birders,VERB,12838
birdfeeder,VERB,25850
birdhouse,VERB,25660
birdhouse's,VERB,25660
birdhouses,VERB,25660
birdie,VERB,25608
birdie's,VERB,25608
birdie_,VERB,25608
birdied,VERB,25608
birdies,VERB,25608
birding,VERB,12838
birdnest,VERB,25659
birds,VERB,12838
birth,VERB,12842
birth's,VERB,12842
birth_control,VERB,12844
birth_control_pill,VERB,12845
birthday,VERB,12846
birthday's,VERB,12846
birthdays,VERB,12846
birthed,VERB,12842
birther,VERB,12842
birthers,VERB,12842
birthing,VERB,12842
biscuit,VERB,13409
biscuit's,VERB,13409
biscuit_tin,VERB,22591
biscuits,VERB,13409
bisexual,ADJ,24023
bisexual's,VERB,24023
bisexuality,VERB,24024
bisexuality's,VERB,24024
bisexually,VERB,24023
bisexuals,VERB,24023
bishop,PREP,21056
bishop's,VERB,21056
bishops,VERB,21056
bison,VERB,12917
bison's,VERB,12917
bit,OTHER,15972
bit's,VERB,24025
bit_,VERB,24025
bite,VERB,27011
bite's,VERB,27011
bite-,PRON,12847
biter,VERB,27011
biters,VERB,27011
bites,VERB,27011
biting,VERB,24025
bits,VERB,24025
bitter,ADJ,12848
bitter's,VERB,12848
bitterer,VERB,12848
bitterest,VERB,12848
bitterly,VERB,12848
bitterness,VERB,12848
bitters,VERB,12848
black,VERB,12849
black's,VERB,12849
black_,NOUN,12849
black_treacle,VERB,25756
blackberries,VERB,16463
blackberry,VERB,16463
blackberry's,VERB,16463
blackberrying,VERB,16463
blackbird,VERB,12851
blackbird's,VERB,12851
blackbirds,VERB,12851
blackboard,VERB,12852
blackboard's,VERB,12852
blackboards,VERB,12852
blacked,VERB,12849
blacken,VERB,12849
blackens,VERB,12849
blacker,VERB,12849
blackest,VERB,12849
blacking,VERB,12849
blackly,VERB,12849
blackness,VERB,12849
blacks,VERB,12849
blacksmith,PREP,24417
blacksmith's,VERB,24417
bladder,VERB,12853
bladder's,VERB,12853
bladders,VERB,12853
blanket,VERB,12854
blanket's,VERB,12854
blanketed,VERB,12854
blanketing,VERB,12854
blankets,VERB,12854
bleat,PRON,24026
bleat's,VERB,24026
bleated,VERB,24026
bleating,VERB,24026
bleats,VERB,24026
bleed,VERB,12855
bleed-,PRON,12855
bleeder,VERB,12855
bleeders,VERB,12855
bleeding,VERB,12855
bleeds,VERB,12855
blemish,VERB,16180
blemish's,VERB,16180
blemished,VERB,16180
blemishes,VERB,16180
blemishing,VERB,16180
blend,VERB,15481
blend's,VERB,15481
blend-,PRON,15481
blended,VERB,15481
blender,VERB,22392
blender's,VERB,22392
blenders,VERB,15481
blending,VERB,15481
blends,VERB,15481
bless,VERB,25268
bless-,PRON,25268
blessed,VERB,25268
blesses,VERB,25268
blessing,VERB,25268
blessing_over_wine,VERB,15147
blessings,VERB,25268
blind,ADJ,12856
blind's,VERB,12856
blinded,VERB,12856
blinder,VERB,12856
blinders,VERB,12856
blindest,VERB,12856
blinding,VERB,12856
blindly,VERB,12856
blindness,VERB,25526
blindness's,VERB,25526
blinds,VERB,12856
blini,VERB,23949
blini's,VERB,23949
blinis,VERB,23949
blink,VERB,18260
blink's,VERB,18260
blink-,PRON,18260
blinked,VERB,18260
blinker,VERB,18260
blinkers,VERB,18260
blinking,VERB,18260
blinks,VERB,18260
bliss,VERB,23031
bliss's,VERB,23032
bliss-name,VERB,21624
bliss-word,VERB,12857
bliss_,VERB,23032
bliss_fanatic,PREP,24027
bliss_language,VERB,23031
blissymbol,VERB,12857
blissymbol_part,OTHER,12858
blissymbolics,VERB,23031
blissymbolics_resource_centre,VERB,12859
block,VERB,12860
blocked,VERB,12860
blocking,VERB,12860
blocks,VERB,12860
blog,VERB,25661
blog's,VERB,25661
blogs,VERB,25661
blood,VERB,12861
blood's,VERB,12861
blood_circulation,VERB,27012
blood_pressure,VERB,27013
blood_vessel,VERB,24028
blooded,VERB,12861
blooding,VERB,12861
bloods,VERB,12861
bloom,VERB,25563
bloom's,VERB,25563
bloomed,VERB,25563
bloomer,VERB,25563
bloomers,VERB,25563
blooming,VERB,25563
blooms,VERB,25563
blossom,VERB,25563
blossom's,VERB,29504
blossom-,VERB,29504
blossomed,VERB,29504
blossoming,VERB,29504
blossoms,VERB,29504
blot,VERB,22833
blot's,VERB,22833
blots,VERB,22833
blouse,VERB,16957
blouse's,VERB,16957
bloused,VERB,16957
blouses,VERB,16957
blousing,VERB,16957
blow,VERB,12862
blow's,VERB,12862
blow-organ,VERB,23901
blow_-,PRON,12862
blow_dryer,VERB,24141
blow_up,PRON,14131
blower,VERB,12862
blowers,VERB,12862
blowing,VERB,12862
blows,VERB,12862
blowup,VERB,14132
blowup's,VERB,14132
blowups,VERB,14132
blue,VERB,12864
blue's,VERB,12864
blue_,NOUN,12864
blueberries,VERB,12866
blueberry,VERB,12866
blueberry's,VERB,12866
bluebird,VERB,12867
bluebird's,VERB,12867
bluebirds,VERB,12867
blued,VERB,12864
blueness,VERB,12864
bluer,VERB,12864
blues,VERB,12864
bluest,VERB,12864
bluing,VERB,12864
blush,VERB,24029
blush's,VERB,24029
blush-,PRON,24029
blushed,VERB,24029
blusher,VERB,16692
blusher's,VERB,16692
blushers,VERB,24029
blushes,VERB,24029
blushing,VERB,24029
boa,VERB,25941
boa's,VERB,25941
boa_,VERB,25941
boar,VERB,25662
boar's,VERB,25767
boar_,VERB,25767
board,VERB,20599
board's,VERB,23033
board-,PRON,23033
board_,VERB,12868
board_and_lodging,VERB,24876
board_of_directors,VERB,24611
boarded,VERB,23033
boarder,VERB,23033
boarders,VERB,23033
boarding,VERB,25527
boarding's,VERB,25527
boards,VERB,23033
boars,VERB,25767
boas,VERB,25941
boat,VERB,12869
boat's,VERB,12869
boat_journey,VERB,29306
boat_ladder,VERB,24612
boat_trip,VERB,29308
boated,VERB,12869
boater,VERB,12869
boaters,VERB,12869
boathouse,VERB,22090
boathouse's,VERB,22090
boathouses,VERB,22090
boating,VERB,21801
boating's,VERB,21801
boats,VERB,12869
bobby_pin,VERB,26308
bobcat,VERB,26194
bobcat's,VERB,26194
bobcats,VERB,26194
bobsleigh,VERB,21872
bobsleigh's,VERB,21872
boccia,VERB,21806
boccia_,VERB,21806
bodied,VERB,12870
bodies,VERB,12870
body,VERB,12870
body's,VERB,12870
body_brace,VERB,24030
body_brush,VERB,24158
body_fluid,VERB,24031
body_guard,PREP,29233
body_hair,VERB,24032
body_of_learning,VERB,16735
body_painting,VERB,25432
body_part,VERB,24033
body_temperature,VERB,24034
body_with_mane,VERB,26040
body_with_navel,VERB,26041
body_with_pubic_hair,VERB,26042
bog,VERB,17472
bog's,VERB,17472
bogs,VERB,17472
boil,VERB,12871
boil's,VERB,12871
boil_-,PRON,12871
boiled,VERB,12871
boiled_egg,VERB,22137
boiler,VERB,22584
boiler's,VERB,22584
boilers,VERB,12871
boiling,ADJ,29203
boilings,VERB,12871
boils,VERB,12871
bole,VERB,17783
bole's,VERB,17783
boles,VERB,17783
bolt,VERB,24035
bolt_-,PRON,24035
bolted,VERB,24035
bolting,VERB,24035
bolts,VERB,24035
bomb,VERB,24036
bomb's,VERB,24036
bomb_shelter,VERB,17970
bombed,VERB,24036
bomber,VERB,24036
bombers,VERB,24036
bombing,VERB,24036
bombings,VERB,24036
bombs,VERB,24036
bone,VERB,12873
bone's,VERB,12873
bone_fracture,VERB,27014
boned,VERB,12873
boner,VERB,12873
boners,VERB,12873
bones,VERB,12873
bones_with_joint,VERB,25528
bonfire,VERB,12874
bonfire's,VERB,12874
bonfires,VERB,12874
bongo_drum,VERB,23816
boning,VERB,12873
book,VERB,12875
book's,VERB,12875
book_of_maps,VERB,26125
bookable,VERB,12875
booked,VERB,12875
booking,VERB,12875
bookings,VERB,12875
books,VERB,12875
bookshop,VERB,23034
bookshop's,VERB,23034
bookshops,VERB,23034
boom,VERB,22060
boom's,VERB,22060
boomed,VERB,22060
boomer,VERB,22060
boomers,VERB,22060
booming,VERB,22060
booms,VERB,22060
boot,VERB,12876
booted,VERB,12876
booth,VERB,27081
booth's,VERB,27081
booting,VERB,12876
boots,VERB,12876
bore,VERB,29505
bore's,VERB,29505
bore-,VERB,29505
bored,ADJ,27015
boredom,ADJ,29508
boredom's,VERB,29508
borer,VERB,29505
borers,VERB,29505
bores,VERB,29505
boring,ADJ,24827
boringly,VERB,24827
borrow,VERB,12877
borrow-,PRON,12877
borrowed,VERB,12877
borrower,VERB,12877
borrowers,VERB,12877
borrowing,VERB,12877
borrowings,VERB,12877
borrows,VERB,12877
boss,PREP,12878
boss's,VERB,12878
bossed,VERB,12878
bosses,VERB,12878
bossing,VERB,12878
botanist,PREP,21565
botanist's,VERB,21565
botanists,VERB,21565
botany,VERB,21547
botany's,VERB,21547
both,NOUN,12879
bottle,VERB,12880
bottle's,VERB,12880
bottle_nipple,VERB,24418
bottle_opener,VERB,22395
bottle_opening,VERB,25529
bottled,VERB,12880
bottleneck,VERB,25529
bottleneck's,VERB,25529
bottlenecks,VERB,25529
bottler,VERB,12880
bottlers,VERB,12880
bottles,VERB,12880
bottling,VERB,12880
bottom,VERB,12881
bottom's,VERB,12881
bottom_of_a_thing,NOUN,25408
bottomed,VERB,12881
bottoming,VERB,12881
bottoms,VERB,12881
boules,VERB,21806
boundlessness,VERB,24915
boundlessness's,VERB,24915
bouquet,VERB,26131
bouquet's,VERB,26131
bouquet_,VERB,26131
bouquets,VERB,26131
bovid,VERB,12379
bovine,VERB,12379
bovine's,VERB,12379
bovines,VERB,12379
bow,VERB,22062
bow's,VERB,22062
bow_,VERB,12882
bow_and_arrow,VERB,21855
bow_and_string,VERB,23819
bow_and_string_,VERB,23819
bow_and_string_instrument,VERB,23820
bowed,VERB,22062
bowel,VERB,12883
bowel's,VERB,12883
bowel_movement,VERB,12884
bowels,VERB,12883
bower,VERB,22062
bowers,VERB,22062
bowing,VERB,22062
bowl,VERB,13403
bowl's,VERB,13403
bowled,VERB,13403
bowler,VERB,13403
bowlers,VERB,13403
bowling,VERB,12885
bowling's,VERB,12885
bowling_,VERB,12885
bowls,VERB,13403
bowls_,VERB,22835
bows,VERB,22062
box,VERB,12886
box's,VERB,12886
boxed,VERB,12886
boxen,VERB,12886
boxer,VERB,12886
boxers,VERB,12886
boxes,VERB,12886
boxing,VERB,12886
boxing's,VERB,12887
boxing_,VERB,12887
boy,PREP,12888
boy's,VERB,12888
boyfriend,PREP,25663
boyfriend's,VERB,25663
boyfriends,VERB,25663
boys,VERB,12888
bra,VERB,12889
bra's,VERB,12889
brace,VERB,26282
brace's,VERB,26282
brace_,VERB,26282
braced,VERB,26282
bracelet,VERB,25433
bracelet's,VERB,25433
bracelets,VERB,25433
bracer,VERB,26282
bracers,VERB,26282
braces,VERB,26282
bracha,VERB,12891
bracing,VERB,26282
brahma,PREP,12892
brahma's,VERB,12892
brahmas,VERB,12892
braid,PRON,25022
braid's,VERB,25022
braided,VERB,25022
braiding,VERB,25022
braids,VERB,25022
brain,VERB,12893
brain's,VERB,12893
brain_injury,VERB,26285
brain_signal,VERB,25434
brained,VERB,12893
braining,VERB,12893
brains,VERB,12893
brake,VERB,24850
brake's,VERB,24850
brake_,VERB,23821
brake_-,PRON,24850
braked,VERB,24850
brakes,VERB,24850
braking,VERB,24850
branch,VERB,12894
branch's,VERB,12894
branched,VERB,12894
branches,VERB,12894
branching,VERB,12894
bras,VERB,12889
brass_instrument,VERB,23823
brassiere,VERB,12889
brassiere's,VERB,12889
brassieres,VERB,12889
brave,ADJ,23418
brave's,VERB,23418
braved,VERB,23418
bravely,VERB,23418
braveness,VERB,23418
braver,VERB,23418
braves,VERB,23418
bravest,VERB,23418
braving,VERB,23418
brazil,VERB,25024
brazil's,VERB,25024
bread,VERB,12895
bread's,VERB,25664
bread_,VERB,25664
bread_crust,VERB,25665
bread_knife,VERB,25666
bread_slice,VERB,25802
bread_surface,VERB,25530
bread_with_fruit,VERB,25667
bread_with_seeds,VERB,25668
bread_with_sugar,VERB,13106
breaded,VERB,25664
breading,VERB,25664
breads,VERB,25664
breadth,VERB,25664
break,PRON,12896
break's,VERB,12896
breakable,ADJ,12897
breakable's,VERB,12897
breakables,VERB,12897
breaker,VERB,12896
breakers,VERB,12896
breakfast,VERB,12898
breakfast's,VERB,12898
breakfasted,VERB,12898
breakfasting,VERB,12898
breakfasts,VERB,12898
breaking,VERB,12896
breaks,VERB,12896
breakup,VERB,25548
breakup's,VERB,25548
breakups,VERB,25548
breast,VERB,12899
breast's,VERB,12899
breastbone,VERB,25435
breastbone's,VERB,25435
breastbones,VERB,25435
breasted,VERB,12899
breasting,VERB,12899
breasts,VERB,12899
breath,VERB,12900
breath's,VERB,12900
breathable,VERB,12900
breathe,VERB,12901
breathe-,PRON,12901
breathed,VERB,12900
breather,VERB,12900
breathers,VERB,12900
breathes,VERB,12900
breathing,VERB,12900
breathing's,VERB,12900
breathing_aid,VERB,25409
breeze,VERB,23824
breeze's,VERB,23824
breezed,VERB,23824
breezes,VERB,23824
breezing,VERB,23824
brick,VERB,12860
brick's,VERB,12860
bricked,VERB,12860
bricking,VERB,12860
bricklayer,PREP,23419
bricklayer's,VERB,23419
bricklayers,VERB,23419
bricks,VERB,12860
bride-to-be,PREP,25297
bridge,VERB,12902
bridge's,VERB,12902
bridged,VERB,12902
bridges,VERB,12902
bridging,VERB,12902
bridle,VERB,24038
bridle's,VERB,24038
bridled,VERB,24038
bridles,VERB,24038
bridling,VERB,24038
briefcase,VERB,23420
briefcase's,VERB,23420
briefcases,VERB,23420
briefs,VERB,17971
bright,ADJ,12903
brighten,VERB,12903
brightens,VERB,12903
brighter,VERB,12903
brightest,VERB,12903
brightly,VERB,12903
brightness,VERB,22917
brightness's,VERB,22917
brights,VERB,12903
bring,PRON,17497
bring-,PRON,12904
bring_up,PRON,16459
bringer,VERB,17497
bringers,VERB,17497
bringing,VERB,17497
brings,VERB,17497
brinjal,VERB,13913
brioche,VERB,25672
brioche's,VERB,25672
brioches,VERB,25672
broad,ADJ,18250
broad's,VERB,18250
broadband,VERB,25985
broadband's,VERB,25985
broadband_,VERB,24614
broadcast,PRON,24615
broadcast's,VERB,24615
broadcasting,VERB,24615
broadcasts,VERB,24615
broaden,VERB,18250
broadens,VERB,18250
broader,VERB,18250
broadest,VERB,18250
broadly,VERB,18250
broadness,VERB,25634
broadness's,VERB,25634
broads,VERB,18250
broccoli,VERB,12905
broccoli's,VERB,12905
broil,PRON,12906
broil's,VERB,12906
broiled,VERB,12906
broiler,VERB,12906
broilers,VERB,12906
broiling,VERB,12906
broils,VERB,12906
broken,ADJ,12907
brokenly,VERB,12907
brokenness,VERB,12907
brontosaurus,VERB,23421
brontosaurus's,VERB,23421
brontosauruses,VERB,23421
bronze,VERB,23035
bronze's,VERB,23035
bronze_age,VERB,23036
bronzed,VERB,23035
bronzes,VERB,23035
bronzing,VERB,23035
brooch,VERB,25436
brooch's,VERB,25436
brooches,VERB,25436
brook,VERB,26132
brook's,VERB,26132
brooked,VERB,26132
brooking,VERB,26132
brooks,VERB,26132
broom,VERB,12908
broom's,VERB,12908
brooms,VERB,12908
broth,VERB,17218
broth's,VERB,17218
brother,PREP,12909
brother's,VERB,12909
brother-in-law,VERB,25669
brother-in-law_,PREP,25669
brotherly,VERB,12909
brothers,VERB,17218
brown,VERB,12910
brown's,VERB,12910
brown_,NOUN,12910
browned,VERB,12910
browner,VERB,12910
brownest,VERB,12910
brownie,PREP,23422
brownie's,VERB,23422
brownies,VERB,23422
browning,VERB,12910
brownness,VERB,12910
browns,VERB,12910
bruise,VERB,24419
bruise's,VERB,24419
bruised,ADJ,24421
bruiser,VERB,24419
bruisers,VERB,24419
bruises,VERB,24419
bruising,VERB,24419
brush,VERB,12912
brush's,VERB,12913
brush-,PRON,12913
brush_teeth,VERB,12914
brush_teeth-,PRON,12914
brushed,VERB,12913
brushes,VERB,12913
brushing,VERB,12913
brussels_sprout,VERB,12915
bubble,VERB,12916
bubble's,VERB,12916
bubbled,VERB,12916
bubbles,VERB,12916
bubbling,VERB,12916
bucket,VERB,15953
bucket's,VERB,15953
bucketed,VERB,15953
bucketing,VERB,15953
buckets,VERB,15953
buddha,PREP,23423
buddha's,VERB,23423
buddhas,VERB,23423
buddhism,VERB,23424
buddhism's,VERB,23424
buddhisms,VERB,23424
buddhist,ADJ,23425
buddhist's,VERB,23426
buddhist_,PREP,23426
buddhists,VERB,23426
budget,VERB,23427
budget's,VERB,23427
budgeted,VERB,23427
budgeting,VERB,23427
budgets,VERB,23427
budgie,VERB,15963
budgie's,VERB,15963
budgies,VERB,15963
buffalo,VERB,12917
buffalo's,VERB,12917
buffaloed,VERB,12917
buffaloing,VERB,12917
bug,VERB,14943
buggier,VERB,12605
buggies,VERB,12605
buggiest,VERB,12605
buggy,VERB,12605
buggy's,VERB,12605
bugle,VERB,23825
bugle's,VERB,23825
bugle_,VERB,23825
bugled,VERB,23825
bugler,VERB,23825
buglers,VERB,23825
bugles,VERB,23825
bugling,VERB,23825
bugs,VERB,14943
build,PRON,24877
build's,VERB,24877
builder,PREP,29232
builder's,VERB,29232
builders,VERB,24877
building,VERB,14905
building's,VERB,14905
building_with_attic,VERB,26043
building_with_cellar,VERB,26044
building_with_chimney,VERB,26045
building_with_foundation,VERB,26046
building_with_storey,VERB,26047
building_with_yard_and_fence,VERB,26048
buildings,VERB,24877
buildings_with_courtyard,VERB,26049
builds,VERB,24877
bulb,VERB,12919
bulb's,VERB,12919
bulb_,VERB,12919
bulbous_plant,VERB,26050
bulbs,VERB,12919
bull,VERB,12920
bull's,VERB,12921
bull_,VERB,12921
bulled,VERB,12921
bulletin,VERB,15713
bulletin's,VERB,15713
bulletin_board,VERB,29057
bulletined,VERB,15713
bulletining,VERB,15713
bulletins,VERB,15713
bulling,VERB,12921
bulls,VERB,12921
bum,VERB,13097
bum's,VERB,13097
bumblebee,VERB,12651
bumblebee's,VERB,12651
bumblebees,VERB,12651
bump,VERB,24422
bump's,VERB,24422
bumped,VERB,24422
bumper,VERB,24422
bumpers,VERB,24422
bumpier,VERB,29512
bumpiest,VERB,29512
bumpiness,VERB,29512
bumping,VERB,24422
bumps,VERB,24422
bumpy,VERB,29512
bumpy_,PRON,29512
bums,VERB,13097
bun,VERB,16683
bun's,VERB,20769
bun_,VERB,20769
bungalow,VERB,23163
bungalow's,VERB,23163
bungalows,VERB,23163
bungee,VERB,29015
bungee's,VERB,29015
bungees,VERB,29015
bunk,VERB,24610
bunked,VERB,24610
bunking,VERB,24610
bunks,VERB,24610
buns,VERB,20769
bureau,VERB,13162
bureau's,VERB,13162
bureaus,VERB,13162
burial,VERB,20579
burial's,VERB,20580
burial_,VERB,20580
burial_mound,VERB,26133
burial_site,VERB,22841
burials,VERB,20580
buried,VERB,20581
buries,VERB,20581
burn,VERB,12922
burn's,VERB,12922
burn-,PRON,12922
burnable,ADJ,14195
burnable's,VERB,14195
burnables,VERB,14195
burned,ADJ,12923
burned_out,ADJ,23827
burner,VERB,12922
burners,VERB,12922
burning,ADJ,12924
burns,VERB,12922
burnt,ADJ,12923
burnt_out,ADJ,27016
burnt_out_,ADJ,23827
burp,PRON,12925
burp's,VERB,12925
burped,VERB,12925
burping,VERB,12925
burps,VERB,12925
burst,VERB,14131
burst's,VERB,14131
burst-,PRON,14131
bursting,VERB,14131
bursts,VERB,14131
bury,VERB,20581
bury-,PRON,20581
bury_-,PRON,12926
burying,VERB,20581
bus,VERB,13089
bus's,VERB,13089
bus_bay,VERB,24041
bus_bay_,VERB,13090
bus_driver,PREP,13091
bus_lane,VERB,24039
bus_station,VERB,24040
bus_stop,VERB,13090
buses,VERB,13089
bush,VERB,13092
bush's,VERB,13092
bushed,VERB,13092
bushes,VERB,13092
bushing,VERB,13092
bushings,VERB,13092
busied,VERB,29248
busier,VERB,29248
busies,VERB,29248
busiest,VERB,29248
business,VERB,13093
business's,VERB,13093
business_idea,VERB,25673
business_plan,VERB,23427
businesses,VERB,13093
busy,ADJ,29248
busying,VERB,29248
but,NOUN,13094
butcher,PREP,23428
butcher's,VERB,23428
butcher_shop,VERB,23037
butchered,VERB,23428
butchering,VERB,23428
buts,VERB,13094
butter,VERB,13095
butter's,VERB,13095
buttered,VERB,13095
butterflied,VERB,13096
butterflies,VERB,13096
butterfly,VERB,13096
butterfly's,VERB,13096
butterflying,VERB,13096
buttering,VERB,13095
buttocks,VERB,13097
buttocks_and_genitals,VERB,25531
button,VERB,13098
buttoned,VERB,13098
buttoning,VERB,13098
buttons,VERB,13098
buy,PRON,13099
buy's,VERB,13099
buy_over_budget,VERB,24707
buy_over_budget-,PRON,24707
buyer,VERB,13099
buyers,VERB,13099
buying,VERB,13099
buys,VERB,13099
buzz,PRON,29423
buzz's,VERB,29423
buzzed,VERB,29423
buzzer,VERB,24616
buzzer's,VERB,24616
buzzers,VERB,29423
buzzes,VERB,29423
buzzing,VERB,29423
by,NOUN,13100
by's,VERB,13100
by_means_of,NOUN,13100
c,NOUN,8523
c-section,VERB,13103
c_,NOUN,8523
ca-ca,VERB,15668
ca-ca-,PRON,15668
cab,VERB,17509
cab's,VERB,17509
cab_driver,PREP,17510
cabbage,VERB,13101
cabbage's,VERB,13101
cabbages,VERB,13101
caber,VERB,17509
cabers,VERB,17509
cabin,VERB,13102
cabin's,VERB,24617
cabin_,VERB,24617
cabins,VERB,24617
cable,VERB,13921
cable's,VERB,18265
cable_,VERB,18265
cable_car,VERB,24042
cabled,VERB,18265
cables,VERB,18265
cabling,VERB,18265
cabs,VERB,17509
cacao,VERB,22340
cacao's,VERB,22340
cacao_,VERB,22340
cacao_powder,VERB,13173
cacao_powder_,VERB,13173
cacaos,VERB,22340
cache,VERB,25079
cache's,VERB,25079
cached,VERB,25079
caches,VERB,25079
caching,VERB,25079
cackle,VERB,29422
cackle's,VERB,29422
cackle-,PRON,29422
cackled,VERB,29422
cackler,VERB,29422
cacklers,VERB,29422
cackles,VERB,29422
cackling,VERB,29422
cactus,VERB,25674
cactus's,VERB,25674
cactus_fruit,VERB,27017
cactus_fruit_,VERB,27017
cadaver,VERB,21315
cadaver's,VERB,21315
cadavers,VERB,21315
caecum,VERB,25430
caesarean_section,VERB,13103
cafe,VERB,13104
cafe's,VERB,13104
cafes,VERB,13104
cafeteria,VERB,16498
cafeteria's,VERB,16498
cafeterias,VERB,16498
caffeine,VERB,29204
caffeine's,VERB,29204
cage,VERB,13105
cage's,VERB,13105
caged,VERB,13105
cages,VERB,13105
caging,VERB,13105
cake,VERB,13106
cake's,VERB,13106
caked,VERB,13106
cakes,VERB,13106
caking,VERB,13106
calabash,VERB,23900
calabash's,VERB,23900
calabash_,VERB,23900
calabashes,VERB,23900
calculate,VERB,13107
calculate-,PRON,13107
calculated,VERB,13107
calculates,VERB,13107
calculating,VERB,13107
calculation,VERB,23475
calculation's,VERB,23475
calculations,VERB,13107
calculative,VERB,13107
calculator,VERB,13108
calculator's,VERB,13108
calculators,VERB,13108
calendar,VERB,13109
calendar's,VERB,13109
calendared,VERB,13109
calendaring,VERB,13109
calendars,VERB,13109
call,VERB,17518
call's,VERB,24823
call-,PRON,24823
called,VERB,24823
calling,VERB,21359
calling's,VERB,21359
callings,VERB,21359
calls,VERB,24823
calm,ADJ,15982
calm's,VERB,23829
calm_,ADJ,23829
calmed,VERB,23829
calmer,VERB,23829
calmest,VERB,23829
calming,VERB,23829
calmly,VERB,23829
calmness,VERB,23829
calms,VERB,23829
camel,VERB,13110
camel's,VERB,13110
camels,VERB,13110
camera,VERB,13111
camera's,VERB,13111
cameras,VERB,13111
camp,VERB,13112
camped,VERB,13112
camper,VERB,13113
camper's,VERB,13113
camper_van,VERB,24618
campers,VERB,13113
campfire,VERB,12874
campfire's,VERB,12874
campfire_site,VERB,25302
campfires,VERB,12874
camping,VERB,13112
camping_mat,VERB,25271
camping_stove,VERB,25272
camps,VERB,13112
can,PRON,13114
can's,VERB,13114
can_opener,VERB,22396
canada,VERB,13116
canada's,VERB,13116
canal,VERB,24619
canal's,VERB,24619
canal_,VERB,24619
canals,VERB,24619
cancel,PRON,13665
canceled,VERB,13665
canceler,VERB,13665
cancelers,VERB,13665
canceling,VERB,13665
cancellation,VERB,24883
cancellation's,VERB,24883
cancellations,VERB,24883
cancelled,ADJ,24968
cancels,VERB,13665
cancer,VERB,24043
cancer's,VERB,24043
cancer_,VERB,22640
cancers,VERB,24043
candied,VERB,22375
candies,VERB,22375
candle,VERB,13117
candle's,VERB,13117
candled,VERB,13117
candler,VERB,13117
candlers,VERB,13117
candles,VERB,13117
candling,VERB,13117
candy,VERB,22375
candy's,VERB,22375
candy_,VERB,13118
candy_bar,VERB,22372
candy_store,VERB,23228
candying,VERB,22375
cane,VERB,13119
cane's,VERB,13119
caned,VERB,13114
caner,VERB,13114
caners,VERB,13114
canes,VERB,13119
canid,VERB,12380
canine,VERB,12380
canine's,VERB,12380
canine_,VERB,12380
canines,VERB,12380
caning,VERB,13114
cannabis,VERB,27019
cannabis's,VERB,27019
cannabises,VERB,27019
cannon,VERB,13120
cannon's,VERB,13120
cannoned,VERB,13120
cannoning,VERB,13120
cannons,VERB,13120
cannula,VERB,25469
cannula_,VERB,25437
canoe,VERB,22075
canoe's,VERB,22075
canoed,VERB,22075
canoeing,VERB,22050
canoes,VERB,22075
cans,VERB,13114
canter,VERB,24044
canter's,VERB,24044
canter-,PRON,24044
cap,VERB,14682
cap's,VERB,14682
capability,VERB,12322
capability's,VERB,12322
capable,VERB,14682
capacity,VERB,12322
capacity's,VERB,12322
cape,VERB,26286
cape's,VERB,26286
caped,VERB,14682
caper,VERB,14682
capers,VERB,14682
capes,VERB,26286
capital,VERB,26134
capital's,VERB,26134
capital_city,VERB,26134
capitally,VERB,26134
capitals,VERB,26134
capitulum,VERB,25873
capricorn,VERB,22646
capricorn's,VERB,22646
capricorn_,VERB,22646
capricorns,VERB,22646
caps,VERB,14682
captivities,VERB,25132
captivity,VERB,25132
captivity's,VERB,25132
capture,PRON,23200
capture's,VERB,23200
captured,VERB,23200
captures,VERB,23200
capturing,VERB,23200
car,VERB,13121
car's,VERB,13121
car_crash,VERB,13438
car_crash_,VERB,13438
car_dealer,VERB,29016
car_dealership,VERB,29016
car_drive,VERB,29307
car_journey,VERB,29305
car_light,VERB,27020
car_mechanic,PREP,23429
car_outing,VERB,29307
car_racing,VERB,21829
car_repair_shop,VERB,29631
car_track,VERB,23430
car_wash,VERB,29610
carambola,VERB,27132
caravan,VERB,13113
caravan's,VERB,13113
caravans,VERB,13113
card,VERB,15962
card's,VERB,15962
card_game,VERB,23432
cardboard,VERB,25851
cardboard's,VERB,25851
carded,VERB,15962
cardiac_arrest,VERB,27021
cardinal_point,VERB,13682
carding,VERB,15962
cardiologist,PREP,21582
cardiologist's,VERB,21582
cardiologists,VERB,21582
cardiovascular_system,VERB,25438
cards,VERB,13122
care,VERB,23056
care's,VERB,23056
care_centre,VERB,23038
care_for,VERB,24317
care_for_-,PRON,24317
care_manager,PREP,24620
care_plan_manager,PREP,24620
cared,VERB,13121
career,VERB,21360
career's,VERB,21360
careered,VERB,21360
careering,VERB,21360
careers,VERB,21360
careful,ADJ,13123
carefully,VERB,13123
carefulness,VERB,13123
caregiver,PREP,23063
caregiver's,VERB,23063
caregivers,VERB,23063
careless,VERB,29514
carelessly,VERB,29514
carelessness,VERB,29514
carer,VERB,13121
carers,VERB,13121
cares,VERB,23056
caretaker,PREP,24683
caretaker's,VERB,24683
caretakers,VERB,24683
caribou,VERB,16478
caribou's,VERB,16478
caribous,VERB,16478
caries,VERB,13138
caries's,VERB,13138
caring,VERB,13121
carnival,VERB,28009
carnival's,VERB,28009
carnivals,VERB,28009
carnivore,VERB,26135
carnivore's,VERB,26135
carnivores,VERB,26135
carol,VERB,24623
carol's,VERB,24623
caroled,VERB,24623
caroler,VERB,24623
carolers,VERB,24623
caroling,VERB,24623
carols,VERB,24623
carousel,VERB,15458
carousel's,VERB,15458
carousels,VERB,15458
carpenter,VERB,26136
carpenter's,VERB,26136
carpentered,VERB,26136
carpentering,VERB,26136
carpenters,VERB,26136
carpentry,VERB,26137
carpentry's,VERB,26137
carpet,VERB,16696
carpet's,VERB,16696
carpeted,VERB,16696
carpeting,VERB,16696
carpets,VERB,16696
carriage,VERB,13127
carriage's,VERB,13127
carriage_racing,VERB,22095
carriages,VERB,13127
carried,VERB,13125
carrier,VERB,13125
carrier_bag,VERB,14668
carriers,VERB,13125
carries,VERB,13125
carrion,VERB,21315
carrion's,VERB,21315
carrion_eater,VERB,26238
carrot,VERB,13124
carrot's,VERB,13124
carrots,VERB,13124
carry,PRON,13125
carry's,VERB,13125
carrycot,VERB,13126
carrycots,VERB,13126
carrying,VERB,13125
cars,VERB,13121
cart,VERB,13127
cart's,VERB,13127
carted,VERB,13127
carter,VERB,13127
carters,VERB,13127
carting,VERB,13127
cartographer,PREP,23433
cartographer's,VERB,23433
cartographers,VERB,23433
cartography,VERB,23434
cartography's,VERB,23434
cartoon,VERB,23435
cartoon's,VERB,23435
cartooned,VERB,23435
cartooning,VERB,23435
cartoons,VERB,23435
carts,VERB,13127
carve,VERB,25273
carve-,PRON,25273
carved,VERB,25273
carver,VERB,25273
carvers,VERB,25273
carves,VERB,25273
carving,VERB,25273
carvings,VERB,25273
case,VERB,25532
case's,VERB,25532
cased,VERB,25532
casement,VERB,25532
cases,VERB,25532
cash,VERB,15484
cash's,VERB,15484
cash_machine,VERB,23405
cashed,VERB,15484
cashes,VERB,15484
cashing,VERB,15484
casing,VERB,25532
casing's,VERB,25532
casings,VERB,25532
casserole,VERB,23436
casserole's,VERB,23436
casseroled,VERB,23436
casseroles,VERB,23436
casseroling,VERB,23436
cassette,VERB,13128
cassette's,VERB,13128
cassettes,VERB,13128
cast,VERB,13129
cast's,VERB,13129
cast_,VERB,13129
castanets,VERB,23830
castanets_,VERB,23830
castilian,VERB,25377
castilian_,VERB,25377
casting,VERB,13129
castle,VERB,23437
castle's,VERB,23437
castle_ruin,VERB,25784
castled,VERB,23437
castles,VERB,23437
castling,VERB,23437
casts,VERB,13129
cat,VERB,12383
cat's,VERB,12383
catamaran,VERB,22087
catamaran's,VERB,22087
catamarans,VERB,22087
catastrophe,VERB,23846
catastrophe's,VERB,23846
catastrophes,VERB,23846
catch,PRON,13131
catch's,VERB,13131
catcher,VERB,13131
catchers,VERB,13131
catches,VERB,13131
catching,VERB,13131
catchings,VERB,13131
catchment,VERB,13131
categories,VERB,17961
category,VERB,17961
category's,VERB,17961
caterpillar,VERB,13132
caterpillar's,VERB,13132
caterpillars,VERB,13132
catheter,VERB,25469
catheter's,VERB,25469
catheter_,VERB,25439
catheters,VERB,25469
cats,VERB,12383
cauliflower,VERB,13133
cauliflower's,VERB,13133
cauliflowers,VERB,13133
causalities,VERB,23439
causality,VERB,23439
causality's,VERB,23439
cause,VERB,13134
cause's,VERB,13135
cause-,PRON,13135
caused,VERB,13135
causer,VERB,13135
causers,VERB,13135
causes,VERB,13135
causing,VERB,13135
cave,VERB,13137
cave's,VERB,13137
caved,VERB,13137
caver,VERB,13137
cavers,VERB,13137
caves,VERB,13137
caving,VERB,13137
cavities,VERB,13138
cavity,VERB,13138
cavity's,VERB,13138
cd,VERB,16470
cd's,VERB,16470
cd_cover,VERB,23832
cd_player,VERB,16471
cease-fire,VERB,24424
cecum,VERB,25430
cecum's,VERB,25430
ceiling,VERB,13139
ceiling's,VERB,13139
ceilings,VERB,13139
celebration,VERB,21290
celebration's,VERB,21290
celebration_of_life,VERB,21291
celeriac,VERB,23833
celery,VERB,13140
celery's,VERB,13140
celibacy,VERB,12326
celibacy's,VERB,24047
celibacy_,VERB,24047
cell,VERB,21540
cell's,VERB,21540
cellar,VERB,23029
cellar's,VERB,23029
cellars,VERB,23029
celled,VERB,21540
cello,VERB,23834
cello's,VERB,23834
cellos,VERB,23834
cellphone,VERB,23592
cellphone's,VERB,23592
cellphones,VERB,23592
cells,VERB,21540
cellular_fluid,VERB,25440
cement,VERB,13397
cement's,VERB,13397
cemented,VERB,13397
cementer,VERB,13397
cementers,VERB,13397
cementing,VERB,13397
cements,VERB,13397
cemeteries,VERB,13142
cemetery,VERB,13142
cemetery's,VERB,13142
cent,VERB,13143
cent's,VERB,13143
center,VERB,13143
centers,VERB,13143
central_nervous_system,VERB,21585
centre,VERB,15464
cents,VERB,13143
centuries,VERB,13144
century,VERB,13144
century's,VERB,13144
ceramics,VERB,24048
ceramics's,VERB,24048
cereal,VERB,13145
cereal's,VERB,13145
cereals,VERB,13145
ceremonies,VERB,21096
ceremony,VERB,21096
ceremony's,VERB,21096
ceres,VERB,24425
ceres's,VERB,24425
ceres_,VERB,24425
certain,ADJ,24049
certain_,ADJ,13146
certainly,VERB,24049
cervical_collar,VERB,26284
cervid,VERB,12381
cervine,VERB,12381
cervine_,VERB,12381
cervix,VERB,13147
cervix's,VERB,13147
chafing_dish,VERB,22593
chain,VERB,21849
chained,VERB,21849
chaining,VERB,21849
chains,VERB,21849
chair,VERB,13148
chair's,VERB,13148
chaired,VERB,13148
chairing,VERB,13148
chairlift,VERB,24050
chairlift's,VERB,24050
chairlifts,VERB,24050
chairman,PREP,24051
chairman's,VERB,24051
chairs,VERB,13148
chalice,VERB,21364
chalice's,VERB,21364
chalices,VERB,21364
chalkboard,VERB,12852
chalkboard's,VERB,12852
chalkboards,VERB,12852
challah,VERB,13149
challenge,VERB,24052
challenge's,VERB,24052
challenged,VERB,24052
challenger,VERB,24052
challengers,VERB,24052
challenges,VERB,24052
challenging,ADJ,13676
chamber_pot,VERB,24717
chameleon,VERB,13150
chameleon's,VERB,13150
chameleons,VERB,13150
champagne,VERB,22346
champagne's,VERB,22346
champagnes,VERB,22346
chance,VERB,24426
chance's,VERB,24426
chance_event,VERB,12329
chanced,VERB,24426
chances,VERB,24426
chancing,VERB,24426
change,VERB,13151
change's,VERB,13151
changed,VERB,13151
changer,VERB,13151
changers,VERB,13151
changes,VERB,13151
changing,VERB,13151
channel,VERB,24622
channel's,VERB,24622
channel_,VERB,24622
channeled,VERB,24622
channeling,VERB,24622
channels,VERB,24622
chanukah,VERB,13153
chaos,ADJ,29515
chaos's,VERB,29515
chaotic,PRON,29516
chapati,VERB,16691
chapatis,VERB,16691
character,VERB,26138
character's,VERB,26138
character_,VERB,26138
characters,VERB,26138
charge,VERB,23002
charge's,VERB,26139
charge_-,PRON,26139
charged,VERB,26139
charged_,ADJ,26140
charger,VERB,26141
charger's,VERB,26141
chargers,VERB,26141
charges,VERB,26139
charging,VERB,26139
charging_plug,VERB,29639
charging_plug_,VERB,29639
charging_station,VERB,29640
charities,VERB,13154
charity,VERB,13154
charity's,VERB,13154
charity_shop,VERB,29079
charm,VERB,24053
charm's,VERB,24053
charmed,VERB,24053
charmer,VERB,24053
charmers,VERB,24053
charming,ADJ,24054
charmingly,VERB,24054
charms,VERB,24053
charter,VERB,24733
charter-,PRON,24733
chartered,VERB,24733
chartering,VERB,24733
charters,VERB,24733
chase,VERB,25274
chase's,VERB,25275
chase-,PRON,25275
chased,VERB,25275
chaser,VERB,25275
chasers,VERB,25275
chases,VERB,25275
chasing,VERB,25275
chastity,VERB,12326
chastity's,VERB,12326
chat,VERB,13689
chat's,VERB,25676
chat_,VERB,25675
chat_-,PRON,25676
chats,VERB,25676
chauffeur,PREP,13884
chauffeur's,VERB,13884
chauffeured,VERB,13884
chauffeuring,VERB,13884
chauffeurs,VERB,13884
cheap,ADJ,23039
cheap_,ADJ,13155
cheapen,VERB,23039
cheapens,VERB,23039
cheaper,VERB,23039
cheapest,VERB,23039
cheaply,VERB,23039
cheapness,VERB,23039
cheat,VERB,25677
cheat's,VERB,25677
cheat-,PRON,25677
cheated,VERB,25677
cheater,VERB,25677
cheaters,VERB,25677
cheating,VERB,25678
cheats,VERB,25677
checked,ADJ,24055
cheek,VERB,13156
cheek's,VERB,13156
cheeked,VERB,13156
cheeking,VERB,13156
cheeks,VERB,13156
cheer,VERB,25025
cheer's,VERB,25025
cheer-,PRON,25025
cheered,VERB,25025
cheerer,VERB,25025
cheerers,VERB,25025
cheering,VERB,25025
cheering_,OTHER,25026
cheering_section,PREP,25183
cheerleader,PREP,25027
cheerleader's,VERB,25027
cheerleaders,VERB,25027
cheers,VERB,25025
cheers_,OTHER,25028
cheese,VERB,13157
cheese's,VERB,13157
cheesed,VERB,13157
cheeses,VERB,13157
cheesing,VERB,13157
cheetah,VERB,26142
cheetah's,VERB,26142
chef,PREP,22907
chef's,VERB,22907
chefs,VERB,22907
chemical_product,VERB,13158
chemist,PREP,21562
chemist's,VERB,21562
chemistry,VERB,21544
chemistry's,VERB,23040
chemistry_,VERB,23040
chemists,VERB,21562
cherries,VERB,13159
cherry,VERB,13159
cherry's,VERB,13159
cheshvan,VERB,13160
chess,NOUN,25852
chess's,VERB,25852
chest,VERB,13161
chest's,VERB,13161
chest_hair,VERB,24056
chest_of_drawers,VERB,13162
chested,VERB,13161
chesterfield,VERB,13419
chesterfield's,VERB,13419
chesterfields,VERB,13419
chests,VERB,13161
chew,VERB,13163
chew's,VERB,13163
chew-,PRON,13163
chewed,VERB,13163
chewer,VERB,13163
chewers,VERB,13163
chewing,VERB,13163
chewing-gum,VERB,25853
chews,VERB,13163
chick,VERB,25679
chick's,VERB,25679
chick-pea,VERB,24021
chicken,VERB,13164
chicken's,VERB,13164
chicken_,VERB,13164
chicken_coop,VERB,25728
chickened,VERB,13164
chickening,VERB,13164
chickens,VERB,25679
chicks,VERB,25679
child,PREP,13166
child's,VERB,13166
child_abuse,VERB,13167
child_care,VERB,24057
child_harness,VERB,24058
child_seat,VERB,29633
children's_day,VERB,24059
children's_rights,VERB,27022
children's_room,VERB,24841
children's_song,VERB,23835
chillier,VERB,13411
chilliest,VERB,13411
chilliness,VERB,13411
chilly,ADJ,13410
chilly_,ADJ,13411
chime_bar,VERB,24802
chime_bars,VERB,23814
chimney,VERB,13168
chimney's,VERB,13168
chimneys,VERB,13168
chin,VERB,13169
chin's,VERB,13169
china,VERB,25029
china's,VERB,25029
chins,VERB,13169
chip,VERB,24716
chip's,VERB,24716
chip_shop,VERB,27023
chipmunk,VERB,13170
chipmunk's,VERB,13170
chipmunks,VERB,13170
chips,VERB,24657
chips_,VERB,14398
chiropodist,PREP,21596
chiropodist's,VERB,21596
chiropodists,VERB,21596
chiropractor,PREP,21601
chiropractor's,VERB,21601
chiropractors,VERB,21601
chirp,PRON,24060
chirp's,VERB,24060
chirped,VERB,24060
chirping,VERB,24060
chirps,VERB,24060
chive,VERB,24427
chive's,VERB,24427
chives,VERB,24427
chocolate,VERB,22340
chocolate's,VERB,22340
chocolate_,VERB,13171
chocolate_bar,VERB,22373
chocolate_drink,VERB,20772
chocolate_drink_,VERB,13172
chocolate_flavouring,VERB,13173
chocolate_sauce,VERB,22342
chocolate_spread,VERB,22906
chocolate_spread_,VERB,13174
chocolates,VERB,22340
choice,VERB,13175
choice's,VERB,13175
choicer,VERB,13175
choices,VERB,13175
choicest,VERB,13175
choir,PREP,13176
choir's,VERB,13176
choirs,VERB,13176
choke,PRON,13177
choke's,VERB,13177
choked,VERB,13177
choker,VERB,13177
chokers,VERB,13177
chokes,VERB,13177
choking,VERB,13177
choose,PRON,13178
chooser,VERB,13178
choosers,VERB,13178
chooses,VERB,13178
choosing,VERB,13178
chop,VERB,13179
chop's,VERB,13179
chop-,PRON,13179
chops,VERB,13179
chopstick,VERB,26287
chopstick's,VERB,26287
chopsticks,VERB,26287
chorus,PREP,13176
chorus's,VERB,13176
chorused,VERB,13176
choruses,VERB,13176
chorusing,VERB,13176
christ,PREP,14969
christ's,VERB,14969
christian,ADJ,13180
christian_,PREP,21031
christian_charity,VERB,21305
christian_event,VERB,21100
christian_faith,VERB,21302
christian_hope,VERB,21303
christian_love,VERB,21304
christianities,VERB,21027
christianity,VERB,21027
christianity's,VERB,21027
christianity_,VERB,13613
christmas,VERB,13181
christmas's,VERB,13181
christmas_eve,VERB,25441
christmas_eve_,VERB,25441
christmas_pudding,VERB,22308
christmas_song,VERB,24623
christmas_tree,VERB,21371
christmases,VERB,13181
christs,VERB,14969
chromosome,VERB,26143
chromosome's,VERB,26143
chromosomes,VERB,26143
chronic_fatigue_syndrome,VERB,27024
chronic_fatigue_syndrome_,VERB,23836
chumash,VERB,13182
chumash's,VERB,13182
chunks_of_meat,VERB,23473
church,VERB,13345
church's,VERB,13345
church_ruin,VERB,24966
churches,VERB,13345
cider,VERB,22347
ciders,VERB,22347
cigarette,VERB,13346
cigarette's,VERB,13346
cigarettes,VERB,13346
cinch,VERB,24132
cinch's,VERB,24132
cinched,VERB,24132
cinches,VERB,24132
cinching,VERB,24132
cinema,VERB,15670
cinema's,VERB,15670
cinemas,VERB,15670
cinnamon,VERB,22312
cinnamon's,VERB,22313
cinnamon_,VERB,22313
cipher,VERB,25276
ciphered,VERB,25276
ciphering,VERB,25276
ciphers,VERB,25276
circle,PRON,16690
circle's,VERB,16690
circle_,VERB,13347
circle_sector,VERB,25594
circled,VERB,16690
circles,VERB,16690
circling,VERB,16690
circular,ADJ,16693
circular's,VERB,16693
circularly,VERB,16693
circulars,VERB,16693
circulate,PRON,16690
circulated,VERB,16690
circulates,VERB,16690
circulating,VERB,16690
circulation,VERB,24249
circulation's,VERB,24249
circulations,VERB,24249
circulatory_system,VERB,25443
circumcision,VERB,13348
circumcision's,VERB,13348
circumcision_ceremony,VERB,21113
circus,VERB,24061
circus's,VERB,24061
circuses,VERB,24061
cities,VERB,23151
citizen,VERB,13349
citizen's,VERB,13349
citizens,VERB,13349
citrus_fruit,VERB,15933
city,VERB,23151
city's,VERB,23151
city_,VERB,13351
city_block,VERB,23815
city_district,VERB,23848
city_tour,VERB,25030
civil_engineer,PREP,23441
clam,VERB,15952
clam's,VERB,15952
clams,VERB,15952
clan,VERB,21609
clan's,VERB,21609
clans,VERB,21609
clap,VERB,25012
clap's,VERB,25012
clap-,PRON,25012
clapping,VERB,25013
clapping's,VERB,25013
claps,VERB,25012
clarinet,VERB,23837
clarinet's,VERB,23837
clarinets,VERB,23837
clarity,VERB,24878
clarity's,VERB,24878
class,VERB,13352
class's,VERB,15162
class_,VERB,15162
classed,VERB,15162
classes,VERB,15162
classification,VERB,26243
classified,VERB,26243
classifies,VERB,26243
classify,VERB,26243
classify-,PRON,26243
classifying,VERB,26243
classing,VERB,15162
classmate,PREP,25680
classmate's,VERB,25680
classmates,VERB,25680
classroom,VERB,13353
classroom's,VERB,13353
classrooms,VERB,13353
clause,VERB,16760
clause's,VERB,16760
clauses,VERB,16760
clavicle,VERB,25444
clavicle's,VERB,25444
clavicles,VERB,25444
claw,VERB,13354
claw_,VERB,13354
clawed,VERB,13354
clawing,VERB,13354
claws,VERB,13354
clay,VERB,15672
clay's,VERB,15672
clean,ADJ,24062
clean-,PRON,13357
clean_,ADJ,13356
cleanable,VERB,24062
cleaned,VERB,24062
cleaner,PREP,29237
cleaner's,VERB,29237
cleaners,VERB,24062
cleanest,VERB,24062
cleaning,VERB,24062
cleaning_cloth,VERB,22398
cleaning_tool,VERB,22397
cleanings,VERB,24062
cleanly,VERB,24062
cleanness,VERB,24062
cleans,VERB,24062
clear,ADJ,13358
clear's,VERB,13358
cleared,VERB,13358
clearer,VERB,13358
clearest,VERB,13358
clearing,VERB,13358
clearings,VERB,13358
clearly,VERB,13358
clearness,VERB,24878
clearness's,VERB,24878
clears,VERB,13358
cleft,VERB,24630
cleft's,VERB,24630
clefts,VERB,24630
cleg,VERB,15660
clementine,VERB,17503
clementines,VERB,17503
clerk,PREP,13359
clerk's,VERB,13359
clerked,VERB,13359
clerking,VERB,13359
clerks,VERB,13359
clever,ADJ,17015
cleverer,VERB,17015
cleverest,VERB,17015
cleverly,VERB,17015
cleverness,VERB,22917
cleverness's,VERB,22917
client,PREP,25682
client's,VERB,25682
clients,VERB,25682
climate,VERB,25031
climate's,VERB,25031
climate_change,VERB,28010
climate_emergency,VERB,28011
climates,VERB,25031
climb,VERB,13360
climb's,VERB,13360
climb-,PRON,13360
climbable,VERB,13360
climbed,VERB,13360
climber,VERB,13360
climbers,VERB,13360
climbing,VERB,13360
climbs,VERB,13360
clinic,VERB,13361
clinic's,VERB,13361
clinics,VERB,13361
clipboard,VERB,29255
clipboard's,VERB,29255
clipboards,VERB,29255
clitoris,VERB,13362
clitoris's,VERB,13362
clitorises,VERB,13362
cloakroom,VERB,24063
cloakroom's,VERB,24063
cloakrooms,VERB,24063
clock,VERB,13363
clock's,VERB,13363
clocked,VERB,13363
clocking,VERB,13363
clocks,VERB,13363
close,PRON,13364
close's,VERB,13364
closed,ADJ,25277
closely,VERB,13364
closeness,VERB,14950
closeness's,VERB,14950
closer,VERB,13364
closes,VERB,13364
closest,VERB,13364
closet,VERB,13622
closet's,VERB,13622
closeted,VERB,13622
closeting,VERB,13622
closets,VERB,13622
closing,VERB,13364
closings,VERB,13364
cloth,VERB,13365
cloth's,VERB,13365
clothes,VERB,13366
clothes_line,VERB,26144
clothing,VERB,13366
clothing's,VERB,13366
clothing_shop,VERB,23042
clothing_without_sleeves,VERB,26286
cloud,VERB,13367
cloud's,VERB,13367
cloudberry,VERB,24064
clouded,VERB,13367
cloudier,VERB,13368
cloudiest,VERB,13368
cloudiness,VERB,13368
clouding,VERB,13367
clouds,VERB,13367
cloudy,ADJ,13368
clover,VERB,16939
clover's,VERB,16939
clown,PREP,23443
clown's,VERB,23443
clowned,VERB,23443
clowning,VERB,23443
clowns,VERB,23443
club,VERB,13369
club's,VERB,13369
clubs,VERB,13369
cluck,PRON,29422
cluck's,VERB,29422
cluck-,PRON,29410
clucked,VERB,29422
clucking,VERB,29422
clucks,VERB,29422
clue,VERB,25278
clue's,VERB,25278
clued,VERB,25278
clues,VERB,25278
cluing,VERB,25278
cns,VERB,21585
cns's,VERB,21585
cns_injury,VERB,26288
co-housing,VERB,27025
coach,VERB,13089
coach's,VERB,29227
coach_,PREP,29227
coached,VERB,29227
coaches,VERB,29227
coaching,VERB,29227
coal,VERB,25062
coal's,VERB,25062
coal_,VERB,25062
coaled,VERB,25062
coaling,VERB,25062
coals,VERB,25062
coarse,PRON,29556
coarse_slang,VERB,24962
coarsely,VERB,29556
coarseness,VERB,29556
coarser,VERB,29556
coarsest,VERB,29556
coast,VERB,12640
coast's,VERB,12640
coasted,VERB,12640
coaster,VERB,12640
coasters,VERB,12640
coasting,VERB,12640
coasts,VERB,12640
coat,VERB,13371
coat's,VERB,14415
coat_,VERB,14415
coated,VERB,14415
coating,VERB,14415
coatings,VERB,14415
coats,VERB,14415
cobweb,VERB,25809
cobweb's,VERB,25809
cobwebs,VERB,25809
coca,VERB,25495
coca's,VERB,25495
cockerel,VERB,23043
cockerel's,VERB,23043
cockerels,VERB,23043
cockpit,VERB,25307
cockpit's,VERB,25307
cockpits,VERB,25307
cocoa,VERB,13173
cocoa's,VERB,13173
cocoas,VERB,13173
coconut,VERB,13372
coconut's,VERB,13372
coconuts,VERB,13372
cod,VERB,23044
cod's,VERB,23044
code,VERB,25032
coded,VERB,25032
coder,VERB,25032
coders,VERB,25032
codes,VERB,25032
codfish,VERB,23044
codfish's,VERB,23044
codfishes,VERB,23044
coding,VERB,25032
cods,VERB,23044
coffee,VERB,13373
coffee's,VERB,13373
coffee_break,VERB,25502
coffee_house,VERB,13104
coffees,VERB,13373
coffin,VERB,21116
coffin's,VERB,21116
coffined,VERB,21116
coffining,VERB,21116
coffins,VERB,21116
cognitive_impairment,VERB,26012
cohabitant,PREP,17237
cohabitant's,VERB,17237
cohabitants,VERB,17237
coin,VERB,13374
coin's,VERB,13374
coin_collection,VERB,29329
coined,VERB,13374
coiner,VERB,13374
coiners,VERB,13374
coining,VERB,13374
coins,VERB,13374
colander,VERB,16976
colander's,VERB,16976
colanders,VERB,16976
cold,ADJ,13375
cold's,VERB,13376
cold-blooded_animal,VERB,26121
cold_,ADJ,13376
colder,VERB,13376
coldest,VERB,13376
coldly,VERB,13376
coldness,VERB,25533
coldness's,VERB,25533
colds,VERB,13376
collar,VERB,25854
collar's,VERB,25854
collarbone,VERB,25444
collarbone's,VERB,25444
collarbones,VERB,25444
collared,VERB,25854
collaring,VERB,25854
collars,VERB,25854
colleague,PREP,25683
colleague's,VERB,25683
colleagues,VERB,25683
collection,VERB,25033
collection's,VERB,25033
collections,VERB,25033
colon,NOUN,8488
colon's,VERB,8488
colons,VERB,8488
coloring_book,VERB,26145
colour,VERB,13377
coloured_pencil,VERB,13604
colouring_book,VERB,26145
coma,VERB,26334
coma's,VERB,26334
comas,VERB,26334
comatose,ADJ,26333
comatoseness,VERB,26334
comb,VERB,13378
comb's,VERB,13379
comb-,PRON,13379
combat,VERB,24855
combat's,VERB,24855
combat-,PRON,14175
combated,VERB,24855
combating,VERB,24855
combative,VERB,24855
combats,VERB,24855
combed,VERB,13379
comber,VERB,13379
combers,VERB,13379
combination,VERB,13380
combination's,VERB,13380
combinations,VERB,13380
combine,PRON,13381
combine_harvester,VERB,25684
combine_marker,OTHER,13382
combined,VERB,13381
combines,VERB,13381
combing,VERB,13379
combings,VERB,13379
combining,VERB,13381
combs,VERB,13379
combustible,ADJ,14195
combustible's,VERB,14195
combustibles,VERB,14195
come,PRON,13383
come's,VERB,13383
come_back,PRON,16500
comedies,VERB,23445
comedy,VERB,23445
comedy's,VERB,23445
comer,VERB,13383
comers,VERB,13383
comes,VERB,13383
comet,VERB,13384
comet's,VERB,13384
comets,VERB,13384
comfort,PRON,13385
comfort's,VERB,13385
comfortable,ADJ,13386
comfortableness,VERB,13386
comforted,VERB,13385
comforting,VERB,13385
comforts,VERB,13385
coming,VERB,13383
comma,NOUN,8487
comma's,VERB,8487
command,PRON,21335
command's,VERB,21335
commanded,VERB,21335
commander,VERB,21335
commanders,VERB,21335
commanding,VERB,21335
commandment,VERB,21335
commandments,VERB,13388
commands,VERB,21335
commas,VERB,8487
commemorative_work,VERB,24700
commerce,VERB,13093
commerce's,VERB,13093
commode_chair,VERB,24770
common,ADJ,24066
common_cold,VERB,24065
commoner,VERB,24066
commonest,VERB,24066
commonly,VERB,24066
commonness,VERB,24066
communicate,VERB,13389
communicate-,PRON,13389
communicated,VERB,13389
communicates,VERB,13389
communicating,VERB,13389
communication,VERB,13390
communication's,VERB,13390
communication_impaired,ADJ,26146
communication_impairment,VERB,26147
communication_satellite,VERB,24624
communication_therapist,PREP,21595
communications,VERB,13389
communicative,VERB,13389
community_centre,VERB,23446
commuter_train,VERB,24067
compact,ADJ,25860
compact's,VERB,25860
compacted,VERB,25860
compacter,VERB,25860
compactest,VERB,25860
compacting,VERB,25860
compactly,VERB,25860
compactness,VERB,25861
compactness's,VERB,25861
compacts,VERB,25860
comparable,VERB,13391
comparative_more,NOUN,24879
compare,VERB,13391
compare-,PRON,13391
compared,VERB,13391
compares,VERB,13391
comparing,VERB,13391
compartment,VERB,24625
compartment's,VERB,24625
compartments,VERB,24625
compass,VERB,24626
compass's,VERB,25685
compass_,VERB,25685
compassed,VERB,25685
compasses,VERB,25685
compassing,VERB,25685
compelled,ADJ,14383
compete,PRON,13392
competed,VERB,13392
competes,VERB,13392
competing,VERB,13392
competition,VERB,16451
competition's,VERB,16451
competitions,VERB,16451
complete,ADJ,24844
complete-,PRON,14181
completed,ADJ,24844
completely,VERB,24844
completeness,VERB,24844
completer,VERB,24844
completes,VERB,24844
completest,VERB,24844
completing,VERB,24844
completion,VERB,24844
completions,VERB,24844
complication,VERB,15907
complications,VERB,15907
complied,VERB,15907
complies,VERB,15907
comply,VERB,15907
comply-,PRON,15907
complying,VERB,15907
composer,PREP,13393
composer's,VERB,13393
composers,VERB,13393
compost,VERB,26148
compost's,VERB,26148
composted,VERB,26148
composting,VERB,26148
composts,VERB,26148
compote,VERB,23515
compote's,VERB,23515
compotes,VERB,23515
compound_berry,VERB,16463
comprehension,VERB,25629
comprehension's,VERB,25629
compressing,VERB,25534
compression,VERB,25534
compression's,VERB,25534
computer,VERB,23447
computer's,VERB,23447
computer_,VERB,13394
computer_case,VERB,23448
computer_game,VERB,26154
computer_game_,VERB,23449
computer_peripheral,VERB,23450
computer_program,VERB,23664
computer_screen,VERB,23451
computer_shop,VERB,29017
computer_specialist,PREP,29240
computer_store,VERB,29017
computers,VERB,23447
concave,ADJ,29018
concavely,VERB,29018
concaveness,VERB,29018
concavity,VERB,29019
conceal,VERB,25077
conceal-,PRON,14710
conceal_-,PRON,25077
concealable,VERB,25077
concealed,VERB,25077
concealer,VERB,25077
concealers,VERB,25077
concealing,VERB,25077
concealment,VERB,25077
conceals,VERB,25077
concentration,VERB,25862
concentration's,VERB,25862
concentration_,VERB,25862
concept,VERB,27026
concept's,VERB,27026
conception,VERB,13395
conception's,VERB,13395
conceptions,VERB,13395
concepts,VERB,27026
conceptualise,VERB,27027
conceptualise-,PRON,27027
concern,VERB,22912
concern's,VERB,22912
concerned,VERB,22912
concerning,NOUN,12324
concert,VERB,23452
concert_hall,VERB,13396
concerted,VERB,23452
concerting,VERB,23452
concerts,VERB,23452
concord,VERB,14680
concord's,VERB,14680
concordance,VERB,14680
concordance's,VERB,14680
concordances,VERB,14680
concrete,VERB,13397
concrete's,VERB,13397
concreted,VERB,13397
concretely,VERB,13397
concreteness,VERB,13397
concretes,VERB,13397
concreting,VERB,13397
concretion,VERB,13397
concretions,VERB,13397
condemn,VERB,23202
condemn-,PRON,23202
condemned,VERB,23202
condemner,VERB,23202
condemners,VERB,23202
condemning,VERB,23202
condemns,VERB,23202
condensation,VERB,23839
condensation's,VERB,23839
condense,VERB,23840
condense-,PRON,23840
condensed,VERB,23840
condenser,VERB,23840
condensers,VERB,23840
condenses,VERB,23840
condensing,VERB,23840
condiment,VERB,14198
condiment's,VERB,14198
condiments,VERB,14198
conditioner,ADJ,29534
conditioner's,VERB,29534
conditioners,VERB,29534
condom,VERB,13398
condom's,VERB,13398
condoms,VERB,13398
conductive_education,VERB,24068
conductor,VERB,24069
conductor's,VERB,24069
conductor_,PREP,24069
conductor__,PREP,13399
conductors,VERB,24069
cone,VERB,13400
cone's,VERB,29020
cone_,VERB,29020
confection,VERB,17479
confection's,VERB,17479
confectioner,VERB,17479
confectioners,VERB,17479
confections,VERB,17479
conference,VERB,14427
conference's,VERB,14427
conferences,VERB,14427
conferencing,VERB,14427
confess,VERB,21099
confess-,PRON,21099
confidence,VERB,17785
confidence's,VERB,17785
confidences,VERB,17785
confine,VERB,26014
confine-,PRON,26014
confined,ADJ,26015
confirmation,VERB,21110
confirmation's,VERB,21110
confirmations,VERB,21110
confused,VERB,29518
confused_,ADJ,29518
confusedly,VERB,29518
confusing,VERB,29520
confusing_,ADJ,29520
confusingly,VERB,29520
confusion,VERB,26149
confusion_,VERB,26149
congratulate,VERB,15437
congratulate-,PRON,15437
congratulated,VERB,15437
congratulates,VERB,15437
congratulating,VERB,15437
congratulation,VERB,15437
congratulations,OTHER,15487
conifer_cone,VERB,25686
conjunction,VERB,27029
conjure,PRON,23453
conjured,VERB,23453
conjurer,VERB,23453
conjurers,VERB,23453
conjures,VERB,23453
conjuring,VERB,23453
connect,PRON,13381
connect-,PRON,14154
connect_-,PRON,24710
connected,VERB,24710
connecting,VERB,24710
connection,VERB,13380
connection's,VERB,24627
connection_,VERB,24627
connections,VERB,24627
connective,VERB,24710
connector,VERB,24628
connector's,VERB,24628
connectors,VERB,24628
connects,VERB,24710
conscience,VERB,13401
consciousness,VERB,26289
consciousness's,VERB,26289
consecrate,VERB,21084
consecrate-,PRON,21084
consecrated,VERB,21084
consecrates,VERB,21084
consecrating,VERB,21084
consecration,VERB,21084
consequence,VERB,24495
consequence's,VERB,24495
consequences,VERB,24495
consider,PRON,22374
considerate,ADJ,13402
considerately,VERB,13402
considerateness,VERB,13402
consideration,VERB,24880
consideration's,VERB,24880
considered,VERB,22374
considering,VERB,22374
considers,VERB,22374
console,VERB,13385
console-,PRON,13385
constellation_of_stars,VERB,22633
constipation,VERB,24070
constipation's,VERB,24070
constipation_,VERB,24070
constitution,VERB,24072
constitution's,VERB,24072
construct,VERB,24877
construct-,PRON,24877
constructed,VERB,24877
constructing,VERB,24877
construction,VERB,17445
construction's,VERB,17445
construction_worker,PREP,29232
constructional_blocks,VERB,23454
constructional_toy,VERB,23455
constructions,VERB,17445
constructive,VERB,24877
constructs,VERB,24877
contact_list,VERB,26127
contact_sports,VERB,21627
contagious,ADJ,24471
contagiously,VERB,24471
contagiousness,VERB,24471
contain,VERB,14882
contain_-,PRON,14882
containable,VERB,14882
contained,VERB,14882
container,VERB,13403
container's,VERB,25536
container_,VERB,25536
container_transport,VERB,25624
containers,VERB,14882
containing,VERB,14882
containment,VERB,14882
contains,VERB,14882
content,VERB,24485
content's,VERB,24485
content_,VERB,24485
contented,VERB,24485
contenting,VERB,24485
contentment,VERB,16721
contentment's,VERB,16721
contents,VERB,14457
contest,VERB,16451
continent,VERB,22601
continent's,VERB,22601
continental_drift,VERB,22621
continents,VERB,22601
continuance,VERB,24881
continuance's,VERB,24881
continuances,VERB,24881
continuation,VERB,24881
continuation's,VERB,24881
continuations,VERB,24881
continue,PRON,13404
continued,VERB,13404
continues,VERB,13404
continuing,ADJ,24285
continuously,ADJ,24286
contrabass,VERB,23849
contrabassoon,VERB,23850
contrabassoons,VERB,23850
contract,VERB,24007
contract's,VERB,24007
contracted,VERB,24007
contracting,VERB,24007
contrast,VERB,13406
contrast's,VERB,13406
contrast-,PRON,13406
contrasted,VERB,13406
contrasting,VERB,13406
contrasts,VERB,13406
control,VERB,25987
control_,VERB,24428
control_oneself,VERB,13407
control_oneself-,PRON,13407
control_tower,VERB,23045
controls,VERB,25987
contusion,VERB,24419
contusion's,VERB,24419
conversation,VERB,13689
conversation's,VERB,13689
conversations,VERB,13689
converse,PRON,13688
conversely,VERB,13688
conversion,VERB,13151
conversion_,VERB,21321
convert,VERB,21320
convert-,PRON,13152
convert_-,PRON,21320
converted,VERB,21320
converting,VERB,21320
converts,VERB,21320
convex,ADJ,29021
convexity,VERB,29022
convexity's,VERB,29022
convexly,VERB,29021
conveyor,VERB,29313
conveyor's,VERB,29313
conveyor_belt,VERB,29313
conveyors,VERB,29313
convince,VERB,21311
convince-,PRON,21311
convinced,VERB,21311
convinces,VERB,21311
convincing,VERB,21311
cook,PRON,12619
cook-,PRON,13408
cookbook,VERB,26151
cookbook's,VERB,26151
cookbooks,VERB,26151
cooked,VERB,13408
cookeries,VERB,22908
cookery,VERB,22908
cookery's,VERB,22908
cookery_book,VERB,26151
cookie,VERB,13409
cookie's,VERB,13409
cookie_jar,VERB,22591
cookies,VERB,13409
cooking,VERB,22908
cooking's,VERB,22908
cooking_vessel,VERB,26290
cooks,VERB,13408
cool,ADJ,13410
cool's,VERB,18282
cool-,OTHER,18282
cooled,VERB,18282
cooler,VERB,17710
cooler's,VERB,17710
coolers,VERB,18282
coolest,VERB,18282
cooling,VERB,18282
coolly,VERB,18282
coolness,VERB,18282
cools,VERB,18282
copied,VERB,13412
copier,VERB,23456
copier's,VERB,23456
copiers,VERB,23456
copies,VERB,13412
copper,VERB,23046
copper's,VERB,23046
coppers,VERB,23046
copulation,VERB,16931
copulation's,VERB,16931
copy,VERB,13412
copying,VERB,24934
coral,VERB,23457
coral's,VERB,23457
coral_reef,VERB,23458
corals,VERB,23457
cord,VERB,13921
cord's,VERB,13921
corded,VERB,13921
cording,VERB,13921
cordless_phone,VERB,23459
cords,VERB,13921
core_activity,VERB,25687
corkscrew,VERB,22564
corkscrew's,VERB,22564
corkscrewed,VERB,22564
corkscrewing,VERB,22564
corkscrews,VERB,22564
corn,VERB,13413
corn's,VERB,13413
corn_syrup,VERB,22339
cornea,VERB,25855
cornea's,VERB,25855
corneas,VERB,25855
corned,VERB,13413
corner,VERB,25537
corner's,VERB,25537
corner_,VERB,13414
cornered,VERB,25537
cornering,VERB,25537
corners,VERB,13413
cornet,VERB,14895
cornet's,VERB,14895
cornet_,VERB,14895
cornets,VERB,14895
corning,VERB,13413
cornmeal,VERB,13415
cornmeal's,VERB,13415
corns,VERB,13413
corona_virus,VERB,29023
corpse,VERB,21315
corpse's,VERB,21315
correct,ADJ,13416
correct_thinking,VERB,25538
correctable,VERB,13416
corrected,VERB,13416
correcter,VERB,13416
correctest,VERB,13416
correcting,VERB,13416
corrective,VERB,13416
correctly,VERB,13416
correctness,VERB,21341
correctness's,VERB,21341
corrects,VERB,13416
corridor,VERB,23047
corridor's,VERB,23047
corridors,VERB,23047
corruption,VERB,25988
corruption's,VERB,25988
corruption_,VERB,24629
corruptions,VERB,25988
corset,VERB,24030
corset's,VERB,24030
corseted,VERB,24030
corseting,VERB,24030
corsets,VERB,24030
cosmonaut,PREP,12590
cosmonaut's,VERB,12590
cosmonauts,VERB,12590
cost,VERB,13417
cost's,VERB,24842
cost-,PRON,24842
costed,VERB,24842
costing,VERB,24842
costings,VERB,24842
costly,VERB,24842
costs,VERB,24842
costume,VERB,13418
costume's,VERB,13418
costumed,VERB,13418
costumer,VERB,13418
costumers,VERB,13418
costumes,VERB,13418
costuming,VERB,13418
cottage,VERB,13102
cottage's,VERB,13102
cottage_cheese,VERB,22364
cottager,VERB,13102
cottagers,VERB,13102
cottages,VERB,13102
cottaging,VERB,13102
cotton,VERB,23048
cotton's,VERB,23048
cotton_fabric,VERB,23049
cottoned,VERB,23048
cottoning,VERB,23048
cottons,VERB,23048
couch,VERB,13419
couch's,VERB,13419
couched,VERB,13419
couches,VERB,13419
couching,VERB,13419
cough,VERB,13420
cough's,VERB,13420
cough-,PRON,13420
coughed,VERB,13420
coughing,VERB,13420
counsel,VERB,12345
counsel's,VERB,12345
counseled,VERB,12345
counseling,VERB,12345
counselings,VERB,12345
counsellor,PREP,13421
counsels,VERB,12345
count,VERB,23050
count's,VERB,23050
count-,PRON,13422
counted,VERB,23050
counter-forces,VERB,25589
counter_purpose,VERB,15928
counties,VERB,16423
counting,VERB,23050
countries,VERB,13423
country,VERB,13423
country's,VERB,13423
country_music,VERB,23841
countryside,VERB,13424
countryside's,VERB,13424
countrysides,VERB,13424
counts,VERB,23050
county,VERB,16423
county's,VERB,16423
coup,VERB,25034
coup_d'etat,VERB,25035
coup_maker,PREP,25082
couple,PREP,13427
couple_,PREP,13425
coupled,VERB,13427
couples,VERB,13427
coupling,VERB,13427
coups,VERB,25034
courage,VERB,23460
courage's,VERB,23460
courageous,ADJ,23418
courageously,VERB,23418
courageousness,VERB,23418
courgette,VERB,27030
courgettes,VERB,27030
court,VERB,13428
court's,VERB,13428
courted,VERB,13428
courthouse,VERB,23051
courthouse's,VERB,23051
courthouses,VERB,23051
courting,VERB,13428
courtly,VERB,13428
courtroom,VERB,23052
courtroom's,VERB,23052
courtrooms,VERB,23052
courts,VERB,13428
cousin,PREP,13429
cousin's,VERB,25279
cousin_,PREP,25279
cousins,VERB,25279
cover,PRON,16419
coverall,VERB,12411
coverall's,VERB,12411
coveralls,VERB,12411
covered,ADJ,25856
covering,VERB,16419
covers,VERB,16419
covid_19,VERB,29024
cow,VERB,13430
cow's,VERB,13430
coward,PREP,23461
coward's,VERB,23461
cowardice,VERB,23462
cowardice's,VERB,23462
cowardly,ADJ,23463
cowards,VERB,23461
cowberry,VERB,15664
cowed,VERB,13430
cower,VERB,13430
cowers,VERB,13430
cowing,VERB,13430
cows,VERB,13430
cowshed,VERB,25688
cowsheds,VERB,25688
coyote,VERB,14394
coyote's,VERB,14394
coyotes,VERB,14394
crab,VERB,15226
crab's,VERB,15226
crabs,VERB,15226
crack,PRON,12896
crack's,VERB,12896
cracked,VERB,12896
cracker,VERB,12896
crackers,VERB,12896
cracking,VERB,12896
crackings,VERB,12896
crackly,VERB,12896
cracks,VERB,12896
craft,VERB,13431
craft's,VERB,29337
craft-,PRON,25722
craft_,VERB,29337
crafted,VERB,29337
crafting,VERB,29337
crafts,VERB,29337
cramp,VERB,13432
cramp's,VERB,13432
cramped,VERB,13432
cramping,VERB,13432
cramps,VERB,13432
cranberries,VERB,13433
cranberry,VERB,13433
cranberry's,VERB,13433
crane,VERB,13434
crane's,VERB,13434
craned,VERB,13434
cranes,VERB,13434
craning,VERB,13434
cranium,VERB,25492
cranium's,VERB,25492
craniums,VERB,25492
crash,VERB,13436
crash's,VERB,13436
crash_,VERB,13435
crash_-,PRON,13436
crash_helmet,VERB,21618
crashed,VERB,13436
crashes,VERB,13436
crashing,VERB,13436
crater,VERB,24631
crater's,VERB,24631
cratered,VERB,24631
cratering,VERB,24631
crawl,VERB,13603
crawl's,VERB,13603
crawl-,PRON,13603
crawled,VERB,13603
crawler,VERB,13603
crawlers,VERB,13603
crawling,VERB,13603
crawls,VERB,13603
crayfish,VERB,23053
crayfish's,VERB,23053
crayfishes,VERB,23053
crayon,VERB,13604
crayon's,VERB,13604
crayoned,VERB,13604
crayoning,VERB,13604
crayons,VERB,13604
crazier,VERB,29558
crazies,VERB,29558
craziest,VERB,29558
craziness,VERB,29558
crazy,ADJ,29558
crazy's,VERB,29558
cream,VERB,13605
cream's,VERB,13605
creamed,VERB,13605
creamer,VERB,13605
creamers,VERB,13605
creaming,VERB,13605
creams,VERB,13605
create,VERB,13606
create-,PRON,13606
created,VERB,13606
creates,VERB,13606
creating,VERB,13606
creation,VERB,13607
creation's,VERB,13607
creations,VERB,13607
creative,ADJ,13608
creative's,VERB,13608
creatively,VERB,13608
creativeness,VERB,13608
creatives,VERB,13608
creature,VERB,13609
creature's,VERB,13609
creatures,VERB,13609
credit,VERB,24632
credit's,VERB,24632
credit_card,VERB,24633
creditable,VERB,24632
credited,VERB,24632
crediting,VERB,24632
credits,VERB,24632
creek,VERB,26132
creek's,VERB,26132
creeks,VERB,26132
cremate,VERB,21286
cremate-,PRON,21286
cremated,VERB,21286
cremates,VERB,21286
cremating,VERB,21286
cremation,VERB,21285
cremation's,VERB,21285
cremations,VERB,21286
crepe,VERB,23603
crepe's,VERB,23603
crepes,VERB,23603
crescent,VERB,13610
crescent's,VERB,13610
crescents,VERB,13610
crew,PREP,24634
crew's,VERB,24635
crew_,PREP,24635
crewed,VERB,24635
crewing,VERB,24635
crews,VERB,24635
cricket,VERB,21808
cricket's,VERB,21808
cricketer,VERB,21808
cricketers,VERB,21808
cricketing,VERB,21808
crickets,VERB,21808
cried,VERB,13618
crier,VERB,13618
criers,VERB,13618
cries,VERB,13618
crime,VERB,25036
crime's,VERB,25036
crimes,VERB,25036
criminal,ADJ,23118
criminal's,VERB,25037
criminal_,PREP,25037
criminality,VERB,25038
criminality's,VERB,25038
criminally,VERB,25037
criminals,VERB,25037
crisp,VERB,24716
crisp's,VERB,24716
crisped,VERB,24716
crisper,VERB,24716
crispest,VERB,24716
crisping,VERB,24716
crisply,VERB,24716
crispness,VERB,24716
crisps,VERB,16231
crisps_,VERB,16231
critic,PREP,26291
critic's,VERB,26291
critics,VERB,26291
croak,VERB,24073
croak's,VERB,24073
croak_-,PRON,24073
croaked,VERB,24073
croaking,VERB,24073
croaks,VERB,24073
crochet,VERB,13611
crochet's,VERB,13611
crochet-,PRON,13611
crocheted,VERB,13611
crocheter,VERB,13611
crocheters,VERB,13611
crocheting,VERB,13611
crochets,VERB,13611
crocodile,VERB,12362
crocodile's,VERB,12362
crocodiles,VERB,12362
crop,VERB,29601
crop's,VERB,29601
crop_,PRON,29601
crops,VERB,29601
croquet,VERB,13612
croquet's,VERB,13612
croquet_,VERB,13612
cross,VERB,13613
cross-,PRON,13614
cross_,VERB,20513
cross_country_skiing,VERB,21865
cross_out,PRON,13665
crossed,VERB,20513
crossed_racquets,VERB,25542
crossed_racquets_,VERB,25542
crosses,VERB,20513
crossest,VERB,20513
crossing,VERB,20513
crossroad,VERB,27075
crossroad's,VERB,27075
crossroads,VERB,27075
crossword,VERB,29330
crossword's,VERB,29330
crosswords,VERB,29330
crotch,VERB,13615
crotch's,VERB,13615
crotches,VERB,13615
crow,VERB,12851
crow's,VERB,29421
crow-,PRON,29421
crowed,VERB,29421
crowing,VERB,29421
crown,VERB,22618
crown's,VERB,24882
crown_,VERB,24882
crown_prince,PREP,24074
crown_princess,PREP,24075
crowned,VERB,24882
crowning,VERB,24882
crowns,VERB,24882
crows,VERB,29421
cruel,ADJ,15439
crueler,VERB,15439
cruelest,VERB,15439
cruelly,VERB,15439
cruelness,VERB,15439
cruelties,VERB,26100
cruelty,VERB,26100
cruelty's,VERB,26100
cruise_ship,VERB,22082
crumbs,VERB,27031
crush,PRON,13616
crush's,VERB,13616
crushed,VERB,13616
crusher,VERB,13616
crushers,VERB,13616
crushes,VERB,13616
crushing,VERB,13616
crust,VERB,16954
crust's,VERB,16954
crusted,VERB,16954
crusting,VERB,16954
crusts,VERB,16954
crutches,VERB,13617
cry,PRON,13618
cry's,VERB,13618
cry_out,PRON,24823
crying,VERB,13618
cryings,VERB,13618
crystal,VERB,13619
crystal's,VERB,13619
crystals,VERB,13619
cs,VERB,8523
cube,VERB,12886
cube's,VERB,25815
cube_,VERB,25815
cubes,VERB,25815
cucumber,VERB,13620
cucumber's,VERB,13620
cucumbers,VERB,13620
cuddle,PRON,14909
cuddle's,VERB,24076
cuddle-,PRON,24076
cuddled,VERB,24076
cuddles,VERB,24076
cuddling,VERB,24076
cultivatable,VERB,16459
cultivate,VERB,16459
cultivate-,PRON,16459
cultivated,VERB,16459
cultivates,VERB,16459
cultivating,VERB,16459
cultivation,VERB,16459
culture,VERB,21608
culture's,VERB,21608
cultured,VERB,21608
cultures,VERB,21608
culturing,VERB,21608
cup,VERB,13621
cup's,VERB,13621
cupboard,VERB,13622
cupboard's,VERB,13622
cupboards,VERB,13622
cupcake,VERB,22123
cupcake's,VERB,22123
cupcakes,VERB,22123
cups,VERB,13621
curable,VERB,24077
cure,VERB,24077
cure-,PRON,24077
cured,VERB,24077
curer,VERB,24077
curers,VERB,24077
cures,VERB,24077
curing,VERB,24077
curiosities,VERB,25039
curiosity,VERB,25039
curiosity's,VERB,25039
curious,ADJ,25040
curiously,VERB,25040
curiousness,VERB,25039
curiousness's,VERB,25039
curl,VERB,17230
curl_,VERB,17230
curled,VERB,17230
curling,VERB,21879
curling's,VERB,21879
curls,VERB,17230
currant,VERB,13623
currant's,VERB,13623
currants,VERB,13623
currencies,VERB,23464
currency,VERB,23464
currency's,VERB,23464
current,ADJ,13624
current_events,VERB,13625
currently,VERB,13624
curried,VERB,22328
curries,VERB,22328
curry,VERB,22327
curry's,VERB,22328
curry_,VERB,22328
curry_sauce,VERB,22329
currying,VERB,22328
curtain,VERB,13626
curtain's,VERB,13626
curtained,VERB,13626
curtaining,VERB,13626
curtains,VERB,13626
curve,VERB,13627
curve's,VERB,13627
curved,VERB,13627
curved_line,VERB,13627
curves,VERB,13627
curving,VERB,13627
cushion,VERB,16177
cushion's,VERB,25042
cushion_,VERB,25042
cushioned,VERB,25042
cushioning,VERB,25042
cushions,VERB,25042
custom,VERB,25072
custom's,VERB,25072
customer,PREP,25682
customer's,VERB,25682
customers,VERB,25072
customs,VERB,25072
cut,VERB,17213
cut's,VERB,17213
cut_-,PRON,13628
cut_and_paste,VERB,23465
cut_and_paste_-,PRON,23465
cuter,VERB,17213
cutest,VERB,17213
cutlery,VERB,13630
cutlery's,VERB,13630
cuts,VERB,17213
cycle,PRON,21832
cycle's,VERB,21832
cycle_of_life,VERB,26152
cycled,VERB,21832
cycles,VERB,21832
cycling,VERB,21823
cyclone,VERB,29273
cyclone's,VERB,29273
cyclones,VERB,29273
cylinder,VERB,13115
cylinder's,VERB,29026
cylinder_,VERB,29026
cylinder_for_breathing,VERB,25282
cylinders,VERB,29026
cymbal,VERB,23842
cymbal's,VERB,23842
cymbals,VERB,23842
czech_republic,VERB,25043
d,NOUN,8524
d_,NOUN,8524
dad,PREP,14157
dad's,VERB,14157
daddies,VERB,14157
daddy,PREP,14157
daddy's,VERB,14157
dads,VERB,14157
dairies,VERB,25857
dairy,VERB,25857
dairy's,VERB,25857
dairy_free,ADJ,29209
dairy_product,VERB,29210
dairying,VERB,25857
dairymaid,PREP,25912
dairymaid's,VERB,25912
dairymaids,VERB,25912
damage,VERB,24852
damage's,VERB,24852
damage-,PRON,12896
damaged,ADJ,12907
damages,VERB,24852
damaging,VERB,24852
damp,ADJ,18226
damp's,VERB,18226
damped,VERB,18226
dampen,VERB,18226
dampens,VERB,18226
damper,VERB,18226
dampers,VERB,18226
dampest,VERB,18226
damping,VERB,18226
damply,VERB,18226
dampness,VERB,18226
damps,VERB,18226
dance,VERB,24853
dance's,VERB,24853
dance-,PRON,13631
dance_music,VERB,23843
dance_therapist,PREP,21599
danced,VERB,24853
dancer,VERB,24853
dancers,VERB,24853
dances,VERB,24853
dancing,VERB,24853
dancing's,VERB,24853
dancing_therapy,VERB,24078
danger,VERB,13632
danger's,VERB,13632
dangerous,ADJ,13633
dangerously,VERB,13633
danish,VERB,25989
danish's,VERB,25989
danish_,VERB,25989
danish__,VERB,25283
danishes,VERB,25989
dare,VERB,23466
dare's,VERB,23466
dare-,PRON,23466
dared,VERB,23466
darer,VERB,23466
darers,VERB,23466
dares,VERB,23466
daring,VERB,23466
dark,ADJ,23844
dark's,VERB,23844
dark_,ADJ,13634
dark_syrup,VERB,25756
darken,VERB,23844
darkens,VERB,23844
darker,VERB,23844
darkest,VERB,23844
darkly,VERB,23844
darkness,VERB,25858
darkness's,VERB,25858
dart,VERB,21850
dart's,VERB,21850
darted,VERB,21850
darter,VERB,21850
darters,VERB,21850
darting,VERB,21850
darts,VERB,21853
data,VERB,23467
data_,VERB,23467
data_expert,PREP,29240
data_file,VERB,23500
data_file_,VERB,23500
data_stream,VERB,26249
date,VERB,29027
date's,VERB,29027
date_,VERB,13635
dated,VERB,29027
dater,VERB,29027
daters,VERB,29027
dates,VERB,29027
dating,VERB,29027
dative,VERB,29027
daughter,PREP,13638
daughter's,VERB,13638
daughter-in-law,PREP,25689
daughterly,VERB,13638
daughters,VERB,13638
day,VERB,13639
day's,VERB,13639
day_and_night,VERB,23054
day_before_holiday,VERB,25445
day_care_centre,VERB,13641
day_centre,VERB,23055
day_of_rest,VERB,16700
daycare,VERB,13640
daycare's,VERB,13640
days,VERB,13639
dc,VERB,25281
dead,ADJ,13642
dead's,VERB,21314
dead_,PREP,21314
dead_person,PREP,21313
deaden,VERB,21314
deadens,VERB,21314
deader,VERB,21314
deadest,VERB,21314
deadly,VERB,21314
deaf,ADJ,13643
deafen,VERB,13643
deafens,VERB,13643
deafer,VERB,13643
deafest,VERB,13643
deafness,VERB,25543
deafness's,VERB,25543
dear,OTHER,13644
dear's,VERB,13644
dearer,VERB,13644
dearest,VERB,13644
dearly,VERB,13644
dearness,VERB,13644
dears,VERB,13644
dearth,VERB,13644
death,VERB,13645
death's,VERB,13645
deathly,VERB,13645
debarkation,VERB,25544
debarkation's,VERB,25544
debatable,VERB,13689
debate,VERB,13689
debate's,VERB,13689
debate-,PRON,13688
debater,VERB,13689
debaters,VERB,13689
decade,VERB,13646
decade's,VERB,13646
decades,VERB,13646
decaffeinated,ADJ,29205
decagon,VERB,29030
decagon's,VERB,29030
decagons,VERB,29030
deceased,ADJ,13642
deceased's,VERB,13642
december,VERB,13647
december's,VERB,13647
decembers,VERB,13647
decidable,VERB,13648
decide,VERB,13648
decide-,PRON,13648
decided,VERB,13648
decider,VERB,13648
deciders,VERB,13648
decides,VERB,13648
deciding,VERB,13648
decimal_point,NOUN,8486
decision,VERB,13649
decision's,VERB,13649
deck,VERB,22061
deck's,VERB,22061
deck_chair,VERB,24764
decked,VERB,22061
decking,VERB,22061
decks,VERB,22061
decompose,VERB,26230
decompose-,PRON,26230
decomposed,ADJ,26232
decomposition,VERB,26231
decorated_cake,VERB,22121
decoration,VERB,24079
decoration's,VERB,24079
decoration_,VERB,13650
decrease,PRON,13651
deed,VERB,12334
deeded,VERB,12334
deeding,VERB,12334
deep,ADJ,13652
deep's,VERB,13652
deep-fry,VERB,13653
deep-fry-,PRON,13653
deep_fryer,VERB,22585
deep_sea_diving,VERB,22057
deep_sea_diving_,VERB,22057
deepen,VERB,13652
deepens,VERB,13652
deeper,VERB,13652
deepest,VERB,13652
deeply,VERB,13652
deepness,VERB,13652
deeps,VERB,13652
deer,VERB,12381
deer's,VERB,12381
defecate,PRON,15668
defecated,VERB,15668
defecates,VERB,15668
defecating,VERB,15668
defecation,VERB,12884
defecation's,VERB,12884
defence,VERB,23056
defence_,VERB,23057
defend,VERB,23060
defend-,PRON,23059
defend_-,PRON,23060
defender,PREP,23063
definite,ADJ,27032
definitely,VERB,27032
definiteness,VERB,27032
definition,VERB,25690
definition's,VERB,25690
definitive,VERB,27032
deflate,PRON,25044
deflated,VERB,25044
deflates,VERB,25044
deflating,VERB,25044
deflation,VERB,23064
deflation's,VERB,23064
degree,NOUN,8490
degree's,VERB,8490
degrees,VERB,8490
delete,VERB,23468
delete-,PRON,13665
delete_-,PRON,23468
deleted,ADJ,24968
deletes,VERB,23468
deleting,VERB,23468
deletion,VERB,24883
deletion's,VERB,24883
deletions,VERB,23468
delicacies,VERB,27033
delicacy,VERB,27033
delicacy's,VERB,27033
delicious,ADJ,22352
deliciously,VERB,22352
deliciousness,VERB,22352
deliver,VERB,29235
deliver_-,PRON,29235
delivered,VERB,29235
deliverer,PREP,29236
deliverer's,VERB,29236
deliverers,VERB,29236
delivering,VERB,29235
delivers,VERB,29235
delivery,VERB,12842
delivery_,VERB,29234
delivery_agent,PREP,29236
delivery_man,PREP,29236
delivery_person,PREP,29236
demand,VERB,21336
demand's,VERB,21336
demand-,PRON,21336
demanded,VERB,21336
demanding,VERB,21336
demands,VERB,21336
democracies,VERB,24080
democracy,VERB,24080
democracy's,VERB,24080
democracy_,VERB,24080
demolished,ADJ,24968
demonstrate,VERB,23005
demonstrate-,PRON,16967
demonstrate_-,PRON,23005
demonstrated,VERB,23005
demonstrates,VERB,23005
demonstrating,VERB,23005
demonstration,VERB,23005
demonstration's,VERB,23007
demonstration_,VERB,23007
demonstrations,VERB,23005
demonstrative,VERB,23005
den,VERB,25859
den's,VERB,25859
denmark,VERB,25991
denmark's,VERB,25991
denmark_,VERB,13654
dens,VERB,8524
dense,ADJ,25860
densely,VERB,25860
denseness,VERB,25861
denseness's,VERB,25861
denser,VERB,25860
densest,VERB,25860
densities,VERB,25861
density,VERB,25861
density's,VERB,25861
dent,VERB,24420
dent's,VERB,24420
dental_brace,VERB,26283
dental_brace_,VERB,26282
dental_floss,VERB,26292
dented,ADJ,24421
denting,VERB,24420
dentist,PREP,13656
dentist's,VERB,13656
dentists,VERB,13656
dents,VERB,24420
deodorant,VERB,13657
deodorant's,VERB,13657
deodorants,VERB,13657
depart,PRON,14449
department_store,VERB,23067
departure,VERB,13658
departure's,VERB,13658
departures,VERB,13658
dependencies,VERB,24429
dependency,VERB,24429
dependency's,VERB,24429
dependent,ADJ,24637
dependent's,VERB,24637
dependently,VERB,24637
dependents,VERB,24637
depressed,ADJ,29522
depressing,ADJ,24827
depressingly,VERB,24827
depression,VERB,13659
depression's,VERB,13659
depressions,VERB,13659
depth,VERB,25546
depth's,VERB,25546
descend,PRON,13660
descended,VERB,13660
descending,VERB,13660
descends,VERB,13660
describable,VERB,13661
describe,VERB,13661
describe-,PRON,13661
described,VERB,13661
describer,VERB,13661
describers,VERB,13661
describing,VERB,13661
desert,VERB,21350
desert's,VERB,21350
deserted,VERB,21350
deserter,VERB,21350
deserters,VERB,21350
deserting,VERB,21350
deserts,VERB,21350
design,VERB,16194
design-,PRON,16195
designed,VERB,16195
designer,PREP,23469
designing,VERB,16195
designs,VERB,16195
desirable,ADJ,13662
desire,VERB,24833
desire-,PRON,18035
desk,VERB,13663
desk's,VERB,13663
desks,VERB,13663
desktop_computer,VERB,23470
despise,VERB,23845
despise-,PRON,23845
despised,VERB,23845
despises,VERB,23845
despising,VERB,23845
dessert,VERB,13664
dessert's,VERB,13664
desserts,VERB,13664
destroy,PRON,13665
destroyed,ADJ,24968
destroyer,VERB,13665
destroyers,VERB,13665
destroying,VERB,13665
destroys,VERB,13665
destruction,VERB,24883
destruction's,VERB,24883
detach,PRON,23471
detachable,VERB,23471
detached,VERB,23471
detaches,VERB,23471
detaching,VERB,23471
detachment,VERB,25548
detachment's,VERB,25548
detachments,VERB,25548
detective,PREP,25045
detective's,VERB,25045
detectives,VERB,25045
detergent,VERB,17200
detergent's,VERB,17200
detergents,VERB,17200
detest,PRON,23845
detonate,PRON,14131
detonated,VERB,14131
detonates,VERB,14131
detonating,VERB,14131
detonation,VERB,14132
detonation's,VERB,14132
detonations,VERB,14131
develop,VERB,13666
develop-,PRON,13666
developed,VERB,13666
developing,VERB,13666
development,VERB,28012
development's,VERB,28012
development_,VERB,13667
developments,VERB,28012
develops,VERB,13666
device,VERB,12355
devil,VERB,20568
devil's,VERB,20568
devil_,PREP,20568
deviled,VERB,20568
deviling,VERB,20568
devilment,VERB,20568
devils,VERB,20568
devoted,ADJ,24082
devotedly,VERB,24082
devotee,PREP,24083
devotee's,VERB,24083
devotees,VERB,24083
devotion,VERB,24084
devotion's,VERB,24084
devotions,VERB,24084
dharma_wheel,VERB,23472
dhoti,VERB,13668
dhoti's,VERB,13668
dhotis,VERB,13668
diagnosis,VERB,26293
diagnosis's,VERB,26293
diagnosis_,VERB,26293
diamond,VERB,13669
diamond's,VERB,13669
diamond_,VERB,13669
diamonds,VERB,13669
diaper,VERB,13670
diaper's,VERB,13670
diapered,VERB,13670
diapering,VERB,13670
diapers,VERB,13670
diaphragm,VERB,25046
diaphragm's,VERB,25046
diaphragm_,VERB,13671
diaphragms,VERB,25046
diarrhea,VERB,24085
diarrhea's,VERB,24085
diarrhoea,VERB,24085
dice,VERB,25691
diced,VERB,25691
diced_meat,VERB,23473
dices,VERB,25691
dichotomies,VERB,25692
dichotomy,VERB,25692
dichotomy's,VERB,25692
dicing,VERB,25691
dictator,VERB,25693
dictator's,VERB,25693
dictator_,PREP,25693
dictators,VERB,25693
dictatorship,VERB,25694
dictatorship's,VERB,25694
dictatorship_,VERB,25694
dictatorships,VERB,25694
dictionaries,VERB,26153
dictionary,VERB,26153
dictionary's,VERB,26153
dictionary_of_plants,VERB,26221
didactics,VERB,23607
die,VERB,25691
die's,VERB,25691
die-,PRON,13672
died,VERB,25691
dies,VERB,25691
diet,VERB,13673
diet's,VERB,13674
diet-,PRON,13674
dieted,VERB,13674
dieter,VERB,13674
dieters,VERB,13674
dieting,VERB,13674
diets,VERB,13674
difference,NOUN,13675
difference's,VERB,13675
different,NOUN,13675
differentiate,PRON,26243
differentiated,VERB,26243
differentiates,VERB,26243
differentiating,VERB,26243
differentiation,VERB,26243
differently,VERB,13675
difficult,ADJ,13676
difficulties,VERB,24884
difficultly,VERB,13676
difficulty,VERB,24884
difficulty's,VERB,24884
dig,VERB,13677
dig's,VERB,13677
dig-,PRON,13677
digest,VERB,13678
digest's,VERB,13678
digest-,PRON,13678
digested,VERB,13678
digesting,VERB,13678
digestion,VERB,13679
digestion's,VERB,13679
digestive,VERB,13678
digests,VERB,13678
digger,VERB,25707
digger's,VERB,25707
diggers,VERB,25707
digging,VERB,25550
diggings,VERB,25550
digital,ADJ,23474
digital_board,VERB,29031
digital_book,VERB,26301
digital_device,VERB,24638
digital_document,VERB,24643
digital_game,VERB,26154
digital_memory,VERB,24640
digital_phone,VERB,25804
digital_processing,VERB,23475
digital_signal,VERB,24639
digital_space,VERB,25551
digital_space_,VERB,25551
digital_storage,VERB,24640
digital_storage_device,VERB,24641
digital_world,VERB,25552
digitally,VERB,23474
digits,VERB,23476
digits_,NOUN,23476
digs,VERB,13677
dilapidated,VERB,23641
dilemma,VERB,25695
dilemma's,VERB,25695
dilemmas,VERB,25695
dimension,VERB,17221
dimension's,VERB,17221
dimensions,VERB,17221
ding,VERB,8524
dinghies,VERB,22086
dinghy,VERB,22086
dinghy's,VERB,22086
dingo,VERB,18268
dingo's,VERB,18268
dings,VERB,8524
dining_room,VERB,13680
dinner,VERB,15405
dinner's,VERB,15405
dinnered,VERB,15405
dinnering,VERB,15405
dinners,VERB,15405
dinosaur,VERB,23477
dinosaur's,VERB,23477
dinosaur_,VERB,13681
dinosaurs,VERB,23477
direct,PRON,15181
direct_current,VERB,25281
directed,VERB,15181
directest,VERB,15181
directing,VERB,15181
direction,VERB,13682
direction's,VERB,13682
directive,VERB,15181
directly,ADJ,29032
director,PREP,15182
director's,VERB,15182
directors,VERB,15182
directs,VERB,15181
dirt,VERB,22910
dirt's,VERB,22910
dirtied,VERB,13683
dirtier,VERB,13683
dirties,VERB,13683
dirtiest,VERB,13683
dirtiness,VERB,13683
dirty,ADJ,13683
dirtying,VERB,13683
disability,VERB,13684
disability_benefit,VERB,25993
disability_benefit_,VERB,24430
disability_rights,VERB,27122
disability_support,VERB,29636
disabled,ADJ,15457
disaccord,VERB,25863
disaccord-,PRON,25863
disagree,PRON,25863
disagreement,VERB,25864
disappear,VERB,21081
disappear-,PRON,21081
disappearance,VERB,21080
disappointed,ADJ,26294
disappointing,ADJ,26295
disappointingly,VERB,26295
disappointment,VERB,26296
disaster,VERB,23846
disc,VERB,13685
disc's,VERB,13685
disco,VERB,13686
disco's,VERB,13686
discoing,VERB,13686
discomfort,VERB,13687
discord,PRON,25863
discordant,ADJ,25865
discordantly,VERB,25865
discount,VERB,23068
discount_sale,VERB,23069
discount_store,VERB,23070
discover,VERB,27037
discover-,PRON,27037
discovered,VERB,27037
discoveries,VERB,27038
discovering,VERB,27037
discovers,VERB,27037
discovery,VERB,27038
discovery's,VERB,27038
discriminate,VERB,28014
discriminate-,PRON,28013
discriminate_-,PRON,28014
discriminated,VERB,28014
discriminated_,ADJ,28015
discriminates,VERB,28014
discriminating,VERB,28014
discrimination,VERB,28016
discrimination's,VERB,28017
discrimination_,VERB,28017
discriminatory,ADJ,28018
discus,VERB,21847
discus's,VERB,21847
discuses,VERB,21847
discuss,PRON,13688
discussion,VERB,13689
discussion's,VERB,13689
discussions,VERB,13689
disease,VERB,16164
disembark,VERB,23478
disembark-,PRON,23478
disembarkation,VERB,25544
disembarkation_,VERB,25544
disguise,VERB,13418
disguise-,PRON,13878
disguised,VERB,13878
disguising,VERB,13878
disgust,VERB,24885
disgusting,VERB,22354
disgusting_,ADJ,22354
disgustingly,VERB,22354
dish,VERB,13690
dish's,VERB,13690
dish_gloves,VERB,22597
dish_rack,VERB,24431
dished,VERB,13690
dishes,VERB,13690
dishing,VERB,13690
dishonest,ADJ,29527
dishwasher,VERB,27039
dishwasher's,VERB,27039
dishwashers,VERB,27039
disinfectant,VERB,25047
disinfectant's,VERB,25047
disinfectants,VERB,25047
disk,VERB,13685
disk's,VERB,13685
disks,VERB,13685
dislike,VERB,13691
dislike-,PRON,13692
dismiss,VERB,25159
dismiss-,PRON,25159
dismissal,VERB,25161
dismissed,ADJ,25160
disperse,PRON,21058
dispersed,VERB,21058
disperses,VERB,21058
dispersing,VERB,21058
dispersion,VERB,24887
dispersion's,VERB,24887
dispose,VERB,24090
dispose-,PRON,24090
disputable,VERB,12413
dispute,PRON,12413
dispute's,VERB,12413
disputed,VERB,12413
disputer,VERB,12413
disputers,VERB,12413
disputes,VERB,12413
disputing,VERB,12413
disseminate,PRON,21058
disseminated,VERB,21058
disseminates,VERB,21058
disseminating,VERB,21058
dissemination,VERB,24887
dissemination's,VERB,24887
distance,VERB,25996
distance's,VERB,25996
distance_,VERB,23071
distanced,VERB,25996
distances,VERB,25996
distancing,VERB,25996
distant,ADJ,26002
distant_,ADJ,14150
distantly,VERB,26002
district,VERB,23847
districts,VERB,23847
disturbance,VERB,24822
disturbance's,VERB,24822
disturbances,VERB,24822
diver,VERB,25866
diver's,VERB,25866
diver_,PREP,25866
diversities,VERB,26155
diversity,VERB,26155
diversity's,VERB,26155
dividable,VERB,13694
divide,VERB,13694
divide's,VERB,13694
divide-,PRON,13694
divided,ADJ,24888
divider,VERB,13694
dividers,VERB,13694
divides,VERB,13694
dividing,VERB,13694
divine,ADJ,21041
divine's,VERB,21041
divined,VERB,21041
divinely,VERB,21041
diviner,VERB,21041
diviners,VERB,21041
divines,VERB,21041
divinest,VERB,21041
diving,VERB,25868
diving's,VERB,25868
diving_,VERB,22055
diving_equipment,NOUN,25869
diving_gear,NOUN,25869
divining,VERB,21041
division,VERB,13857
division's,VERB,13857
divisions,VERB,13857
divorce,VERB,13858
divorce's,VERB,13859
divorce-,PRON,13859
divorced,VERB,13859
divorcement,VERB,13859
divorces,VERB,13859
divorcing,VERB,13859
dizzied,VERB,24642
dizzier,VERB,24642
dizzies,VERB,24642
dizziest,VERB,24642
dizziness,VERB,24642
dizzy,ADJ,24642
dizzying,VERB,24642
dna,VERB,26156
dna's,VERB,26156
do,PRON,13860
do's,VERB,13860
do_the_dishes,VERB,23705
do_the_dishes-,VERB,23705
doctor,PREP,13861
doctor's,VERB,21579
doctor_,PREP,21579
doctored,VERB,21579
doctoring,VERB,21579
doctors,VERB,21579
document,VERB,23479
document's,VERB,24643
document_,VERB,24643
documented,VERB,24643
documenting,VERB,24643
documents,VERB,24643
doer,VERB,13860
doers,VERB,13860
doesn't,NOUN,15733
dog,VERB,12380
dog's,VERB,12380
dog_sled,VERB,21874
dogs,VERB,12380
dogsled_racing,VERB,21877
dogsled_sport,VERB,21877
doing,VERB,13860
doings,VERB,13860
doll,VERB,13862
doll's,VERB,13862
doll_carriage,VERB,25696
doll_house,VERB,25697
doll_pram,VERB,25696
dollar,VERB,13863
dollar's,VERB,13863
dollars,VERB,13863
dolled,VERB,13862
dollhouse,VERB,25697
dollhouse's,VERB,25697
dollhouses,VERB,25697
dolling,VERB,13862
dolls,VERB,13862
dolma,VERB,23504
dolphin,VERB,13864
dolphin's,VERB,13864
dolphins,VERB,13864
domain_name,VERB,23709
domestic,ADJ,24086
domestic's,VERB,24086
domestic_animal,VERB,12382
domestic_science,VERB,25698
domestics,VERB,24086
domino,VERB,24432
domino's,VERB,24432
don't,NOUN,15733
done,VERB,24844
done_,ADJ,24844
donkey,VERB,13865
donkey's,VERB,13865
donkeys,VERB,13865
door,VERB,13866
doors,VERB,13866
doorway,VERB,25870
doorway's,VERB,25870
doorways,VERB,25870
dormouse,VERB,25700
dormouse's,VERB,25700
dormouse_,VERB,25700
dos,VERB,13860
dot,VERB,13867
dot's,VERB,13867
doted,VERB,13867
doter,VERB,13867
doters,VERB,13867
doth,VERB,13860
doting,VERB,13867
dots,VERB,13867
dotted,ADJ,24087
double_bass,VERB,23849
double_bassoon,VERB,23850
double_bassoon_,VERB,23850
doubt,VERB,22911
doubt's,VERB,22911
doubt-,PRON,13868
doubted,VERB,22911
doubter,VERB,22911
doubters,VERB,22911
doubting,VERB,22911
doubts,VERB,22911
dough,VERB,22378
dough's,VERB,22378
doughnut,VERB,22124
doughnut's,VERB,22124
doughnuts,VERB,22124
dove,VERB,25871
dove's,VERB,25871
doves,VERB,25871
down,NOUN,13869
down's,VERB,13869
downed,VERB,13869
downer,VERB,13869
downers,VERB,13869
downhill,ADJ,29627
downhill's,VERB,29627
downhill_skiing,VERB,21864
downhills,VERB,29627
downing,VERB,13869
download,VERB,26157
download's,VERB,26158
download-,PRON,26158
downloadable,VERB,26158
downloaded,VERB,26158
downloading,VERB,26158
downloads,VERB,26158
downs,VERB,13869
downward,NOUN,13869
downward_and_backward,NOUN,13870
downward_and_forward,NOUN,13871
downward_slope,VERB,29626
downwards,VERB,13869
drag,PRON,16431
drag's,VERB,16431
dragon,VERB,26159
dragon's,VERB,26159
dragons,VERB,26159
drags,VERB,16431
drain,PRON,13872
drain's,VERB,13872
drained,VERB,13872
drainer,VERB,13872
drainers,VERB,13872
draining,VERB,13872
drains,VERB,13872
drama,VERB,23480
drama's,VERB,23480
dramas,VERB,23480
drape,VERB,13626
drape's,VERB,13626
draped,VERB,13626
draper,VERB,13626
drapers,VERB,13626
drapes,VERB,13626
draping,VERB,13626
draw,PRON,13873
draw's,VERB,13873
drawer,VERB,13874
drawer's,VERB,13874
drawers,VERB,13873
drawing,VERB,13873
drawings,VERB,13873
draws,VERB,13873
dread,VERB,14159
dread's,VERB,14159
dread-,PRON,14159
dreaded,VERB,14159
dreadful,ADJ,21289
dreadfully,VERB,21289
dreadfulness,VERB,21289
dreading,VERB,14159
dreads,VERB,14159
dream,VERB,13875
dream's,VERB,13875
dream-,PRON,13875
dreamed,VERB,13875
dreamer,VERB,13875
dreamers,VERB,13875
dreaming,VERB,13875
dreams,VERB,13875
dreidel_top,VERB,17759
dress,VERB,13876
dress's,VERB,13876
dress_up,PRON,13878
dressage,VERB,22097
dressage's,VERB,22097
dressed,VERB,13876
dresser,VERB,13162
dresser's,VERB,13162
dressers,VERB,13162
dresses,VERB,13876
dressing,VERB,12625
dressing's,VERB,16723
dressing_,VERB,16723
dressing_gown,VERB,13879
dressings,VERB,16723
dressmaker,PREP,23674
dressmaker's,VERB,23674
dressmakers,VERB,23674
dribble,VERB,24433
dribble's,VERB,24433
dribble-,PRON,24433
dribbled,VERB,24433
dribbler,VERB,24433
dribblers,VERB,24433
dribbles,VERB,24433
dribbling,VERB,24433
dried,ADJ,23852
dried_bean,VERB,13880
dried_bean_,VERB,13880
dried_meat,VERB,24187
drier,VERB,23858
driers,VERB,23858
dries,VERB,23858
driest,VERB,23858
drill,PRON,16235
drill's,VERB,16235
drilled,VERB,16235
driller,VERB,16235
drillers,VERB,16235
drilling,VERB,16235
drilling_rig,VERB,25049
drilling_rig_,VERB,25049
drills,VERB,16235
drink,VERB,13881
drink's,VERB,13882
drink-,PRON,13882
drink_mix,VERB,27040
drinkable,VERB,13882
drinker,VERB,13882
drinkers,VERB,13882
drinking,VERB,13882
drinking_glass,VERB,14442
drinking_straw,VERB,17277
drinkings,VERB,13882
drinks,VERB,13882
drive,VERB,25603
drive's,VERB,25603
drive-,PRON,13883
driver,PREP,13884
driver's,VERB,13884
drivers,VERB,25603
drives,VERB,25603
driving,VERB,25603
driving_license,VERB,23853
drivings,VERB,25603
drizzle,VERB,29267
drizzle's,VERB,29267
drizzled,VERB,29267
drizzles,VERB,29267
drizzling,VERB,29267
dromedaries,VERB,13885
dromedary,VERB,13885
dromedary's,VERB,13885
drone,VERB,29423
drone's,VERB,29423
drone-,PRON,29423
droned,VERB,29423
drones,VERB,29423
droning,VERB,29423
drop,VERB,24894
drop's,VERB,24894
drop-,PRON,24686
drop_anchor,VERB,24644
drop_anchor-,PRON,24644
drops,VERB,24894
drought,VERB,23859
drought's,VERB,23859
droughts,VERB,23859
drown,VERB,21349
drown-,PRON,21348
drown_-,PRON,21349
drowned,VERB,21349
drowning,VERB,24854
drowning's,VERB,24854
drownings,VERB,21349
drowns,VERB,21349
drug,VERB,24488
drug's,VERB,25446
drug_,VERB,25446
drug_addict,PREP,24434
drug_addiction,VERB,24435
drug_dependency,VERB,24436
drugs,VERB,25446
drugstore,VERB,23072
drugstore's,VERB,23072
drugstores,VERB,23072
drum,VERB,23854
drum's,VERB,23854
drum_,VERB,23854
drum_skin,VERB,26197
drumhead,VERB,26197
drums,VERB,23854
drumstick,VERB,23856
drumstick's,VERB,23856
drumsticks,VERB,23856
drunk,ADJ,13886
drunk's,VERB,13886
drunken,VERB,13886
drunker,VERB,13886
drunkest,VERB,13886
drunks,VERB,13886
drupe,VERB,16208
drupe's,VERB,16208
drupes,VERB,16208
dry,ADJ,23857
dry's,VERB,23858
dry-,PRON,23858
dry-_,PRON,13888
dry_,ADJ,13887
drying,VERB,23858
drying_chamber,VERB,24089
drying_cupboard,VERB,24088
drying_line,VERB,26144
drying_rack,VERB,26160
drying_rack_,VERB,26161
drying_room,VERB,24089
dryly,VERB,23858
dryness,VERB,23859
dryness's,VERB,23859
dual,VERB,27041
duality,VERB,25692
duality's,VERB,25692
duck,VERB,12840
duck's,VERB,13889
duck_,VERB,13889
ducked,VERB,13889
ducking,VERB,13889
ducks,VERB,13889
dull,ADJ,24827
dulled,VERB,24827
duller,VERB,24827
dullest,VERB,24827
dulling,VERB,24827
dullness,VERB,24827
dulls,VERB,24827
dumb,ADJ,24295
dumb_,ADJ,17447
dumber,VERB,24295
dumbest,VERB,24295
dumbly,VERB,24295
dumbness,VERB,24295
dummies,VERB,24496
dummy,VERB,24496
dummy's,VERB,24496
dump,PRON,24090
dump's,VERB,24090
dump_truck,VERB,13890
dumped,VERB,24090
dumper,VERB,13890
dumpers,VERB,24090
dumping,VERB,24090
dumpling,VERB,22128
dumpling's,VERB,22128
dumplings,VERB,22128
dumps,VERB,24090
duplicate,VERB,13412
duplicated,VERB,13412
duplicates,VERB,13412
duplicating,VERB,13412
duplication,VERB,24934
duplication's,VERB,24934
durable,ADJ,28049
durga,PREP,13891
during,NOUN,13892
dust,VERB,16233
dust's,VERB,16233
dust_storm,VERB,25872
dusted,VERB,16233
duster,VERB,25872
duster's,VERB,25872
dusters,VERB,16233
dusting,VERB,16233
dusts,VERB,16233
duties,VERB,27042
duty,VERB,27042
duty's,VERB,27042
duvet,VERB,12854
duvet's,VERB,12854
duvets,VERB,12854
dvd,VERB,24645
dvd_player,VERB,24647
dvds,VERB,24645
dwarf,PREP,23481
dwarf's,VERB,23481
dwarf_planet,VERB,24437
dwarfed,VERB,23481
dwarfing,VERB,23481
dwarfs,VERB,23481
dwell,PRON,15223
dweller,VERB,15223
dwellers,VERB,15223
dwelling,VERB,14905
dwelling's,VERB,14905
dwelling_place,VERB,25887
dwellings,VERB,15223
dwells,VERB,15223
dye,VERB,15956
dye's,VERB,15957
dye-,PRON,15957
dyed,VERB,15957
dyer,VERB,15957
dyers,VERB,15957
dyes,VERB,15957
dying,VERB,15957
dysarthria,VERB,26026
dyscalculia,VERB,26297
dysgraphia,VERB,26298
dyslexia,VERB,26299
dyslexia's,VERB,26299
dystonia,VERB,26300
e,NOUN,8525
e-book,VERB,26301
e-mail,VERB,23485
e-mail_address,VERB,23486
e_,NOUN,8525
each,NOUN,13893
each_other,NOUN,25052
eager,ADJ,23860
eagerer,VERB,23860
eagerest,VERB,23860
eagerly,VERB,23860
eagerness,VERB,24804
eagerness's,VERB,24804
eagle,VERB,25267
eagle's,VERB,25267
eagle_,VERB,14686
eagles,VERB,25267
ear,VERB,13894
ear's,VERB,13894
ear_bone,VERB,26163
ear_mold,VERB,13895
eardrum,VERB,26164
eardrum's,VERB,26164
eardrums,VERB,26164
eared,VERB,13894
earlier,ADJ,24218
earliest,VERB,13896
earliness,VERB,13896
early,ADJ,13896
earmuffs,VERB,13897
earmuffs_,VERB,13897
earn,VERB,13898
earn-,PRON,13898
earned,VERB,13898
earner,VERB,13898
earners,VERB,13898
earnest,VERB,13898
earning,VERB,13898
earnings,VERB,13898
earns,VERB,13898
earphones,VERB,13899
earring,VERB,25447
earring's,VERB,25447
earrings,VERB,25447
ears,VERB,13894
earth,VERB,13900
earth_axis,VERB,24605
earthed,VERB,13900
earthing,VERB,13900
earthly,VERB,13900
earthquake,VERB,22620
earthquake's,VERB,22620
earthquake_epicentre,VERB,29272
earthquakes,VERB,22620
earwax,VERB,27043
earwax's,VERB,27043
ease,VERB,24890
ease's,VERB,24890
eased,VERB,24890
eases,VERB,24890
easier,VERB,23861
easiest,VERB,23861
easily,ADJ,23861
easiness,VERB,24890
easiness's,VERB,24890
east,VERB,13902
east's,VERB,13902
easter,VERB,13903
easter's,VERB,13903
eastern,ADJ,13904
eastern_orthodox_church,VERB,21030
easterner,VERB,13904
easterners,VERB,13904
eastward,ADJ,25874
eastwards,VERB,25874
easy,ADJ,23861
easy_,ADJ,13905
eat,VERB,13906
eat-,PRON,13906
eatable,VERB,27044
eatable's,VERB,27044
eatables,VERB,27044
eaten,VERB,13906
eater,VERB,13906
eaters,VERB,13906
eating,VERB,13906
eating_disorder,VERB,24439
eats,VERB,13906
eaves,VERB,23073
eaves_trough,VERB,23103
ebb,VERB,22627
ebb's,VERB,22627
ebbed,VERB,22627
ebbing,VERB,22627
ebbs,VERB,22627
economics,VERB,21543
economics's,VERB,23074
economics_,VERB,23074
economies,VERB,13093
economist,PREP,21561
economist's,VERB,21561
economists,VERB,21561
economy,VERB,13093
economy's,VERB,13093
ecstasies,VERB,14120
ecstasy,VERB,14120
ecstasy's,VERB,14120
ecstatic,ADJ,14119
ectotherm,VERB,26121
eczema,VERB,24266
eczema's,VERB,24266
ed,VERB,8525
edge,VERB,13907
edge's,VERB,13907
edged,VERB,13907
edger,VERB,13907
edgers,VERB,13907
edges,VERB,13907
edging,VERB,13907
edgings,VERB,13907
edible,VERB,27044
edible's,VERB,27044
edibleness,VERB,27044
edibles,VERB,27044
education,VERB,13908
education's,VERB,13908
educationalist,PREP,23606
educationalists,VERB,23606
educationist,VERB,23606
educationist_,PREP,23606
educationists,VERB,23606
educator,PREP,23675
educator's,VERB,23676
educator_,PREP,23676
educators,VERB,23676
eel,VERB,13909
eel's,VERB,13909
eels,VERB,13909
effect,VERB,13910
effect's,VERB,13910
effected,VERB,13910
effecting,VERB,13910
effective,VERB,13910
effects,VERB,13910
effort,VERB,26126
effort's,VERB,26126
efforts,VERB,26126
eg,VERB,17978
egg,VERB,13911
egg's,VERB,22137
egg_,VERB,22137
egg_white,VERB,26302
egg_yolk,VERB,26303
egged,VERB,22137
egging,VERB,22137
eggplant,VERB,13913
eggplant's,VERB,13913
eggplants,VERB,13913
eggs,VERB,22137
eggshell,VERB,26304
eggshell's,VERB,26304
eggshells,VERB,26304
ego,VERB,16752
ego's,VERB,16752
ego_,PREP,16752
egocentric,ADJ,16755
egocentric's,VERB,16755
egocentrics,VERB,16755
egoism,VERB,24937
egoism's,VERB,24937
egoistic,ADJ,16755
egoistical,ADJ,16755
egoistically,VERB,16755
egos,VERB,16752
egypt,VERB,25286
egypt's,VERB,25286
eight,VERB,8504
eight's,VERB,8504
eight_,NOUN,8504
eights,VERB,8504
either,NOUN,13914
ejaculation,VERB,13915
ejaculation's,VERB,13915
elastic,ADJ,25255
elastic's,VERB,25255
elastic_band,VERB,29033
elastic_cord,VERB,29033
elastics,VERB,25255
elbow,VERB,13916
elbow's,VERB,13916
elbow_pad,VERB,21620
elbow_splint,VERB,24091
elbowed,VERB,13916
elbowing,VERB,13916
elbows,VERB,13916
elderly,ADJ,15916
election,VERB,13175
election's,VERB,13175
elections,VERB,13175
elector,PREP,24092
elector's,VERB,24092
electorate,PREP,24093
electorate's,VERB,24093
electorates,VERB,24093
electors,VERB,24092
electric,ADJ,13917
electric_circuit,VERB,25287
electric_conductor,VERB,27045
electric_conductor_,VERB,25288
electric_cord,VERB,13921
electric_current,VERB,25289
electric_field,VERB,25290
electric_insulator,VERB,25291
electric_kettle,VERB,22587
electric_light,VERB,13919
electric_pan,VERB,22580
electric_piano,VERB,23862
electric_toothbrush,VERB,27046
electric_wheelchair,VERB,13920
electric_wire,VERB,13921
electrical,ADJ,13917
electrical_engineer,PREP,23482
electrical_insulator,VERB,25291
electrical_shop,VERB,29034
electrical_store,VERB,29034
electrically,VERB,13917
electrician,PREP,29238
electrician's,VERB,29238
electricians,VERB,29238
electricity,VERB,13918
electricity's,VERB,13918
electricity_meter,VERB,23075
electrics,VERB,13917
electro_magnet,VERB,25292
electromagnetic_radiation,VERB,13922
electronics_shop,VERB,29017
electronics_store,VERB,29017
elementary_school,VERB,23076
elephant,VERB,13923
elephant's,VERB,13923
elephants,VERB,13923
elevator,VERB,13924
elevator's,VERB,13924
elevators,VERB,13924
elf,VERB,23483
elf's,VERB,23483
elf_,PREP,23483
elk,VERB,15652
elk's,VERB,15652
elks,VERB,15652
ellipse,VERB,15946
ellipse's,VERB,15946
ellipse_,VERB,15946
ellipses,VERB,15946
elliptic,ADJ,24924
elliptical,ADJ,24924
elliptically,VERB,24924
elul,VERB,13925
elul's,VERB,13925
email,VERB,23485
email's,VERB,23485
email_address,VERB,23486
emailed,VERB,23485
emailing,VERB,23485
emails,VERB,23485
embark,PRON,23487
embarkation,VERB,25527
embarkation's,VERB,25527
embarkation_,VERB,25527
embarked,VERB,23487
embarking,VERB,23487
embarks,VERB,23487
embarrassed,ADJ,13926
embarrassing,ADJ,13927
embarrassingly,VERB,13927
embarrassment,VERB,13928
embarrassment's,VERB,13928
embarrassments,VERB,13928
embrace,VERB,24848
embrace's,VERB,24848
embrace-,PRON,14909
embraced,VERB,24848
embraces,VERB,24848
embracing,VERB,24848
embroider,VERB,29323
embroider-,PRON,29323
embroidered,VERB,29323
embroiderer,VERB,29323
embroiderers,VERB,29323
embroideries,VERB,29324
embroidering,VERB,29323
embroiders,VERB,29323
embroidery,VERB,29324
embroidery's,VERB,29324
embryo,VERB,13929
embryo's,VERB,13929
embryos,VERB,13929
emergencies,VERB,13930
emergency,VERB,13930
emergency's,VERB,13930
emergency_call,VERB,27048
emergency_room,VERB,27049
emergency_room_,VERB,27049
emergency_telephone,VERB,27048
emotion,VERB,14164
emotion's,VERB,14164
empathy,VERB,13931
empathy's,VERB,13931
employed,ADJ,25702
employee,PREP,25703
employee's,VERB,25703
employees,VERB,25703
employment,VERB,18273
employment's,VERB,18273
empower,VERB,25997
empower-,PRON,25997
empower-_,PRON,24648
empowered,ADJ,25998
empowered_,ADJ,24649
empowering,VERB,25997
empowerment,VERB,25999
empowerment's,VERB,25999
empowerment_,VERB,24650
empowers,VERB,25997
emptied,VERB,23863
emptier,VERB,23863
empties,VERB,23863
emptiest,VERB,23863
emptiness,VERB,23863
empty,ADJ,23863
empty's,VERB,23863
empty-,VERB,13933
empty-_,PRON,13933
empty_,ADJ,13932
emptying,VERB,24891
encircled,ADJ,25816
enclose,PRON,13364
enclosed,VERB,13364
enclosed_field,VERB,24208
encloses,VERB,13364
enclosing,VERB,13364
enclosure,VERB,13934
enclosure's,VERB,13934
enclosures,VERB,13934
encounter,PRON,15449
encounter's,VERB,15449
encountered,VERB,15449
encountering,VERB,15449
encounters,VERB,15449
encourage,VERB,25053
encourage-,PRON,25053
encouraged,VERB,25053
encouragement,VERB,25054
encouragement's,VERB,25054
encouragements,VERB,25054
encourages,VERB,25053
encouraging,VERB,25053
end,VERB,13935
end's,VERB,17268
end-,PRON,17268
end_of_year,VERB,25448
end_of_year_,VERB,25477
endangered,ADJ,24094
ended,VERB,17268
ending,VERB,17268
endings,VERB,17268
endive,VERB,17268
endless,ADJ,21331
endlessly,VERB,21331
endlessness,VERB,26102
endlessness's,VERB,26102
endocrine_system,VERB,25449
endotherm,VERB,26122
ends,VERB,17268
enduring,ADJ,25765
energies,VERB,23865
energy,VERB,13936
energy's,VERB,23865
energy_,VERB,23865
engaged,ADJ,13937
engagement,VERB,25293
engagement's,VERB,25293
engagements,VERB,25293
engine,VERB,15406
engine's,VERB,15406
engines,VERB,15406
england,VERB,22610
england's,VERB,22610
english,VERB,23077
english's,VERB,23077
english_,VERB,23077
englisher,VERB,23077
englishes,VERB,23077
enhancement,VERB,27070
enhancement's,VERB,27070
enhancements,VERB,27070
enjoy,VERB,13938
enjoy-,PRON,13938
enjoyable,VERB,13938
enjoyed,VERB,13938
enjoying,VERB,13938
enjoyment,VERB,13938
enjoys,VERB,13938
enlarge,VERB,14936
enlarge-,PRON,14936
enlarged,VERB,14936
enlargement,VERB,14936
enlarger,VERB,14936
enlargers,VERB,14936
enlarges,VERB,14936
enlarging,VERB,14936
enormous,ADJ,21353
enormously,VERB,21353
enormousness,VERB,21353
enough,ADJ,13939
enough's,VERB,13939
enquire,PRON,26337
enquirer,PREP,25059
enquirers,VERB,25059
ensure,PRON,28019
ensured,VERB,28019
ensurer,VERB,28019
ensurers,VERB,28019
ensures,VERB,28019
ensuring,VERB,28019
enter,PRON,13940
enter_,VERB,23488
entered,VERB,23488
entering,VERB,23488
enters,VERB,23488
entertain,PRON,12372
entertained,VERB,12372
entertainer,VERB,12372
entertainers,VERB,12372
entertaining,VERB,12372
entertainment,VERB,12372
entertains,VERB,12372
entire,VERB,24282
entirely,VERB,24282
entrance,NOUN,14952
entrance's,VERB,14952
entranced,VERB,14952
entrancement,VERB,14952
entrances,VERB,14952
entrancing,VERB,14952
entree,VERB,22118
entree's,VERB,22118
entrees,VERB,22118
envious,ADJ,13941
enviously,VERB,13941
enviousness,VERB,13941
environment,VERB,13942
environment's,VERB,13942
environments,VERB,13942
environs,VERB,26165
environs's,VERB,26165
epidemic,VERB,27050
epidemic's,VERB,27050
epidemics,VERB,27050
epiglottis,VERB,27051
epiglottis's,VERB,27051
epiglottises,VERB,27051
epiphanies,VERB,24095
epiphany,VERB,24095
epiphany's,VERB,24095
equal,NOUN,16713
equal's,VERB,16713
equal-,PRON,13943
equaled,VERB,16713
equaling,VERB,16713
equality,NOUN,16713
equality's,VERB,26166
equality_,VERB,26166
equally,VERB,16713
equals,VERB,16713
equator,VERB,22598
equator's,VERB,22598
equators,VERB,22598
equestrian,PREP,22091
equestrian's,VERB,22091
equestrian_sports,VERB,21629
equestrians,VERB,22091
equilateral_triangle,VERB,25704
equipment,VERB,25875
equipment's,VERB,25875
erased,ADJ,24968
eraser,VERB,29035
eraser's,VERB,29035
erect_penis,VERB,13944
erection,VERB,13944
erection's,VERB,13944
erections,VERB,13944
eris,VERB,24440
eris's,VERB,24440
eris_,VERB,24440
erises,VERB,24440
error,VERB,15479
error's,VERB,15479
errors,VERB,15479
erupt,VERB,24651
erupt-,PRON,24651
erupted,VERB,24651
erupting,VERB,24651
eruption,VERB,24652
eruption's,VERB,24652
eruptions,VERB,24652
eruptive,VERB,24651
erupts,VERB,24651
es,VERB,8525
escalator,VERB,24096
escalator's,VERB,24096
escalators,VERB,24096
escape,VERB,25055
escape's,VERB,25056
escape-,PRON,25056
escaped,VERB,25056
escapement,VERB,25056
escapes,VERB,25056
escaping,VERB,25056
espionage,VERB,25057
espionage's,VERB,25057
est,VERB,8525
estimate,VERB,14651
estimate's,VERB,14651
estimate-,PRON,14651
estimated,VERB,14651
estimates,VERB,14651
estimating,VERB,14651
estimation,VERB,26004
estimation's,VERB,26004
estimations,VERB,14651
estonia,VERB,24097
estonia's,VERB,24097
estonian,VERB,25295
estonian's,VERB,25295
estonian_,VERB,25295
estonians,VERB,25295
etage,VERB,23085
eternal,ADJ,26000
eternal_,ADJ,21332
eternal_life,VERB,13945
eternally,VERB,26000
eternalness,VERB,26000
eternities,VERB,24892
eternity,VERB,24892
eternity's,VERB,24892
ethanol,VERB,25010
ethanol's,VERB,25010
etrog,VERB,13946
euro,VERB,21541
euro's,VERB,21541
europe,VERB,22606
europe's,VERB,22606
euros,VERB,21541
evacuate,PRON,23864
evacuated,VERB,23864
evacuates,VERB,23864
evacuating,VERB,23864
evacuation,VERB,24891
evacuation's,VERB,24891
evacuations,VERB,23864
evaluate,VERB,13947
evaluate-,PRON,13947
evaluated,VERB,13947
evaluates,VERB,13947
evaluating,VERB,13947
evaluation,VERB,13949
evaluation's,VERB,13949
evaluations,VERB,13947
evaluative,VERB,13947
evaluator,PREP,26291
evaluators,VERB,26291
evangelise,VERB,21347
evangelise-,PRON,21346
evangelise_-,PRON,21347
eve,PREP,21064
eve's,VERB,21064
even_number,VERB,25706
evening,VERB,13950
evening's,VERB,13950
evening_before_holiday,VERB,14113
evening_of_sabbath,VERB,14113
event,VERB,14114
event's,VERB,14114
event_dressing_up,VERB,28020
events,VERB,14114
ever,ADJ,12368
evergreen_tree,VERB,14116
every,NOUN,12360
everybody,NOUN,14117
everybody's,VERB,14117
everyone,NOUN,14117
everyone's,VERB,14117
everything,NOUN,12360
everything's,VERB,12360
everywhere,VERB,29036
eves,VERB,21064
evidence,VERB,23079
evidence's,VERB,23079
evidenced,VERB,23079
evidences,VERB,23079
evidencing,VERB,23079
evident,ADJ,14961
evidently,VERB,14961
ewe,VERB,25705
ewe's,VERB,25705
ewer,VERB,25705
ewers,VERB,25705
ewes,VERB,25705
exam,VERB,17528
exam's,VERB,17528
examination,VERB,24441
examination's,VERB,24441
examinations,VERB,24441
examine,VERB,24442
examine_-,PRON,24442
examined,VERB,24442
examines,VERB,24442
examining,VERB,24442
example,VERB,17978
example's,VERB,17978
exampled,VERB,17978
examples,VERB,17978
exampling,VERB,17978
exams,VERB,17528
excavation,VERB,25550
excavation's,VERB,25550
excavator,VERB,25707
excavator's,VERB,25707
excavators,VERB,25707
excellence,VERB,21342
excellence's,VERB,21342
excellent,ADJ,21343
excellently,VERB,21343
except,NOUN,13094
except_,NOUN,17981
except_for,VERB,13094
except_for_,NOUN,13094
excepted,VERB,17981
excepting,VERB,17981
excepts,VERB,17981
exchange,PRON,14118
exchange's,VERB,14118
exchanged,VERB,14118
exchanger,VERB,24653
exchanges,VERB,14118
exchanging,VERB,14118
excited,ADJ,23868
excitedly,ADJ,23868
excitement,VERB,23869
excitement's,VERB,23869
excitements,VERB,23869
exciting,ADJ,23868
excitingly,ADJ,23868
exclamation_mark,NOUN,8483
exclude,VERB,14121
exclude-,PRON,14121
excluded,VERB,14121
excludes,VERB,14121
excluding,VERB,14121
excretion,VERB,26058
excretion's,VERB,26058
excursion,VERB,15945
excursion's,VERB,15945
excursions,VERB,15945
excusable,VERB,14123
excuse,VERB,14122
excuse's,VERB,14123
excuse-,PRON,14123
excused,VERB,14123
excuses,VERB,14123
excusing,VERB,14123
executive,VERB,24611
executive's,VERB,24611
executives,VERB,24611
exercise,PRON,14124
exercise's,VERB,26167
exercise_,VERB,26167
exercise_bike,VERB,29316
exercised,VERB,26167
exerciser,VERB,26167
exercisers,VERB,26167
exercises,VERB,26167
exercising,VERB,26167
exhausted,ADJ,17735
exhibition_hall,VERB,16970
exhibitionism,VERB,14125
exhibitionism's,VERB,14125
exist,VERB,12639
exist-,PRON,12639
existed,VERB,12639
existence,VERB,24098
existence's,VERB,24098
existences,VERB,24098
existing,VERB,12639
exists,VERB,12639
exit,VERB,15943
exit's,VERB,15943
exit-,PRON,14126
exit_,NOUN,15943
exited,VERB,15943
exiting,VERB,15943
exits,VERB,15943
expand,PRON,25254
expandable,VERB,25254
expanded,VERB,25254
expanding,VERB,25254
expands,VERB,25254
expansion,VERB,25257
expansion's,VERB,25257
expect,PRON,14127
expectation,VERB,14128
expectation's,VERB,14128
expectations,VERB,14128
expected,VERB,14127
expecting,VERB,14127
expects,VERB,14127
expensive,ADJ,23080
expensive_,ADJ,14129
expensively,VERB,23080
expensiveness,VERB,23080
experience,VERB,25708
experience's,VERB,25708
experienced,VERB,25708
experiment,VERB,24893
experiment's,VERB,24893
experiment-,PRON,24099
experimented,VERB,24893
experimenter,VERB,24893
experimenters,VERB,24893
experimenting,VERB,24893
experiments,VERB,24893
expert,PREP,29239
expert's,VERB,29239
expertly,VERB,29239
expertness,VERB,29239
experts,VERB,29239
explain,PRON,14130
explained,VERB,14130
explaining,VERB,14130
explains,VERB,14130
explanation,VERB,25709
explanation's,VERB,25709
explanations,VERB,25709
explode,PRON,14131
exploded,ADJ,24100
explodes,VERB,14131
exploding,VERB,14131
exploration,VERB,27053
exploration's,VERB,27053
explorations,VERB,27053
explore,VERB,25058
explore-,PRON,25058
explored,VERB,25058
explorer,PREP,25059
explorer's,VERB,25059
explorers,VERB,25058
explores,VERB,25058
exploring,VERB,25058
explosion,VERB,14132
explosion's,VERB,14132
explosions,VERB,14132
explosive,VERB,24036
explosive's,VERB,24036
explosively,VERB,24036
explosiveness,VERB,24036
explosives,VERB,24036
export,VERB,23489
export's,VERB,23491
export-,PRON,23490
export_-,PRON,23491
exportable,VERB,23491
exported,ADJ,23492
exporter,VERB,23491
exporters,VERB,23491
exporting,VERB,23491
exports,VERB,23491
expose_oneself_indecently,VERB,24843
expose_oneself_indecently-,PRON,24843
express,VERB,16728
express's,VERB,16728
express-,PRON,16728
expressed,VERB,16728
expresses,VERB,16728
expressing,VERB,16728
expressive,VERB,16728
expressly,VERB,16728
exterior,NOUN,15942
exterior's,VERB,15942
exteriors,VERB,15942
external,NOUN,15942
external's,VERB,15942
external_hard_drive,VERB,24654
externally,VERB,15942
externals,VERB,15942
extinction,VERB,25556
extinction's,VERB,25556
extinctions,VERB,25556
extinguishing,VERB,25556
extinguishing_,VERB,25556
eye,VERB,14133
eye's,VERB,14133
eye_controller,VERB,23493
eye_gaze_controller,VERB,23493
eye_makeup,VERB,14137
eye_pointing,VERB,28021
eye_pointing_,VERB,28022
eye_with_eyebrow,VERB,26051
eyebrow,VERB,14134
eyebrow's,VERB,14134
eyebrow_pencil,VERB,14135
eyebrows,VERB,14134
eyed,VERB,14133
eyeglasses,VERB,14443
eyelid,VERB,25557
eyelid's,VERB,25557
eyelid_,VERB,14136
eyelids,VERB,25557
eyeliner,VERB,15164
eyeliner's,VERB,15164
eyeliners,VERB,15164
eyes,VERB,14133
f,NOUN,8526
f_,NOUN,8526
fable,VERB,25876
fable's,VERB,25876
fabled,VERB,25876
fables,VERB,25876
fabric,VERB,13365
fabric's,VERB,13365
fabric_shop,VERB,29037
fabric_store,VERB,29037
fabrics,VERB,13365
face,VERB,14138
face_painting,VERB,26168
face_with_beard,VERB,26052
face_with_pimple,VERB,26053
facebook,VERB,25375
facebook's,VERB,25375
facebook_,VERB,25375
faced,VERB,14138
faces,VERB,14138
facial_hair,VERB,24102
facing,VERB,14138
fact,VERB,14139
fact's,VERB,14139
factories,VERB,14140
factory,VERB,14140
factory's,VERB,14140
facts,VERB,14139
fade,ADJ,29528
fade's,VERB,29528
faded,ADJ,29529
fades,VERB,29528
fail,VERB,24444
fail-,PRON,24444
failed,VERB,24444
failing,VERB,24444
failings,VERB,24444
fails,VERB,24444
failure,VERB,24445
failure's,VERB,24445
failures,VERB,24445
faint,PRON,26305
faint's,VERB,26305
fainted,VERB,26305
fainter,VERB,26305
faintest,VERB,26305
fainting,VERB,26306
faintly,VERB,26305
faintness,VERB,26305
faints,VERB,26305
fair,ADJ,23081
fair's,VERB,23081
fairer,VERB,23081
fairest,VERB,23081
fairies,VERB,23494
fairing,VERB,23081
fairings,VERB,23081
fairly,VERB,23081
fairness,VERB,23081
fairs,VERB,23081
fairy,PREP,23494
fairy's,VERB,23494
fairy_godmother,PREP,23494
fairy_tale,VERB,25877
falafel,VERB,14141
falcon,VERB,25267
falcon's,VERB,25267
falconer,VERB,25267
falconers,VERB,25267
falcons,VERB,25267
fall,VERB,12598
fall's,VERB,14142
fall-,PRON,14142
fall_,VERB,12597
fall_asleep,VERB,23495
fall_asleep-,PRON,23495
fallen,VERB,14142
falling,VERB,14142
fallopian_tube,VERB,14143
falls,VERB,14142
false,ADJ,26259
false_face,VERB,15428
falsehood,VERB,26260
falsehood's,VERB,26260
falsehoods,VERB,26260
falsely,VERB,26259
falseness,VERB,26259
falser,VERB,26259
falsest,VERB,26259
falsities,VERB,26260
falsity,VERB,26260
falsity's,VERB,26260
families,VERB,14144
family,PREP,13427
family's,VERB,14144
family_,PREP,14144
family_day,VERB,24103
family_planning,VERB,14147
family_planning_clinic,VERB,14148
family_room,VERB,16203
fan,VERB,14149
fan's,VERB,24104
fan_,VERB,24104
fan_club,VERB,24446
fanatic,ADJ,24105
fanatic's,VERB,24106
fanatic_,PREP,24106
fanatics,VERB,24106
fancy_cake,VERB,22123
fancy_dress_party,VERB,28023
fans,VERB,24104
fantasied,VERB,24895
fantasies,VERB,24895
fantastic,ADJ,24829
fantasy,VERB,24895
fantasy's,VERB,24895
fantasying,VERB,24895
far,ADJ,14150
farawayness,VERB,25559
farawayness_,VERB,24896
farewell,OTHER,14454
farewell's,VERB,14454
farewells,VERB,14454
farfalle,VERB,22131
farm,VERB,14151
farm's,VERB,14151
farmed,VERB,14151
farmer,PREP,14152
farmer's,VERB,14152
farmers,VERB,14151
farmhouse,VERB,25714
farmhouse's,VERB,25714
farmhouses,VERB,25714
farming,VERB,14151
farmings,VERB,14151
farms,VERB,14151
farness,VERB,24896
farrier,PREP,24107
farrier's,VERB,24107
farriers,VERB,24107
farsighted,ADJ,26193
farsightedness,VERB,26192
farsightedness's,VERB,26192
fart,VERB,25060
fart's,VERB,25060
farted,VERB,25060
farting,VERB,25060
farts,VERB,25060
fashion_designer,PREP,23496
fashioning,VERB,23583
fast,ADJ,16446
fast's,VERB,21323
fast-,PRON,21323
fast_day,VERB,14153
fast_food,VERB,27054
fasted,VERB,21323
fasten,PRON,14154
fastened,ADJ,17746
fastener,VERB,14155
fastener's,VERB,14155
fasteners,VERB,14155
fastening,VERB,23409
fastening's,VERB,23409
fastenings,VERB,23409
fastens,VERB,14154
faster,VERB,21323
fastest,VERB,21323
fasting,VERB,21323
fastness,VERB,21323
fasts,VERB,21323
fat,ADJ,14156
fat's,VERB,14156
fatal,ADJ,25061
fatally,VERB,25061
fated,VERB,14156
father,PREP,14157
father's,VERB,14157
father's_day,VERB,24108
father-in-law,VERB,25715
father-in-law_,PREP,25715
father_christmas,PREP,23647
fathered,VERB,14157
fathering,VERB,14157
fatherly,VERB,14157
fathers,VERB,14157
fating,VERB,14156
fatness,VERB,25560
fatness's,VERB,25560
fats,VERB,14156
fault,VERB,15479
fault's,VERB,15479
faulted,VERB,15479
faulting,VERB,15479
faults,VERB,15479
favourite,ADJ,14158
fax,VERB,23497
fax's,VERB,23499
fax-,PRON,23498
fax_,VERB,23499
faxed,VERB,23499
faxes,VERB,23499
faxing,VERB,23499
fear,PRON,14159
fear's,VERB,14159
fear_of_heights,VERB,26169
feared,VERB,14159
fearing,VERB,14159
fears,VERB,14159
feather,VERB,14160
feather's,VERB,14160
feathered,VERB,14160
feathering,VERB,14160
feathers,VERB,14160
februaries,VERB,14161
february,VERB,14161
february's,VERB,14161
feces,VERB,12884
feces's,VERB,12884
fee,VERB,24109
fee's,VERB,24109
feed,VERB,14162
feed's,VERB,14162
feed-,PRON,14162
feeder,VERB,14162
feeders,VERB,14162
feeding,VERB,14162
feeding_bottle,VERB,24409
feeding_ground,VERB,25924
feeding_place,VERB,25924
feeding_tube,VERB,25450
feedings,VERB,14162
feeds,VERB,14162
feel,VERB,14163
feel's,VERB,14163
feel-,PRON,14163
feel_bored,PRON,29511
feeler,VERB,14163
feelers,VERB,14163
feeling,VERB,14164
feeling's,VERB,14164
feelingly,VERB,14164
feelings,VERB,14163
feels,VERB,14163
fees,VERB,24109
felid,VERB,12383
feline,VERB,12383
feline's,VERB,12383
feline_,VERB,12383
felines,VERB,12383
female,ADJ,14165
female's,VERB,14166
female_,VERB,14166
female_friend,PREP,25716
femaleness,VERB,14166
females,VERB,14166
feminine,VERB,14165
feminine's,VERB,14165
feminine_,ADJ,14165
femininely,VERB,14165
feminines,VERB,14165
fence,VERB,14167
fence's,VERB,14167
fenced,VERB,14167
fencer,VERB,14167
fencers,VERB,14167
fences,VERB,14167
fencing,VERB,21837
fencing's,VERB,21837
fer,VERB,8526
ferried,VERB,22083
ferries,VERB,22083
ferry,VERB,22083
ferry's,VERB,22083
ferrying,VERB,22083
fertile,ADJ,14168
fertility_counselling,VERB,14169
fertilization,VERB,13395
fertilization's,VERB,13395
fertilized,ADJ,24110
fertilized_egg,VERB,13395
fertilizer,VERB,24185
fertilizer's,VERB,24185
fest,VERB,8526
festival,VERB,14884
festival's,VERB,14884
festival_of_equality,VERB,28065
festivals,VERB,14884
fetus,VERB,14170
fetus's,VERB,14170
fetuses,VERB,14170
fever,VERB,24112
fever's,VERB,24112
fevered,VERB,24112
fevers,VERB,24112
few,ADJ,14171
few's,VERB,14171
fewer,ADJ,15195
fewest,ADJ,15185
fewness,VERB,14171
fiance,PREP,25296
fiance's,VERB,25296
fiancee,PREP,25297
fiancee's,VERB,25297
fiancees,VERB,25297
fiber,VERB,25878
fiber's,VERB,25878
fibre,VERB,25878
fibril,VERB,25878
fibril's,VERB,25878
fibrils,VERB,25878
fidelity,VERB,14172
fidelity's,VERB,14172
field,VERB,14173
field's,VERB,14173
field_,VERB,13428
field_glass,VERB,25984
field_glass_,VERB,24416
field_hockey,VERB,14174
fielder,VERB,14173
fielders,VERB,14173
fields,VERB,14173
fight,PRON,14175
fight's,VERB,14175
fighter,VERB,14175
fighters,VERB,14175
fighting,VERB,14175
fights,VERB,14175
figure_skating,VERB,21862
filament,VERB,25878
filament's,VERB,25878
filaments,VERB,25878
file,VERB,23500
filed,VERB,23500
files,VERB,23500
filing,VERB,23500
filing_cabinet,VERB,29038
fill,VERB,24897
fill-,PRON,14176
filled,ADJ,23501
filled_cabbage,VERB,23502
filled_food,VERB,23503
filled_leaf,VERB,23504
filled_vegetable,VERB,23505
filling,VERB,24897
filling's,VERB,24897
fillings,VERB,24897
fills,VERB,24897
film,VERB,14177
film's,VERB,26319
film_,VERB,26319
filmed,VERB,26319
filming,VERB,26319
films,VERB,26319
final,ADJ,15173
final's,VERB,15173
finally,ADJ,14178
finals,VERB,15173
financial_support,VERB,24113
finch,VERB,17211
finch's,VERB,17211
finches,VERB,17211
find,VERB,14179
find's,VERB,14179
find-,PRON,14179
finder,VERB,14179
finders,VERB,14179
finding,VERB,14179
findings,VERB,14179
finds,VERB,14179
fine,ADJ,14463
fine_,VERB,23082
fined,VERB,23082
fines,VERB,23082
finest,VERB,23082
finger,VERB,14180
finger's,VERB,14180
finger_alphabet,VERB,23506
finger_spelling,VERB,23506
fingered,VERB,14180
fingering,VERB,14180
fingerings,VERB,14180
fingernail,VERB,24114
fingernail's,VERB,24114
fingernails,VERB,24114
fingerprint,VERB,25298
fingerprint's,VERB,25298
fingerprinted,VERB,25298
fingerprinting,VERB,25298
fingerprints,VERB,25298
fingers,VERB,14180
fingerspell,VERB,23507
fingerspell-,PRON,23507
fining,VERB,23082
finish,PRON,14181
finished,ADJ,24844
finishes,VERB,14181
finishing,VERB,14181
finland,VERB,14182
finland's,VERB,14182
finnish,VERB,25299
finnish's,VERB,25299
finnish_,VERB,25299
fir,VERB,14116
fir's,VERB,14116
fir_tree,VERB,14116
fire,VERB,14183
fire's,VERB,14183
fire_engine,VERB,14186
fire_extinguisher,VERB,25301
fire_place,VERB,25302
fire_truck,VERB,14186
firearm,VERB,14655
firearm's,VERB,14655
firearms,VERB,14655
firecraft,VERB,25303
fired,VERB,14116
firefighter,PREP,14184
firefighter's,VERB,14184
fireman,PREP,14184
fireman's,VERB,14184
fireplace,VERB,14185
fireplace's,VERB,14185
fireplaces,VERB,14185
firer,VERB,14116
firers,VERB,14116
fires,VERB,14183
firework,VERB,24655
firework's,VERB,24655
fireworks,VERB,24655
firing,VERB,14116
firings,VERB,14116
firm,ADJ,20530
firm's,VERB,20530
firmed,VERB,20530
firmer,VERB,20530
firmest,VERB,20530
firming,VERB,20530
firmly,VERB,20530
firmness,VERB,20530
firms,VERB,20530
firs,VERB,14116
first,ADJ,14187
first's,VERB,14187
first_aid,VERB,27055
first_aid_kit,VERB,25304
firstly,VERB,14187
firsts,VERB,14187
firth,VERB,14116
fish,VERB,14190
fish's,VERB,14190
fish-,PRON,14190
fish_,VERB,14188
fish_bone,VERB,25305
fish_cage,VERB,24656
fish_finger,VERB,23508
fish_skin,VERB,27056
fishball,VERB,22127
fishburger,VERB,22120
fished,VERB,14190
fisher,VERB,14190
fisherman,PREP,23509
fisherman's,VERB,23509
fishers,VERB,14190
fishes,VERB,14190
fishing,VERB,14191
fishing's,VERB,22058
fishing_,VERB,22058
fishing_line,VERB,26170
fishing_rod,VERB,26171
fishing_trip,VERB,29309
fishing_trip_,VERB,29309
fishnet,VERB,21357
fishnet's,VERB,21357
fishnets,VERB,21357
fist,VERB,26172
fist's,VERB,26172
fists,VERB,26172
five,VERB,8501
five's,VERB,8501
five_,NOUN,8501
fiver,VERB,8501
fivers,VERB,8501
fives,VERB,8501
fix,PRON,14192
fix's,VERB,16244
fix-,PRON,16244
fix_up,VERB,24152
fix_up-,PRON,24152
fixable,VERB,16244
fixed,VERB,16244
fixer,VERB,16244
fixers,VERB,16244
fixes,VERB,16244
fixing,VERB,24898
fixings,VERB,16244
fjord,VERB,22613
fjord's,VERB,22613
fjords,VERB,22613
flag,VERB,14193
flag's,VERB,14193
flags,VERB,14193
flame,VERB,14194
flame's,VERB,14194
flamed,VERB,14194
flamer,VERB,14194
flamers,VERB,14194
flames,VERB,14194
flaming,VERB,14194
flamings,VERB,14194
flammable,ADJ,24680
flammable's,VERB,24680
flammables,VERB,24680
flannel,VERB,18040
flannel's,VERB,18040
flanneled,VERB,18040
flanneling,VERB,18040
flannels,VERB,18040
flap,VERB,25904
flap's,VERB,25904
flaps,VERB,25904
flashlight,VERB,14196
flashlight's,VERB,14196
flashlights,VERB,14196
flask,VERB,12880
flask's,VERB,12880
flasks,VERB,12880
flat,VERB,12403
flat's,VERB,12403
flatbread,VERB,16691
flatfish,VERB,23083
flatfish's,VERB,23083
flatfishes,VERB,23083
flatly,VERB,12403
flatness,VERB,12403
flats,VERB,12403
flavouring,VERB,14198
flax,VERB,23084
flax's,VERB,23084
flax_fabric,VERB,23144
flaxen,VERB,23084
flea,VERB,14199
flea's,VERB,14199
fleas,VERB,14199
fledgeling,VERB,24447
flied,VERB,14372
flier,VERB,14372
fliers,VERB,14372
flies,VERB,14372
fliest,VERB,14372
flight,VERB,29303
flight's,VERB,29303
flight_attendant,PREP,26173
flight_deck,VERB,25307
flight_instrument,VERB,25306
flights,VERB,29303
float,VERB,14200
float's,VERB,14200
float-,PRON,14200
floated,VERB,14200
floater,VERB,14200
floaters,VERB,14200
floating,ADJ,26103
floating_container,VERB,25562
floats,VERB,14200
flood,VERB,14201
flood's,VERB,14201
flooded,VERB,14201
flooder,VERB,14201
flooding,VERB,14201
floods,VERB,14201
floor,VERB,14202
floor's,VERB,23086
floor_,VERB,23086
floor_covering,VERB,14203
floored,VERB,23086
flooring,VERB,23086
floors,VERB,23086
florist,VERB,23088
florist's,VERB,23088
florists,VERB,23088
flour,VERB,14204
flour's,VERB,14204
floured,VERB,14204
flouring,VERB,14204
flours,VERB,14204
flower,VERB,14205
flower_,VERB,14206
flower_fairy,PREP,23510
flower_meadow,VERB,25717
flowered,VERB,14206
flowering,VERB,14206
flowers,VERB,14206
flu,VERB,24117
flu's,VERB,24117
fluid,VERB,18209
fluid's,VERB,18209
fluidly,VERB,18209
fluids,VERB,18209
flush,VERB,29530
flush's,VERB,29530
flush-,ADJ,29530
flushed,VERB,29530
flusher,VERB,29530
flushes,VERB,29530
flushest,VERB,29530
flushing,VERB,29530
flute,VERB,23871
flute's,VERB,23873
flute_,VERB,23873
fluted,VERB,23873
flutes,VERB,23873
fluting,VERB,23873
fly,VERB,14371
fly's,VERB,14372
fly-,PRON,14372
flyable,VERB,14372
flyer,VERB,21340
flying,ADJ,14373
flying's,VERB,14373
flying_insect,VERB,14371
foal,VERB,24448
foal's,VERB,24448
foaled,VERB,24448
foaling,VERB,24448
foals,VERB,24448
foam,VERB,23875
foam's,VERB,23875
foamed,VERB,23875
foaming,VERB,23875
foams,VERB,23875
fog,VERB,14374
fogs,VERB,14374
fold,PRON,14375
folded,VERB,14375
folder,VERB,23511
folder's,VERB,23512
folder_,VERB,23512
folders,VERB,23512
folding,VERB,25564
folds,VERB,14375
folk,VERB,21609
folk's,VERB,21609
folk_music,VERB,21611
folk_tale,VERB,25879
folks,VERB,21609
follow,VERB,21053
follow-,PRON,21053
follow-_,PRON,14376
followed,VERB,21053
follower,VERB,21053
followers,VERB,21053
following,VERB,21053
followings,VERB,21053
follows,VERB,21053
food,VERB,14377
food's,VERB,14404
food_,VERB,14404
food_ball,VERB,14378
food_processor,VERB,22393
food_store,VERB,14645
food_waste,VERB,26315
food_waste_,VERB,26315
foods,VERB,14404
foot,VERB,14379
foot's,VERB,14379
football,VERB,14380
football's,VERB,20593
football_,VERB,20593
football_field,VERB,28025
football_field_,VERB,28074
football_game,VERB,28026
football_player,PREP,28027
football_rule,VERB,25880
football_supporters_club,VERB,24449
football_team,VERB,24450
footballer,VERB,20593
footballers,VERB,20593
footballing,VERB,20593
footballs,VERB,20593
footed,VERB,14379
footer,VERB,14379
footers,VERB,14379
footing,VERB,14379
footings,VERB,14379
footpath,VERB,24328
footpath's,VERB,24328
footprint,VERB,25308
footprint's,VERB,25308
footprints,VERB,25308
foots,VERB,14379
for,VERB,14381
for_,NOUN,14381
for_a_while,VERB,15212
for_example,VERB,17978
for_free,ADJ,25882
force,VERB,22914
force's,VERB,22914
forced,ADJ,14383
forces,VERB,22914
forcing,VERB,22914
fore,VERB,22062
fore's,VERB,22062
forefather,PREP,21325
forefather's,VERB,21325
forefathers,VERB,21325
forehead,VERB,14384
forehead's,VERB,14384
foreheads,VERB,14384
foreign,ADJ,24118
foreigner,VERB,24118
foreigners,VERB,24118
foreignness,VERB,24118
foremother,PREP,21326
fores,VERB,22062
foreskin,VERB,14385
foreskin's,VERB,14385
foreskins,VERB,14385
forest,VERB,14386
forested,VERB,14386
foresting,VERB,14386
forests,VERB,14386
forever,ADJ,12368
forever's,VERB,12368
forget,VERB,14387
forget-,PRON,14387
forgets,VERB,14387
forgetting,VERB,24899
forgivable,VERB,14388
forgive,PRON,14388
forgiven,ADJ,21381
forgiveness,VERB,21293
forgiveness's,VERB,21293
forgiver,VERB,14388
forgivers,VERB,14388
forgives,VERB,14388
forgiving,VERB,14388
fork,VERB,14389
fork's,VERB,14389
forked,VERB,14389
forking,VERB,14389
forks,VERB,14389
form,VERB,16940
formed,VERB,16940
former,ADJ,24218
former's,VERB,24218
forming,VERB,16940
forms,VERB,16940
formula_one,VERB,21830
fort,VERB,24119
fort's,VERB,24119
forth,VERB,14381
fortress,VERB,24119
fortress's,VERB,24119
fortresses,VERB,24119
forts,VERB,24119
fortunate,ADJ,15403
fortunately,VERB,15403
fortune,VERB,15402
fortune's,VERB,15402
fortunes,VERB,15402
forward,NOUN,14390
forward's,VERB,14390
forwarded,VERB,14390
forwarder,VERB,14390
forwarders,VERB,14390
forwardest,VERB,14390
forwarding,VERB,14390
forwardly,VERB,14390
forwardness,VERB,14390
forwards,VERB,14390
fossil_fuel,VERB,25062
foster_home,VERB,23513
foster_mother,PREP,14391
foster_parent,PREP,14392
foundation,VERB,24120
foundation's,VERB,24120
foundation_,VERB,23089
foundations,VERB,24120
fountain,VERB,24900
fountain's,VERB,24900
fountains,VERB,24900
four,VERB,8500
four's,VERB,8500
four-leaf_clover,VERB,25881
four_,NOUN,8500
four_o'clock_eating_break,VERB,14393
fours,VERB,8500
fourth,VERB,8500
fox,VERB,14394
fox's,VERB,14394
foxed,VERB,14394
foxes,VERB,14394
foxing,VERB,14394
fracture,PRON,12896
fracture's,VERB,12896
fractured,VERB,12896
fractures,VERB,12896
fracturing,VERB,12896
fragile,ADJ,12897
fragiler,VERB,12897
fragilest,VERB,12897
fragrance,VERB,15997
fragrance's,VERB,15997
fragrances,VERB,15997
france,VERB,25063
france's,VERB,25063
frances,VERB,25063
frankfurter,VERB,14902
frankfurter's,VERB,14902
frankfurters,VERB,14902
free,ADJ,14395
free_of_charge,ADJ,25882
freed,VERB,14395
freedom,VERB,14396
freedom's,VERB,14396
freedoms,VERB,14396
freely,ADJ,14395
freer,VERB,14395
frees,VERB,14395
freest,VERB,14395
freestyle_skiing,VERB,21867
freeze,PRON,14397
freezer,VERB,23514
freezer's,VERB,23514
freezers,VERB,23514
freezes,VERB,14397
freezing,VERB,25565
freezing_rain,VERB,29266
freighter,VERB,22069
freighter's,VERB,22069
french,VERB,25309
french_,VERB,25309
french_fries,VERB,14398
french_horn,VERB,23876
frequency,VERB,25411
frequency's,VERB,25411
frequency_,VERB,25310
frequent,ADJ,15913
frequented,VERB,15913
frequenter,VERB,15913
frequenters,VERB,15913
frequentest,VERB,15913
frequenting,VERB,15913
frequently,ADJ,15913
frequents,VERB,15913
fresh,ADJ,14399
fresh_cheese,VERB,22361
freshen,VERB,14399
freshens,VERB,14399
fresher,VERB,14399
freshers,VERB,14399
freshest,VERB,14399
freshly,VERB,14399
freshness,VERB,14399
frey,PREP,22818
frey's,VERB,22818
freya,PREP,22819
freya's,VERB,22819
friday,VERB,14400
friday's,VERB,14400
friday_,VERB,14400
fridays,VERB,14400
fridge,VERB,23632
fridge's,VERB,23632
fridges,VERB,23632
fried,ADJ,22351
fried_egg,VERB,22138
friend,PREP,14401
friended,VERB,14401
friending,VERB,14401
friendly,VERB,14401
friends,VERB,14401
fries,VERB,14411
frigg,PREP,22651
fright,VERB,22912
fright's,VERB,22912
frighted,VERB,22912
frighten,VERB,22912
frightened,ADJ,12347
frightens,VERB,22912
frighting,VERB,22912
frights,VERB,22912
frog,VERB,14402
frog's,VERB,14402
frogs,VERB,14402
from,NOUN,14403
from_sky,VERB,25566
front,NOUN,25311
front_of_a_thing,NOUN,25311
front_room,VERB,15224
fronted,VERB,25311
fronting,VERB,25311
fronts,VERB,25311
frozen,ADJ,14925
frozen_meat,VERB,22355
fruit,VERB,14405
fruit's,VERB,24121
fruit_,VERB,24121
fruit_cream,VERB,23515
fruit_juice,VERB,14406
fruit_salad,VERB,22142
fruit_yoghurt,VERB,14407
fruit_yogurt,VERB,14407
fruited,VERB,24121
fruiting,VERB,24121
fruits,VERB,24121
frustrated,ADJ,14408
frustrating,ADJ,14409
frustratingly,VERB,14409
frustration,VERB,14410
frustration's,VERB,14410
fry,PRON,14411
fry's,VERB,14411
frying,VERB,14411
frying_pan,VERB,22581
fuel,VERB,14412
fuel_gauge,VERB,23090
fueled,VERB,14412
fueling,VERB,14412
fuels,VERB,14412
full,ADJ,14413
full's,VERB,14413
full_stop,NOUN,8486
fulled,VERB,14413
fuller,VERB,14413
fullers,VERB,14413
fullest,VERB,14413
fulling,VERB,14413
fullness,VERB,24897
fullness's,VERB,24897
fulls,VERB,14413
fully_develop,VERB,29214
fully_develop-,PRON,29214
fully_developed,ADJ,29213
fun,VERB,14675
fun's,VERB,14675
function,VERB,23516
function's,VERB,23517
function-,PRON,23517
functional,ADJ,23518
functionally,VERB,23518
functioned,VERB,23517
functioning,VERB,23517
functions,VERB,23517
fundament,VERB,24120
fundamental,ADJ,24122
fundamental's,VERB,24122
fundamental_law,VERB,24123
fundamental_rule,VERB,24124
fundamentalism,VERB,24125
fundamentalism's,VERB,24126
fundamentalism_,VERB,24126
fundamentalist,PREP,24127
fundamentalist's,VERB,24128
fundamentalist_,PREP,24128
fundamentalists,VERB,24128
fundamentally,VERB,24122
fundamentals,VERB,24122
funeral,VERB,20578
funeral's,VERB,20578
funeral_,VERB,20577
funerals,VERB,20578
funnel,VERB,22574
funnel's,VERB,22574
funneled,VERB,22574
funneling,VERB,22574
funnels,VERB,22574
funnier,VERB,14414
funnies,VERB,14414
funniest,VERB,14414
funniness,VERB,14414
funny,ADJ,14414
funny's,VERB,14414
fur,VERB,14415
fur's,VERB,14415
furious,ADJ,29531
furiously,VERB,29531
furnace,VERB,17273
furnace's,VERB,17273
furnaces,VERB,17273
furniture,VERB,14416
furniture's,VERB,14416
furred_animal,VERB,26054
furs,VERB,14415
fuse,VERB,25313
fused,VERB,25313
fuselage,VERB,25314
fuselage's,VERB,25314
fuselages,VERB,25314
fuses,VERB,25313
fusing,VERB,25313
future,VERB,14417
future's,VERB,25568
future_,VERB,25568
future_tense,VERB,27057
futures,VERB,25568
g,NOUN,8527
g_,NOUN,8527
gable,VERB,8527
gadflies,VERB,15660
gadfly,VERB,15660
gadfly's,VERB,15660
gag,VERB,13177
gag's,VERB,13177
gag-,PRON,13177
gage,VERB,23092
gage's,VERB,23092
gags,VERB,13177
gain,VERB,12339
gain-,PRON,12338
gained,VERB,12339
gaining,VERB,12339
gains,VERB,12339
galaxies,VERB,24451
galaxy,VERB,24451
galaxy's,VERB,24451
gale,VERB,17271
gales,VERB,17271
galleries,VERB,12582
gallery,VERB,12582
gallery's,VERB,12582
galley,VERB,24658
galley's,VERB,24658
galley_,VERB,24658
galleys,VERB,24658
gallop,VERB,24901
gallop's,VERB,24901
gallop-,PRON,24129
galloped,VERB,24901
galloping,VERB,24901
gallops,VERB,24901
gamble,VERB,24452
gamble's,VERB,24453
gamble-,PRON,24453
gambled,VERB,24453
gambler,PREP,24454
gambler's,VERB,24454
gamblers,VERB,24453
gambles,VERB,24453
gambling,VERB,24453
game,VERB,14418
game's,VERB,23618
game_,VERB,23618
game_box,VERB,24659
game_of_chance,VERB,24477
game_rule,VERB,25883
gamed,VERB,23618
gamely,VERB,23618
gameness,VERB,23618
gamer,VERB,23618
games,VERB,23618
gamest,VERB,23618
gaming,VERB,23618
ganesh,PREP,14419
gap,VERB,24630
gap's,VERB,24630
gape,VERB,25916
gape's,VERB,25919
gape-,PRON,25919
gaped,VERB,24630
gapes,VERB,25919
gaping,VERB,24630
gaps,VERB,24630
garage,VERB,14420
garage's,VERB,14420
garaged,VERB,14420
garages,VERB,14420
garaging,VERB,14420
garbage,VERB,18043
garbage's,VERB,18043
garbage_can,VERB,14421
garbage_man,PREP,29217
garbage_sorting,VERB,26264
garbage_station_worker,PREP,29216
garden,VERB,14422
garden's,VERB,14422
garden_cart,VERB,23416
garden_centre,VERB,23091
garden_shredder,VERB,29107
gardened,VERB,14422
gardener,PREP,23519
gardener's,VERB,23519
gardeners,VERB,14422
gardening,VERB,14422
gardens,VERB,14422
gargle,VERB,29532
gargle's,VERB,29532
gargle-,ADJ,29532
gargled,VERB,29532
gargles,VERB,29532
gargling,VERB,29532
garlic,VERB,14423
garlic's,VERB,14423
garment,VERB,13366
garment's,VERB,13366
garments,VERB,13366
gas,VERB,14424
gas_,VERB,25067
gas_cylinder,VERB,25315
gas_planet,VERB,24455
gas_station,VERB,29642
gases,VERB,25067
gasoline,VERB,14425
gasoline's,VERB,14425
gastrointestinal_system,VERB,25451
gate,VERB,25870
gate's,VERB,25870
gated,VERB,25870
gates,VERB,25870
gather,PRON,14426
gather's,VERB,14426
gathered,VERB,14426
gatherer,VERB,14426
gatherers,VERB,14426
gathering,VERB,14427
gathering's,VERB,14427
gathering_of_scouts,VERB,25316
gatherings,VERB,14426
gathers,VERB,14426
gating,VERB,25870
gauge,VERB,23092
gauge's,VERB,23092
gauged,VERB,23092
gauges,VERB,23092
gauging,VERB,23092
gavel,VERB,14666
gavel's,VERB,14666
gavels,VERB,14666
gay,ADJ,24814
gay's,VERB,24814
gayer,VERB,24814
gayest,VERB,24814
gayness,VERB,24814
gays,VERB,24814
gear,VERB,25875
gear's,VERB,25875
gear_up,PRON,16244
geared,VERB,25875
gearing,VERB,25875
gears,VERB,25875
gelding,VERB,24130
gelding's,VERB,24130
gem,VERB,14971
gem's,VERB,14971
gemini,VERB,22655
gemini's,VERB,22655
gemini_,VERB,22655
geminis,VERB,22655
gems,VERB,14971
gemstone,VERB,14971
gemstone's,VERB,14971
gemstones,VERB,14971
gen,VERB,8527
gender,VERB,14428
gender's,VERB,14428
gendered,VERB,14428
genders,VERB,14428
gene,VERB,26174
gene's,VERB,26174
general,ADJ,24131
general's,VERB,24131
general_practitioner,PREP,21581
generalization,VERB,14430
generalization's,VERB,14430
generalizations,VERB,14430
generally,VERB,24131
generals,VERB,24131
genes,VERB,26174
genetics,VERB,26175
genetics's,VERB,26175
genitals,VERB,14431
genitals's,VERB,14431
genocide,VERB,21612
genocide's,VERB,21612
genocides,VERB,21612
gens,VERB,8527
geographer,PREP,24902
geographer's,VERB,24902
geographers,VERB,24902
geographies,VERB,23094
geography,VERB,23093
geography's,VERB,23094
geography_,VERB,23094
geologies,VERB,23095
geologist,PREP,21567
geologist's,VERB,21567
geologists,VERB,21567
geology,VERB,21550
geology's,VERB,23095
geology_,VERB,23095
geothermal_energy,VERB,25069
gerbil,VERB,14434
gerbil's,VERB,14434
gerbils,VERB,14434
german,VERB,25415
german's,VERB,25415
german_,VERB,25415
germans,VERB,25415
germany,VERB,25414
germany's,VERB,25414
germinate,VERB,25946
germinate-,PRON,25946
germinated,VERB,25946
germinates,VERB,25946
germinating,VERB,25946
germination,VERB,27058
germination's,VERB,27058
get,PRON,14435
get_engaged,VERB,25718
get_engaged-,PRON,25718
gets,VERB,14435
getting,VERB,24727
geyser,VERB,24830
geyser's,VERB,24830
geysers,VERB,24830
ghost,PREP,23520
ghost's,VERB,23520
ghost_,PREP,14436
ghosted,VERB,23520
ghosting,VERB,23520
ghostly,VERB,23520
ghosts,VERB,23520
giant,PREP,23521
giant's,VERB,23522
giant_,PREP,23522
giants,VERB,23522
gift,VERB,14437
gift's,VERB,14437
gift_shop,VERB,23096
gifted,VERB,14437
gifting,VERB,14437
gifts,VERB,14437
gigantic,ADJ,21354
gill,VERB,26176
gill's,VERB,26176
gills,VERB,26176
ginger,VERB,22318
ginger's,VERB,22319
ginger_,VERB,22319
ginger_sauce,VERB,22320
gingered,VERB,22319
gingering,VERB,22319
gingerly,VERB,22319
gingers,VERB,22319
giraffe,VERB,14438
giraffe's,VERB,14438
giraffes,VERB,14438
girl,PREP,14439
girl's,VERB,14439
girlfriend,PREP,25719
girlfriend's,VERB,25719
girlfriends,VERB,25719
girls,VERB,14439
girth,VERB,24132
girth's,VERB,24132
give,PRON,14440
give_a_reason,VERB,14130
give_a_reason-,PRON,14130
give_artificial_respiration,PRON,12585
give_birth,VERB,25884
give_birth-,PRON,25884
give_me_time,NOUN,24664
give_off_odour,VERB,17019
give_off_odour-,PRON,17019
giver,VERB,14440
givers,VERB,14440
gives,VERB,14440
giving,VERB,24903
giving_birth,VERB,12842
givings,VERB,14440
glacier,VERB,24133
glacier's,VERB,24133
glaciers,VERB,24133
glad,ADJ,14676
glad's,VERB,14676
gladly,ADJ,14676
gladness,VERB,14676
glads,VERB,14676
glair,VERB,26302
gland,VERB,25452
gland's,VERB,25452
glands,VERB,25452
glass,VERB,14442
glass's,VERB,14442
glass_craft,VERB,24134
glass_jar,VERB,22589
glass_material,VERB,14441
glassed,VERB,14442
glasses,VERB,14443
glasshouse,VERB,14643
glasshouses,VERB,14643
glassing,VERB,14442
glassware,VERB,14444
glassware's,VERB,14444
glider,VERB,22103
glider's,VERB,22103
glitter,VERB,25453
glitter's,VERB,25453
glittered,VERB,25453
glittering,VERB,25453
glitters,VERB,25453
global,ADJ,29039
global_warming,VERB,28028
globally,VERB,29039
globe,VERB,13900
globe's,VERB,25885
globe_,VERB,25885
globes,VERB,25885
glossier,VERB,22388
glossies,VERB,22388
glossiest,VERB,22388
glossiness,VERB,22388
glossy,ADJ,22388
glossy's,VERB,22388
glove,VERB,14445
glove's,VERB,14445
gloved,VERB,14445
gloves,VERB,14445
gloving,VERB,14445
glow,VERB,24135
glow's,VERB,24136
glow-,PRON,24136
glowed,VERB,24136
glower,VERB,24136
glowers,VERB,24136
glowing,VERB,24136
glows,VERB,24136
glue,VERB,14447
glue's,VERB,14447
glue_stick,VERB,29040
glue_tube,VERB,29040
glued,PRON,29533
glues,VERB,14447
gluey,PRON,29561
gluing,VERB,14447
gluten,VERB,29206
gluten's,VERB,29206
gluten-free,ADJ,27059
gnawer,VERB,12386
gnawing_animal,VERB,12386
gnome,PREP,23481
gnome's,VERB,23481
gnomes,VERB,23481
go,PRON,14449
go's,VERB,14449
go-,PRON,12343
go-kart,VERB,21822
go-karting,VERB,21831
go_ashore,VERB,23523
go_ashore-,PRON,23523
go_by_airplane,PRON,21834
go_by_car,VERB,21833
go_by_car-,PRON,21833
go_by_horse,VERB,21835
go_by_horse-,PRON,21835
go_down,VERB,13660
go_down-,PRON,13660
go_fast,VERB,25954
go_fast-,PRON,25954
go_through,VERB,15992
go_through-,PRON,15992
go_to_sea,VERB,23524
go_to_sea-,PRON,23524
go_up,VERB,16676
go_up-,PRON,16676
go_without_food,VERB,21322
goal,VERB,14450
goal's,VERB,28032
goal_,VERB,28032
goal_keeper,PREP,28030
goal_net,VERB,28031
goalpost,VERB,28029
goalpost's,VERB,28029
goalposts,VERB,28029
goals,VERB,28032
goat,VERB,23097
goat's,VERB,23097
goats,VERB,23097
goblet,VERB,21363
goblet's,VERB,21363
goblets,VERB,21363
goblin,PREP,23525
goblin's,VERB,23525
goblins,VERB,23525
god,PREP,14451
god's,VERB,14451
god_the_father,PREP,23098
god_the_son,PREP,23099
gods,VERB,14451
goer,VERB,14449
goers,VERB,14449
going,VERB,14449
goings,VERB,14449
gold,VERB,23100
gold's,VERB,23100
golden,VERB,23100
goldfish,VERB,14452
goldfish's,VERB,14452
goldfishes,VERB,14452
golds,VERB,23100
goldsmith,PREP,24456
goldsmith's,VERB,24456
golf,VERB,14453
golf's,VERB,14453
golf_,VERB,14453
golfed,VERB,14453
golfer,VERB,14453
golfers,VERB,14453
golfing,VERB,14453
golfs,VERB,14453
gong,VERB,23878
gong's,VERB,23878
gonged,VERB,23878
gonging,VERB,23878
gongs,VERB,23878
good,ADJ,13416
good's,VERB,13416
good-looking,ADJ,12645
good_conscience,VERB,25569
good_day,VERB,24457
good_day_,NOUN,24457
good_evening,VERB,24459
good_evening_,NOUN,24459
good_friday,VERB,14455
good_morning,VERB,24461
good_morning_,NOUN,24461
good_night,VERB,24463
good_night_,NOUN,24463
goodbye,OTHER,14454
goodbye's,VERB,14454
goodbyes,VERB,14454
goodly,VERB,13416
goodness,VERB,14456
goodness's,VERB,14456
goods,VERB,14457
goods's,VERB,14457
goose,VERB,14458
goose's,VERB,14458
goose_,VERB,14458
goosed,VERB,14458
gooses,VERB,14458
goosing,VERB,14458
gopher,VERB,14460
gopher's,VERB,14460
gophers,VERB,14460
gorilla,VERB,15485
gorilla's,VERB,15485
gorillas,VERB,15485
gospel,VERB,21076
gospel's,VERB,21076
gospel_song,VERB,21074
gospels,VERB,21076
goth,VERB,14449
govern,PRON,14461
governable,VERB,14461
governed,VERB,14461
governing,VERB,14461
government,VERB,24812
government's,VERB,24812
government_,VERB,14462
governments,VERB,24812
governs,VERB,14461
gps,VERB,24660
gps_,VERB,24661
grab,VERB,13131
grab's,VERB,13131
grab-,PRON,13131
grabber,VERB,22567
grabber's,VERB,22567
grabbers,VERB,22567
grabs,VERB,13131
grace,VERB,21040
grace's,VERB,21040
grace_of_god,VERB,21040
graced,VERB,21040
graces,VERB,21040
gracing,VERB,21040
grain,VERB,14625
grain's,VERB,14625
grained,VERB,14625
grains,VERB,14625
grammar,VERB,27060
grammar's,VERB,27060
grammar_,VERB,27060
grammars,VERB,27060
grandchild,PREP,25720
grandchild's,VERB,25720
granddad,PREP,14626
granddad's,VERB,14626
granddads,VERB,14626
grandfather,PREP,14626
grandfather's,VERB,14627
grandfather_,PREP,14627
grandfathered,VERB,14627
grandfathering,VERB,14627
grandfatherly,VERB,14627
grandfathers,VERB,14627
grandma,PREP,14629
grandma's,VERB,14629
grandmas,VERB,14629
grandmother,PREP,14629
grandmother's,VERB,14630
grandmother_,PREP,14630
grandmotherly,VERB,14630
grandmothers,VERB,14630
grandpa,PREP,14626
grandpa's,VERB,14626
grandparent,PREP,14632
grandparent's,VERB,14632
grandparents,VERB,14632
grandpas,VERB,14626
grannies,VERB,14629
granny,PREP,14629
granny's,VERB,14629
grape,VERB,14635
grape's,VERB,14635
grape_juice,VERB,14633
grapefruit,VERB,14634
grapefruit's,VERB,14634
grapefruits,VERB,14634
grapes,VERB,14635
grapheme,VERB,27061
grass,VERB,14636
grass's,VERB,14636
grass_snake,VERB,25942
grass_snake_,VERB,25942
grassed,VERB,14636
grasses,VERB,14636
grasshopper,VERB,14637
grasshopper's,VERB,14637
grasshoppers,VERB,14637
grassing,VERB,14636
grater,VERB,22562
grater's,VERB,22562
gratis,ADJ,25882
grave,VERB,14638
grave's,VERB,14638
grave_field,VERB,25886
grave_mound,VERB,25846
graved,VERB,14638
gravely,VERB,14638
graveness,VERB,14638
graver,VERB,14638
graves,VERB,14638
gravest,VERB,14638
gravies,VERB,16723
graving,VERB,14638
gravitation,VERB,25070
gravitation's,VERB,25070
gravity,VERB,25070
gravity's,VERB,25070
gravy,VERB,16723
gravy's,VERB,16723
gray,NOUN,14639
gray's,VERB,14639
grayed,VERB,14639
grayer,VERB,14639
grayest,VERB,14639
graying,VERB,14639
grayness,VERB,14639
grays,VERB,14639
graze,VERB,25721
graze's,VERB,25721
graze-,PRON,25721
grazed,VERB,25721
grazer,VERB,25721
grazers,VERB,25721
grazes,VERB,25721
grazing,VERB,25721
great,OTHER,18282
great's,VERB,18282
great_experience,VERB,14640
greater,VERB,18282
greater_than,VERB,16480
greater_than_,NOUN,16480
greatest,VERB,18282
greatly,VERB,18282
greatness,VERB,18282
greats,VERB,18282
greece,VERB,25071
greece's,VERB,25071
green,VERB,14641
green's,VERB,14641
green_,NOUN,14641
green_bean,VERB,17442
green_onion,VERB,14644
greened,VERB,14641
greener,VERB,14641
greenest,VERB,14641
greengrocer,VERB,23101
greengrocer's,VERB,23101
greengrocers,VERB,23101
greenhouse,VERB,14643
greenhouse's,VERB,14643
greenhouses,VERB,14643
greening,VERB,14641
greenly,VERB,14641
greenness,VERB,14641
greens,VERB,14641
greeting,VERB,16936
greeting's,VERB,16936
greetings,OTHER,14702
grey,NOUN,14639
grey's,VERB,14639
grid,VERB,24904
grid's,VERB,24904
grids,VERB,24904
grief,VERB,26106
grief's,VERB,26106
griefs,VERB,26106
grill,VERB,12906
grill's,VERB,12906
grill-,PRON,12906
grilled,VERB,12906
grilling,VERB,12906
grillings,VERB,12906
grills,VERB,12906
grin,VERB,17021
grin's,VERB,17021
grin-,PRON,17021
grind,PRON,17016
grind's,VERB,17016
grinder,VERB,22562
grinder's,VERB,22562
grinders,VERB,17016
grinding,VERB,17016
grindings,VERB,17016
grinds,VERB,17016
grins,VERB,17021
gripper,VERB,13098
gripper's,VERB,13098
grocery_store,VERB,14645
groin,VERB,27062
groin's,VERB,27062
groins,VERB,27062
groom,VERB,24138
groom's,VERB,24138
groom-to-be,PREP,25296
groom_,PREP,24137
groom_-,PRON,24138
groomed,VERB,24138
groomer,VERB,24138
groomers,VERB,24138
grooming,VERB,24138
grooms,VERB,24138
ground,VERB,13901
ground's,VERB,13901
ground_forces,VERB,24967
ground_hog,VERB,14460
ground_meat,VERB,23591
grounded,VERB,13901
grounder,VERB,13901
grounders,VERB,13901
grounding,VERB,13901
groundings,VERB,13901
grounds,VERB,13901
group,VERB,14646
group's,VERB,14646
group_,PREP,14646
group_home,VERB,16492
group_of,VERB,14647
grouped,VERB,14646
grouper,VERB,14646
groupers,VERB,14646
grouping,VERB,14646
groupings,VERB,14646
groups,VERB,14646
grove,VERB,14648
grove's,VERB,14648
groves,VERB,14648
grow,PRON,16459
grow-,PRON,14649
growing,VERB,24905
growl,PRON,29413
growl's,VERB,29413
growl_-,PRON,24139
growled,VERB,29413
growler,VERB,29413
growlers,VERB,29413
growling,VERB,29413
growls,VERB,29413
grownup,PREP,12341
grownup's,VERB,12341
grownups,VERB,12341
grows,VERB,16459
growth,VERB,24905
growth's,VERB,24905
grumble,VERB,29417
grumble's,VERB,29417
grumble-,PRON,29417
grumbled,VERB,29417
grumbler,VERB,29417
grumblers,VERB,29417
grumbles,VERB,29417
grumbling,VERB,29417
grumblings,VERB,29417
grunt,VERB,24140
grunt's,VERB,24140
grunt_-,PRON,24140
grunted,VERB,24140
grunting,VERB,24140
grunts,VERB,24140
gs,VERB,8527
guarantee,VERB,28019
guarantee's,VERB,28019
guarantee-,PRON,28019
guaranteed,VERB,28019
guarantees,VERB,28019
guard,PREP,25167
guard's,VERB,25167
guard_duty,VERB,14650
guarded,VERB,25167
guarder,VERB,25167
guarders,VERB,25167
guarding,VERB,25167
guards,VERB,25167
guess,PRON,14651
guess's,VERB,14651
guessable,VERB,14651
guessed,VERB,14651
guesser,VERB,14651
guessers,VERB,14651
guesses,VERB,14651
guessing,VERB,14651
guest,PREP,18018
guest's,VERB,18018
guest_room,VERB,24465
guested,VERB,18018
guesting,VERB,18018
guests,VERB,18018
guidance,VERB,22913
guidance's,VERB,22913
guide,PREP,29226
guide's,VERB,29226
guide-,PRON,15181
guide_,PREP,15182
guided,VERB,29226
guider,VERB,29226
guiders,VERB,29226
guides,VERB,29226
guiding,VERB,29226
guillotine,VERB,29254
guillotine's,VERB,29254
guillotine_,VERB,29254
guillotined,VERB,29254
guillotines,VERB,29254
guillotining,VERB,29254
guilt,VERB,14652
guilt's,VERB,14652
guiltier,VERB,14653
guiltiest,VERB,14653
guiltiness,VERB,14653
guilty,ADJ,14653
guinea_pig,VERB,14434
guitar,VERB,23879
guitar's,VERB,23879
guitars,VERB,23879
gull,VERB,14654
gull's,VERB,14654
gulled,VERB,14654
gullet,VERB,25479
gullet's,VERB,25479
gullets,VERB,25479
gulling,VERB,14654
gulls,VERB,14654
gun,VERB,13120
gun's,VERB,13120
guns,VERB,13120
guppies,VERB,14452
guppy,VERB,14452
guppy's,VERB,14452
gustation,VERB,25952
gut,VERB,25460
gut's,VERB,25460
guts,VERB,25460
gutter,VERB,23103
gutter's,VERB,23103
guttered,VERB,23103
guttering,VERB,23103
gutters,VERB,23103
gym,VERB,14656
gym's,VERB,14656
gym_mat,VERB,26006
gym_mat_,VERB,14657
gymnasium,VERB,26005
gymnasium's,VERB,26005
gymnasium_,VERB,14656
gymnasiums,VERB,26005
gymnastics,VERB,21798
gymnastics's,VERB,21798
gyms,VERB,14656
gynaecologist,PREP,21580
gynecologist,PREP,21580
gynecologist's,VERB,21580
gynecologists,VERB,21580
h,NOUN,8528
h_,NOUN,8528
habit,VERB,25072
habitable,VERB,25072
habitation,VERB,25887
habitation's,VERB,25887
habitations,VERB,25887
habits,VERB,25072
habitually_do,VERB,25208
habitually_do-,VERB,25208
haematoma,VERB,24419
haggadah,VERB,14658
hail,VERB,14659
hail's,VERB,29265
hail-,PRON,29265
hailed,VERB,29265
hailing,VERB,29265
hails,VERB,29265
hair,VERB,14660
hair's,VERB,14660
hair_,VERB,14415
hair_accessory,VERB,26307
hair_drier,VERB,24141
hair_pin,VERB,26308
hair_product,ADJ,29534
hair_spray,VERB,23880
hair_tie,VERB,26309
hairdresser,PREP,12628
hairdresser's,VERB,12628
hairdressers,VERB,12628
haired,VERB,14660
hairs,VERB,14660
halal_food,VERB,29212
half,NOUN,24906
half's,VERB,24906
half-slip,VERB,17012
half_an_hour,VERB,23104
half_circle,VERB,29080
half_circle_,VERB,29080
hall,VERB,23047
hall's,VERB,23047
halloween,VERB,26007
halloween's,VERB,26007
halloween_,VERB,14662
halloweens,VERB,26007
halls,VERB,23047
halva,VERB,14663
halvah,VERB,14663
halwa,VERB,14663
ham,VERB,16223
ham's,VERB,16223
hamburger,VERB,20770
hamburger's,VERB,20770
hamburger_,VERB,14664
hamentasch,VERB,14665
hammer,VERB,14666
hammer's,VERB,14666
hammer_throw,VERB,21848
hammered,VERB,14666
hammerer,VERB,14666
hammerers,VERB,14666
hammering,VERB,14666
hammerings,VERB,14666
hammers,VERB,14666
hammock,VERB,24662
hammock's,VERB,24662
hammocks,VERB,24662
hams,VERB,16223
hamster,VERB,14434
hamster's,VERB,14434
hamsters,VERB,14434
hand,VERB,14667
hand_drum,VERB,23816
hand_sanitizer,VERB,29403
hand_splint,VERB,24142
handbag,VERB,14668
handbag's,VERB,14668
handbags,VERB,14668
handball,VERB,14669
handball's,VERB,14669
handball_,VERB,14669
handball_court,VERB,28034
handball_game,VERB,28035
handball_player,PREP,28036
handballs,VERB,14669
handcraft,PRON,25722
handcraft's,VERB,29337
handcraft_,VERB,29337
handcrafted,VERB,29337
handcrafting,VERB,29337
handcrafts,VERB,29337
handcycle,VERB,21814
handed,VERB,14667
handgun,VERB,14670
handgun's,VERB,14670
handguns,VERB,14670
handicap,VERB,13684
handicap's,VERB,13684
handicapped,VERB,25994
handicapped_,ADJ,25994
handicapped__,ADJ,15457
handicaps,VERB,13684
handicraft,VERB,14672
handicraft's,VERB,25723
handicraft_,VERB,25723
handicraft_shop,VERB,23106
handicrafts,VERB,25723
handing,VERB,14667
handkerchief,VERB,14671
handkerchief's,VERB,14671
handkerchiefs,VERB,14671
handle,VERB,17487
handle's,VERB,17487
handled,VERB,17487
handler,VERB,17487
handlers,VERB,17487
handles,VERB,17487
handling,VERB,17487
handmade_figure,VERB,25723
handmade_object,VERB,14672
hands,VERB,14667
handsome,ADJ,12645
handsomely,VERB,12645
handsomeness,VERB,12645
handsomer,VERB,12645
handsomest,VERB,12645
handwarm,ADJ,27086
handwriting,VERB,23107
handwriting's,VERB,23107
hang,PRON,14673
hang's,VERB,14673
hang_gliding,VERB,22114
hangar,VERB,25317
hangar's,VERB,25317
hangars,VERB,25317
hanged,VERB,14673
hanger,VERB,14891
hanger's,VERB,14891
hangers,VERB,14673
hanging,VERB,14673
hangings,VERB,14673
hangs,VERB,14673
hanukkah,VERB,13153
hanukkah's,VERB,13153
happen,PRON,14674
happened,VERB,14674
happening,VERB,14114
happening's,VERB,14114
happenings,VERB,14674
happens,VERB,14674
happier,VERB,14676
happiest,VERB,14676
happily,ADJ,14676
happiness,VERB,14675
happiness's,VERB,14675
happy,ADJ,14676
harassment,VERB,14677
harassment's,VERB,14677
harbour,VERB,14678
hard,ADJ,13676
hard_,ADJ,14679
hard_cheese,VERB,22358
hard_rock,VERB,24663
harden,VERB,14679
hardening,VERB,25565
hardens,VERB,14679
harder,VERB,14679
hardest,VERB,14679
hardly,VERB,14679
hardness,VERB,14679
hardship,VERB,25545
hardship's,VERB,25545
hardships,VERB,25545
hardware_store,VERB,29041
hardware_store_,VERB,29041
hare,VERB,16448
hare's,VERB,16448
hared,VERB,16448
hares,VERB,16448
haring,VERB,16448
harmonious,ADJ,24808
harmoniously,VERB,24808
harmoniousness,VERB,14680
harmoniousness's,VERB,14680
harmony,VERB,14680
harmony's,VERB,14680
harness,VERB,24143
harness-,PRON,24144
harness_,VERB,24145
harness_-,PRON,24146
harnessed,VERB,24146
harnesses,VERB,24146
harnessing,VERB,24146
harp,VERB,23881
harp's,VERB,23881
harped,VERB,23881
harping,VERB,23881
harps,VERB,23881
harpsichord,VERB,23882
harpsichord's,VERB,23882
harpsichords,VERB,23882
harvest,VERB,14681
harvest's,VERB,29601
harvest-,PRON,29535
harvest_,PRON,29601
harvested,VERB,29601
harvester,VERB,29601
harvesters,VERB,29601
harvesting,VERB,29601
harvests,VERB,29601
hat,VERB,14682
hat's,VERB,14682
hate,VERB,24908
hate's,VERB,24908
hate-,PRON,23883
hate-_,PRON,14683
hated,VERB,14682
hater,VERB,14682
haters,VERB,14682
hates,VERB,24908
hating,VERB,14682
hatred,VERB,24908
hatred's,VERB,24908
hatreds,VERB,24908
hats,VERB,14682
hattifatteners,PREP,25073
havdalah,VERB,14684
have,VERB,14685
have's,VERB,14685
have-,PRON,14685
have_a_coffee_break,VERB,25454
have_a_coffee_break-,PRON,25454
have_a_tea_break,PRON,25454
have_a_view,PRON,25269
have_an_opinion,VERB,25269
have_an_opinion-,PRON,25269
have_impact_on,VERB,24466
have_impact_on-,PRON,24466
have_to,PRON,15685
haves,VERB,14685
having,VERB,14685
hawk,VERB,14686
hawk's,VERB,14686
hawked,VERB,14686
hawker,VERB,14686
hawkers,VERB,14686
hawking,VERB,14686
hawks,VERB,14686
hawser,VERB,25933
hawser's,VERB,25933
hawsers,VERB,25933
hay,VERB,24147
hay's,VERB,24147
hayed,VERB,24147
haying,VERB,24147
hays,VERB,24147
he,PREP,14687
he's,VERB,14687
head,VERB,14689
head's,VERB,14689
head_lamp,VERB,25888
head_louse,VERB,25318
head_support,VERB,28037
head_with_hair,VERB,26056
headed,VERB,14689
header,VERB,14689
headers,VERB,14689
heading,VERB,14689
headings,VERB,14689
headmouse,VERB,23526
headphones,VERB,13899
heads,VERB,14689
headscarf,VERB,21613
headset,VERB,25319
headset's,VERB,25319
headsets,VERB,25319
headstall,VERB,24038
headstall's,VERB,24038
headstalls,VERB,24038
headteacher,PREP,25772
headteachers,VERB,25772
heal,VERB,24148
heal-,PRON,24148
healed,VERB,24148
healer,VERB,24148
healers,VERB,24148
healing,VERB,24148
heals,VERB,24148
health,VERB,14690
health's,VERB,14690
health_goods_shop,VERB,23108
healthier,VERB,14691
healthiest,VERB,14691
healthiness,VERB,14691
healthy,ADJ,14691
heap_of_sand,VERB,25889
hear,PRON,14692
hearing,VERB,25890
hearing's,VERB,25890
hearing-impaired,ADJ,26009
hearing-impaired_,ADJ,14694
hearing_aid,VERB,14693
hearing_impairment,VERB,26008
hearings,VERB,14692
hears,VERB,14692
heart,VERB,14695
heart's,VERB,29042
heart_,VERB,29042
heart_attack,VERB,27063
heart_disease,VERB,27064
heartburn,VERB,26182
heartburn's,VERB,26182
hearth,VERB,14692
hearts,VERB,29042
heat,VERB,14696
heat-,PRON,14697
heated,VERB,14697
heater,VERB,17273
heater's,VERB,17273
heaters,VERB,17273
heating,VERB,14697
heats,VERB,14697
heaven,VERB,24149
heaven's,VERB,24149
heavenly,VERB,24149
heavens,VERB,24149
heavier,VERB,14698
heavies,VERB,14698
heaviest,VERB,14698
heaviness,VERB,14698
heavy,ADJ,14698
heavy's,VERB,14698
hebrew,VERB,23109
hebrew's,VERB,23109
hebrew_,VERB,23109
hebrews,VERB,23109
hedge,VERB,29621
hedge's,VERB,29621
hedged,VERB,29621
hedgehog,VERB,23527
hedgehog's,VERB,23527
hedgehog_,VERB,14699
hedgehogs,VERB,23527
hedger,VERB,29621
hedgers,VERB,29621
hedges,VERB,29621
hedging,VERB,29621
heel,VERB,14700
heel's,VERB,25455
heel_,VERB,25455
heeled,VERB,25455
heeling,VERB,25455
heels,VERB,25455
height,VERB,24909
height's,VERB,24909
heighten,VERB,24909
heightens,VERB,24909
heights,VERB,24909
helicopter,VERB,14701
helicopter's,VERB,14701
helicoptered,VERB,14701
helicoptering,VERB,14701
helicopters,VERB,14701
hell,VERB,21062
hell's,VERB,21062
hello,OTHER,14702
hello's,VERB,14702
hellos,VERB,14702
helmet,VERB,21615
helmet's,VERB,21615
helmet_,VERB,14703
helmeted,VERB,21615
helmets,VERB,21615
help,VERB,14704
help's,VERB,14704
helped,VERB,14704
helper,PREP,14706
helper's,VERB,14706
helpers,VERB,14704
helpful,ADJ,27065
helpfully,VERB,27065
helping,VERB,14704
helpings,VERB,14704
helps,VERB,14704
hemulen,PREP,25074
hen,VERB,25727
hen's,VERB,25727
henhouse,VERB,25728
hens,VERB,8528
heptagon,VERB,29043
heptagon's,VERB,29043
heptagons,VERB,29043
her,PREP,14688
herb,VERB,23111
herb's,VERB,23111
herb_flavouring,VERB,22322
herb_flavouring_,VERB,22321
herb_sauce,VERB,22323
herbivore,VERB,26177
herbivore's,VERB,26177
herbivores,VERB,26177
herbs,VERB,23111
here,NOUN,14708
here's,VERB,14708
hero,VERB,23528
hero's,VERB,23528
heroic,ADJ,23529
heroics,VERB,23529
herring,VERB,23530
herring's,VERB,23530
herrings,VERB,23530
hers,PREP,14707
herself,PREP,16949
hes,VERB,8528
heterosexual,ADJ,24910
heterosexual's,VERB,24910
heterosexuality,VERB,14709
heterosexuality's,VERB,14709
heterosexually,VERB,24910
heterosexuals,VERB,24910
hexagon,VERB,29044
hexagon's,VERB,29044
hexagons,VERB,29044
hibernation,VERB,24150
hibernation's,VERB,24150
hiccup,VERB,25075
hiccup's,VERB,25075
hiccup_,VERB,25075
hiccuped,VERB,25075
hiccuping,VERB,25075
hiccups,VERB,25075
hidden,ADJ,25856
hidden_thing,VERB,25570
hidden_treasure,VERB,25201
hide,VERB,12387
hide's,VERB,12387
hide_and_seek,VERB,25078
hided,VERB,12387
hider,VERB,12387
hiders,VERB,12387
hides,VERB,12387
hiding,VERB,12387
hiding_place,VERB,25079
hidings,VERB,12387
hierarchies,VERB,26178
hierarchy,VERB,26178
hierarchy's,VERB,26178
high,ADJ,14711
high's,VERB,14711
high_chair,VERB,29634
high_chair_,VERB,29634
high_heeled_shoes,VERB,25456
high_heels,VERB,25456
high_jump,VERB,21843
high_pitch,VERB,29412
high_tide,VERB,22628
high_water,VERB,22630
higher,VERB,14711
highers,VERB,14711
highest,VERB,14711
highlighter,VERB,29045
highlighter's,VERB,29045
highly,VERB,14711
highness,VERB,14711
hijack,VERB,25034
hijack's,VERB,25034
hijacked,VERB,25034
hijacker,PREP,25082
hijacker's,VERB,25082
hijackers,VERB,25034
hijacking,VERB,25034
hijackings,VERB,25034
hijacks,VERB,25034
hike,VERB,25320
hike's,VERB,25320
hike-,PRON,25320
hiked,VERB,25320
hiker,VERB,25320
hikers,VERB,25320
hikes,VERB,25320
hiking,VERB,25321
hiking's,VERB,25321
hill,VERB,14712
hill's,VERB,14712
hill_walking,VERB,29312
hills,VERB,14712
him,PREP,14687
hims,VERB,14687
himself,PREP,14687
hing,VERB,8528
hings,VERB,8528
hip,VERB,14713
hip's,VERB,14713
hipness,VERB,14713
hippopotamus,VERB,14714
hippopotamus's,VERB,14714
hippopotamuses,VERB,14714
hips,VERB,14713
hire,PRON,24733
hired,VERB,24733
hires,VERB,24733
hiring,VERB,24733
his,PREP,14715
hiss,VERB,24151
hiss's,VERB,24151
hiss_-,PRON,24151
hissed,VERB,24151
hisses,VERB,24151
hissing,VERB,24151
historian,PREP,21569
historian's,VERB,21569
historians,VERB,21569
historic_story,VERB,25947
histories,VERB,23112
history,VERB,21553
history's,VERB,23112
history_,VERB,23112
history_teacher,PREP,23113
hit,VERB,14717
hit's,VERB,14717
hit-,PRON,14717
hitch,PRON,24152
hitched,VERB,24152
hitches,VERB,24152
hitching,VERB,24152
hitching_bar,VERB,24911
hitchrack,VERB,24911
hits,VERB,14717
hive,VERB,8528
hoar_frost,VERB,29268
hobbies,VERB,14718
hobbit,PREP,23531
hobbits,VERB,23531
hobby,VERB,14718
hobby's,VERB,14718
hockey,VERB,14174
hockey's,VERB,14174
hockey_,VERB,14174
hockey_helmet,VERB,21617
hockey_stick,VERB,25619
hoist,VERB,14881
hoist's,VERB,14881
hoisted,VERB,14881
hoisting,VERB,14881
hoists,VERB,14881
hold,PRON,14882
hold's,VERB,23532
hold_-,PRON,23532
hold_one's_mouth_open,PRON,25919
holder,VERB,13403
holder's,VERB,13403
holders,VERB,23532
holding,VERB,24912
holding's,VERB,24912
holdings,VERB,23532
holds,VERB,23532
hole,VERB,14883
hole's,VERB,14883
hole_punch,VERB,29401
holed,VERB,14883
holes,VERB,14883
holiday,VERB,14884
holiday's,VERB,14884
holidayed,VERB,14884
holidaying,VERB,14884
holidays,VERB,14884
holier,VERB,21041
holiest,VERB,21041
holiness,VERB,21082
holiness's,VERB,21082
holing,VERB,14883
holland,VERB,15708
holland's,VERB,15708
hollander,VERB,15708
hollanders,VERB,15708
hollands,VERB,15708
holocaust,VERB,21612
holocaust's,VERB,21612
holocausts,VERB,21612
holy,ADJ,21041
holy_book,VERB,21068
holy_city,VERB,21088
holy_event,VERB,21101
holy_family,PREP,21089
holy_infant,PREP,21086
holy_spirit,PREP,23114
holy_tray,VERB,21366
holy_trinity,VERB,23115
home,VERB,14885
home's,VERB,14885
home_economics,VERB,25698
home_economics_,VERB,25699
home_run,VERB,14886
home_studying,VERB,23533
home_worker,PREP,25729
homed,VERB,14885
homeland,VERB,28038
homeland's,VERB,28038
homelands,VERB,28038
homely,VERB,14885
homeotherm,VERB,26122
homepage,VERB,23709
homepage's,VERB,23709
homepages,VERB,23709
homer,VERB,14885
homers,VERB,14885
homes,VERB,14885
homeward,ADJ,25891
homewards,VERB,25891
homework,VERB,23533
homework's,VERB,23533
homeworker,VERB,23533
homeworkers,VERB,23533
homeworking,VERB,23533
homing,VERB,14885
homosexual,ADJ,24153
homosexual's,VERB,24813
homosexual_,ADJ,24813
homosexuality,VERB,24154
homosexuality's,VERB,24154
homosexuality_,VERB,14887
homosexuals,VERB,24813
honest,ADJ,26179
honestest,VERB,26179
honestly,ADJ,26179
honesty,VERB,26180
honesty's,VERB,26180
honey,VERB,14889
honey's,VERB,14889
honey_,VERB,14889
honeyed,VERB,14889
honeying,VERB,14889
honeys,VERB,14889
hood,VERB,14682
hood's,VERB,14682
hooded,VERB,14682
hoodie,VERB,28039
hoodie's,VERB,28039
hoodies,VERB,28039
hooding,VERB,14682
hoods,VERB,14682
hoof,VERB,24155
hoof's,VERB,24155
hoof_pick,VERB,24156
hoofed,VERB,24155
hoofer,VERB,24155
hoofers,VERB,24155
hoofing,VERB,24155
hoofs,VERB,24155
hook,VERB,14891
hook-,PRON,14673
hooked,VERB,14891
hooking,VERB,14891
hooks,VERB,14891
hop,VERB,14892
hop's,VERB,14892
hop-,PRON,14892
hope,VERB,23534
hope's,VERB,23534
hope-,PRON,14893
hoped,VERB,14892
hopeful,ADJ,23535
hopeful's,VERB,23535
hopefully,VERB,23535
hopefulness,VERB,23535
hopefuls,VERB,23535
hopes,VERB,23534
hoping,VERB,14892
hops,VERB,14892
horizon,VERB,14894
horizon's,VERB,14894
horizons,VERB,14894
horizontal,ADJ,23116
horizontal's,VERB,23117
horizontal-,VERB,23117
horizontally,VERB,23117
horizontals,VERB,23117
horn,VERB,14895
horn's,VERB,23876
horn_,VERB,23876
horned,VERB,23876
horns,VERB,23876
horse,VERB,14897
horse-drawn_sleigh,VERB,21873
horse_box,VERB,24157
horse_brush,VERB,24158
horse_cloth,VERB,24159
horse_droppings,VERB,24160
horse_neck,VERB,25571
horse_racing,VERB,22094
horse_rider,PREP,22091
horse_rump,VERB,25572
horse_sled,VERB,21873
horse_sled_sport,VERB,21875
horse_trailer,VERB,24161
horseback_riding,VERB,24936
horsebox,VERB,24161
horseboxes,VERB,24161
horsed,VERB,14897
horseflies,VERB,15660
horsefly,VERB,15660
horsefly's,VERB,15660
horsehair,VERB,24162
horsehair's,VERB,24162
horseradish,VERB,14898
horseradish's,VERB,14898
horseradishes,VERB,14898
horses,VERB,14897
horseshoe,VERB,24163
horseshoe's,VERB,24163
horseshoe_nail,VERB,24164
horseshoed,VERB,24163
horseshoes,VERB,24163
horsing,VERB,14897
hose,VERB,16187
hose's,VERB,16187
hosed,VERB,16187
hoses,VERB,16187
hosing,VERB,16187
hospital,VERB,14899
hospital's,VERB,14899
hospitals,VERB,14899
host,VERB,21367
host's,VERB,26241
host_,VERB,26241
hostage,VERB,25084
hostage's,VERB,25084
hostage_,PREP,25084
hostages,VERB,25084
hosted,VERB,26241
hostel,VERB,16492
hostel's,VERB,16492
hosteled,VERB,16492
hosteler,VERB,16492
hostelers,VERB,16492
hosteling,VERB,16492
hostels,VERB,16492
hosting,VERB,26241
hosts,VERB,26241
hot,ADJ,14901
hot_,ADJ,14900
hot_dog,VERB,14902
hot_spring,VERB,22632
hot_tray,VERB,22593
hotdog,VERB,16726
hotel,VERB,14903
hotel's,VERB,14903
hotel_breakfast,VERB,29301
hotels,VERB,14903
hothouse,VERB,14643
hothouse's,VERB,14643
hothouses,VERB,14643
hotly,VERB,14901
hotness,VERB,14901
hots,VERB,14901
hour,VERB,14904
hour's,VERB,14904
hourly,VERB,14904
hours,VERB,14904
house,VERB,14905
house_elf,PREP,23422
house_for_bird,VERB,25660
house_maid,PREP,29237
house_work,VERB,23536
houseboat,VERB,22089
houseboat's,VERB,22089
houseboats,VERB,22089
housecoat,VERB,13879
housecoat's,VERB,13879
housecoats,VERB,13879
housed,VERB,14905
housekeep,PRON,25730
housekeeper,PREP,25731
housekeeper's,VERB,25731
housekeepers,VERB,25731
housekeeping,VERB,23536
housekeeping's,VERB,23536
houses,VERB,14905
housework,VERB,23536
housework's,VERB,25730
housework-,PRON,25730
housing,VERB,14905
hovercraft,VERB,22085
hovercraft's,VERB,22085
hovercrafts,VERB,22085
hoverfly,VERB,12651
how,NOUN,14906
how's,VERB,14907
how-,NOUN,14907
how_many,NOUN,14908
how_much,NOUN,14908
howl,VERB,29419
howl's,VERB,29419
howl_-,PRON,29419
howled,VERB,29419
howler,VERB,29419
howlers,VERB,29419
howling,VERB,29419
howls,VERB,29419
hows,VERB,14907
hug,PRON,14909
hug's,VERB,14909
huge,ADJ,21352
hugely,VERB,21352
hugeness,VERB,21352
huger,VERB,14909
hugest,VERB,14909
hugin_and_munin,VERB,22823
hugs,VERB,14909
hull,VERB,22065
hull's,VERB,22065
hulled,VERB,22065
huller,VERB,22065
hullers,VERB,22065
hulling,VERB,22065
hulls,VERB,22065
hum,PRON,29423
hum's,VERB,29423
hum-,VERB,23884
human,PREP,16161
human's,VERB,16161
human_being,PREP,16161
human_rights,VERB,27066
humaner,VERB,16161
humanest,VERB,16161
humanly,VERB,16161
humanness,VERB,16161
humans,VERB,16161
humble,ADJ,14910
humbled,VERB,14910
humbleness,VERB,14910
humbler,VERB,14910
humblers,VERB,14910
humbles,VERB,14910
humblest,VERB,14910
humbling,VERB,14910
humblings,VERB,14910
humerus,VERB,25457
humerus's,VERB,25457
humid,ADJ,23885
humidity,VERB,23886
humidity's,VERB,23886
humidly,VERB,23885
hummus,VERB,14911
hummus's,VERB,14911
humorous,ADJ,14414
humorously,VERB,14414
humorousness,VERB,14414
hums,VERB,29423
hungary,VERB,24165
hungary's,VERB,24165
hungrier,VERB,14912
hungriest,VERB,14912
hungriness,VERB,14912
hungry,ADJ,14912
hunt,VERB,24965
hunt's,VERB,24965
hunt-,PRON,23537
hunted,VERB,24965
hunter,PREP,25086
hunter's,VERB,25086
hunters,VERB,24965
hunting,VERB,24965
hunting's,VERB,24965
hunts,VERB,24965
hurdles,VERB,21840
hurricane,VERB,23887
hurricane's,VERB,23887
hurricanes,VERB,23887
hurried,ADJ,24168
hurriedly,VERB,24168
hurries,VERB,24168
hurry,VERB,24166
hurry's,VERB,24168
hurry_,ADJ,24168
hurrying,VERB,24168
hurt,PRON,14913
hurt's,VERB,14942
hurt-,PRON,14942
hurting,VERB,14942
hurts,VERB,14942
husband,PREP,14914
husband's,VERB,14914
husbanded,VERB,14914
husbanding,VERB,14914
husbands,VERB,14914
hut,VERB,13102
hut's,VERB,13102
huts,VERB,13102
hydro_energy,VERB,25087
hydropower,VERB,25087
hydrotherapist,PREP,21597
hydrotherapy,VERB,24169
hydrotherapy's,VERB,24169
hyena,VERB,26181
hyena's,VERB,26181
hyenas,VERB,26181
hygiene,VERB,26310
hygiene's,VERB,26311
hygiene_,VERB,26311
hymn,VERB,21074
hymn's,VERB,21074
hymn_book,VERB,21073
hymnal,VERB,21073
hymnal's,VERB,21073
hymnals,VERB,21073
hymned,VERB,21074
hymning,VERB,21074
hymns,VERB,21074
hyperopia,VERB,26192
hyperopic,ADJ,26193
hypersensitivities,VERB,24407
hypersensitivity,VERB,24407
hypersensitivity's,VERB,24407
hypodermic_needle,VERB,15704
hypodermic_needlepoint,VERB,25573
hypothesis,VERB,25574
hypothesis's,VERB,25574
hysterectomies,VERB,14915
hysterectomy,VERB,14915
hysterectomy's,VERB,14915
i,NOUN,8529
i'm_so_sorry,OTHER,17698
i'm_sorry,OTHER,17698
i_,NOUN,8529
i_need_more_time,NOUN,24664
ice,VERB,14919
ice_coated,ADJ,25892
ice_coating,VERB,25893
ice_covered,ADJ,25892
ice_covering,VERB,25893
ice_cream,VERB,22369
ice_cream_,VERB,14920
ice_crust,VERB,25893
ice_field,VERB,24170
ice_hockey,VERB,14922
ice_hockey_,VERB,14922
ice_hockey_rink,VERB,28040
ice_layer,VERB,25732
ice_skates,VERB,14924
ice_skating_rink,VERB,25733
ice_skating_rink_,VERB,25733
iceberg,VERB,24171
iceberg's,VERB,24171
icebergs,VERB,24171
iced,VERB,14919
iceland,VERB,14923
iceland's,VERB,14923
icelander,VERB,14923
icelanders,VERB,14923
icelandic,VERB,25322
icelandic's,VERB,25322
icelandic_,VERB,25322
ices,VERB,14919
icicle,VERB,29264
icicle's,VERB,29264
icicles,VERB,29264
icier,VERB,14925
iciest,VERB,14925
iciness,VERB,14925
icing,VERB,25734
icing's,VERB,25734
icing_sugar,VERB,25771
icings,VERB,25734
icon,VERB,16172
icon's,VERB,16172
icons,VERB,16172
icy,ADJ,14925
idea,VERB,14926
idea's,VERB,14926
ideas,VERB,14926
identity_card,VERB,25088
if,NOUN,14927
if's,VERB,14927
ifs,VERB,14927
ignitable,ADJ,14195
ill,ADJ,16973
ill's,VERB,16973
illegal,ADJ,23118
illegal's,VERB,23118
illegally,VERB,23118
illegals,VERB,23118
illness,VERB,16164
illness's,VERB,16164
illnesses,VERB,16164
ills,VERB,16973
illusion,VERB,24895
illusion's,VERB,24895
illusions,VERB,24895
illustrate,VERB,25323
illustrate-,PRON,25323
illustrated,ADJ,25324
illustrates,VERB,25323
illustrating,ADJ,25324
illustration,VERB,25325
illustration's,VERB,25325
illustrations,VERB,25323
illustrative,VERB,25323
image,VERB,16172
image's,VERB,16172
imaged,VERB,16172
images,VERB,16172
imaginary,ADJ,15411
imaginary_person,PREP,23577
imagination,VERB,24895
imagination's,VERB,24895
imaginations,VERB,24895
imaging,VERB,16172
immodesty,VERB,14125
immodesty's,VERB,14125
immoral,ADJ,14929
immorally,VERB,14929
immortality,VERB,20514
immortality's,VERB,20514
immortality_,VERB,13945
immune,VERB,27067
immune_,ADJ,27067
immunity,VERB,27068
immunity's,VERB,27068
immunity_,VERB,27068
impact,VERB,24467
impact's,VERB,24467
impacted,VERB,24467
impacting,VERB,24467
impacts,VERB,24467
impaired,ADJ,25994
impairment,VERB,25992
impairment's,VERB,25992
impairment_,VERB,13684
impairments,VERB,25992
impermeable_material,VERB,25326
implement,VERB,28041
implement's,VERB,28041
implement-,PRON,28041
implementable,VERB,28041
implementation,VERB,28042
implementation's,VERB,28042
implementations,VERB,28042
implemented,VERB,28041
implementer,VERB,28041
implementing,VERB,28041
implements,VERB,28041
import,VERB,23538
import's,VERB,23540
import-,PRON,23539
import_-,PRON,23540
importable,VERB,23540
importance,VERB,24913
importance's,VERB,24913
important,ADJ,14930
importantly,VERB,14930
imported,ADJ,23541
importer,VERB,23540
importers,VERB,23540
importing,VERB,23540
imports,VERB,23540
impoverish,VERB,21307
impoverish-,PRON,21307
impoverished,VERB,21307
impoverishes,VERB,21307
impoverishing,VERB,21307
impoverishment,VERB,21307
imprint,VERB,25327
imprint's,VERB,25327
imprinted,VERB,25327
imprinter,VERB,25327
imprinters,VERB,25327
imprinting,VERB,25327
imprints,VERB,25327
improvable,VERB,27069
improve,VERB,27069
improve-,PRON,27069
improve-_,PRON,14931
improved,VERB,27069
improvement,VERB,27070
improvement's,VERB,27070
improvement_,VERB,24856
improvements,VERB,27070
improves,VERB,27069
improving,VERB,27069
in,NOUN,14932
in's,VERB,14932
in_a_rush,ADJ,23957
in_agreement,ADJ,24808
in_front_of,NOUN,12656
in_love,ADJ,24815
in_order_to,NOUN,14382
in_relation_to,NOUN,12324
inaccurate,ADJ,14935
incense,VERB,21358
incense's,VERB,21358
incensed,VERB,21358
incenses,VERB,21358
incensing,VERB,21358
incest,VERB,14933
incest's,VERB,14933
include,VERB,14934
include-,PRON,14934
included,VERB,14934
includes,VERB,14934
including,VERB,14934
incorrect,ADJ,14935
incorrect_thinking,VERB,25539
incorrectly,VERB,14935
increase,PRON,14936
indecent_exposure,VERB,14125
indefinite,ADJ,14429
independence_day,VERB,14937
independence_day_,VERB,14937
independent,ADJ,24172
independent_living,VERB,27071
index,VERB,25089
index's,VERB,25089
indexed,VERB,25089
indexer,VERB,25089
indexers,VERB,25089
indexes,VERB,25089
indexing,VERB,25089
india,VERB,25090
india's,VERB,25090
indicate,VERB,16213
indicate-,PRON,16213
indicated,VERB,16213
indicates,VERB,16213
indicating,VERB,16213
indication,VERB,16213
indications,VERB,16213
indicative,VERB,16213
indicator,VERB,24668
indicator's,VERB,24668
indicator_,OTHER,8993
indicator__,OTHER,24668
indicators,VERB,24668
indigestion,VERB,26182
indigo,NOUN,14938
indigo's,VERB,14938
individual,PREP,16161
individual's,VERB,16161
individually,VERB,16161
individuals,VERB,16161
indoor,ADJ,24914
indoor_,VERB,22116
indoor_swimming_pool,VERB,25818
indoors,ADJ,24914
industries,VERB,26183
industry,VERB,26183
industry's,VERB,26183
inequalities,VERB,26184
inequality,VERB,26184
inexcusable,ADJ,21294
inexpensive,ADJ,23039
infant,PREP,12603
infant's,VERB,12603
infants,VERB,12603
infect,VERB,24468
infect-,PRON,24468
infected,ADJ,24469
infecting,VERB,24468
infection,VERB,24470
infection's,VERB,24470
infections,VERB,24470
infectious,ADJ,24471
infectiously,VERB,24471
infectiousness,VERB,24471
infects,VERB,24468
inferior,NOUN,17969
inferior's,VERB,17969
inferiors,VERB,17969
infertile,ADJ,14939
infinite,ADJ,14940
infinite's,VERB,14940
infiniteness,VERB,24915
infinities,VERB,26001
infinitive,VERB,14940
infinity,VERB,26001
infinity's,VERB,26001
infinity_,VERB,24892
infix,VERB,27072
inflammable,ADJ,24680
inflatable,ADJ,27073
inflatable's,VERB,27073
inflatables,VERB,27073
inflate,VERB,25091
inflate-,PRON,25091
inflated,VERB,25091
inflates,VERB,25091
inflating,VERB,25091
inflation,VERB,23119
inflation's,VERB,23119
influence,VERB,25735
influence's,VERB,25735
influenced,ADJ,25737
influences,VERB,25735
influencing,VERB,25735
influenza,VERB,24117
influenza's,VERB,24117
information,VERB,23542
information's,VERB,23542
ingredient,VERB,22380
ingredient's,VERB,22380
ingredients,VERB,22380
inhaler,VERB,25328
inhaler's,VERB,25328
inhalers,VERB,25328
injection,VERB,14941
injection's,VERB,14941
injections,VERB,14941
injure,PRON,12896
injured,ADJ,12907
injurer,VERB,12896
injurers,VERB,12896
injures,VERB,12896
injuring,VERB,12896
injury,VERB,24852
inlet,VERB,22625
inner_body_part,VERB,25480
inner_organ,VERB,25480
innocence,VERB,23120
innocence's,VERB,23120
innocent,ADJ,23121
innocent's,VERB,23121
innocently,VERB,23121
innocents,VERB,23121
inoculation,VERB,14941
inoculation's,VERB,14941
inoculations,VERB,14941
inquire,PRON,12588
inquired,VERB,12588
inquirer,VERB,12588
inquirers,VERB,12588
inquiring,VERB,12588
inquisitive,ADJ,25040
inquisitively,VERB,25040
inquisitiveness,VERB,25039
inquisitiveness's,VERB,25039
ins,VERB,14932
insect,VERB,14943
insect_,VERB,14944
insert,PRON,13940
inserted,VERB,13940
inserting,VERB,13940
inserts,VERB,13940
inside,NOUN,14932
inside's,VERB,14932
insider,VERB,14932
insiders,VERB,14932
insides,VERB,14932
insight,VERB,21098
insight's,VERB,21098
insights,VERB,21098
insomnia,VERB,25329
insomnia's,VERB,25329
inspiration,VERB,25738
inspiration's,VERB,25738
inspirations,VERB,25738
inspire,VERB,25739
inspire-,PRON,25739
inspired,ADJ,25740
instead,NOUN,14381
instruct,VERB,17512
instruct-,PRON,17512
instructed,VERB,17512
instructing,VERB,17512
instruction,VERB,14945
instruction's,VERB,14945
instructions,VERB,14945
instructive,VERB,17512
instructor,PREP,17513
instructor's,VERB,17513
instructors,VERB,17513
instructs,VERB,17512
instrument,VERB,17755
instrument's,VERB,17755
instrumented,VERB,17755
instrumenting,VERB,17755
instruments,VERB,17755
insulation,VERB,25326
insulation's,VERB,25326
insulation_,VERB,25326
insulin,VERB,25459
insulin's,VERB,25459
insurable,VERB,28047
insurance,VERB,25576
insurance's,VERB,25576
insurances,VERB,25576
insure,VERB,28047
insure-,PRON,28047
insured,VERB,28047
insurer,VERB,28047
insurers,VERB,28047
insures,VERB,28047
insuring,VERB,28047
intellect,VERB,15471
intellect's,VERB,15471
intellects,VERB,15471
intellectual,ADJ,15456
intellectual's,VERB,15456
intellectual_impairment,VERB,26012
intellectually,VERB,15456
intellectuals,VERB,15456
intelligence,VERB,22917
intelligence's,VERB,22917
intelligent,ADJ,17015
intelligently,VERB,17015
intensities,VERB,14947
intensity,NOUN,14947
intention,VERB,28001
intention's,VERB,28001
intentions,VERB,28001
interactive_board,VERB,29031
intercourse,VERB,16931
intercourse's,VERB,16931
interdental_brush,VERB,26312
interdental_rager,VERB,26312
interest,VERB,24916
interest's,VERB,24916
interested,ADJ,14948
interesting,ADJ,14948
interestingly,VERB,14948
interests,VERB,24916
interface_box,VERB,24628
interior,NOUN,14932
interior's,VERB,14932
interiors,VERB,14932
interjection,VERB,27074
interjection's,VERB,27074
interjections,VERB,27074
intern,PRON,29218
intern-,PRON,29218
internal,NOUN,14932
internally,VERB,14932
internals,VERB,14932
international,ADJ,14949
international's,VERB,14949
internationally,VERB,14949
internationals,VERB,14949
interned,VERB,29218
internet,VERB,23543
internet_,VERB,23543
internet_domain,VERB,23709
interning,VERB,29218
internment,VERB,29218
internship,VERB,29219
internship's,VERB,29219
internships,VERB,29219
interpreter,PREP,29243
interpreter's,VERB,29243
interpreters,VERB,29243
interrogate,VERB,21333
interrogate-,PRON,21333
interrogated,VERB,21333
interrogates,VERB,21333
interrogating,VERB,21333
interrogation,VERB,26104
interrogation's,VERB,26104
interrogations,VERB,21333
interrogative,VERB,21333
interrupt,VERB,25741
interrupt's,VERB,25741
interrupt_-,PRON,25741
interrupted,VERB,25741
interrupter,VERB,25741
interrupters,VERB,25741
interrupting,VERB,25741
interruption,VERB,25742
interruption's,VERB,25742
interruption_,VERB,25742
interruptions,VERB,25742
interrupts,VERB,25741
intersection,VERB,27075
intersection's,VERB,27075
intersections,VERB,27075
interval,VERB,15212
interval's,VERB,15212
intervals,VERB,15212
interview,VERB,21372
interview's,VERB,21373
interview-,PRON,21373
interviewed,VERB,21373
interviewer,PREP,21374
interviewer's,VERB,21374
interviewers,VERB,21373
interviewing,VERB,21373
interviews,VERB,21373
intestine,VERB,25460
intestine's,VERB,25460
intestine_,VERB,12883
intestines,VERB,25460
intimacies,VERB,14950
intimacy,VERB,14950
intimacy's,VERB,14950
intimate,ADJ,14951
intimate's,VERB,14951
intimated,VERB,14951
intimately,VERB,14951
intimates,VERB,14951
intimating,VERB,14951
intimation,VERB,14951
intimations,VERB,14951
into,NOUN,14952
into_,NOUN,25894
intranet,VERB,23545
intranet's,VERB,23545
intranet_,VERB,23545
intranets,VERB,23545
intrauterine_device,VERB,14963
introduce,PRON,23547
introduced,VERB,23547
introduces,VERB,23547
introducing,VERB,23547
intuition,VERB,25743
intuitions,VERB,25743
invent,VERB,14953
invent-,PRON,14953
invented,VERB,14953
inventing,VERB,14953
inventive,VERB,14953
inventoried,VERB,15220
inventories,VERB,15220
inventory,VERB,15220
inventory's,VERB,15220
inventorying,VERB,15220
invents,VERB,14953
invertebrate,VERB,26185
investigation,VERB,24441
investigation's,VERB,24441
investigator,PREP,25045
investigator's,VERB,25045
investigators,VERB,25045
invisible,ADJ,24173
invitation,VERB,25093
invitation's,VERB,25093
invitation_,VERB,25093
invitations,VERB,25093
invoice,VERB,24681
involvement,VERB,23919
involvement's,VERB,23919
involvements,VERB,23919
ipod,VERB,23903
ipod's,VERB,23903
ipod_,VERB,23903
iran,VERB,25330
iran's,VERB,25330
iraq,VERB,25097
iraq's,VERB,25097
ireland,VERB,14954
ireland's,VERB,14954
iris,VERB,25897
iris's,VERB,25897
iris_,VERB,25897
irises,VERB,25897
irish,VERB,25331
irish's,VERB,25331
irish_,VERB,25331
irisher,VERB,25331
iron,VERB,14955
iron's,VERB,14956
iron-,PRON,14956
iron_age,VERB,23123
ironed,VERB,14956
ironing,VERB,14956
ironing_board,VERB,14957
irons,VERB,14956
irritable,ADJ,29536
irritate,PRON,29537
irritated,ADJ,29538
irritates,VERB,29537
irritating,VERB,29539
irritatingly,VERB,29539
irritation,PRON,29540
irritation's,VERB,29540
irritations,VERB,29537
is,PRON,12639
islam,VERB,29275
islam's,VERB,29275
islam_,VERB,21029
islamic,ADJ,29274
islamic's,VERB,29274
islamic_,ADJ,15659
islams,VERB,29275
island,VERB,14958
island's,VERB,14958
islander,VERB,14958
islanders,VERB,14958
islands,VERB,14958
isolation,VERB,29046
isolation's,VERB,29046
isosceles_triangle,VERB,25744
israel,VERB,14959
israel's,VERB,14959
israels,VERB,14959
it,NOUN,14960
it's,VERB,14960
italian,VERB,25332
italian's,VERB,25332
italian_,VERB,25332
italians,VERB,25332
italy,VERB,25098
italy's,VERB,25098
itch,VERB,24472
itch's,VERB,24472
itched,VERB,24472
itches,VERB,24472
itching,VERB,24472
its,NOUN,14962
itself,NOUN,14960
iud,VERB,14963
iyar,VERB,14964
iyar's,VERB,14964
j,NOUN,8530
j_,NOUN,8530
jackal,VERB,14394
jackal's,VERB,14394
jackals,VERB,14394
jacket,VERB,13371
jacket's,VERB,13371
jacketed,VERB,13371
jackets,VERB,13371
jackfruit,VERB,24682
jaguar,VERB,24175
jaguar's,VERB,24175
jaguars,VERB,24175
jail,VERB,16250
jail's,VERB,16250
jailed,VERB,16250
jailer,VERB,16250
jailers,VERB,16250
jailing,VERB,16250
jails,VERB,16250
jam,VERB,14965
jam's,VERB,14965
jamboree,VERB,25316
jamboree's,VERB,25316
jamborees,VERB,25316
jammed,ADJ,25860
jams,VERB,14965
janitor,PREP,24683
janitor's,VERB,24683
janitors,VERB,24683
januaries,VERB,14966
january,VERB,14966
january's,VERB,14966
japan,VERB,25099
japan's,VERB,25099
japans,VERB,25099
jar,VERB,20528
jar's,VERB,20528
jars,VERB,20528
javelin,VERB,21854
javelin's,VERB,21854
javelin_throw,VERB,21851
javelins,VERB,21854
jealous,ADJ,14967
jealously,VERB,14967
jeans,VERB,15961
jeans's,VERB,15961
jellied,VERB,14965
jellies,VERB,14965
jelly,VERB,14965
jelly's,VERB,14965
jellyfish,VERB,23124
jellyfish's,VERB,23124
jellyfishes,VERB,23124
jellying,VERB,14965
jersey,VERB,25960
jersey's,VERB,25960
jerseys,VERB,25960
jerusalem_day,VERB,14968
jesus,VERB,14969
jesus's,VERB,14969
jesus_,PREP,14969
jesus_christ,PREP,14969
jet,VERB,14970
jet's,VERB,14970
jet_plane,VERB,14970
jet_ski,VERB,21884
jets,VERB,14970
jew,PREP,21032
jew's,VERB,21032
jewel,VERB,14971
jewel's,VERB,14971
jeweled,VERB,14971
jeweler,VERB,14971
jewelers,VERB,14971
jeweling,VERB,14971
jewellers,VERB,29047
jewellery,VERB,24826
jewellery_store,VERB,29047
jewelries,VERB,24826
jewelry,VERB,24826
jewelry's,VERB,24826
jewelry_shop,VERB,29047
jewels,VERB,14971
jewish,ADJ,14972
jewish's,VERB,14972
jewishness,VERB,14972
jews,VERB,21032
jiggle,VERB,16934
jiggle's,VERB,16934
jiggle-,PRON,16934
jiggled,VERB,16934
jiggles,VERB,16934
jiggling,VERB,16934
jigsaw_puzzle,VERB,16441
job,VERB,18273
job's,VERB,18273
job-centre,VERB,25745
job_application,VERB,29048
job_qualification,VERB,29049
jobcentre,VERB,25745
jobs,VERB,18273
jockey,PREP,22092
jockey's,VERB,22092
jockeyed,VERB,22092
jockeying,VERB,22092
jockeys,VERB,22092
jog,VERB,26234
jog's,VERB,26234
jog-,PRON,16699
jogs,VERB,26234
join,PRON,14154
joined,ADJ,17746
joining,VERB,14154
joins,VERB,14154
joint,VERB,14973
joint_,VERB,25157
jointed,VERB,25157
jointing,VERB,25157
joints,VERB,25157
joke,VERB,27076
joke's,VERB,27076
joke_,VERB,27076
joke_-,PRON,14974
joked,VERB,27076
joker,VERB,27076
jokers,VERB,27076
jokes,VERB,27076
joking,VERB,27076
joseph,PREP,21047
joseph's,VERB,21047
journal,VERB,15407
journal's,VERB,15407
journalist,PREP,23548
journalist's,VERB,23548
journalists,VERB,23548
journals,VERB,15407
journey,VERB,17779
journey's,VERB,17779
journey_by_boat,VERB,29306
journeyed,VERB,17779
journeyer,VERB,17779
journeyers,VERB,17779
journeying,VERB,17779
journeys,VERB,17779
joy,VERB,14675
joy's,VERB,14675
joyed,VERB,14675
joying,VERB,14675
joys,VERB,14675
joystick,VERB,23549
joystick's,VERB,23549
joysticks,VERB,23549
judaism,VERB,21028
judaism's,VERB,21028
judaisms,VERB,21028
judge,PREP,23125
judge-,PRON,23126
judge_,PREP,26226
judged,VERB,26226
judgement,VERB,23127
judges,VERB,26226
judging,VERB,26226
judo,VERB,20595
judo's,VERB,20595
jug,VERB,16191
jug's,VERB,16191
jugs,VERB,16191
juice,VERB,14406
juice's,VERB,14406
juiced,VERB,14406
juicer,VERB,14406
juicers,VERB,14406
juices,VERB,14406
juicier,VERB,22349
juiciest,VERB,22349
juiciness,VERB,22349
juicing,VERB,14406
juicy,ADJ,22349
julies,VERB,15137
july,VERB,15137
july's,VERB,15137
jump,VERB,23550
jump's,VERB,24805
jump-,PRON,15139
jump_,VERB,24805
jump_rope,VERB,15138
jumped,VERB,24805
jumper,VERB,28080
jumper's,VERB,28080
jumpers,VERB,24805
jumping,VERB,24805
jumps,VERB,24805
june,VERB,15140
june's,VERB,15140
junes,VERB,15140
jungle,VERB,25202
jungle's,VERB,25202
jungles,VERB,25202
jupiter,VERB,24473
jupiter's,VERB,24473
jupiter_,VERB,24473
juridical,ADJ,23128
juridically,VERB,23128
juries,VERB,23129
jury,VERB,23129
jury's,VERB,23129
just,ADJ,12363
juster,VERB,12363
justest,VERB,12363
justice,VERB,23130
justice's,VERB,23130
justices,VERB,23130
justification,VERB,26186
justification's,VERB,26186
justifications,VERB,26188
justified,ADJ,26187
justifies,VERB,26188
justify,VERB,26188
justify-,PRON,26188
justifying,VERB,26188
justly,VERB,12363
justness,VERB,12363
k,NOUN,8531
k_,NOUN,8531
kabbalat_shabbat,NOUN,15141
kali,PREP,15142
kali's,VERB,15142
kangaroo,VERB,27079
kangaroo's,VERB,27079
kangaroos,VERB,27079
kantele,VERB,23806
karate,VERB,26313
karate's,VERB,26313
kart,VERB,21822
kart's,VERB,21822
kart_racing,VERB,21831
karting,VERB,21831
karts,VERB,21822
kat,VERB,25495
kayak,VERB,22077
kayak's,VERB,22077
kayaked,VERB,22077
kayaking,VERB,22077
kayaks,VERB,22077
kazakhstan,VERB,23551
kazakhstan's,VERB,23551
kazoo,VERB,23888
kazoo's,VERB,23888
kazoos,VERB,23888
kebab,VERB,23889
kebab's,VERB,23889
kebab_,VERB,23889
kebabs,VERB,23889
keel,VERB,22064
keel's,VERB,22064
keeled,VERB,22064
keeling,VERB,22064
keels,VERB,22064
keen,ADJ,23860
keen's,VERB,23860
keened,VERB,23860
keener,VERB,23860
keenest,VERB,23860
keening,VERB,23860
keenly,VERB,23860
keenness,VERB,24804
keenness's,VERB,24804
keens,VERB,23860
keep,PRON,15143
keep's,VERB,15143
keeper,VERB,15143
keepers,VERB,15143
keeping,VERB,15143
keeps,VERB,15143
kernel,VERB,27080
kernel's,VERB,27080
kernels,VERB,27080
ketchup,VERB,23552
ketchup's,VERB,23552
kettle,VERB,16191
kettle's,VERB,16191
kettles,VERB,16191
key,VERB,15144
key's,VERB,23553
key_,VERB,23553
key_guard,VERB,23554
keyboard,VERB,23892
keyboard's,VERB,23892
keyboard_,VERB,23555
keyboarded,VERB,23892
keyboarder,VERB,23892
keyboarders,VERB,23892
keyboarding,VERB,23892
keyboards,VERB,23892
keyed,VERB,23553
keying,VERB,23553
keys,VERB,23553
kibbutz,VERB,15145
kibbutz's,VERB,15145
kibbutzes,VERB,15145
kick,VERB,15146
kick's,VERB,15146
kick-,PRON,15146
kicked,VERB,15146
kicker,VERB,15146
kickers,VERB,15146
kicking,VERB,15146
kicks,VERB,15146
kid,PREP,13166
kid's,VERB,13166
kiddush,VERB,15147
kidnap,VERB,25100
kidnap-,PRON,25100
kidnapper,PREP,25101
kidnapper's,VERB,25101
kidnappers,VERB,25101
kidnaps,VERB,25100
kidney,VERB,24176
kidney's,VERB,24176
kidney_bean,VERB,24021
kidneys,VERB,24176
kids,VERB,13166
kill,PRON,15148
kill's,VERB,15148
killed,VERB,15148
killer,PREP,25103
killer's,VERB,25103
killers,VERB,15148
killing,VERB,25104
killing's,VERB,25104
killings,VERB,15148
kills,VERB,15148
kim's_game,VERB,25343
kind,ADJ,15149
kinder,VERB,15149
kindergarten,VERB,23558
kindergarten's,VERB,23558
kindergarten_teacher,PREP,29225
kindergartens,VERB,23558
kindest,VERB,15149
kindlier,VERB,15149
kindliest,VERB,15149
kindly,ADJ,15149
kindness,VERB,15149
king,PREP,23559
king's,VERB,23559
kingdom_of_god,VERB,24149
kingly,VERB,23559
kings,VERB,23559
kiosk,VERB,27081
kiosk's,VERB,27081
kiosks,VERB,27081
kipa,VERB,17004
kislev,VERB,15151
kislev's,VERB,15151
kiss,VERB,15152
kiss's,VERB,15153
kiss-,PRON,15153
kissable,VERB,15153
kissed,VERB,15153
kisser,VERB,15153
kissers,VERB,15153
kisses,VERB,15153
kissing,VERB,15153
kitchen,VERB,15154
kitchen's,VERB,15154
kitchen_machine,VERB,22393
kitchen_tongs,VERB,22565
kitchen_tool,VERB,22561
kitchens,VERB,15154
kite,VERB,15155
kite's,VERB,15155
kite_flying,VERB,22115
kites,VERB,15155
kitten,VERB,24474
kitten's,VERB,24474
kitten_,VERB,15156
kittens,VERB,24474
knee,VERB,15157
knee's,VERB,15157
knee_pad,VERB,21619
kneed,VERB,15157
kneel,VERB,15158
kneel-,PRON,15158
kneeling,VERB,15158
kneeling_,PREP,16162
kneels,VERB,15158
knees,VERB,15157
knife,VERB,15159
knife's,VERB,15159
knifed,VERB,15159
knifes,VERB,15159
knifing,VERB,15159
knight,PREP,25746
knight's,VERB,25746
knighted,VERB,25746
knighting,VERB,25746
knightly,VERB,25746
knights,VERB,25746
knit,VERB,15160
knit's,VERB,15160
knit-,PRON,15160
knits,VERB,15160
knitting_needle,VERB,26314
knock,PRON,25105
knock's,VERB,25105
knocked,VERB,25105
knocker,VERB,25105
knockers,VERB,25105
knocking,VERB,25107
knocks,VERB,25105
knot,VERB,24177
knot's,VERB,24177
knots,VERB,24177
know,VERB,15161
know-,PRON,15161
knowable,ADJ,29241
knowledge,VERB,15162
knowledge's,VERB,15162
known,ADJ,29242
knows,VERB,15161
koala,VERB,15163
koala's,VERB,15163
koalas,VERB,15163
kohl,VERB,15164
koran,VERB,21072
kosher_food,VERB,29211
ks,VERB,8531
kyphosis,VERB,27082
l,NOUN,8532
l_,NOUN,8532
label,VERB,15691
labeled,VERB,15691
labeling,VERB,15691
labels,VERB,15691
labour,VERB,15165
labyrinth,VERB,25898
labyrinth's,VERB,25898
lacking_interest,PRON,29506
lacrosse,VERB,26013
lacrosse's,VERB,26013
lacrosse_,VERB,26013
lacrosse__,VERB,22102
lactose,VERB,29207
lactose's,VERB,29207
lactose_free,ADJ,29208
lad,PREP,12888
lad's,VERB,12888
ladder,VERB,15166
ladder's,VERB,15166
laddered,VERB,15166
laddering,VERB,15166
ladders,VERB,15166
laded,VERB,12888
laden,VERB,12888
lading,VERB,12888
ladings,VERB,12888
ladle,VERB,22573
ladle's,VERB,22573
ladled,VERB,22573
ladles,VERB,22573
ladling,VERB,22573
lads,VERB,12888
lady's_finger,VERB,24706
ladybird,VERB,25333
ladybird's,VERB,25333
ladybirds,VERB,25333
lag_b'omer,VERB,15167
lair,VERB,25859
lair's,VERB,25859
lairs,VERB,25859
lake,VERB,15168
lake's,VERB,15168
lakes,VERB,15168
lakshmi,PREP,15169
lakshmi's,VERB,15169
lamb,VERB,15170
lamb's,VERB,25899
lamb-,PRON,25899
lambed,VERB,25899
lambing,VERB,25899
lambs,VERB,25899
lamp,VERB,13919
lamp's,VERB,13919
lamps,VERB,13919
land,VERB,13901
land's,VERB,25108
land_-,PRON,25108
landed,VERB,25108
lander,VERB,25108
landing,VERB,15171
landing's,VERB,25109
landing_,VERB,25109
landing_gear,VERB,25334
landings,VERB,25108
lands,VERB,25108
landscape,VERB,16731
landscape's,VERB,16731
landscape_design,VERB,23560
landscape_designer,PREP,23561
landscaped,VERB,16731
landscaper,VERB,16731
landscapers,VERB,16731
landscapes,VERB,16731
landscaping,VERB,16731
landslide,VERB,29270
landslide's,VERB,29270
landslides,VERB,29270
landsliding,VERB,29270
language,VERB,15172
language's,VERB,23131
language_,VERB,23131
language_development,VERB,26189
languages,VERB,23131
lantern,VERB,14196
lantern's,VERB,14196
lanterns,VERB,14196
lap,VERB,24249
lap's,VERB,24249
laps,VERB,24249
laptop,VERB,23562
laptop's,VERB,23562
laptops,VERB,23562
large,ADJ,12835
large's,VERB,12835
large_intestine,VERB,25461
largely,VERB,12835
largeness,VERB,24875
largeness's,VERB,24875
larger,VERB,12835
larges,VERB,12835
largest,VERB,12835
larynx,VERB,27083
larynx's,VERB,27083
lasagna,VERB,22133
lasagna's,VERB,22133
lasagnas,VERB,22133
lasagne,VERB,22133
lash,VERB,24311
lash's,VERB,24311
lash-,PRON,24311
lashed,VERB,24311
lashes,VERB,24311
lashing,VERB,24311
lashings,VERB,24311
last,ADJ,15173
last's,VERB,23893
last_,ADJ,23893
last_month,VERB,24835
last_night,VERB,15174
last_week,VERB,15175
last_year,VERB,15176
lasted,VERB,23893
lasting,VERB,23893
lastly,VERB,23893
lasts,VERB,23893
late,ADJ,15177
lately,VERB,15177
lateness,VERB,15177
later,NOUN,17705
latest,VERB,15177
latvia,VERB,25901
latvia's,VERB,25901
latvian,VERB,25902
latvian's,VERB,25902
latvian_,VERB,25902
latvians,VERB,25902
laugh,VERB,24824
laugh's,VERB,24824
laugh-,PRON,15178
laughable,VERB,24824
laughed,VERB,24824
laughing,VERB,24824
laughter,VERB,24824
laughter's,VERB,24824
launderette,VERB,15179
launderette's,VERB,15179
launderettes,VERB,15179
laundries,VERB,24828
laundromat,VERB,15179
laundromat's,VERB,15179
laundromats,VERB,15179
laundry,VERB,15179
laundry's,VERB,24828
laundry_,VERB,24828
lava,VERB,24684
lava's,VERB,24684
law,VERB,23132
law's,VERB,23133
law-,VERB,23133
law_,VERB,23127
lawn,VERB,15180
lawn's,VERB,15180
lawn_bowling,VERB,22835
lawn_mower,VERB,25747
lawns,VERB,15180
laws,VERB,23133
lawyer,PREP,23135
lawyer's,VERB,23136
lawyer_,PREP,23136
lawyers,VERB,23136
lay_the_table,VERB,23563
lay_the_table-,PRON,23563
layer,VERB,25748
layer's,VERB,25748
layers,VERB,25748
lead,PRON,15181
lead's,VERB,15181
lead_,VERB,13921
leaded,VERB,15181
leaden,VERB,15181
leader,PREP,15182
leader's,VERB,15182
leaders,VERB,15181
leadership,VERB,22913
leadership's,VERB,22913
leaderships,VERB,22913
leading,VERB,15181
leads,VERB,15181
leaf,VERB,15183
leaf's,VERB,15183
leaf_blower,VERB,29258
leafed,VERB,15183
leafing,VERB,15183
leafs,VERB,15183
leafy_vegetable,VERB,15200
learn,VERB,15184
learn-,PRON,15184
learned,VERB,15184
learning,VERB,15184
learning_difficulty,VERB,27084
learns,VERB,15184
lease,PRON,24732
lease's,VERB,24732
leased,VERB,24732
leases,VERB,24732
leasing,VERB,24732
least,ADJ,15185
least's,VERB,15185
leather,VERB,15186
leather's,VERB,15186
leathers,VERB,15186
leave,VERB,14449
leave's,VERB,14449
leave-,PRON,14449
leaved,VERB,14449
leaver,VERB,14449
leavers,VERB,14449
leaves,VERB,14449
leaving,VERB,14449
leavings,VERB,14449
lecture,VERB,23564
lecture's,VERB,23565
lecture-,PRON,23565
lectured,VERB,23565
lecturer,PREP,25807
lecturer's,VERB,25807
lecturers,VERB,23565
lectures,VERB,23565
lecturing,VERB,23565
led,VERB,8532
lee,VERB,24685
lee's,VERB,24685
leek,VERB,24476
leek's,VERB,24476
leeks,VERB,24476
leer,VERB,24685
leers,VERB,24685
lees,VERB,24685
left,ADJ,15187
left's,VERB,25577
left_,VERB,25577
left_overs,VERB,26315
left_overs_,VERB,26316
left_turn,VERB,25577
lefter,VERB,25577
leftest,VERB,25577
leftovers,VERB,26315
lefts,VERB,25577
leg,VERB,15188
leg's,VERB,15188
leg_and_foot,VERB,25578
legal,ADJ,23138
legal's,VERB,23138
legal_aid,PREP,23041
legal_person,VERB,23140
legal_person_,PREP,23140
legally,VERB,23138
legals,VERB,23138
legend,VERB,25879
legend's,VERB,25879
legends,VERB,25879
lego,VERB,23454
lego's,VERB,23454
lego_,VERB,23454
legs,VERB,15188
legs_and_feet,VERB,15189
leisure_time,VERB,23141
lemon,VERB,15190
lemon's,VERB,15190
lemonade,VERB,15191
lemonade's,VERB,15191
lemonades,VERB,15191
lemons,VERB,15190
lend,PRON,15192
lender,VERB,15192
lenders,VERB,15192
lending,VERB,15192
lends,VERB,15192
length,VERB,15193
length's,VERB,15193
lengthen,VERB,15193
lengthens,VERB,15193
lens,VERB,8532
lent,VERB,24178
leo,VERB,22641
leo's,VERB,22641
leo_,VERB,22641
leopard,VERB,15194
leopard's,VERB,15194
leopards,VERB,15194
leos,VERB,22641
leprechaun,PREP,23566
leprechaun's,VERB,23566
leprechauns,VERB,23566
lesbian,ADJ,24813
lesbian's,VERB,24813
lesbianism,VERB,14887
lesbianism's,VERB,14887
lesbians,VERB,24813
less,ADJ,15195
less's,VERB,29407
less_,ADJ,29407
less_than,VERB,16479
less_than_,NOUN,16479
lessen,VERB,29407
lessens,VERB,29407
lesser,VERB,29407
lesson,VERB,23567
lesson's,VERB,23567
lessons,VERB,23567
lest,VERB,8532
let,PRON,15196
let's,PRON,15197
let-,PRON,24732
let_fall,PRON,24686
let_out_air,VERB,25044
let_out_air-,PRON,25044
let_us,PRON,15197
lethal,ADJ,25061
lethally,VERB,25061
lets,VERB,24732
letter,VERB,15198
letter's,VERB,15198
letter_carrier,PREP,15199
letter_game,VERB,29333
letter_puzzle,VERB,29333
letterbox,VERB,15409
letterboxes,VERB,15409
lettered,VERB,15198
letterer,VERB,15198
letterers,VERB,15198
lettering,VERB,15198
letters,VERB,12366
letters__,VERB,12366
lettuce,VERB,15200
lettuce's,VERB,15200
lettuces,VERB,15200
level,VERB,23085
level's,VERB,23085
leveled,VERB,23085
leveler,VERB,23085
levelers,VERB,23085
leveling,VERB,23085
levelly,VERB,23085
levelness,VERB,23085
levels,VERB,23085
lexicon,VERB,26153
lexicon's,VERB,26153
lexicons,VERB,26153
liberation,VERB,24179
liberation's,VERB,24179
liberties,VERB,14396
liberty,VERB,14396
liberty's,VERB,14396
libido,VERB,16765
libido's,VERB,16765
libidos,VERB,16765
libra,VERB,22643
libra's,VERB,22643
libra_,VERB,22643
librarian,PREP,23568
librarian's,VERB,23568
librarians,VERB,23568
libraries,VERB,15201
library,VERB,15201
library's,VERB,15201
library_,VERB,15201
libras,VERB,22643
license_plate,VERB,29641
lichen,VERB,27085
lichen's,VERB,27085
lichens,VERB,27085
lick,VERB,25905
lick's,VERB,25905
lick-,PRON,25905
licked,VERB,25905
licking,VERB,25905
lickings,VERB,25905
licks,VERB,25905
lid,VERB,22583
lid's,VERB,22583
lids,VERB,22583
lie,VERB,23894
lie's,VERB,23894
lie-,PRON,15205
lie-_,PRON,15204
lie_,VERB,15203
lie_down,PRON,15205
lied,VERB,23894
lies,VERB,23894
life,VERB,15206
life's,VERB,15206
life-jacket,VERB,24687
life-time,VERB,26190
life_cycle,VERB,26152
lifeboat,VERB,22078
lifeboat's,VERB,22078
lifeboats,VERB,22078
lifeline,VERB,25335
lifeline's,VERB,25335
lifelines,VERB,25335
lifer,VERB,15206
lifers,VERB,15206
lifespan,VERB,26190
lifespans,VERB,26190
lifetime,VERB,26190
lifetime's,VERB,26190
lifetimes,VERB,26190
lift,VERB,13924
lift's,VERB,13924
lifted,VERB,13924
lifter,VERB,13924
lifters,VERB,13924
lifting,VERB,13924
lifts,VERB,13924
light,VERB,15208
light_,ADJ,24845
light_meter,VERB,23142
light_switch,VERB,23569
light_year,VERB,22634
lighted,VERB,24845
lightest,VERB,24845
lighthouse,VERB,23143
lighthouse's,VERB,23143
lighthouses,VERB,23143
lighting,VERB,24845
lightning,VERB,15209
lightning's,VERB,15209
lightninged,VERB,15209
lightnings,VERB,15209
lights,VERB,24845
like,OTHER,16984
like's,VERB,16984
like-,PRON,15210
liked,VERB,16984
likelier,VERB,16252
likeliest,VERB,16252
likeliness,VERB,16252
likely,ADJ,16252
likes,VERB,16984
likest,VERB,16984
liking,VERB,16984
lime,VERB,15211
lime's,VERB,15211
limed,VERB,15211
limes,VERB,15211
liming,VERB,15211
limit,VERB,15213
limitation,VERB,25579
limitation's,VERB,25579
limitation_,VERB,15213
limited,ADJ,26015
limited_time,VERB,15212
limiter,VERB,15213
limiters,VERB,15213
limiting,VERB,15213
limitless,ADJ,26010
limitless_,ADJ,14940
limitlessness,VERB,26011
limitlessness's,VERB,26011
limitlessness_,VERB,24915
limits,VERB,15213
line,VERB,15214
line's,VERB,15214
linear,ADJ,15215
linear_thing,VERB,15216
linear_thing_,VERB,24180
linearly,VERB,15215
lined,VERB,15214
linen,VERB,23144
linen's,VERB,23144
linens,VERB,23144
liner,VERB,15214
liners,VERB,15214
lines,VERB,15214
ling,VERB,8532
lingonberry,VERB,15664
lings,VERB,8532
linguist,PREP,21572
linguist's,VERB,21572
linguistics,VERB,21557
linguistics's,VERB,21557
linguists,VERB,21572
lining,VERB,15214
linings,VERB,15214
link,VERB,13381
link's,VERB,13381
link-,PRON,13381
linked,VERB,13381
linker,VERB,13381
linking,VERB,13381
links,VERB,13381
linoleum,VERB,14203
linoleum's,VERB,14203
lion,VERB,15217
lion's,VERB,15217
lions,VERB,15217
lip,VERB,15218
lip's,VERB,15218
lips,VERB,15218
lipstick,VERB,15219
lipstick's,VERB,15219
lipsticked,VERB,15219
lipsticking,VERB,15219
lipsticks,VERB,15219
liquid,VERB,18209
liquid's,VERB,18209
liquids,VERB,18209
liquor,VERB,12359
liquor's,VERB,12359
liquor_shop,VERB,23145
liquor_store,VERB,23145
liquored,VERB,12359
liquoring,VERB,12359
liquors,VERB,12359
list,VERB,15220
list's,VERB,15220
list_of_contents,VERB,25089
list_of_contents_,VERB,25089
listed,VERB,15220
listen,VERB,14692
listen's,VERB,14692
listen-,PRON,14692
listenable,VERB,14692
listened,VERB,14692
listener,PREP,28048
listener's,VERB,28048
listeners,VERB,14692
listening,VERB,14692
listens,VERB,15220
listing,VERB,15220
listings,VERB,15220
lists,VERB,15220
literature,VERB,26191
literature's,VERB,26191
little,ADJ,15221
little's,VERB,15221
little_,ADJ,14171
little_my,PREP,25110
little_person,PREP,23570
littleness,VERB,24917
littleness's,VERB,24917
littler,VERB,15221
littlest,VERB,15221
liturgical_book,VERB,21075
livable,VERB,15223
live,PRON,15223
live_-,PRON,15222
lived,VERB,15223
liver,VERB,25462
livers,VERB,25462
lives,VERB,15223
livest,VERB,15223
living,VERB,15223
living_room,VERB,15224
lizard,VERB,12388
lizard's,VERB,12388
lizards,VERB,12388
load,VERB,25111
loaded,VERB,25111
loading,VERB,25111
loads,VERB,25111
loaf,VERB,12895
loaf's,VERB,12895
loaf_of_bread,VERB,12895
loafed,VERB,12895
loafer,VERB,12895
loafers,VERB,12895
loafing,VERB,12895
loafs,VERB,12895
loan,VERB,15192
loan's,VERB,15192
loan-,PRON,15192
loaned,VERB,15192
loaner,VERB,15192
loaners,VERB,15192
loaning,VERB,15192
loans,VERB,15192
lobster,VERB,23146
lobster's,VERB,23146
lobsters,VERB,23146
local,ADJ,29050
local's,VERB,29050
locally,VERB,29050
locals,VERB,29050
locate,PRON,16440
located,VERB,16440
locates,VERB,16440
locating,VERB,16440
location,VERB,16193
location's,VERB,16193
locations,VERB,16193
lock,VERB,25906
lock's,VERB,25906
lock-,PRON,15227
lockable,VERB,25906
locked,VERB,25906
locker,VERB,25906
lockers,VERB,25906
locking,VERB,25906
locks,VERB,25906
log,VERB,17263
log's,VERB,17263
logs,VERB,17263
loki,PREP,26016
loki's,VERB,26016
loki_,PREP,22822
lollipop,VERB,22365
lollipop's,VERB,22365
lollipops,VERB,22365
lonelier,VERB,15228
loneliest,VERB,15228
loneliness,VERB,15228
lonely,ADJ,15228
lonesome,ADJ,15228
lonesomely,VERB,15228
lonesomeness,VERB,15228
long,ADJ,15229
long_for,PRON,25749
long_jump,VERB,21845
long_jump_,VERB,21845
long_lasting,ADJ,28049
long_time,ADJ,24181
long_time_ago,NOUN,29051
longed,VERB,15229
longer,ADJ,15230
longest,ADJ,15393
longing,VERB,25750
longing's,VERB,25750
longingly,VERB,25750
longings,VERB,25750
longness,VERB,15193
longs,VERB,15229
longsighted,ADJ,26193
longsightedness,VERB,26192
look,PRON,16747
look's,VERB,16747
looked,VERB,16747
looker,VERB,16747
lookers,VERB,16747
looking,VERB,16747
looks,VERB,16747
looks_similar,OTHER,16985
lorries,VERB,17781
lorry,VERB,17781
lorry's,VERB,17781
lose,VERB,15478
lose-,PRON,15478
lose_-,PRON,15394
lose_-_,PRON,15395
loser,VERB,15478
losers,VERB,15478
loses,VERB,15478
losing,VERB,15478
losings,VERB,15478
loss,VERB,17449
loss's,VERB,17449
loss_,VERB,15396
losses,VERB,17449
lotteries,VERB,24477
lottery,VERB,24477
lottery's,VERB,24477
lotto,VERB,23571
lotto's,VERB,23571
loud,ADJ,15397
louder,VERB,15397
loudest,VERB,15397
loudly,VERB,15397
loudness,VERB,15397
loudspeaker,VERB,23898
loudspeaker's,VERB,23898
loudspeakers,VERB,23898
lounge,VERB,15224
lounge's,VERB,15224
lounged,VERB,15224
lounger,VERB,15224
loungers,VERB,15224
lounges,VERB,15224
lounging,VERB,15224
louse,VERB,26018
loused,VERB,26018
louses,VERB,26018
lousing,VERB,26018
lovable,ADJ,15398
love,VERB,15399
love's,VERB,15400
love-,PRON,15400
loved,VERB,15400
lovely,VERB,15400
lover,PREP,17481
lover's,VERB,17481
lovers,VERB,15400
loves,VERB,15400
loving,VERB,15400
low,ADJ,15401
low's,VERB,24194
low-,PRON,24194
low_pitch,VERB,29418
low_tide,VERB,22627
low_water,VERB,22629
lowed,VERB,24194
lower,VERB,24194
lower-,PRON,24688
lower_arm,VERB,25463
lower_arm_bone,VERB,25464
lower_body,VERB,24182
lower_leg,VERB,25907
lowered,VERB,24688
lowering,VERB,24688
lowers,VERB,24194
lowest,VERB,24194
lowing,VERB,24194
lowly,VERB,24194
lowness,VERB,24918
lowness's,VERB,24918
lows,VERB,24194
loyalty,VERB,14172
loyalty's,VERB,14172
ls,VERB,8532
lubricant,VERB,15914
lubricant's,VERB,15914
lubricants,VERB,15914
luck,VERB,15402
luck's,VERB,15402
lucked,VERB,15402
luckier,VERB,15403
luckiest,VERB,15403
luckiness,VERB,15403
lucking,VERB,15402
lucks,VERB,15402
lucky,ADJ,15403
luggage,VERB,12618
luggage's,VERB,12618
luggage_compartment,VERB,24613
luggage_shop,VERB,29011
luggage_store,VERB,29011
luggage_strap,VERB,29339
lukewarm,ADJ,27086
lukewarmly,VERB,27086
lukewarmness,VERB,27086
lulav,VERB,15404
lull,VERB,23828
lull's,VERB,23828
lullabies,VERB,24689
lullaby,VERB,24689
lullaby's,VERB,24689
lulled,VERB,23828
lulling,VERB,23828
lulls,VERB,23828
lumber,VERB,18270
lumber's,VERB,18270
lumbered,VERB,18270
lumberer,VERB,18270
lumberers,VERB,18270
lumbering,VERB,18270
lumberjack,PREP,23572
lumberjack's,VERB,23572
lumberjacks,VERB,23572
lumbers,VERB,18270
lump,VERB,22362
lump's,VERB,22362
lumped,VERB,22362
lumpen,VERB,22362
lumpier,VERB,22363
lumpiest,VERB,22363
lumpiness,VERB,22363
lumping,VERB,22362
lumps,VERB,22362
lumpy,ADJ,22363
lunar_eclipse,VERB,24690
lunch,VERB,15405
lunch's,VERB,15405
lunch_box,VERB,23573
lunched,VERB,15405
lunches,VERB,15405
lunching,VERB,15405
lung,VERB,25465
lung's,VERB,25465
lunged,VERB,25465
lungi,VERB,13668
lunging,VERB,25465
lungs,VERB,25465
lycra,VERB,29052
lycra's,VERB,29052
lying,VERB,16163
lying's,VERB,16163
lying_,PREP,16163
lymph,VERB,25466
lymph's,VERB,25466
lymph_gland,VERB,25467
lymph_node,VERB,25467
lymphatic_system,VERB,25468
lynx,VERB,26194
lynx's,VERB,26194
lynxes,VERB,26194
m,NOUN,8533
m_,NOUN,8533
macaroni,VERB,22130
macaroni's,VERB,22130
macaronis,VERB,22130
machinable,VERB,15406
machine,VERB,15406
machine's,VERB,15406
machined,VERB,15406
machines,VERB,15406
machining,VERB,15406
mad,ADJ,12377
mad's,VERB,12377
madly,VERB,12377
madness,VERB,12377
mads,VERB,12377
magazine,VERB,15407
magazine's,VERB,15407
magazines,VERB,15407
magic,VERB,25908
magic's,VERB,25908
magical,ADJ,25909
magically,VERB,25909
magician,PREP,23574
magician's,VERB,23574
magicians,VERB,23574
magics,VERB,25908
magma,VERB,24684
magma's,VERB,24684
magnet,VERB,25338
magnet's,VERB,25338
magnetic_field,VERB,25339
magnetic_pole,VERB,25407
magnetism,VERB,25340
magnetism's,VERB,25340
magnets,VERB,25338
magnifier,VERB,24478
magnifier's,VERB,24478
magnifying_glass,VERB,24478
maid,PREP,29237
maid's,VERB,29237
maiden,VERB,29237
maidens,VERB,29237
maids,VERB,29237
mail,VERB,15198
mail's,VERB,15198
mail_van,VERB,29608
mailbox,VERB,15409
mailbox's,VERB,15409
mailboxes,VERB,15409
mailed,VERB,15198
mailer,VERB,15198
mailers,VERB,15198
mailing,VERB,15198
mailings,VERB,15198
mailman,PREP,15199
mailman's,VERB,15199
mails,VERB,15198
main_course,VERB,22119
main_dish,VERB,22119
make,PRON,15410
make-believe,ADJ,15411
make-believe_man,PREP,23576
make-believe_person,PREP,23577
make-believe_person_,PREP,23578
make-believe_woman,PREP,23581
make_a_coup,VERB,25081
make_a_coup-,PRON,25081
make_a_speech,VERB,25112
make_a_speech-,PRON,25112
make_and_tend_a_fire,VERB,25341
make_and_tend_a_fire-,PRON,25341
make_believe,VERB,16247
make_believe-,PRON,16247
make_cheese,VERB,25751
make_cheese-,PRON,25751
make_compost,VERB,26195
make_compost-,PRON,26195
make_sign_of_the_cross,VERB,24183
make_sign_of_the_cross-,PRON,24183
make_the_bed,VERB,23575
make_the_bed-,PRON,23575
make_water,PRON,17989
maker,PREP,15412
maker's,VERB,15412
makers,VERB,15412
makes,VERB,15410
makeup,VERB,15413
makeup's,VERB,15413
makeups,VERB,15413
making,VERB,23583
making's,VERB,23583
makings,VERB,23583
male,ADJ,15414
male's,VERB,15414
male_friend,PREP,25752
male_gender,VERB,12335
male_gender_,VERB,12335
male_genitals,VERB,15417
male_genitals_,PREP,15417
maleness,VERB,15414
males,VERB,15414
mall,VERB,23207
mall's,VERB,23207
mallet,VERB,14666
mallet's,VERB,14666
mallets,VERB,14666
malls,VERB,23207
malodor,VERB,24919
malodour,VERB,24919
mammal,VERB,26196
mammal's,VERB,26196
mammals,VERB,26196
mammoth,VERB,27087
mammoth's,VERB,27087
man,PREP,15416
man-made,ADJ,15420
man-made_item,VERB,24803
man_doll,VERB,23582
man_doll_,VERB,23582
manager,PREP,15418
manager's,VERB,15418
mandarin,VERB,17503
mandarin's,VERB,17503
mandarins,VERB,17503
mandolin,VERB,23899
mandolin's,VERB,23899
mandolins,VERB,23899
mane,VERB,24184
mane's,VERB,24184
mane_,VERB,24184
maned,VERB,24184
manege,VERB,24246
manege's,VERB,24246
manes,VERB,24184
mango,VERB,15419
mango's,VERB,15419
manhole_cover,VERB,25910
manifestation,VERB,21078
manifestation's,VERB,21078
manifestations,VERB,21078
manly,VERB,15416
manna,VERB,21355
manna's,VERB,21355
manner,VERB,28050
manner's,VERB,28050
mannered,VERB,28050
mannerly,VERB,28050
manners,VERB,28050
manometer,VERB,23028
manometer's,VERB,23028
manometers,VERB,23028
mans,VERB,15416
manufacture,PRON,15410
manufacture's,VERB,15410
manufactured,VERB,15410
manufacturer,PREP,15412
manufacturer's,VERB,15412
manufacturers,VERB,15410
manufactures,VERB,15410
manufacturing,VERB,15410
manure,VERB,24185
manure's,VERB,24185
manured,VERB,24185
manures,VERB,24185
manuring,VERB,24185
many,ADJ,15671
many's,VERB,15671
many_of,VERB,14647
map,VERB,15421
map_reading,VERB,25352
maple-leaf,VERB,15422
maple_syrup,VERB,22338
maple_syrup_flavouring,VERB,22334
maps,VERB,15421
maracas,VERB,23900
march,VERB,15423
march's,VERB,15423
marched,VERB,15423
marcher,VERB,15423
marchers,VERB,15423
marches,VERB,15423
marching,VERB,15423
mare,VERB,24186
mare's,VERB,24186
mares,VERB,24186
margarine,VERB,15424
margarine's,VERB,15424
mark,VERB,17236
mark's,VERB,17236
mark_all,VERB,23659
mark_all-,PRON,23659
marked,VERB,17236
marker,VERB,13604
marker's,VERB,13604
markers,VERB,13604
market,VERB,23147
market's,VERB,23147
marketable,VERB,23147
marketed,VERB,23147
marketer,VERB,23147
marketers,VERB,23147
marketing,VERB,23147
markets,VERB,23147
marking,VERB,17236
marks,VERB,17236
marmalade,VERB,14965
marmalade's,VERB,14965
marriage,VERB,15425
marriage's,VERB,20576
marriage_,VERB,20576
marriages,VERB,20576
married,VERB,15426
married's,VERB,25753
married_,ADJ,25753
marrieds,VERB,25753
marries,VERB,15426
marry,VERB,15426
marry-,PRON,15426
marrying,VERB,15426
mars,VERB,24479
mars's,VERB,24479
mars_,VERB,24479
marses,VERB,24479
marsh,VERB,17472
marsh's,VERB,17472
marshes,VERB,17472
marshmallow,VERB,27088
marshmallow's,VERB,27088
marshmallows,VERB,27088
marsupial,VERB,12384
marsupial's,VERB,12384
marsupial_,VERB,12384
marsupials,VERB,12384
martial_arts,VERB,21838
mary,VERB,21046
mary's,VERB,21046
mary_,PREP,21046
masculine,VERB,15414
masculine's,VERB,15414
masculine_,ADJ,15414
masculines,VERB,15414
mash,PRON,15427
mash's,VERB,15427
mashed,VERB,15427
masher,VERB,15427
mashers,VERB,15427
mashes,VERB,15427
mashing,VERB,15427
mask,VERB,15428
mask_,VERB,25582
masked,VERB,25582
masking,VERB,25582
masks,VERB,25582
massage,VERB,21606
massage's,VERB,21606
massage-,PRON,16695
massaged,VERB,21606
massages,VERB,21606
massaging,VERB,21606
masseur,PREP,21602
masseur's,VERB,21602
masseurs,VERB,21602
mast,VERB,22059
mast's,VERB,22059
masted,VERB,22059
masts,VERB,22059
masturbation,VERB,15429
masturbation's,VERB,15429
mat,VERB,16696
mat's,VERB,16696
match,VERB,15430
match's,VERB,15430
matches,VERB,15430
matching_game,VERB,23584
mated,VERB,16696
mater,VERB,16696
material,VERB,13365
material's,VERB,13365
materially,VERB,13365
materials,VERB,13365
maters,VERB,16696
math,VERB,23148
math_,VERB,15432
mathematical_difficulty,VERB,26317
mathematician,VERB,21573
mathematician's,VERB,21573
mathematician_,PREP,21573
mathematicians,VERB,21573
mathematics,VERB,15432
mathematics's,VERB,23148
mathematics__,VERB,23148
mating,VERB,16696
matrix,VERB,24904
matrix's,VERB,24904
mats,VERB,16696
maturation,VERB,15433
maturation's,VERB,15433
mature,ADJ,12342
matured,VERB,12342
maturely,VERB,12342
maturer,VERB,12342
matures,VERB,12342
maturest,VERB,12342
maturing,VERB,12342
matzo,VERB,15434
matzo's,VERB,15434
matzos,VERB,15434
matzoth,VERB,15434
mausoleum,VERB,21117
mausoleum's,VERB,21117
mausoleums,VERB,21117
maximum,ADJ,15661
maximum's,VERB,15661
maximums,VERB,15661
may,VERB,15435
may's,VERB,15435
maybe,ADJ,16226
maybe's,VERB,16226
maybes,VERB,16226
maze,VERB,25898
maze's,VERB,25898
mazel_tov,OTHER,15487
mazes,VERB,25898
me,PREP,14916
meadow,VERB,15180
meadow's,VERB,15180
meadows,VERB,15180
meal,VERB,15438
meal's,VERB,15438
meals,VERB,15438
mean,ADJ,15439
mean's,VERB,15439
meaner,VERB,15439
meanest,VERB,15439
meaning,VERB,15441
meaning's,VERB,15441
meanings,VERB,15439
meanly,VERB,15439
meanness,VERB,15439
means,VERB,15439
measure,VERB,15443
measure-,PRON,15442
measured,VERB,15443
measurement,VERB,15443
measurement's,VERB,15443
measurements,VERB,15443
measures,VERB,15443
measuring,VERB,15443
measuring_cup,VERB,25754
measuring_spoon,VERB,22568
measuring_stick,VERB,16698
meat,VERB,15444
meat's,VERB,22355
meat_,VERB,22355
meat_sauce,VERB,23586
meatball,VERB,15445
meatball's,VERB,15445
meatballs,VERB,15445
meats,VERB,22355
mechanic,PREP,23587
mechanic's,VERB,23587
mechanical_engineer,PREP,23588
mechanics,VERB,23587
med,VERB,14916
media_player,VERB,24691
medical,ADJ,15446
medical's,VERB,15446
medical_aid,VERB,12890
medical_care,VERB,24188
medical_examination,VERB,24480
medical_hole,VERB,25497
medical_insurance,VERB,15447
medical_practice,VERB,24920
medical_treatment,VERB,24188
medical_tube,VERB,25469
medically,ADJ,15446
medicals,VERB,15446
medication,VERB,15448
medication's,VERB,15448
medication_for_breathing,VERB,25342
medicine,VERB,15448
medicine's,VERB,15448
medicines,VERB,15448
meditate,VERB,21097
meditate-,PRON,21097
meditated,VERB,21097
meditates,VERB,21097
meditating,VERB,21097
meditation,VERB,21097
meditations,VERB,21097
meditative,VERB,21097
meek,ADJ,14910
meeker,VERB,14910
meekest,VERB,14910
meekly,VERB,14910
meekness,VERB,14910
meet,PRON,15449
meet's,VERB,15449
meeting,VERB,14427
meeting's,VERB,14427
meeting_and_parting,VERB,25584
meeting_room,VERB,24481
meetings,VERB,15449
meets,VERB,15449
megillah,VERB,15451
megillah_,VERB,15451
melodica,VERB,23901
melodies,VERB,17953
melody,VERB,17953
melody's,VERB,17953
melon,VERB,15452
melon's,VERB,15452
melons,VERB,15452
melt,VERB,29245
melt-,PRON,17699
melt_-,PRON,29245
melted,VERB,29245
melting,VERB,25621
melts,VERB,29245
member,PREP,24692
members,VERB,24692
membrane,VERB,26197
membrane's,VERB,26197
membrane_keyboard,VERB,23601
membranes,VERB,26197
memo,VERB,24693
memo's,VERB,24693
memories,VERB,23589
memory,VERB,23589
memory's,VERB,23589
memory_game,VERB,25343
memory_stick,VERB,24694
memos,VERB,24693
mend,PRON,14192
mend's,VERB,14192
mended,VERB,14192
mender,VERB,14192
menders,VERB,14192
mending,VERB,24898
mending's,VERB,24898
mends,VERB,14192
menopause,VERB,15453
menopause's,VERB,15453
menorah,VERB,15454
menorah's,VERB,15454
menstrual_blood,VERB,24189
menstrual_period,VERB,15455
menstruation,VERB,15455
menstruation's,VERB,15455
mental,ADJ,15456
mental_illness,VERB,24482
mental_impairment,VERB,26012
mentally,VERB,15456
meow,VERB,24191
meow's,VERB,24191
meow-,PRON,24191
meowed,VERB,24191
meowing,VERB,24191
meows,VERB,24191
mercilessness,VERB,26100
mercilessness's,VERB,26100
mercury,VERB,23149
mercury's,VERB,24483
mercury_,VERB,24483
mermaid,PREP,23590
mermaid's,VERB,23590
mermaids,VERB,23590
merry-go-round,VERB,15458
mes,VERB,14916
mess,ADJ,29542
mess's,VERB,29542
message,VERB,24484
message's,VERB,24484
messaged,VERB,24484
messages,VERB,24484
messaging,VERB,24484
messed,VERB,29542
messes,VERB,29542
messiah,PREP,21043
messiah's,VERB,21043
messier,VERB,29543
messiest,VERB,29543
messiness,VERB,29543
messing,VERB,29542
messy,PRON,29543
metal,VERB,15459
metal's,VERB,24695
metal_,VERB,24695
metal_bar,VERB,23150
metal_craft,VERB,24190
metaled,VERB,24695
metals,VERB,24695
metaphor,VERB,15460
metaphor's,VERB,25585
metaphor_,VERB,25585
metaphors,VERB,25585
meteorologist,PREP,21571
meteorologist's,VERB,21571
meteorologists,VERB,21571
meteorology,VERB,21555
meteorology's,VERB,21555
meter,VERB,23092
meter's,VERB,23092
metered,VERB,23092
metering,VERB,23092
meth,VERB,14916
method,VERB,16194
method's,VERB,16194
methods,VERB,16194
metro,VERB,24296
metro's,VERB,24296
metropolis,VERB,23151
metropolis's,VERB,23151
metropolises,VERB,23151
metros,VERB,24296
mew,PRON,24191
mew's,VERB,24191
mewed,VERB,24191
mewing,VERB,24191
mews,VERB,24191
mezuzah,VERB,15461
micro-organism,VERB,24486
microphone,VERB,23902
microphone's,VERB,23902
microphones,VERB,23902
microscope,VERB,24487
microscope's,VERB,24487
microscopes,VERB,24487
microwavable,VERB,15462
microwave,VERB,15462
microwave's,VERB,15462
microwave-,PRON,15462
microwave_oven,VERB,15463
microwaved,VERB,15462
microwaves,VERB,15462
microwaving,VERB,15462
micturate,PRON,17989
middle,VERB,15464
middle's,VERB,15464
middles,VERB,15464
middling,VERB,15464
midgard's_serpent,VERB,22826
midnight,VERB,23152
midnight's,VERB,23152
midnight_sun,VERB,25911
midriff,VERB,25046
midriff's,VERB,25046
midriffs,VERB,25046
midsummer,VERB,15465
midsummer's,VERB,15465
mightier,VERB,26023
mightiest,VERB,26023
mightiness,VERB,26023
mighty,ADJ,26023
mighty_,ADJ,24719
military,VERB,12579
military's,VERB,12579
military_plane,VERB,15466
military_reserve_duty,VERB,15467
milk,VERB,15468
milk's,VERB,15468
milk_free,ADJ,29209
milk_product,VERB,29210
milked,VERB,15468
milker,VERB,15468
milkers,VERB,15468
milking,VERB,15468
milkmaid,PREP,25912
milkmaid's,VERB,25912
milkmaids,VERB,25912
milkman,PREP,15469
milkman's,VERB,15469
milks,VERB,15468
milkshake,VERB,27089
milkshake's,VERB,27089
milkshake_,VERB,15470
milkshakes,VERB,27089
millepede,VERB,25913
millipede,VERB,25913
millipede's,VERB,25913
millipedes,VERB,25913
minced_meat,VERB,23591
mind,VERB,15471
mind-altering_drug,VERB,24488
mind_sports,VERB,21799
minded,VERB,15471
minder,VERB,15471
minders,VERB,15471
minding,VERB,15471
minds,VERB,15471
mine,VERB,15472
mine's,VERB,15687
mine-,PREP,15687
mined,VERB,15687
miner,VERB,15687
miners,VERB,15687
mines,VERB,15687
mini,ADJ,29097
mini's,VERB,29097
minibus,VERB,18000
minibus's,VERB,18000
minibuses,VERB,18000
minigolf,VERB,29341
minigolf_,VERB,29341
minimum,ADJ,15185
minimum's,VERB,29405
minimum_,VERB,29405
minimums,VERB,29405
mining,VERB,15687
minion,VERB,15687
minions,VERB,15687
minis,VERB,29097
minister,PREP,15473
minister's,VERB,24192
minister_,PREP,24192
ministered,VERB,24192
ministering,VERB,24192
ministers,VERB,24192
mink,VERB,26198
mink's,VERB,26198
minks,VERB,26198
minscule,ADJ,29097
minus,NOUN,15474
minus's,VERB,15474
minuses,VERB,15474
minute,VERB,15475
minute's,VERB,15475
minuted,VERB,15475
minutely,VERB,15475
minuteness,VERB,15475
minuter,VERB,15475
minutes,VERB,24696
minutest,VERB,15475
minuting,VERB,15475
miracle,VERB,21299
miracle's,VERB,21299
miracles,VERB,21299
mirror,VERB,20527
mirror's,VERB,20527
mirrored,VERB,20527
mirroring,VERB,20527
mirrors,VERB,20527
miscarriage,VERB,15477
miscarriage's,VERB,15477
miscarriages,VERB,15477
misericordia,VERB,21292
misericordia_,VERB,21292
mishap,VERB,23867
mishap's,VERB,23867
mishaps,VERB,23867
mislead,VERB,25755
mislead-,PRON,25755
misleading,VERB,25755
misleads,VERB,25755
miss,PRON,15478
missal,VERB,21075
missal's,VERB,21075
missals,VERB,21075
missed,VERB,15478
misses,VERB,15478
missing,VERB,15478
missionaries,VERB,21060
missionary,PREP,21060
missionary's,VERB,21060
missive,VERB,15478
mistakable,VERB,15479
mistake,VERB,15479
mistake's,VERB,15479
mistakes,VERB,15479
mistaking,VERB,15479
misuse,VERB,24697
misuse's,VERB,24698
misuse-,PRON,24698
misused,VERB,24698
misuses,VERB,24698
misusing,VERB,24698
mite,VERB,15480
mite's,VERB,15480
miter,VERB,15480
miters,VERB,15480
mites,VERB,15480
mitt,VERB,14445
mitt's,VERB,14445
mitten,VERB,14446
mitten's,VERB,14446
mittens,VERB,14445
mitts,VERB,14445
mix,PRON,15481
mix's,VERB,15481
mixable,VERB,15481
mixed,VERB,15481
mixer,VERB,22392
mixer's,VERB,22392
mixers,VERB,15481
mixes,VERB,15481
mixing,VERB,15481
mixing_spoon,VERB,22572
mixture,VERB,22377
mixture's,VERB,22377
mixtures,VERB,22377
mjolnir,PREP,22654
mms,VERB,24699
moadan,VERB,15482
mobile_home,VERB,13113
mobile_phone,VERB,23592
mode,VERB,28051
mode's,VERB,28051
modem,VERB,26199
modem's,VERB,26199
modems,VERB,26199
modern,ADJ,26200
modern's,VERB,26200
modernly,VERB,26200
modernness,VERB,26200
moderns,VERB,26200
modes,VERB,28051
modifier,VERB,8497
modifier's,VERB,8497
modifier_,NOUN,8497
mohammed,PREP,21034
moist,ADJ,18226
moisten,VERB,18226
moistens,VERB,18226
moister,VERB,18226
moistest,VERB,18226
moistly,VERB,18226
moistness,VERB,18226
moisturizer,ADJ,29544
moisturizer's,VERB,29544
molasses,VERB,25756
molasses's,VERB,25756
molecule,VERB,26201
molecule's,VERB,26201
molecules,VERB,26201
mollusc,VERB,26202
mollusk,VERB,26202
mollusk's,VERB,26202
mollusks,VERB,26202
mom,PREP,15662
mom's,VERB,15662
mommies,VERB,15662
mommy,PREP,15662
mommy's,VERB,15662
moms,VERB,15662
monarchies,VERB,24193
monarchy,VERB,24193
monarchy's,VERB,24193
monday,VERB,15483
monday's,VERB,15483
monday_,VERB,15483
mondays,VERB,15483
money,VERB,15484
money's,VERB,15484
money_card,VERB,23415
money_on_a_regular_basis,VERB,24489
moneyed,VERB,15484
moneys,VERB,15484
monitor,VERB,23451
monitor's,VERB,23451
monitored,VERB,23451
monitoring,VERB,23451
monitors,VERB,23451
monkey,VERB,15485
monkey's,VERB,15485
monkeyed,VERB,15485
monkeying,VERB,15485
monkeys,VERB,15485
monocycle,VERB,26257
monorail,VERB,24267
monorail's,VERB,24267
monorails,VERB,24267
monotheism,VERB,21025
monotheism's,VERB,21025
monotony,ADJ,29508
monotony's,VERB,29508
monster,VERB,15486
monster's,VERB,15486
monsters,VERB,15486
month,VERB,15649
month's,VERB,15649
monthly,VERB,15649
monument,VERB,24700
monument's,VERB,24700
monuments,VERB,24700
moo,PRON,24194
moo's,VERB,24194
mood,VERB,15650
mood's,VERB,15650
moods,VERB,15650
mooed,VERB,24194
mooing,VERB,24194
moominmamma,PREP,25116
moominpappa,PREP,25117
moomintroll,PREP,25118
moon,VERB,15651
moon's,VERB,15651
moon_axis,VERB,26203
moon_phase,VERB,26204
mooned,VERB,15651
mooning,VERB,15651
moons,VERB,15651
moos,VERB,24194
moose,VERB,15652
moose's,VERB,15652
moral,ADJ,15653
moral's,VERB,15653
morally,VERB,15653
morally_right,ADJ,15653
morally_wrong,ADJ,14929
morals,VERB,15653
more,ADJ,15654
more's,VERB,15654
mores,VERB,15654
morning,VERB,15655
morning's,VERB,15655
morning_,VERB,15655
morpheme,VERB,27090
morpheme's,VERB,27090
morphemes,VERB,27090
morphology,VERB,27091
morphology's,VERB,27091
mortal,ADJ,15657
mortal's,VERB,15657
mortally,VERB,15657
mortals,VERB,15657
moses,PREP,21067
moses's,VERB,21067
moshav,VERB,15658
moslem,ADJ,15659
moslem_,PREP,21033
mosque,VERB,13345
mosque's,VERB,13345
mosques,VERB,13345
mosquito,VERB,15660
mosquito's,VERB,15660
moss,VERB,26205
moss's,VERB,26205
mosses,VERB,26205
most,ADJ,15661
most's,VERB,15661
mostly,VERB,15661
motel,VERB,14903
motel's,VERB,14903
motels,VERB,14903
moth,VERB,13096
moth's,VERB,13096
mother,PREP,15662
mother's,VERB,15662
mother's_day,VERB,24195
mother's_milk,VERB,25914
mother-in-law,VERB,25757
mother-in-law_,PREP,25757
mothered,VERB,15662
mothering,VERB,15662
motherly,VERB,15662
mothers,VERB,15662
motion,VERB,24702
motion's,VERB,24702
motion_,VERB,24702
motivate,VERB,25758
motivate-,PRON,25758
motivated,ADJ,25759
motivates,VERB,25758
motivating,VERB,25758
motivation,VERB,25760
motivation's,VERB,25760
motivations,VERB,25760
motocross,VERB,21826
motocross's,VERB,21826
motocrosses,VERB,21826
motor,VERB,15406
motor's,VERB,15406
motor_sports,VERB,21794
motor_vehicle,VERB,13121
motorboat,VERB,22074
motorboat's,VERB,22074
motorboat_sport,VERB,22052
motorboats,VERB,22074
motorcycle,VERB,21810
motorcycle's,VERB,21810
motorcycle_racing,VERB,21827
motorcycled,VERB,21810
motorcycles,VERB,21810
motorcycling,VERB,21826
motored,VERB,15406
motoring,VERB,15406
motors,VERB,15406
mountain,VERB,15663
mountain's,VERB,15663
mountain_berry,VERB,15664
mountain_bike,VERB,21817
mountain_biking,VERB,21825
mountain_climbing,VERB,22109
mountain_hiking,VERB,29312
mountain_pasture,VERB,25915
mountain_range,VERB,26206
mountain_sports,VERB,21795
mountains,VERB,15663
mountains_with_valley,VERB,26057
mourn,VERB,21296
mourn-,PRON,21296
mourned,VERB,21296
mourner,VERB,21296
mourners,VERB,21296
mourning,VERB,26106
mourning's,VERB,26106
mourns,VERB,21296
mouse,VERB,15665
mouse's,VERB,15665
moused,VERB,15665
mouser,VERB,15665
mousers,VERB,15665
mouses,VERB,15665
mousing,VERB,15665
mousse,VERB,23875
mousse's,VERB,29534
mousse_,ADJ,29534
moussed,VERB,29534
mousses,VERB,29534
moussing,VERB,29534
moustache,VERB,26318
mouth,VERB,15666
mouth's,VERB,25916
mouth_,VERB,25916
mouthed,VERB,25916
mouthing,VERB,25916
movable,VERB,24701
move,PRON,13125
move's,VERB,24701
move-,PRON,15667
move_-,PRON,24701
move_bowels,PRON,15668
moved,VERB,24701
movement,VERB,24702
movement's,VERB,24702
movements,VERB,24702
mover,VERB,24701
movers,VERB,24701
moves,VERB,24701
movie,VERB,15669
movie's,VERB,15669
movie_disc,VERB,24646
movie_theatre,VERB,15670
movies,VERB,15669
moving,VERB,24701
moving_pavement,VERB,29317
moving_stairs,VERB,24096
moving_walkway,VERB,29317
mow,VERB,29545
mow's,VERB,29545
mow-,ADJ,29545
mowed,VERB,29545
mower,VERB,25747
mower's,VERB,25747
mowers,VERB,29545
mowing,VERB,29545
mows,VERB,29545
mp3_player,VERB,23903
ms,VERB,8533
much,ADJ,15671
much's,VERB,15671
much_of,VERB,14647
mud,VERB,15672
mud's,VERB,15672
muffin,VERB,22122
muffin's,VERB,22122
muffins,VERB,22122
mug,VERB,13621
mug's,VERB,13621
mugs,VERB,13621
muhammad,PREP,21034
muhammad's,VERB,21034
muhammed,PREP,21034
mule,VERB,13865
mule's,VERB,13865
mules,VERB,13865
multi-sport_event,VERB,21857
multi_storey_building,VERB,23153
multi_storey_home,VERB,23154
multiplayer_game,VERB,26216
multiplication,VERB,15673
multiplication's,VERB,15673
multiplications,VERB,15674
multiplied,VERB,15674
multiplier,VERB,15674
multipliers,VERB,15674
multiplies,VERB,15674
multiply,VERB,15674
multiply-,PRON,15674
multiplying,VERB,15674
multitude,VERB,15675
multitude's,VERB,15675
multitudes,VERB,15675
mum,PREP,15662
mummies,VERB,25120
mummy,VERB,25120
mummy's,VERB,25120
mummy_,VERB,25120
murder,VERB,25104
murder's,VERB,25104
murder-,PRON,15148
murdered,VERB,25104
murderer,PREP,25103
murderer's,VERB,25103
murderers,VERB,25104
murdering,VERB,25104
murders,VERB,25104
muscle,VERB,20517
muscle's,VERB,20517
muscle_,VERB,15676
muscled,VERB,20517
muscles,VERB,20517
muscling,VERB,20517
museum,VERB,15677
museum's,VERB,15677
museums,VERB,15677
mush,VERB,25581
mush's,VERB,25581
mushed,VERB,25581
musher,VERB,25581
mushers,VERB,25581
mushes,VERB,25581
mushing,VERB,25581
mushroom,VERB,15678
mushroom's,VERB,15678
mushroomed,VERB,15678
mushrooming,VERB,15678
mushrooms,VERB,15678
music,VERB,15679
music's,VERB,15682
music_,VERB,15682
music_festival,VERB,28058
music_shop,VERB,29055
music_shop_music_store,VERB,29070
music_store,VERB,29055
music_therapist,PREP,21598
musical,VERB,23594
musical's,VERB,23594
musical_group,PREP,15680
musical_instrument,VERB,15681
musical_instrument_,VERB,23904
musical_note,VERB,15682
musical_toy,VERB,23596
musically,VERB,23594
musicals,VERB,23594
musician,PREP,15683
musician's,VERB,15683
musicianly,VERB,15683
musicians,VERB,15683
musics,VERB,15682
muskrat,VERB,15684
muskrat's,VERB,15684
muskrats,VERB,15684
muslim,ADJ,15659
muslim's,VERB,15659
muslims,VERB,15659
mussel,VERB,15952
mussel's,VERB,15952
mussels,VERB,15952
must,PRON,15685
must's,VERB,22914
must_,VERB,22914
mustard,VERB,22330
mustard's,VERB,22331
mustard_,VERB,22331
mustard_sauce,VERB,22332
mustelid,VERB,26207
mustelid_,VERB,26207
muster,VERB,22914
musters,VERB,22914
musts,VERB,22914
mutton,VERB,15170
mutton's,VERB,15170
mutual,ADJ,24066
mutually,VERB,24066
muzzle,VERB,24196
muzzle's,VERB,24196
muzzled,VERB,24196
muzzles,VERB,24196
muzzling,VERB,24196
my,PREP,15686
myna,VERB,15970
myna's,VERB,15970
mynas,VERB,15970
myopia,VERB,26209
myopia's,VERB,26209
myopic,ADJ,26210
myself,PREP,14916
myself-,PREP,14917
mysteries,VERB,21297
mysterious,ADJ,21298
mysteriously,VERB,21298
mysteriousness,VERB,21298
mystery,VERB,21297
mystery's,VERB,21297
myth,VERB,25917
myth's,VERB,25917
n,NOUN,8534
n_,NOUN,8534
nag,VERB,21361
nag's,VERB,21361
nag-,PRON,21361
nags,VERB,21361
nail,VERB,15689
nail's,VERB,15689
nail_gun,VERB,29056
nail_polish,VERB,15690
nail_varnish,VERB,15690
nailed,VERB,15689
nailing,VERB,15689
nails,VERB,15689
naked,ADJ,27097
nakedly,VERB,27097
nakedness,VERB,27097
name,VERB,15691
named,VERB,15691
names,VERB,15691
naming,VERB,15691
naming_ceremony,VERB,23155
naming_ceremony_,VERB,23156
napkin,VERB,15692
napkin's,VERB,15692
napkins,VERB,15692
nappier,VERB,13670
nappies,VERB,13670
nappiest,VERB,13670
nappy,VERB,13670
nappy's,VERB,13670
narrow,ADJ,15693
narrow's,VERB,15693
narrowed,VERB,15693
narrower,VERB,15693
narrowest,VERB,15693
narrowing,VERB,15693
narrowly,VERB,15693
narrowness,VERB,25622
narrowness's,VERB,25622
narrows,VERB,15693
nasal_cavity,VERB,27092
nascar_kart,VERB,21830
nation,VERB,21610
nation's,VERB,21610
national,ADJ,25344
national's,VERB,25344
national_day,VERB,25345
national_park,VERB,26208
nationalities,VERB,28038
nationality,VERB,28038
nationality's,VERB,28038
nationality_,VERB,28038
nationally,VERB,25344
nationals,VERB,25344
nations,VERB,21610
natural_disaster,VERB,29269
naturalism,VERB,20563
naturalism's,VERB,20563
naturalism_,VERB,16483
nature,VERB,13424
nature_craft,VERB,24197
natures,VERB,13424
naughtier,VERB,15694
naughtiest,VERB,15694
naughtiness,VERB,15694
naughty,ADJ,15694
navel,VERB,24198
navel's,VERB,24198
navels,VERB,24198
navies,VERB,15696
navigate,VERB,27093
navigate_-,PRON,27093
navigate_airplane,VERB,25346
navigate_airplane-,PRON,25346
navigated,VERB,27093
navigates,VERB,27093
navigating,VERB,27093
navigation,VERB,27093
navigation's,VERB,27094
navigation_,VERB,27094
navigational_sign,VERB,24704
navy,VERB,15696
navy's,VERB,15696
near,ADJ,15697
neared,VERB,15697
nearer,VERB,15697
nearest,VERB,15697
nearing,VERB,15697
nearly,ADJ,15697
nearness,VERB,25586
nearness's,VERB,25586
nears,VERB,15697
nearsighted,ADJ,26210
nearsightedly,VERB,26210
nearsightedness,VERB,26209
nearsightedness's,VERB,26209
neat,OTHER,18282
neaten,VERB,18282
neatens,VERB,18282
neater,VERB,18282
neatest,VERB,18282
neatly,VERB,18282
neatness,VERB,18282
necessaries,VERB,15698
necessarily,ADJ,15698
necessary,ADJ,15698
necessary's,VERB,15698
neck,VERB,15699
neck's,VERB,15699
neck_,VERB,15699
neck_brace,VERB,26284
neck_collar,VERB,26284
neck_support,VERB,28061
necked,VERB,15699
necking,VERB,15699
necklace,VERB,25470
necklace's,VERB,25470
necklaced,VERB,25470
necklaces,VERB,25470
necklacing,VERB,25470
necklacings,VERB,25470
necks,VERB,15699
necktie,VERB,17730
necktie's,VERB,17730
neckties,VERB,17730
nectarine,VERB,15983
nectarine's,VERB,15983
nectarines,VERB,15983
need,VERB,15702
need's,VERB,15702
need-,PRON,15702
need_,VERB,15701
needed,ADJ,15698
needing,VERB,15702
needle,VERB,15703
needle's,VERB,15703
needled,VERB,15703
needles,VERB,15703
needling,VERB,15703
needs,VERB,15702
negative,NOUN,15733
negative's,VERB,15733
negative_dependency,VERB,24491
negative_outcome,VERB,28060
negatived,VERB,15733
negatively,VERB,15733
negativeness,VERB,15733
negatives,VERB,15733
negativing,VERB,15733
neigh,PRON,24199
neigh's,VERB,24199
neighbour,PREP,15705
neighbourhood,VERB,23847
neighbourhood_,VERB,23847
neighed,VERB,24199
neighing,VERB,24199
neither,NOUN,15706
nephew,PREP,15707
nephew's,VERB,15707
nephews,VERB,15707
neptune,VERB,24492
neptune's,VERB,24492
neptune_,VERB,24492
nerve,VERB,25471
nerved,VERB,25471
nerves,VERB,25471
nerving,VERB,25471
nervous_system,VERB,25472
nest,VERB,8534
nest's,VERB,27129
nest_,VERB,27129
nested,VERB,27129
nesting,VERB,27129
nests,VERB,27129
net,VERB,13365
net's,VERB,13365
netherlands,VERB,15708
netherlands's,VERB,15708
netherlands_,VERB,15708
nets,VERB,13365
network_game,VERB,26216
neurological,ADJ,26321
neurologically,VERB,26321
neurologist,PREP,21583
neurologist's,VERB,21583
neurologists,VERB,21583
neuron,VERB,25473
neuron's,VERB,25473
neurons,VERB,25473
never,ADJ,23906
never_,ADJ,15709
new,ADJ,15710
new's,VERB,15710
new_testament,VERB,21071
new_year,VERB,25474
new_year's_day,VERB,15711
new_year's_eve,VERB,25477
new_year's_eve_,VERB,25475
new_year_,VERB,25474
newer,VERB,15710
newest,VERB,15710
newly,VERB,15710
newness,VERB,25587
newness's,VERB,25587
news,VERB,15712
news's,VERB,15712
newsletter,VERB,15713
newsletter's,VERB,15713
newsletters,VERB,15713
newspaper,VERB,15713
newspaper's,VERB,15713
newspapers,VERB,15713
next,ADJ,15714
next's,VERB,15714
next_month,VERB,24921
next_week,VERB,15715
next_year,VERB,15716
nice,ADJ,15717
nicely,VERB,15717
niceness,VERB,15717
nicer,VERB,15717
nicest,VERB,15717
niece,PREP,15718
niece's,VERB,15718
niece_or_nephew,PREP,24817
nieces,VERB,15718
night,VERB,15719
night's,VERB,15719
night_bird,VERB,15949
nightgown,VERB,16442
nightgown's,VERB,16442
nightgowns,VERB,16442
nightie,VERB,16442
nightie's,VERB,16442
nighties,VERB,16442
nightly,VERB,15719
nights,VERB,15719
nine,VERB,8505
nine's,VERB,8505
nine_,NOUN,8505
nines,VERB,8505
nipple,VERB,15720
nipple's,VERB,15720
nipples,VERB,15720
nisan,VERB,15721
nisan's,VERB,15721
nissan,VERB,15721
nissan's,VERB,15721
no,NOUN,15474
no's,VERB,15722
no-,OTHER,15722
no_one,PREP,15723
no_place,NOUN,15737
no_speech,VERB,25588
noah,PREP,21065
noah's,VERB,21065
nobodies,VERB,15723
nobody,PREP,15723
nobody's,VERB,15723
nocturnal_emission,VERB,15724
noise,VERB,24922
noise's,VERB,24922
noise_,VERB,24922
noised,VERB,24922
noisemaker,VERB,23596
noisemaker's,VERB,23596
noisemakers,VERB,23596
noises,VERB,24922
noisier,VERB,15397
noisiest,VERB,15397
noisiness,VERB,15397
noising,VERB,24922
noisy,ADJ,15397
non-alcoholic,ADJ,27095
none,NOUN,15725
nonsense,VERB,15726
nonsense's,VERB,15727
nonsense-,OTHER,15727
nonspeaking,ADJ,15728
noon,VERB,23157
noon's,VERB,23157
nor,NOUN,15729
nordic_god,PREP,22649
nordic_goddess,PREP,22649
north,VERB,15730
north's,VERB,15730
north_america,VERB,22607
north_pole,VERB,22600
northeast,VERB,26211
northeast's,VERB,26211
northeaster,VERB,26211
northeasters,VERB,26211
norther,VERB,15730
northern,ADJ,15731
northerner,VERB,15731
northerners,VERB,15731
northers,VERB,15730
northward,ADJ,25918
northwards,VERB,25918
northwest,VERB,26212
northwest's,VERB,26212
northwester,VERB,26212
northwesters,VERB,26212
norway,VERB,22612
norway's,VERB,22612
norwegian,VERB,25347
norwegian's,VERB,25347
norwegian_,VERB,25347
norwegians,VERB,25347
nos,VERB,15722
nose,VERB,15732
nose's,VERB,15732
nosed,VERB,15732
noses,VERB,15732
nosier,VERB,25125
nosiest,VERB,25125
nosiness,VERB,25125
nosing,VERB,15732
nosy,ADJ,25125
not,NOUN,15733
not_good,ADJ,22353
not_guilty,ADJ,23121
not_nice,ADJ,15695
not_smooth,VERB,29566
not_smooth_,ADJ,29566
not_straight,ADJ,29630
not_tasty,ADJ,22353
notable,VERB,15733
notaries,VERB,23159
notary,PREP,23158
notary's,VERB,23159
notary_,PREP,23159
notebook,VERB,15734
notebook's,VERB,15734
notebooks,VERB,15734
nothing,NOUN,23907
nothing's,VERB,23907
nothing_,NOUN,15725
nothingness,VERB,23907
nothings,VERB,23907
notice_board,VERB,29057
noun,VERB,27096
noun's,VERB,27096
nouns,VERB,27096
novelties,VERB,25587
novelty,VERB,25587
novelty's,VERB,25587
november,VERB,15735
november's,VERB,15735
novembers,VERB,15735
now,NOUN,15736
now's,VERB,15736
nowhere,NOUN,15737
nowhere's,VERB,15737
nth,VERB,8534
nuclear_energy,VERB,15738
nuclear_fallout,VERB,15739
nuclear_fuel,VERB,25126
nuclear_radiation,VERB,15740
nucleus,VERB,15741
nucleus's,VERB,15741
nucleus_,VERB,15741
nude,ADJ,27097
nude's,VERB,27097
nuder,VERB,27097
nudes,VERB,27097
nudest,VERB,27097
nudity,VERB,27098
nudity's,VERB,27098
number,VERB,15742
numbered,VERB,15742
numbering,VERB,15742
numbers,VERB,15742
numbness,VERB,27007
numbness's,VERB,27007
numeral,VERB,27099
numeral's,VERB,27099
numerals,VERB,27099
nurse,PREP,15905
nurse's,VERB,15905
nursed,VERB,15905
nurser,VERB,15905
nurseries,VERB,23558
nursers,VERB,15905
nursery,VERB,23558
nursery's,VERB,23558
nursery_rhyme,VERB,23835
nurses,VERB,15905
nursing,VERB,15905
nut,VERB,15906
nut's,VERB,15906
nutcracker,VERB,22566
nutcracker's,VERB,22566
nutcrackers,VERB,22566
nutrient,VERB,26213
nutrient's,VERB,26213
nutrients,VERB,26213
nutrition,VERB,26213
nutrition's,VERB,26213
nuts,VERB,15906
o,NOUN,8535
o'clock,VERB,14904
o_,NOUN,8535
oar,VERB,22067
oar's,VERB,22067
oared,VERB,22067
oaring,VERB,22067
oars,VERB,22067
oats,VERB,24705
oats's,VERB,24705
obedience,VERB,21309
obedience's,VERB,21309
obey,PRON,15907
obeyed,VERB,15907
obeying,VERB,15907
obeys,VERB,15907
object,PRON,16421
object's,VERB,16421
objected,VERB,16421
objecting,VERB,16421
objection,VERB,23177
objection's,VERB,23177
objectionable,VERB,23177
objections,VERB,23177
objective,VERB,16421
objects,VERB,16421
obligation,VERB,27042
obligation's,VERB,27042
obliged,ADJ,14383
oblong,ADJ,16473
oblong's,VERB,16473
oblong_,VERB,16472
oblongs,VERB,16473
oboe,VERB,23908
oboe's,VERB,23908
oboe_,VERB,23908
oboes,VERB,23908
observable,VERB,15908
observation,VERB,24846
observation's,VERB,24846
observation_tower,VERB,23245
observations,VERB,24846
observe,VERB,15908
observe-,PRON,15908
observed,VERB,15908
observer,VERB,15908
observers,VERB,15908
observes,VERB,15908
observing,VERB,15908
obvious,ADJ,14961
obviously,VERB,14961
obviousness,VERB,14961
occasion,VERB,14114
occasion's,VERB,14114
occasioned,VERB,14114
occasioning,VERB,14114
occasions,VERB,14114
occupational_therapist,PREP,21591
occupational_therapy,VERB,24200
occupational_therapy_room,VERB,24201
occur,VERB,14674
occur-,PRON,14674
occurs,VERB,14674
ocean,VERB,15909
ocean's,VERB,15909
oceans,VERB,15909
octagon,VERB,29058
octagon's,VERB,29058
octagons,VERB,29058
october,VERB,15910
october's,VERB,15910
octobers,VERB,15910
octopus,VERB,23160
octopus's,VERB,23160
octopuses,VERB,23160
oculist,PREP,21578
oculist's,VERB,21578
oculists,VERB,21578
odd_number,VERB,25761
odometer,VERB,26019
odometer's,VERB,26019
odometer_,VERB,23161
odometers,VERB,26019
odour,VERB,17017
oere,VERB,24923
oere_,VERB,24923
oesophagus,VERB,25479
of,NOUN,12324
of_,OTHER,12663
off,NOUN,25522
off_,NOUN,12602
offed,VERB,25522
offer,PRON,14440
offer's,VERB,14440
offered,VERB,14440
offering,VERB,14437
offering's,VERB,14437
offerings,VERB,14440
offers,VERB,25522
office,VERB,15911
office's,VERB,15911
office_worker,PREP,29231
officer,VERB,15911
officers,VERB,15911
offices,VERB,15911
offing,VERB,25522
offings,VERB,25522
offs,VERB,25522
offspring,PREP,15912
offspring's,VERB,15912
often,ADJ,15913
oftener,VERB,15913
oftenest,VERB,15913
oil,VERB,15914
oil's,VERB,25127
oil_,VERB,25127
oil_energy,VERB,25128
oil_gauge,VERB,23162
oil_lamp,VERB,21362
oil_power,VERB,25128
oil_tanker,VERB,22071
oiled,VERB,25127
oiling,VERB,25127
oils,VERB,25127
ointment,VERB,29547
ointment's,VERB,29547
ointments,VERB,29547
ok,ADJ,14463
ok's,VERB,14463
okay,ADJ,14463
okay's,VERB,14463
okaying,VERB,14463
okays,VERB,14463
oked,VERB,14463
oking,VERB,14463
okra,VERB,24706
okra's,VERB,24706
okras,VERB,24706
oks,VERB,14463
old,ADJ,15916
old's,VERB,15916
old-age_pension,VERB,24493
old_,ADJ,15915
old_testament,VERB,21070
olden,VERB,15916
older,VERB,15916
oldest,VERB,15916
oldness,VERB,15916
olfaction,VERB,25940
olive,VERB,15917
olive's,VERB,15917
olives,VERB,15917
olympic_games,VERB,25130
olympics,VERB,25130
olympics's,VERB,25130
omelet,VERB,22139
omelet's,VERB,22139
omelets,VERB,22139
omelette,VERB,22139
omnivore,VERB,26214
omnivore's,VERB,26214
omnivores,VERB,26214
on,NOUN,12324
on_board,ADJ,23401
once,ADJ,15919
once's,VERB,15919
once_upon_a_time,NOUN,26215
one,PREP,14688
one's,PREP,14716
one-half,NOUN,24906
one-wheeled_vehicle,VERB,26257
one_,NOUN,8497
one_another,NOUN,25052
one_quarter,NOUN,24932
one_storey_building,VERB,23163
one_storey_home,VERB,23164
one_third,NOUN,26064
oneness,VERB,14688
ones,VERB,14688
oneself,PREP,16752
ongoing,ADJ,24285
onion,VERB,18006
onion's,VERB,18006
onions,VERB,14688
online_game,VERB,26216
online_shop,VERB,29404
online_store,VERB,29404
only,ADJ,12363
oops,OTHER,28083
open,ADJ,15921
open's,VERB,15922
open-,PRON,15922
open_mouth,VERB,25916
open_one's_mouth,PRON,25919
opened,VERB,15922
opener,VERB,22394
opener's,VERB,22394
openers,VERB,15922
openest,VERB,15922
opening,VERB,15923
opening's,VERB,15923
openings,VERB,15922
openly,VERB,15922
openness,VERB,15922
opens,VERB,15922
opera,VERB,23597
opera's,VERB,23597
operas,VERB,23597
operation,VERB,15924
operation's,VERB,15924
ophthalmologist,PREP,21578
ophthalmologist's,VERB,21578
ophthalmologists,VERB,21578
opinion,VERB,15925
opinion's,VERB,15925
opossum,VERB,15926
opossum's,VERB,15926
opossums,VERB,15926
oppose,VERB,16421
oppose-,PRON,16421
opposed,VERB,16421
opposed_to,NOUN,12351
opposes,VERB,16421
opposing,VERB,16421
opposing_forces,VERB,25589
opposite,OTHER,15927
opposite's,VERB,15927
opposite_meaning,OTHER,15927
opposite_of,OTHER,15927
oppositely,VERB,15927
opposites,VERB,15927
opposition,VERB,15928
opposition's,VERB,15928
oppositions,VERB,15927
oppressed,ADJ,25131
oppression,VERB,25132
oppression's,VERB,25132
optician,PREP,23598
optician's,VERB,23598
opticians,VERB,23598
or,NOUN,15929
oral_cavity,VERB,27100
oral_sex,VERB,15930
orange,VERB,15933
orange's,VERB,15933
orange_,NOUN,15931
orangeness,VERB,15933
oranges,VERB,15933
orb_web,VERB,25809
orbit,VERB,24249
orbit's,VERB,24249
orbit-,PRON,16690
orbit_of_the_moon,VERB,26217
orbited,VERB,24249
orbiter,VERB,24249
orbiters,VERB,24249
orbiting,VERB,24249
orbits,VERB,24249
orchard,VERB,15934
orchard's,VERB,15934
orchards,VERB,15934
orchestra,PREP,24873
orchestra's,VERB,24873
orchestra_,PREP,12624
orchestras,VERB,24873
order,ADJ,29548
order's,VERB,29548
order-,PRON,21335
ordered,VERB,29548
ordering,VERB,29548
orderlies,VERB,29550
orderliness,VERB,29550
orderly,PRON,29550
orderly's,VERB,29550
orders,VERB,29548
organ,VERB,23911
organ's,VERB,24202
organ__,VERB,24202
organic_compound,VERB,25525
organism,VERB,24494
organism's,VERB,24494
organisms,VERB,24494
organization,VERB,25348
organization's,VERB,25348
organizations,VERB,25348
organize,PRON,15935
organized,VERB,15935
organizes,VERB,15935
organizing,VERB,25348
organs,VERB,24202
orgasm,VERB,15936
orgasm's,VERB,15936
orgasms,VERB,15936
orienteer,PRON,25350
orienteer_-,PRON,25349
orienteering,VERB,25351
orienteering_,VERB,25351
ornament,VERB,24079
ornament's,VERB,24079
ornamented,VERB,24079
ornamenting,VERB,24079
ornaments,VERB,24079
orthopaedist,PREP,21577
orthopedist,PREP,21577
orthopedist's,VERB,21577
orthopedists,VERB,21577
orthoptist,PREP,21594
ossicle,VERB,26163
osteopath,PREP,21600
osteopath's,VERB,21600
ostrich,VERB,15937
ostrich's,VERB,15937
ostriches,VERB,15937
other,NOUN,13675
other's,VERB,13675
otherness,VERB,13675
others,VERB,13675
others_,PREP,25920
otolaryngologist,PREP,21576
our,PREP,15939
ours,PREP,15941
ours-,PREP,15939
ourselves,PREP,18212
ourselves-,PREP,18210
out,NOUN,15942
out's,VERB,15942
out_of,NOUN,15943
out_of_,NOUN,25133
out_of_body,VERB,25590
out_of_body_,VERB,25590
outcome,VERB,24495
outcome's,VERB,24495
outcomes,VERB,24495
outdoor,ADJ,22117
outdoor_,VERB,25591
outdoors,ADJ,22117
outdoors's,VERB,22117
outed,VERB,15942
outer,VERB,15942
outhouse,VERB,26324
outhouse's,VERB,26324
outhouses,VERB,26324
outing,VERB,15945
outing's,VERB,15945
outing_by_boat,VERB,29308
outings,VERB,15942
outs,VERB,15942
outside,NOUN,15942
outside's,VERB,15942
outsider,VERB,15942
outsiders,VERB,15942
outsides,VERB,15942
oval,VERB,15946
oval's,VERB,15946
ovals,VERB,15946
ovaries,VERB,15947
ovary,VERB,15947
ovary's,VERB,15947
oven,VERB,17273
oven's,VERB,17273
oven_mitt,VERB,22596
oven_paper,VERB,27101
oven_tray,VERB,22575
ovens,VERB,17273
ovenware,VERB,22576
over,NOUN,15948
over's,VERB,15948
overall,VERB,12411
overall's,VERB,12411
overalls,VERB,12411
overlay,VERB,23600
overlay's,VERB,23600
overlay_keyboard,VERB,23601
overlaying,VERB,23600
overlays,VERB,23600
overly,VERB,15948
overpass,VERB,12902
overpass's,VERB,12902
overpasses,VERB,12902
overs,VERB,15948
overspend,PRON,24707
overspending,VERB,24707
overspends,VERB,24707
overturn,PRON,25921
overturned,VERB,25921
overturning,VERB,25921
overturns,VERB,25921
ovum,VERB,13911
ovum's,VERB,13911
ovum_,VERB,13911
owl,VERB,15949
owl's,VERB,15949
owls,VERB,15949
own,PRON,15950
owned,VERB,15950
ownership,VERB,24925
ownership's,VERB,24925
owning,VERB,15950
owns,VERB,15950
ox,VERB,15951
ox's,VERB,15951
oxen,VERB,15951
oyster,VERB,15952
oyster's,VERB,15952
oysters,VERB,15952
p,NOUN,8536
p_,NOUN,8536
pa,PREP,14157
pa's,VERB,14157
pacifier,VERB,24496
pacifier's,VERB,24496
package,VERB,15966
packaged,VERB,15966
packages,VERB,15966
packaging,VERB,15966
paddle,VERB,22067
paddle's,VERB,22068
paddle_,VERB,22068
paddle_boat,VERB,22088
paddled,VERB,22068
paddler,VERB,22068
paddlers,VERB,22068
paddles,VERB,22068
paddling,VERB,22068
paddling_pool,VERB,18026
paddock,VERB,24203
paddock's,VERB,24203
paddocked,VERB,24203
paddocking,VERB,24203
paddocks,VERB,24203
paediatrician,PREP,21574
page,VERB,15962
page's,VERB,15962
paged,VERB,15962
pager,VERB,15962
pagers,VERB,15962
pages,VERB,15962
paging,VERB,15962
pail,VERB,15953
pail's,VERB,15953
pails,VERB,15953
pain,VERB,15954
pain's,VERB,15954
pain_,PRON,14913
pained,VERB,15954
painful,ADJ,15955
painfully,ADJ,15955
painfulness,VERB,15955
paining,VERB,15954
pains,VERB,15954
paint,VERB,15956
paint's,VERB,15956
paint_box,VERB,28062
painted,VERB,15956
painter,PREP,15958
painter's,VERB,15958
painterly,VERB,15958
painters,VERB,15956
painting,VERB,16172
painting's,VERB,16172
paintings,VERB,15956
paints,VERB,15956
pair,VERB,15959
pair's,VERB,15959
paired,VERB,15959
pairing,VERB,15959
pairs,VERB,15959
pajama,VERB,16442
pajamas,VERB,16442
palace,VERB,23437
palace's,VERB,23438
palace_,VERB,23438
palaces,VERB,23438
palatable,VERB,27102
palate,VERB,27102
palate's,VERB,27102
palates,VERB,27102
palm,VERB,15960
palm's,VERB,15960
palmed,VERB,15960
palming,VERB,15960
palms,VERB,15960
palmtop,VERB,23602
palmtop's,VERB,23602
palmtops,VERB,23602
palsied,VERB,26322
palsies,VERB,26322
palsy,VERB,26322
palsy's,VERB,26322
palsying,VERB,26322
pan,VERB,16229
pan's,VERB,16229
pancake,VERB,23603
pancake's,VERB,23603
pancaked,VERB,23603
pancakes,VERB,23603
pancaking,VERB,23603
pancreas,VERB,25481
pancreas's,VERB,25481
pancreases,VERB,25481
pandemic,VERB,27103
pandemic's,VERB,27103
pandemics,VERB,27103
panic,VERB,24831
panic's,VERB,24831
panics,VERB,24831
panpipe,VERB,23912
pans,VERB,16229
panties,VERB,17971
pants,VERB,15961
pantyhose,VERB,17264
pantyhose's,VERB,17264
papa,PREP,14157
papa's,VERB,14157
papas,VERB,14157
paper,VERB,15962
paper's,VERB,15962
paper_clip,VERB,25922
paper_craft,VERB,24204
paper_cutter,VERB,29254
paper_money,VERB,23604
paper_roll,VERB,27158
paper_shredder,VERB,29083
paperboard,VERB,25851
paperboard's,VERB,25851
papered,VERB,15962
paperer,VERB,15962
paperers,VERB,15962
papering,VERB,15962
papers,VERB,15962
papilloma,VERB,24329
papilloma_,VERB,24329
parable,VERB,25876
parable's,VERB,25876
parables,VERB,25876
parachute,VERB,22105
parachute's,VERB,22105
parachute_harness,VERB,24205
parachuted,VERB,22105
parachutes,VERB,22105
parachuting,VERB,22106
parakeet,VERB,15963
parakeet's,VERB,15963
parakeets,VERB,15963
parallel,VERB,15964
parallel's,VERB,15964
paralleled,VERB,15964
paralleling,VERB,15964
parallelogram,VERB,29059
parallelogram's,VERB,29059
parallelograms,VERB,29059
parallels,VERB,15964
paralysis,VERB,26322
paralysis's,VERB,26322
parasailing,VERB,22112
paraskiing,VERB,22113
paratrooper,PREP,15965
paratrooper's,VERB,15965
parcel,VERB,15966
parcel's,VERB,15966
parceled,VERB,15966
parceling,VERB,15966
parcels,VERB,15966
pardon,OTHER,15967
pardon's,VERB,15967
pardon-,PRON,14388
pardonable,VERB,15967
pardoned,VERB,15967
pardoner,VERB,15967
pardoners,VERB,15967
pardoning,VERB,15967
pardons,VERB,15967
parent,PREP,15968
parent's,VERB,15968
parented,VERB,15968
parenting,VERB,15968
parents,VERB,15968
park,VERB,15969
park's,VERB,23913
park-,PRON,23913
parked,VERB,23913
parking,VERB,23913
parking_app,VERB,29609
parking_lot,VERB,24206
parking_machine,VERB,29638
parking_meter,VERB,29638
parking_permit,VERB,23914
parking_ticket,VERB,23915
parks,VERB,23913
parlor,VERB,15224
parlor's,VERB,15224
parlors,VERB,15224
parlour,VERB,15224
parrot,VERB,15970
parrot's,VERB,15970
parroted,VERB,15970
parroting,VERB,15970
parrots,VERB,15970
parsnip,VERB,15971
parsnip's,VERB,15971
parsnips,VERB,15971
part,OTHER,15972
part-time_employee,PREP,29222
part_of,OTHER,15972
part_of_speech,VERB,27104
parted,VERB,15972
participant,PREP,23916
participant's,VERB,23916
participants,VERB,23916
participate,VERB,23917
participate-,PRON,23917
participated,VERB,23917
participates,VERB,23917
participating,VERB,23917
participation,VERB,23918
participation's,VERB,23918
particle,VERB,27080
particle's,VERB,27080
particles,VERB,27080
particular,ADJ,17223
particular's,VERB,17223
particularly,VERB,17223
particulars,VERB,17223
partied,VERB,15973
parties,VERB,15973
parting,VERB,25592
parting's,VERB,25592
partings,VERB,25592
partner,PREP,17237
partner's,VERB,25762
partner_,PREP,25762
partnered,VERB,25762
partnering,VERB,25762
partners,VERB,25762
parts,VERB,15972
parturition,VERB,12842
parturition's,VERB,12842
party,VERB,15973
party's,VERB,15973
partying,VERB,15973
pas,VERB,14157
pass,VERB,17729
pass's,VERB,29513
pass-,PRON,13404
pass_,ADJ,29513
pass_out,VERB,26305
pass_out-,PRON,26305
pass_water,PRON,17989
passenger,VERB,23605
passenger's,VERB,23605
passengers,VERB,23605
passive,ADJ,25136
passive's,VERB,25136
passively,VERB,25136
passiveness,VERB,25136
passives,VERB,25136
passivity,VERB,25137
passivity's,VERB,25137
passover,VERB,15974
passover's,VERB,15974
passovers,VERB,15974
passport,VERB,24207
passport's,VERB,24207
passports,VERB,24207
password,VERB,25032
password's,VERB,25032
passwords,VERB,25032
past,VERB,15975
past's,VERB,15975
past_,ADJ,12670
past_tense,VERB,27105
pasta,VERB,22129
pasta's,VERB,22129
pasta_salad,VERB,22306
pasta_wheel,VERB,22132
pastas,VERB,22129
paste,VERB,14447
paste's,VERB,14447
pasted,VERB,14447
pastes,VERB,14447
pastime,VERB,14718
pastime's,VERB,14718
pastimes,VERB,14718
pasting,VERB,14447
pastor,PREP,15473
pastor's,VERB,15473
pastors,VERB,15473
pastries,VERB,22123
pastry,VERB,22123
pastry's,VERB,22123
pastry_shop,VERB,29060
pasts,VERB,15975
pasture,VERB,24208
pasture's,VERB,24208
pastured,VERB,24208
pastures,VERB,24208
pasturing,VERB,24208
pate,VERB,26323
pate's,VERB,26323
paten,VERB,21366
pates,VERB,26323
path,VERB,14157
patience,VERB,15976
patience's,VERB,15976
patient,ADJ,25765
patient's,VERB,25766
patient_,PREP,25766
patientest,VERB,25766
patients,VERB,25766
patisserie,VERB,29060
patisseries,VERB,29060
pavement,VERB,24209
pavement's,VERB,24209
pavements,VERB,24209
paw,VERB,15978
paw's,VERB,15978
pawed,VERB,15978
pawing,VERB,15978
paws,VERB,15978
pay,PRON,15979
pay_channel,VERB,24708
payable,VERB,15979
paying,VERB,15979
payment,VERB,15979
pays,VERB,15979
pda,VERB,23602
pea,VERB,15987
pea's,VERB,15987
peace,VERB,15981
peace's,VERB,15981
peace_,VERB,15980
peace_of_mind,VERB,15981
peaceful,ADJ,15982
peacefully,VERB,15982
peacefulness,VERB,15982
peaces,VERB,15981
peach,VERB,15983
peach's,VERB,15983
peaches,VERB,15983
peacock,VERB,15984
peacock's,VERB,15984
peacocks,VERB,15984
peak,VERB,16212
peak's,VERB,16212
peaked,VERB,16212
peaking,VERB,16212
peaks,VERB,16212
peanut,VERB,27106
peanut's,VERB,27106
peanut_butter,VERB,15985
peanuts,VERB,27106
pear,VERB,15986
pear's,VERB,15986
pearly,VERB,15986
pears,VERB,15986
peas,VERB,15987
pedagogue,PREP,23675
pedagogue's,VERB,23675
pedagogues,VERB,23675
pedagogy,VERB,23607
pedagogy's,VERB,23607
pedal_boat,VERB,22088
pedalo,VERB,22088
pedalos,VERB,22088
pediatrician,PREP,21574
pediatrician's,VERB,21574
pediatricians,VERB,21574
pee,PRON,17989
pee's,VERB,17989
peed,VERB,17989
peel,VERB,15988
peel's,VERB,15989
peel-,PRON,15989
peeled,VERB,15989
peeler,VERB,15989
peelers,VERB,15989
peeling,VERB,15989
peelings,VERB,15989
peels,VERB,15989
peer,PREP,23165
peer's,VERB,23165
peered,VERB,23165
peering,VERB,23165
peers,VERB,17989
pees,VERB,17989
pegasus,VERB,23608
pegasus's,VERB,23608
pegasuses,VERB,23608
pelican,VERB,15990
pelican's,VERB,15990
pelicans,VERB,15990
pelt,VERB,12387
pelt's,VERB,12387
pelted,VERB,12387
pelting,VERB,12387
pelts,VERB,12387
pen,VERB,15991
pen's,VERB,15991
penalties,VERB,28063
penalty,VERB,28063
penalty's,VERB,28063
penalty_,VERB,28063
penalty_card,VERB,28069
penalty_card_,VERB,28069
pencil,VERB,15991
pencil's,VERB,15991
pencil_box,VERB,23166
pencil_case,VERB,23166
penciled,VERB,15991
penciling,VERB,15991
pencilings,VERB,15991
pencils,VERB,15991
penetrate,PRON,15992
penetrate-,PRON,13940
penetrated,VERB,15992
penetrates,VERB,15992
penetrating,VERB,15992
penetration,VERB,15992
penetrations,VERB,15992
penetrative,VERB,15992
penguin,VERB,15993
penguin's,VERB,15993
penguins,VERB,15993
penis,VERB,15994
penis's,VERB,15994
penises,VERB,15994
penmanship,VERB,23107
penmanship's,VERB,23107
penmanship_,VERB,23107
pennywhistle,VERB,23920
pens,VERB,8536
pensioner,PREP,24497
pensioner's,VERB,24497
pentagon,VERB,29061
pentagon's,VERB,29061
pentagons,VERB,29061
pentateuch,VERB,13182
pentateuch's,VERB,13182
people,VERB,21609
people's,VERB,21609
people_in_the_north,VERB,25923
people_in_the_north_,VERB,25923
peopled,VERB,21609
peoples,VERB,21609
peopling,VERB,21609
pep_mask,VERB,25354
pepper,VERB,15995
pepper's,VERB,15995
pepper_,VERB,15995
pepper_sauce,VERB,22326
peppered,VERB,15995
peppering,VERB,15995
peppers,VERB,15995
peppery,ADJ,14901
per,VERB,8536
percent,VERB,8484
percent's,VERB,8484
percentage,VERB,8484
percentage's,VERB,8484
percentages,VERB,8484
percents,VERB,8484
perch,VERB,25355
perch's,VERB,25355
perch_,VERB,25355
perched,VERB,25355
perches,VERB,25355
perching,VERB,25355
percussion_instrument,VERB,23921
perfect,ADJ,21345
perfect's,VERB,21345
perfected,VERB,21345
perfecter,VERB,21345
perfectest,VERB,21345
perfecting,VERB,21345
perfection,VERB,21344
perfection's,VERB,21344
perfections,VERB,21344
perfectly,VERB,21345
perfectness,VERB,21345
perfects,VERB,21345
perform,VERB,23609
perform-,PRON,23609
performance,VERB,23610
performance's,VERB,23610
performances,VERB,23610
performed,VERB,23609
performer,VERB,23609
performers,VERB,23609
performing,VERB,23609
performs,VERB,23609
perfume,VERB,15997
perfume's,VERB,15997
perfumed,VERB,15997
perfumer,VERB,15997
perfumeries,VERB,29062
perfumers,VERB,15997
perfumery,VERB,29062
perfumery's,VERB,29062
perfumes,VERB,15997
perfuming,VERB,15997
perhaps,ADJ,16226
period,NOUN,8486
period's,VERB,25356
period_,VERB,25356
period_of_life,VERB,26218
periods,VERB,25356
permeable_material,VERB,25357
permissable,ADJ,28002
permission,VERB,24926
permission's,VERB,24926
permissions,VERB,24926
permit,VERB,15196
permit's,VERB,15196
permit-,PRON,15196
permits,VERB,15196
permitted,ADJ,28003
perpendicular,VERB,15998
perpendicular's,VERB,15998
perpendicularly,VERB,15998
perpendiculars,VERB,15998
perseverance,VERB,21318
perseverance's,VERB,21318
persevere,VERB,21319
persevere-,PRON,21319
persevered,VERB,21319
perseveres,VERB,21319
persevering,VERB,21319
persian,VERB,25358
persian's,VERB,25358
persian_,VERB,25358
persians,VERB,25358
person,PREP,16161
person's,VERB,16161
personal_assistant,PREP,14706
personal_measurement,VERB,25359
personalities,VERB,24210
personality,VERB,24210
personality's,VERB,24210
persons,VERB,16161
perspiration,VERB,17475
perspiration's,VERB,17475
perspire,VERB,17474
perspire-,PRON,17474
perspired,VERB,17474
perspires,VERB,17474
perspiring,ADJ,26252
persuadable,VERB,21311
persuade,PRON,21311
persuaded,VERB,21311
persuader,VERB,21311
persuaders,VERB,21311
persuades,VERB,21311
persuading,VERB,21311
persuasion,VERB,24927
persuasion's,VERB,24927
persuasions,VERB,24927
pessaries,VERB,13671
pessary,VERB,13671
pest,VERB,8536
pet,VERB,16168
pet's,VERB,16168
pet_fish,VERB,14452
pet_shop,VERB,29063
pet_store,VERB,29063
peter,VERB,16168
peters,VERB,16168
petrol,VERB,14425
petrol's,VERB,14425
petrol_station,VERB,29642
pets,VERB,16168
petticoat,VERB,17012
petticoat's,VERB,17012
petticoats,VERB,17012
pew,VERB,12665
pew's,VERB,12665
pews,VERB,12665
phantasy,VERB,24895
phantom,PREP,23520
phantom's,VERB,23520
phantoms,VERB,23520
pharmacies,VERB,23072
pharmacist,PREP,23611
pharmacist's,VERB,23611
pharmacists,VERB,23611
pharmacy,VERB,23072
pharmacy's,VERB,23072
phase_of_the_moon,VERB,26204
philosopher,PREP,23612
philosopher's,VERB,23613
philosopher_,PREP,23613
philosophers,VERB,23613
philosophies,VERB,23615
philosophy,VERB,23614
philosophy's,VERB,23615
philosophy_,VERB,23615
philosophy_of_religion,VERB,23681
phoneme,VERB,27107
phoneme's,VERB,27107
phonemes,VERB,27107
phonology,VERB,27108
phonology's,VERB,27108
photo,VERB,16169
photo's,VERB,16169
photo_album,VERB,29320
photocopier,VERB,23456
photocopier's,VERB,23456
photoed,VERB,16169
photograph,VERB,16169
photograph's,VERB,29319
photograph-,PRON,29319
photographed,VERB,29319
photographer,VERB,29319
photographers,VERB,29319
photographing,VERB,29319
photoing,VERB,16169
photos,VERB,16169
phrase,VERB,16760
phrased,VERB,16760
phrases,VERB,16760
phrasing,VERB,16760
physical_disability,VERB,26020
physical_impairment,VERB,26020
physician,PREP,13861
physician's,VERB,13861
physicians,VERB,13861
physicist,PREP,24928
physicist's,VERB,24928
physicists,VERB,24928
physics,VERB,21556
physics's,VERB,23167
physics_,VERB,23167
physiotherapist,PREP,21592
physiotherapist's,VERB,21592
physiotherapists,VERB,21592
physiotherapy,VERB,24211
physiotherapy's,VERB,24211
physiotherapy_room,VERB,24212
piano,VERB,23922
piano's,VERB,23922
piano_,VERB,23922
pianos,VERB,23922
pic,VERB,16169
pic's,VERB,16169
piccolo,VERB,23924
piccolo's,VERB,23924
piccolo_,VERB,23924
piccolos,VERB,23924
pick,PRON,13178
pick's,VERB,24709
pick-,PRON,24709
picked,VERB,24709
picker,VERB,24709
pickers,VERB,24709
picking,VERB,24709
pickings,VERB,24709
pickled,ADJ,22350
picks,VERB,24709
picnic,VERB,16171
picnic's,VERB,16171
picnics,VERB,16171
pics,VERB,16169
picture,VERB,16172
picture's,VERB,29326
picture_,VERB,29326
picture_on_skin,VERB,25501
picture_puzzle,VERB,29335
pictured,VERB,29326
pictures,VERB,29326
picturing,VERB,29326
piddle,PRON,17989
piddle's,VERB,17989
piddled,VERB,17989
piddles,VERB,17989
piddling,VERB,17989
pie,VERB,16173
pie's,VERB,16173
piece,OTHER,15972
piece's,VERB,15972
pieced,VERB,15972
pieces,VERB,15972
piecing,VERB,15972
pier,VERB,24857
pier's,VERB,24857
pier_,VERB,16174
pierce,VERB,25483
pierce-,PRON,25483
pierce_-,PRON,25482
pierced,VERB,25483
pierces,VERB,25483
piercing,VERB,25483
piercing's,VERB,25484
piercing_,VERB,25484
piercingly,VERB,25484
piercings,VERB,25483
pies,VERB,16173
pig,VERB,16175
pig's,VERB,25767
pig_,VERB,25767
piggeries,VERB,25768
piggery,VERB,25768
piglet,VERB,25769
piglet's,VERB,25769
piglets,VERB,25769
pigment,VERB,25767
pigs,VERB,25767
pigtail,VERB,25023
pigtail's,VERB,25023
pigtails,VERB,25023
pile,VERB,25033
pile's,VERB,25033
pile_of_snow,VERB,29262
piled,VERB,25033
piles,VERB,25033
piling,VERB,25033
pilings,VERB,25033
pill,VERB,12845
pill's,VERB,12845
pill_box,VERB,25138
pilled,VERB,12845
pilling,VERB,12845
pillow,VERB,16177
pillow's,VERB,16177
pillowcase,VERB,16178
pillowcase's,VERB,16178
pillowcases,VERB,16178
pillowed,VERB,16177
pillowing,VERB,16177
pillows,VERB,16177
pills,VERB,12845
pilot,PREP,16179
pilot's,VERB,16179
pilot_boat,VERB,22079
piloted,VERB,16179
piloting,VERB,16179
pilots,VERB,16179
pimple,VERB,16180
pimple's,VERB,16180
pimpled,VERB,16180
pimples,VERB,16180
pin,VERB,16181
pin's,VERB,16181
pincer,VERB,16205
pincer's,VERB,16205
pincer_,VERB,16205
pincer_grip,VERB,26219
pincers,VERB,16205
pinch,VERB,26219
pinch's,VERB,26219
pinched,VERB,26219
pinches,VERB,26219
pinching,VERB,26219
pineapple,VERB,16182
pineapple's,VERB,16182
pineapples,VERB,16182
ping,VERB,8536
ping-pong,VERB,26028
ping-pong_,VERB,26028
ping-pong__,VERB,16183
pings,VERB,8536
pink,VERB,16184
pink's,VERB,16184
pink_,NOUN,16184
pinked,VERB,16184
pinker,VERB,16184
pinkest,VERB,16184
pinking,VERB,16184
pinkness,VERB,16184
pinks,VERB,16184
pins,VERB,16181
pinto_bean,VERB,24021
pipe,VERB,16186
pipe's,VERB,16186
pipe_organ,VERB,23911
pipes,VERB,16186
pirate,PREP,23616
pirate's,VERB,23616
pirated,VERB,23616
pirates,VERB,23616
pirating,VERB,23616
pirogue,VERB,23643
pisces,VERB,22648
pisces's,VERB,22648
pisces_,VERB,22648
piss,PRON,17989
piss's,VERB,17989
pissed,VERB,17989
pisser,VERB,17989
pissers,VERB,17989
pisses,VERB,17989
pissing,VERB,17989
pistol,VERB,14670
pistol's,VERB,14670
pistols,VERB,14670
pit,VERB,16188
pit's,VERB,16188
pita,VERB,16190
pita's,VERB,16190
pitas,VERB,16190
pitch,VERB,23929
pitch's,VERB,23929
pitch_,VERB,23929
pitched,VERB,23929
pitcher,VERB,16191
pitcher's,VERB,16191
pitchers,VERB,23929
pitches,VERB,23929
pitching,VERB,23929
pits,VERB,16188
pizza,VERB,16192
pizza's,VERB,16192
pizza_slice,VERB,25594
pizzas,VERB,16192
pizzeria,VERB,27109
pizzeria's,VERB,27109
pizzerias,VERB,27109
place,VERB,16193
place-,PRON,16440
place_an_order,VERB,29549
place_an_order-,VERB,29549
place_to_feed,VERB,25924
placed,VERB,16440
placemat,VERB,22594
placement,VERB,16440
placenta,VERB,26021
placenta's,VERB,26021
placenta_,VERB,24213
placentas,VERB,26021
places,VERB,16440
placing,VERB,16440
plague,VERB,27110
plague's,VERB,27110
plagued,VERB,27110
plagues,VERB,27110
plaguing,VERB,27110
plain,ADJ,14961
plain's,VERB,14961
plainer,VERB,14961
plainest,VERB,14961
plainly,VERB,14961
plainness,VERB,14961
plains,VERB,14961
plait,VERB,25023
plait's,VERB,25023
plait-,PRON,25022
plaited,VERB,25023
plaiting,VERB,25023
plaits,VERB,25023
plan,VERB,16194
plan's,VERB,16194
plane,VERB,12357
plane_crash,VERB,13437
plane_ticket,VERB,29302
planed,VERB,12357
planer,VERB,16194
planers,VERB,16194
planes,VERB,12357
planet,VERB,22834
planet's,VERB,22834
planets,VERB,22834
planing,VERB,12357
planner,PREP,23469
planner's,VERB,23469
planners,VERB,23469
plans,VERB,16194
plant,VERB,14140
plant's,VERB,25925
plant-book,VERB,26221
plant-louse,VERB,25360
plant_,VERB,25925
planted,VERB,25925
planter,VERB,25925
planters,VERB,25925
planting,VERB,25925
plantings,VERB,25925
plants,VERB,25925
plaster_cast,VERB,13129
plastic,VERB,16197
plastic's,VERB,16197
plastic_bag,VERB,26222
plastic_wrap,VERB,27111
plastics,VERB,16197
plate,VERB,13690
plate's,VERB,13690
plates,VERB,13690
platform,VERB,24214
platform's,VERB,24290
platform_,VERB,24290
platform__,VERB,16198
platformed,VERB,24290
platforming,VERB,24290
platforms,VERB,24290
platter,VERB,13690
platter's,VERB,13690
platters,VERB,13690
play,VERB,16199
play's,VERB,23930
play-,PRON,16200
play_,VERB,23617
play_-,PRON,23930
play_football,VERB,16201
play_football-,PRON,16201
play_group,VERB,23558
play_house,VERB,25770
played,VERB,23930
playground,VERB,16202
playground's,VERB,16202
playgrounds,VERB,16202
playhouse,VERB,25770
playhouse's,VERB,25770
playhouses,VERB,25770
playing,VERB,23930
playing_cards,VERB,13122
playroom,VERB,16203
playroom's,VERB,16203
playrooms,VERB,16203
plays,VERB,23930
plaza,VERB,23207
plaza's,VERB,23207
plazas,VERB,23207
plead,VERB,21334
plead-,PRON,21334
pleaded,VERB,21334
pleader,VERB,21334
pleaders,VERB,21334
pleading,VERB,21334
pleadings,VERB,21334
pleads,VERB,21334
pleasant,ADJ,15717
pleasantest,VERB,15717
pleasantly,VERB,15717
pleasantness,VERB,15717
please,OTHER,16204
please-,PRON,12372
pleased,VERB,16204
pleases,VERB,16204
pleasing,VERB,16204
pleasurable,VERB,14675
pleasure,VERB,14675
pleasure's,VERB,14675
pleasured,VERB,14675
pleasures,VERB,14675
pleasuring,VERB,14675
pleat,VERB,14375
pleat's,VERB,14375
pleat-,PRON,14375
pleated,VERB,14375
pleating,VERB,25564
pleats,VERB,14375
pledge,VERB,16417
pledge's,VERB,16417
pledge-,PRON,16417
pledged,VERB,16417
pledges,VERB,16417
pledging,VERB,16417
pliers,VERB,16205
pliers's,VERB,16205
plough,VERB,16206
plough_,VERB,26223
plow,VERB,29551
plow's,VERB,29551
plow-,ADJ,29551
plowed,VERB,29551
plowing,VERB,29551
plows,VERB,29551
pluck,PRON,26220
pluck's,VERB,26220
plucked,VERB,26220
plucking,VERB,26220
plucks,VERB,26220
plug,VERB,16207
plug_in,PRON,24710
plugs,VERB,16207
plum,VERB,16208
plum's,VERB,16208
plumber,PREP,29244
plumber's,VERB,29244
plumed,VERB,16208
pluming,VERB,16208
plums,VERB,16208
plural,VERB,27112
plural's,VERB,27112
plurals,VERB,27112
plus,NOUN,12374
plus's,VERB,12374
plus_minus,NOUN,25595
plus_sign,VERB,25596
plus_sign_,VERB,25596
pluses,VERB,12374
pluto,VERB,24498
pluto's,VERB,24498
pluto_,VERB,24498
poach,VERB,16987
poach-,PRON,16987
poached,VERB,16987
poached_egg,VERB,22141
poacher,VERB,16987
poachers,VERB,16987
poaches,VERB,16987
poaching,VERB,16987
pocket,VERB,16209
pocket's,VERB,16209
pocketbook,VERB,16438
pocketbook's,VERB,16438
pocketbooks,VERB,16438
pocketed,VERB,16209
pocketing,VERB,16209
pockets,VERB,16209
pod,VERB,22837
pod's,VERB,22837
podiatrist,PREP,21596
podiatrist's,VERB,21596
podiatrists,VERB,21596
pods,VERB,22837
poem,VERB,16210
poem's,VERB,16210
poems,VERB,16210
poetry,VERB,16211
poetry's,VERB,16211
poikilotherm,VERB,26121
point,NOUN,8486
point's,VERB,8486
point_of_view,VERB,16214
pointed,VERB,8486
pointer,VERB,26059
pointer's,VERB,26059
pointers,VERB,8486
pointing,VERB,23619
pointing_device,VERB,23593
points,VERB,8486
poise,VERB,25843
poise's,VERB,25844
poise-,PRON,25844
poised,VERB,25844
poises,VERB,25844
poising,VERB,25844
poison,VERB,16215
poison's,VERB,16215
poisoned,VERB,16215
poisoner,VERB,16215
poisoners,VERB,16215
poisoning,VERB,16215
poisonings,VERB,16215
poisons,VERB,16215
poland,VERB,25139
poland's,VERB,25139
polar_bear,VERB,25926
polar_night,VERB,25927
polder,VERB,21539
polder_,VERB,21539
pole,VERB,27114
pole's,VERB,27114
pole_vaulting,VERB,21844
polenta,VERB,16216
poles,VERB,27114
police,PREP,14146
police's,VERB,14146
police_car,VERB,29607
police_force,PREP,14146
police_officer,PREP,16217
policed,VERB,14146
policeman,PREP,16217
policeman's,VERB,16217
polices,VERB,14146
policewoman,PREP,16217
policewoman's,VERB,16217
policing,VERB,14146
polish,VERB,18264
polish's,VERB,18264
polish-,PRON,18264
polished,VERB,18264
polisher,VERB,22390
polisher's,VERB,22390
polishers,VERB,18264
polishes,VERB,18264
polishing,VERB,18264
politician,PREP,24215
politician's,VERB,24215
politicians,VERB,24215
politics,VERB,24216
politics's,VERB,24216
pollen,VERB,27115
pollen's,VERB,27115
pollinate,VERB,29552
pollinate-,VERB,29552
pollinated,VERB,29552
pollinates,VERB,29552
pollinating,VERB,29552
pollination,VERB,29552
pollution,VERB,16218
pollution's,VERB,16218
polo,VERB,22098
polo's,VERB,22098
polygon,VERB,29064
polygon's,VERB,29064
polygon_,VERB,29064
polygons,VERB,29064
polytheism,VERB,21026
polytheism's,VERB,21026
poncho,VERB,26286
poncho's,VERB,26286
ponchos,VERB,26286
pond,VERB,15168
pond's,VERB,15168
ponds,VERB,15168
pontoon_boat,VERB,22087
pool,VERB,16219
pool's,VERB,16219
pooled,VERB,16219
pooling,VERB,16219
pools,VERB,16219
poop,VERB,12884
poop's,VERB,12884
pooped,VERB,12884
pooping,VERB,12884
poops,VERB,12884
poor,VERB,16220
poor_,ADJ,16220
poorer,VERB,16220
poorest,VERB,16220
poorly,VERB,16220
poorness,VERB,16220
pop,PREP,14157
pop's,VERB,14157
pop_music,VERB,23931
popcorn,VERB,16221
popcorn's,VERB,16221
pope,PREP,21057
pope's,VERB,21057
popes,VERB,21057
pops,VERB,14157
popsicle,VERB,22368
popsicle's,VERB,22368
porch,VERB,12620
porch's,VERB,12620
porches,VERB,12620
porcupine,VERB,23620
porcupine's,VERB,23620
porcupine_,VERB,16222
porcupines,VERB,23620
pork,VERB,16223
pork's,VERB,16223
porker,VERB,16223
porkers,VERB,16223
porpoise,VERB,13864
porpoise's,VERB,13864
porpoised,VERB,13864
porpoises,VERB,13864
porpoising,VERB,13864
porridge,VERB,23621
porridge's,VERB,23621
port,VERB,24712
port_,VERB,24712
portability,VERB,24714
portability's,VERB,24714
portable,ADJ,24715
portable's,VERB,24715
portables,VERB,24715
ported,VERB,24712
porting,VERB,24712
portion,OTHER,15972
portion's,VERB,15972
portioned,VERB,15972
portioning,VERB,15972
portions,VERB,15972
ports,VERB,24712
portugal,VERB,25140
portugal's,VERB,25140
position,VERB,16224
position's,VERB,16224
positions,VERB,16224
positive,NOUN,16225
positive's,VERB,16225
positive_outcome,VERB,28064
positively,VERB,16225
positiveness,VERB,16225
positives,VERB,16225
possess,VERB,15950
possess-,PRON,15950
possessed,VERB,15950
possesses,VERB,15950
possessing,VERB,15950
possession,VERB,24925
possession's,VERB,24925
possessions,VERB,24925
possessive,VERB,15950
possibilities,VERB,15436
possibility,VERB,15436
possibility's,VERB,15436
possible,ADJ,25831
possible's,VERB,25831
possibles,VERB,25831
possibly,ADJ,16226
possum,VERB,15926
possum's,VERB,15926
possums,VERB,15926
post,VERB,15198
post's,VERB,15408
post-,PRON,15408
post-it_note,VERB,29065
post_office,VERB,16228
post_position,VERB,27116
postbox,VERB,15409
postboxes,VERB,15409
postcard,VERB,16227
postcard's,VERB,16227
postcards,VERB,16227
posted,VERB,15408
poster,VERB,15408
posters,VERB,15408
posting,VERB,15408
postings,VERB,15408
postman,PREP,15199
postman's,VERB,15199
posts,VERB,15408
pot,VERB,16191
pot's,VERB,16191
pot_stand,VERB,22595
potato,VERB,16230
potato's,VERB,16230
potato_chip,VERB,24716
potato_chips,VERB,16231
potential,VERB,12322
potential's,VERB,12322
potentially,VERB,12322
potentials,VERB,12322
potholder,VERB,22596
potholder's,VERB,22596
potholders,VERB,22596
pots,VERB,16191
pots_and_pans,VERB,26290
potted_plant,VERB,29602
potteries,VERB,24048
pottery,VERB,24048
pottery's,VERB,24048
pottier,VERB,24717
potties,VERB,24717
pottiest,VERB,24717
pottiness,VERB,24717
potty,VERB,24717
potty's,VERB,24717
pouch,VERB,13403
pouch's,VERB,13403
pouched,VERB,13403
pouched_mammal,VERB,12384
pouches,VERB,13403
pouching,VERB,13403
poultry,VERB,13165
poultry's,VERB,13165
pound_sterling,VERB,16232
poverty,VERB,21306
poverty's,VERB,21306
powder,VERB,16233
powder's,VERB,16233
powdered,VERB,16233
powdered_sugar,VERB,25771
powdering,VERB,16233
powders,VERB,16233
power,VERB,24718
power's,VERB,24718
power_,VERB,16234
power_plant,VERB,25141
power_shovel,VERB,25707
power_station,VERB,25141
powered,VERB,24718
powerful,ADJ,17444
powerfully,VERB,17444
powerfulness,VERB,26022
powerfulness_,VERB,24718
powering,VERB,24718
powers,VERB,24718
practicable,VERB,29221
practice,PRON,16235
practice's,VERB,29221
practice-,VERB,29221
practiced,VERB,29221
practices,VERB,29221
practicing,VERB,29221
practise,PRON,16235
pram,VERB,12605
pram's,VERB,12605
pram_straps,VERB,24217
prams,VERB,12605
prawn,VERB,23168
prawn's,VERB,23168
prawned,VERB,23168
prawning,VERB,23168
prawns,VERB,23168
pray,VERB,16236
pray-,PRON,16236
prayed,VERB,16236
prayer,VERB,16237
prayer's,VERB,16237
prayer_,VERB,12891
prayer_book,VERB,16238
prayers,VERB,16236
praying,VERB,16236
prays,VERB,16236
preach,VERB,21310
preach-,PRON,21310
preached,VERB,21310
preacher,PREP,15473
preacher's,VERB,15473
preachers,VERB,21310
preaches,VERB,21310
preaching,VERB,21310
preachment,VERB,21310
preceding,ADJ,24218
preceding_,ADJ,16239
precious,ADJ,25142
precious_thing,VERB,25143
preciously,VERB,25142
preciousness,VERB,25142
predict,VERB,21051
predict-,PRON,21051
predictable,VERB,21051
predicted,VERB,21051
predicting,VERB,21051
prediction,VERB,21048
prediction's,VERB,21048
predictions,VERB,21048
predictive,VERB,21051
predicts,VERB,21051
prefix,VERB,27117
prefix's,VERB,27117
prefixed,VERB,27117
prefixes,VERB,27117
prefixing,VERB,27117
pregnancies,VERB,16240
pregnancy,VERB,16240
pregnancy's,VERB,16240
pregnant,ADJ,16241
pregnant_,ADJ,16242
premature_birth,VERB,16243
preparation,VERB,24929
preparation's,VERB,24929
preparation_,VERB,22908
preparations,VERB,24929
prepare,PRON,16244
prepare_food,PRON,16245
prepared,ADJ,16466
preparedness,VERB,24929
preparedness's,VERB,24929
prepares,VERB,16244
preparing,VERB,16244
preposition,VERB,27118
preposition's,VERB,27118
prepositions,VERB,27118
presbyopia,VERB,26192
presbyopia's,VERB,26192
presbyopic,ADJ,26193
preschool,VERB,23558
preschool's,VERB,23558
preschool_teacher,PREP,29225
preschooler,VERB,23558
preschoolers,VERB,23558
preschools,VERB,23558
prescription,VERB,24219
prescription's,VERB,24219
prescriptions,VERB,24219
present,VERB,14437
present's,VERB,23547
present-,PRON,23547
present_tense,VERB,27119
presentable,VERB,23547
presentation,VERB,24499
presentation's,VERB,24499
presentations,VERB,24499
presented,VERB,23547
presenter,VERB,23547
presenters,VERB,23547
presenting,VERB,23547
presently,VERB,23547
presentment,VERB,23547
presents,VERB,23547
preservable,VERB,15143
preserve,PRON,15143
preserve's,VERB,15143
preserved,VERB,15143
preserver,VERB,15143
preservers,VERB,15143
preserves,VERB,14965
preserving,VERB,15143
preserving_jar,VERB,22588
president,PREP,24220
president's,VERB,24220
presidents,VERB,24220
press,VERB,24422
press-,PRON,24423
pressed,VERB,24423
presses,VERB,24423
pressing,VERB,24422
pressing's,VERB,24422
pressingly,VERB,24422
pressings,VERB,24422
pressure,VERB,23169
pressure's,VERB,23169
pressure_gauge,VERB,23170
pressured,VERB,23169
pressures,VERB,23169
pressuring,VERB,23169
pretend,ADJ,15411
pretended,VERB,15411
pretender,VERB,15411
pretenders,VERB,15411
pretending,VERB,15411
pretends,VERB,15411
prettied,VERB,12645
prettier,VERB,12645
pretties,VERB,12645
prettiest,VERB,12645
prettiness,VERB,12645
pretty,ADJ,12645
pretty's,VERB,12645
prettying,VERB,12645
previous,ADJ,24218
previously,VERB,24218
price,VERB,13417
price_rise,VERB,23171
priced,VERB,13417
prices,VERB,13417
pricing,VERB,13417
prick,VERB,16432
prick's,VERB,16432
prick-,PRON,16432
pricked,VERB,16432
pricker,VERB,16432
prickers,VERB,16432
pricking,VERB,16432
prickly,VERB,16432
pricks,VERB,16432
pride_parade,VERB,28065
priest,PREP,15473
priest's,VERB,15473
priestly,VERB,15473
priests,VERB,15473
primaries,VERB,14187
primary,ADJ,14187
primary's,VERB,14187
primary_school,VERB,23076
primate,VERB,15485
primate's,VERB,15485
primates,VERB,15485
prime_minister,PREP,24221
prince,PREP,23622
prince's,VERB,23622
princely,VERB,23622
princes,VERB,23622
princess,PREP,23623
princess's,VERB,23623
princesses,VERB,23623
principal,PREP,25772
principal's,VERB,25772
principally,VERB,25772
principals,VERB,25772
print,VERB,23624
print's,VERB,23624
print-,PRON,23624
printed,VERB,23624
printer,VERB,17962
printer's,VERB,17962
printers,VERB,17962
printing,VERB,23624
prints,VERB,23624
prior_to,NOUN,12656
prison,VERB,16250
prison's,VERB,16250
prison_officer,PREP,25144
prisoner,PREP,25145
prisoner's,VERB,25145
prisoners,VERB,16250
prisons,VERB,16250
private,ADJ,16251
private's,VERB,16251
privately,VERB,16251
privater,VERB,16251
privates,VERB,16251
privatest,VERB,16251
privation,VERB,16251
privations,VERB,16251
privier,VERB,26324
privies,VERB,26324
priviest,VERB,26324
privy,VERB,26324
privy's,VERB,26324
prize,VERB,25773
prize's,VERB,25773
prized,VERB,25773
prizes,VERB,25773
prizing,VERB,25773
probable,ADJ,16252
probable's,VERB,16252
probables,VERB,16252
probably,ADJ,16252
problem,VERB,16253
problem's,VERB,16253
problems,VERB,16253
proclaim,PRON,21337
proclamation,VERB,21338
proclamation's,VERB,21339
proclamation_,VERB,21339
proclamations,VERB,21339
produce,VERB,15410
produce-,PRON,15410
produced,ADJ,15420
producer,PREP,15412
producer's,VERB,15412
producers,VERB,15410
produces,VERB,15410
producing,VERB,15410
product,VERB,24803
production,VERB,23583
production's,VERB,23583
productions,VERB,23583
profession,VERB,21360
profession's,VERB,21360
professional_training,VERB,29219
professions,VERB,21360
program,VERB,24222
programme,VERB,24222
programs,VERB,24222
project,VERB,29066
project's,VERB,29066
projected,VERB,29066
projectile,VERB,25614
projectile's,VERB,25614
projectiles,VERB,25614
projecting,VERB,29066
projector,VERB,16254
projector's,VERB,16254
projectors,VERB,16254
projects,VERB,29066
promise,PRON,16417
promise's,VERB,16417
promised,VERB,16417
promises,VERB,16417
promising,VERB,16417
promote,VERB,23172
promote-,PRON,23172
promoted,VERB,23172
promoter,VERB,23172
promoters,VERB,23172
promoting,VERB,23172
promotion,VERB,23173
prone_board,VERB,21813
pronoun,VERB,27120
propeller,VERB,25362
propeller's,VERB,25362
propellers,VERB,25362
prophecies,VERB,21048
prophecy,VERB,21048
prophecy's,VERB,21048
prophesied,VERB,21049
prophesier,VERB,21049
prophesiers,VERB,21049
prophesies,VERB,21049
prophesy,VERB,21049
prophesy's,VERB,21049
prophesy-,PRON,21049
prophesying,VERB,21049
prophet,PREP,21050
prophet's,VERB,21050
prophets,VERB,21050
proposal,VERB,17455
proposal's,VERB,17455
proposals,VERB,17455
propose,VERB,17454
propose-,PRON,17454
prosecute,VERB,23004
prosecute-,PRON,23004
prosecuted,VERB,23004
prosecutes,VERB,23004
prosecuting,VERB,23004
prosecution,VERB,23002
prosecution's,VERB,23002
prosecutions,VERB,23004
prosecutor,PREP,23176
prosecutor's,VERB,23176
prosecutors,VERB,23176
prostitution,VERB,16418
prostitution's,VERB,16418
protect,PRON,16419
protected,ADJ,24223
protected_water,VERB,25597
protecting,VERB,16419
protection,VERB,16420
protection's,VERB,16420
protection_of_the_environment,VERB,24224
protection_with_pointer,VERB,25598
protections,VERB,16420
protective,VERB,16419
protective_mask,VERB,21621
protector,PREP,23063
protector's,VERB,23063
protectors,VERB,23063
protects,VERB,16419
protest,PRON,16421
protestantism,VERB,21039
protestantism's,VERB,21039
protestantisms,VERB,21039
protractor,VERB,23180
proud,ADJ,16422
prouder,VERB,16422
proudest,VERB,16422
proudly,VERB,16422
provide,VERB,14440
provide-,PRON,14440
provided,VERB,14440
provider,VERB,14440
providers,VERB,14440
provides,VERB,14440
providing,VERB,14440
province,VERB,16423
province's,VERB,16423
provinces,VERB,16423
proximity,VERB,25586
proximity's,VERB,25586
prune,VERB,24225
prune's,VERB,24225
prune_,VERB,16424
pruned,VERB,24225
pruner,VERB,24225
pruners,VERB,24225
prunes,VERB,24225
pruning,VERB,24225
psalm,VERB,21074
psalm's,VERB,21074
psalms,VERB,21074
psychiatrist,PREP,21584
psychiatrist's,VERB,21584
psychiatrists,VERB,21584
psychologies,VERB,23183
psychologist,PREP,23181
psychologist's,VERB,23181
psychologist_,PREP,21587
psychologist__,PREP,21586
psychologists,VERB,23181
psychology,VERB,23183
psychology's,VERB,23183
psychology_,VERB,21552
psychology_room,VERB,24226
psychology_teacher,PREP,23184
psychology_teacher_,PREP,21588
pterodactyl,VERB,23625
pterodactyl's,VERB,23625
pterodactyls,VERB,23625
pterosaur,VERB,23625
pub,VERB,12627
pub's,VERB,12627
puberty,VERB,16425
puberty's,VERB,16425
pubic_hair,VERB,16426
public,VERB,16427
public's,VERB,16427
public_,ADJ,16427
public_room,VERB,16430
public_transport,VERB,24227
publication,VERB,25774
publication's,VERB,25774
publications,VERB,25774
publish,VERB,25775
publish-,PRON,25775
published,VERB,25775
publisher,PREP,25776
publisher's,VERB,25776
publishers,VERB,25776
publishes,VERB,25775
publishing,VERB,25775
pubs,VERB,12627
pudding,VERB,22307
pudding's,VERB,22307
puddings,VERB,22307
puddle,VERB,25777
puddle's,VERB,25777
puddled,VERB,25777
puddles,VERB,25777
puddling,VERB,25777
puke,VERB,18022
puke's,VERB,18022
puke-,PRON,18022
puked,VERB,18022
pukes,VERB,18022
puking,VERB,24950
pull,PRON,16431
pull's,VERB,16431
pulled,VERB,16431
puller,VERB,16431
pullers,VERB,16431
pulling,VERB,25599
pullover,VERB,28080
pullover's,VERB,28080
pullovers,VERB,28080
pulls,VERB,16431
pulp,VERB,25581
pulp's,VERB,25581
pulp_,VERB,25581
pulped,VERB,25581
pulping,VERB,25581
pulps,VERB,25581
pump,VERB,25146
pump's,VERB,25147
pump-,PRON,25147
pumped,VERB,25147
pumper,VERB,25147
pumpers,VERB,25147
pumping,VERB,25147
pumpkin,VERB,17244
pumpkin's,VERB,17244
pumpkins,VERB,17244
pumps,VERB,25147
pun,VERB,29334
pun's,VERB,29334
puncture,PRON,16432
puncture's,VERB,16432
punctured,VERB,16432
punctures,VERB,16432
puncturing,VERB,16432
punishment,VERB,28066
punishment's,VERB,28066
punishments,VERB,28066
punk_rock,VERB,23932
punning,VERB,29334
puns,VERB,29334
pupil,PREP,17446
pupil's,VERB,25928
pupil_,VERB,25928
pupils,VERB,25928
puppet,VERB,16433
puppet's,VERB,16433
puppets,VERB,16433
puppies,VERB,16434
puppy,VERB,16434
puppy's,VERB,16434
purchasable,VERB,13099
purchase,VERB,13099
purchase's,VERB,13099
purchase-,PRON,13099
purchased,VERB,13099
purchaser,VERB,13099
purchasers,VERB,13099
purchases,VERB,13099
purchasing,VERB,13099
purim,VERB,16435
purim's,VERB,16435
purims,VERB,16435
purple,NOUN,16436
purple's,VERB,16436
purpler,VERB,16436
purples,VERB,16436
purplest,VERB,16436
purpose,VERB,16437
purpose's,VERB,16437
purposed,VERB,16437
purposely,VERB,16437
purposes,VERB,16437
purposing,VERB,16437
purr,VERB,24228
purr's,VERB,24228
purr_-,PRON,24228
purred,VERB,24228
purring,VERB,24228
purrs,VERB,24228
purse,VERB,16438
purse's,VERB,16438
pursed,VERB,16438
purser,VERB,16438
pursers,VERB,16438
purses,VERB,16438
pursing,VERB,16438
push,PRON,16439
push's,VERB,16439
pushboat,VERB,22081
pushchair,VERB,12605
pushchairs,VERB,12605
pushed,VERB,16439
pushed_,ADJ,23957
pusher,VERB,16439
pushers,VERB,16439
pushes,VERB,16439
pushing,VERB,24825
put,PRON,16440
put's,VERB,16440
put_in_place,PRON,29251
put_on_makeup,VERB,29554
put_on_makeup-,PRON,29554
put_out_to_pasture,VERB,25764
put_out_to_pasture-,PRON,25764
put_up_one's_hand,VERB,25930
put_up_one's_hand-,PRON,25930
puts,VERB,16440
puzzle,VERB,29332
puzzle's,VERB,29332
puzzled,VERB,29332
puzzlement,VERB,29332
puzzler,VERB,29332
puzzlers,VERB,29332
puzzles,VERB,29332
puzzling,VERB,29332
pyjama,VERB,16442
pyramid,VERB,16443
pyramid's,VERB,29067
pyramid_,VERB,29067
pyramided,VERB,29067
pyramiding,VERB,29067
pyramids,VERB,29067
q,NOUN,8537
q_,NOUN,8537
quadrilateral,VERB,29068
quadrilateral's,VERB,29068
quadrilaterals,VERB,29068
qualities,VERB,24721
quality,VERB,24720
quality's,VERB,24721
quality_,VERB,24721
quantities,VERB,24722
quantity,VERB,24722
quantity's,VERB,24722
quantity_,VERB,24722
quantity_of,VERB,14647
quarantine,VERB,29069
quarantine's,VERB,29069
quarantined,VERB,29069
quarantines,VERB,29069
quarantining,VERB,29069
quarrel,VERB,12414
quarrel's,VERB,12414
quarrel-,PRON,12413
quarreled,VERB,12414
quarreler,VERB,12414
quarrelers,VERB,12414
quarreling,VERB,12414
quarrels,VERB,12414
quarter,NOUN,24932
quarter's,VERB,24932
quarter_of_an_hour,VERB,23185
quartered,VERB,24932
quartering,VERB,24932
quarterly,VERB,24932
quarters,VERB,24932
queen,PREP,23626
queen's,VERB,23626
queened,VERB,23626
queening,VERB,23626
queenly,VERB,23626
queens,VERB,23626
question,VERB,16445
question's,VERB,16445
question-,PRON,12588
question_mark,VERB,8485
question_mark_,NOUN,18229
questionable,VERB,16445
questioned,VERB,16445
questioner,VERB,16445
questioners,VERB,16445
questioning,ADJ,25787
questioning's,VERB,25787
questioningly,VERB,25787
questionings,VERB,16445
questions,VERB,16445
queue,VERB,23896
queued,VERB,23896
queues,VERB,23896
quick,ADJ,16446
quick's,VERB,16446
quicken,VERB,16446
quickens,VERB,16446
quicker,VERB,16446
quickest,VERB,16446
quickly,ADJ,16446
quickness,VERB,24819
quickness's,VERB,24819
quiet,ADJ,16447
quiet's,VERB,16447
quieted,VERB,16447
quieten,VERB,16447
quietens,VERB,16447
quieter,VERB,16447
quietest,VERB,16447
quieting,VERB,16447
quietly,ADJ,16447
quietness,VERB,16447
quiets,VERB,16447
quill,VERB,23627
quill's,VERB,23627
quills,VERB,23627
quilt,VERB,12854
quilt's,VERB,12854
quilted,VERB,12854
quilter,VERB,12854
quilters,VERB,12854
quilting,VERB,12854
quilts,VERB,12854
quit,VERB,25150
quit_-,PRON,25150
quits,VERB,25150
quiz,VERB,29332
quiz's,VERB,29332
r,NOUN,8538
r_,NOUN,8538
rabbi,PREP,15473
rabbi's,VERB,15473
rabbis,VERB,15473
rabbit,VERB,16448
rabbit's,VERB,16448
rabbited,VERB,16448
rabbiting,VERB,16448
rabbits,VERB,16448
rabies,VERB,16449
rabies's,VERB,16449
raccoon,VERB,16450
raccoon's,VERB,16450
raccoons,VERB,16450
race,VERB,16451
race's,VERB,16451
race-,PRON,13392
raced,VERB,16451
racer,VERB,16451
racers,VERB,16451
races,VERB,16451
racing,VERB,16451
rack,PRON,24230
rack's,VERB,24230
racked,VERB,24230
racket,VERB,16452
racket's,VERB,16452
racket_sport,VERB,26030
racketed,VERB,16452
racketing,VERB,16452
rackets,VERB,16452
racking,VERB,24230
racks,VERB,24230
racquet,VERB,16452
racquet_sport,VERB,26030
racquet_sports,VERB,20602
racquet_sports_,VERB,20602
raddled,ADJ,25221
radio,VERB,16453
radio's,VERB,16453
radio_,VERB,16453
radio_programme,VERB,24773
radio_studio,VERB,24774
radioactive_dust,VERB,15739
radioactivity,VERB,15740
radioactivity's,VERB,15740
radioed,VERB,16453
radioing,VERB,16453
radios,VERB,16453
radish,VERB,16454
radish's,VERB,16454
radishes,VERB,16454
rag,VERB,25148
rag's,VERB,25148
raged,VERB,25148
raging,VERB,25148
rags,VERB,25148
rags_,VERB,25149
railway_car,VERB,18010
railway_track,VERB,23628
rain,VERB,16455
rain's,VERB,16456
rain-,PRON,16456
rain_gauge,VERB,23186
rainbow,VERB,23933
rainbow's,VERB,23933
rainbows,VERB,23933
raincoat,VERB,16457
raincoat's,VERB,16457
raincoats,VERB,16457
raindrop,VERB,25929
raindrop's,VERB,25929
raindrops,VERB,25929
rained,VERB,16456
rainier,VERB,16458
rainiest,VERB,16458
raining,VERB,16456
rains,VERB,16456
rainy,ADJ,16458
raise,PRON,16459
raise's,VERB,16459
raise-,PRON,15207
raise_one's_hand,PRON,25930
raised,VERB,16459
raised_wavy_line,VERB,25600
raiser,VERB,16459
raisers,VERB,16459
raises,VERB,16459
raisin,VERB,24231
raisin's,VERB,24231
raising,VERB,16459
raisins,VERB,16460
raisins_,VERB,16460
rake,VERB,16461
rake's,VERB,29555
rake-,ADJ,29555
raked,VERB,29555
rakes,VERB,29555
raking,VERB,29555
ram,VERB,25285
ram's,VERB,25285
ramadan,VERB,21324
ramadan's,VERB,21324
ramadans,VERB,21324
ramp,VERB,23629
ramp's,VERB,23629
ramping,VERB,23629
ramps,VERB,23629
rams,VERB,25285
rangoli,VERB,12365
rangoli_,VERB,12365
rap,VERB,23934
rap's,VERB,23934
rap_,VERB,23934
rape,VERB,16462
rape's,VERB,16462
raped,VERB,23934
raper,VERB,23934
rapers,VERB,23934
rapes,VERB,16462
rapid,ADJ,16446
rapid's,VERB,16446
rapider,VERB,16446
rapidest,VERB,16446
rapidity,VERB,24819
rapidity's,VERB,24819
rapidly,ADJ,16446
rapidness,VERB,16446
rapids,VERB,16446
raping,VERB,23934
rappelling,VERB,22110
raps,VERB,23934
raptor,VERB,25267
raptors,VERB,25267
rash,VERB,24232
rash's,VERB,24232
rash_,VERB,24232
rasher,VERB,24232
rashers,VERB,24232
rashes,VERB,24232
rashest,VERB,24232
rashly,VERB,24232
rashness,VERB,24232
raspberries,VERB,16463
raspberry,VERB,16463
raspberry's,VERB,16463
rat,VERB,12386
rat's,VERB,12386
rational,ADJ,15456
rational's,VERB,15456
rationally,VERB,15456
rationals,VERB,15456
rats,VERB,12386
rattle,VERB,23935
rattle's,VERB,23936
rattle_,VERB,23936
rattled,VERB,23936
rattler,VERB,23936
rattlers,VERB,23936
rattles,VERB,23936
rattling,VERB,23936
rattlings,VERB,23936
raucous,ADJ,25365
raucously,VERB,25365
raucousness,VERB,25365
raven,VERB,12851
raven's,VERB,12851
ravened,VERB,12851
ravening,VERB,12851
ravens,VERB,12851
ravioli,VERB,22134
ravioli's,VERB,22134
raviolis,VERB,22134
raw,ADJ,16464
raw's,VERB,16464
raw_material,VERB,15431
rawer,VERB,16464
rawest,VERB,16464
rawness,VERB,16464
razor,VERB,16946
razor's,VERB,16946
razors,VERB,16946
re-usable,ADJ,29072
re-used,ADJ,29073
reaching_aid,VERB,22567
react,VERB,24500
react-,PRON,24500
reaction,VERB,24501
reactive,VERB,24500
read,VERB,16465
read's,VERB,16465
read-,PRON,16465
read_map,VERB,25350
read_map-,PRON,25350
readable,VERB,16465
reader,VERB,16465
readers,VERB,16465
readied,VERB,16244
readier,VERB,16244
readies,VERB,16244
readiest,VERB,16244
readiness,VERB,24929
readiness's,VERB,24929
reading,VERB,24933
reading's,VERB,24933
reading_,VERB,23187
reading_difficulty,VERB,26325
reading_lesson,VERB,23188
readings,VERB,16465
reads,VERB,16465
ready,PRON,16244
readying,VERB,24929
real,ADJ,16467
real's,VERB,16467
realer,VERB,16467
realest,VERB,16467
realise,VERB,26326
realise-,PRON,26326
realistic,ADJ,28067
reality,VERB,25779
reality's,VERB,25779
realizable,VERB,28068
realization,VERB,28042
realization's,VERB,28042
realizations,VERB,28042
realize,PRON,26326
realize-,PRON,28068
realized,VERB,28068
realizes,VERB,28068
realizing,VERB,28068
really,ADJ,16467
realness,VERB,16467
reals,VERB,16467
rear,VERB,13097
rear's,VERB,13097
reared,VERB,13097
rearing,VERB,13097
rears,VERB,13097
reason,VERB,15471
reason's,VERB,17718
reason-,PRON,17718
reasonable,VERB,17718
reasoned,VERB,17718
reasoner,VERB,17718
reasoners,VERB,17718
reasoning,VERB,17718
reasons,VERB,17718
rebus,VERB,29335
recall,VERB,23634
recall-,PRON,23634
receipt,VERB,24724
receipt's,VERB,24724
receipted,VERB,24724
receipting,VERB,24724
receipts,VERB,24724
receivable,VERB,14435
receive,VERB,14435
receive-,PRON,14435
received,VERB,14435
receiver,VERB,24725
receiver's,VERB,24725
receivers,VERB,14435
receives,VERB,14435
receiving,VERB,24727
recent,ADJ,16468
recenter,VERB,16468
recentest,VERB,16468
recently,ADJ,16468
recentness,VERB,16468
reception,VERB,24502
reception's,VERB,24502
receptions,VERB,24502
recipe,VERB,16469
recipe's,VERB,16469
recipes,VERB,16469
reclaim,VERB,24233
reclaim_-,PRON,24233
reclining,PREP,16163
recommend,VERB,12346
recommend-,PRON,12346
recommendation,VERB,12345
record,VERB,16470
record_,VERB,26327
record_player,VERB,16471
record_shop,VERB,29070
record_store,VERB,29070
recorder,VERB,23871
recorder's,VERB,23938
recorder_,VERB,23938
recorders,VERB,23938
recording_disk,VERB,25601
recover,PRON,26328
recreation,VERB,16199
recreation_room,VERB,15482
rectangle,VERB,16472
rectangle's,VERB,16472
rectangles,VERB,16472
rectangular,ADJ,16473
rectum,VERB,25485
rectum's,VERB,25485
rectums,VERB,25485
recumbent_bicycle,VERB,21815
recycable,ADJ,29072
recycle,VERB,26229
recycle-,PRON,26229
recycled,ADJ,29073
recycling,VERB,26228
recycling's,VERB,26228
recycling_station,VERB,26225
recycling_station_worker,PREP,29216
red,VERB,16474
red's,VERB,16474
red_,NOUN,16474
red_card,VERB,28069
redness,VERB,16474
redo,VERB,23631
redo-,PRON,23630
redo_-,PRON,23631
redoing,VERB,23631
reds,VERB,16474
reduce,VERB,13651
reduce-,PRON,13651
reduced,VERB,13651
reducer,VERB,13651
reducers,VERB,13651
reduces,VERB,13651
reducing,VERB,13651
reed,VERB,23942
reed's,VERB,23942
reed_instrument,VERB,23837
reed_instrument_,VERB,23837
reef,VERB,24763
reef's,VERB,24763
reef-,PRON,24728
reefed,VERB,24763
reefer,VERB,24763
reefers,VERB,24763
reefing,VERB,24763
reefs,VERB,24763
referee,PREP,26226
referee's,VERB,26227
referee_,PREP,26227
refereed,VERB,26227
referees,VERB,26227
reference,VERB,28070
reference's,VERB,28070
reference_list,VERB,28071
referenced,VERB,28070
references,VERB,28070
referencing,VERB,28070
reflect,PRON,22374
reflected,VERB,22374
reflecting,VERB,22374
reflection,VERB,22384
reflection's,VERB,25602
reflection_,VERB,25602
reflections,VERB,25602
reflective,VERB,22374
reflector,VERB,22385
reflector's,VERB,22385
reflectors,VERB,22385
reflects,VERB,22374
reflexologist,PREP,21604
refrigerator,VERB,23632
refrigerator's,VERB,23632
refrigerator_,VERB,16476
refrigerators,VERB,23632
refuge,VERB,16955
refuge's,VERB,16955
refuges,VERB,16955
regain,PRON,26328
regard,VERB,22374
regard's,VERB,22374
regard-,PRON,22374
regarded,VERB,22374
regarding,NOUN,12324
regards,VERB,22374
region,VERB,16423
region's,VERB,16423
regions,VERB,16423
register_list,VERB,26127
regret,VERB,16477
regret's,VERB,16477
regret-,PRON,16477
regret_-,PRON,12404
regrets,VERB,16477
regular_army,VERB,24967
regulation,VERB,16697
regulation's,VERB,16697
regurgitation,VERB,25590
regurgitation's,VERB,25590
rehabilitation_centre,VERB,23682
rehearsal,VERB,26224
rehearsal's,VERB,26224
rehearsals,VERB,26224
rehearse,VERB,16235
rehearse-,PRON,16235
rein,VERB,24729
reindeer,VERB,16478
reindeer's,VERB,16478
reined,VERB,24729
reining,VERB,24729
relation,PREP,16481
relation's,VERB,16481
relative,PREP,16481
relative's,VERB,16481
relatively,VERB,16481
relatives,VERB,16481
relay,VERB,21841
relay_,VERB,21842
relayed,VERB,21842
relief,PREP,29224
relief's,VERB,29224
reliefs,VERB,29224
religion,VERB,16483
religion's,VERB,20561
religion_,VERB,20561
religion_teacher,PREP,23191
religions,VERB,20561
religious,ADJ,20562
religious's,VERB,20562
religious_,ADJ,16484
religious_ceremony,VERB,20573
religious_ceremony_,VERB,20574
religious_event,VERB,21095
religious_fanatic,PREP,24234
religious_fanatic_,PREP,24235
religious_gathering,VERB,21288
religious_leader,PREP,21055
religious_service,VERB,23192
religiously,VERB,20562
religiousness,VERB,20562
relish,VERB,16723
relish's,VERB,16723
relished,VERB,16723
relishes,VERB,16723
relishing,VERB,16723
remain,VERB,17254
remain-,PRON,17254
remained,VERB,17254
remaining,VERB,17254
remains,VERB,17254
remember,PRON,23634
remember-,VERB,16485
remember-_,PRON,16485
remembered,VERB,23634
remembering,VERB,23634
remembrance_day,VERB,16486
reminder_note,VERB,24693
remote,ADJ,26002
remote's,VERB,26002
remote_control,VERB,24730
remotely,VERB,26002
remoteness,VERB,24896
remoteness's,VERB,24896
remoter,VERB,26002
remotes,VERB,26002
remotest,VERB,26002
remove,PRON,17448
remove-,PRON,17498
rent,VERB,24731
rent's,VERB,24731
rented,VERB,24731
renter,VERB,24731
renters,VERB,24731
renting,VERB,24731
rents,VERB,24731
repair,VERB,24898
repair-,PRON,14192
repair_room,VERB,24236
repair_shop,VERB,24237
repairable,VERB,24898
repairer,VERB,24898
repairers,VERB,24898
reparation,VERB,24898
reparation's,VERB,24898
reparations,VERB,24898
repeat,PRON,16487
repeat's,VERB,16487
repeatable,VERB,16487
repeated,VERB,16487
repeater,VERB,16487
repeaters,VERB,16487
repeating,VERB,16487
repeats,VERB,16487
repetition,VERB,24934
repetition's,VERB,24934
repetitions,VERB,24934
replication,VERB,24934
replication's,VERB,24934
reply,VERB,12393
reply-,PRON,12394
report,VERB,17272
representation,VERB,24872
representation_,VERB,24872
reproduce,VERB,16487
reproduce-,PRON,16487
reproduction,VERB,16488
reptile,VERB,12388
reptile's,VERB,12388
reptile_,VERB,12388
reptiles,VERB,12388
republic,VERB,24238
republics,VERB,24238
request,VERB,16489
request-,PRON,16489
requested,VERB,16489
requester,VERB,16489
requesting,VERB,16489
rescue,VERB,25780
rescue's,VERB,25781
rescue-,PRON,25781
rescued,VERB,25781
rescuer,VERB,25781
rescuers,VERB,25781
rescues,VERB,25781
rescuing,VERB,25781
research,VERB,23635
research-,PRON,24935
researcher,PREP,23652
resent,VERB,16490
resent-,PRON,16490
resented,VERB,16490
resenting,VERB,16490
resentment,VERB,16490
resents,VERB,16490
reside,VERB,15223
reside-,PRON,15223
residence,VERB,14905
residence's,VERB,14905
residences,VERB,14905
resident,PREP,16491
resident's,VERB,16491
residential_home,VERB,16492
residential_institution,VERB,16492
residents,VERB,16491
resign,PRON,25150
resignation,VERB,25152
resignation's,VERB,25152
resignation_,VERB,25152
resignations,VERB,25152
resist,VERB,23178
resist's,VERB,23178
resist-,PRON,23178
resistance,VERB,23179
resistance's,VERB,23179
resistances,VERB,23179
resisted,VERB,23178
resister,VERB,23178
resisters,VERB,23178
resisting,VERB,23178
resists,VERB,23178
resource_centre,VERB,16493
respect,VERB,16494
respect's,VERB,16494
respected,VERB,16494
respecting,VERB,16494
respective,VERB,16494
respects,VERB,16494
respiration,VERB,12900
respiration's,VERB,12900
respirator,VERB,24239
respirator's,VERB,24239
respirators,VERB,24239
respiratory_illness,VERB,24734
respiratory_system,VERB,25486
respite_carer,PREP,29224
responsibilities,VERB,24240
responsibility,VERB,24240
responsibility's,VERB,24240
responsible,ADJ,24241
rest,VERB,16495
rest's,VERB,16496
rest-,PRON,16496
rest_period,VERB,16497
restaurant,VERB,16498
restaurant's,VERB,16498
restaurants,VERB,16498
rested,VERB,16496
restful,ADJ,13386
restfully,VERB,13386
restfulness,VERB,13386
resting,VERB,16496
restive,VERB,16496
restrain,PRON,26014
restrict,PRON,26014
restricted,ADJ,26015
restricting,VERB,26014
restriction,VERB,25579
restriction's,VERB,25579
restrictions,VERB,25579
restrictive,VERB,26014
restricts,VERB,26014
rests,VERB,16496
result,VERB,13910
result's,VERB,13910
resulted,VERB,13910
resulting,VERB,13910
results,VERB,13910
resurrection,VERB,21316
resurrection's,VERB,21316
resurrection_of_christ,VERB,24242
resurrections,VERB,21316
resuscitate,PRON,12585
resuscitated,VERB,12585
resuscitates,VERB,12585
resuscitating,VERB,12585
resuscitation,VERB,12585
retire,VERB,25154
retire-,PRON,25154
retired,ADJ,25155
retirement,VERB,25156
retirement's,VERB,25156
retirement_pension,VERB,24503
retirements,VERB,25156
retrievable,VERB,26328
retrieve,VERB,26328
retrieve's,VERB,26328
retrieve-,PRON,26328
retrieved,VERB,26328
retriever,VERB,26328
retrievers,VERB,26328
retrieves,VERB,26328
retrieving,VERB,26328
return,VERB,16499
reuse,VERB,26228
revel,VERB,21287
revel's,VERB,21287
reveled,VERB,21287
reveler,VERB,21287
revelers,VERB,21287
reveling,VERB,21287
revelings,VERB,21287
revelries,VERB,21287
revelry,VERB,21287
revelry's,VERB,21287
revels,VERB,21287
reverse,VERB,16500
reverse-,PRON,16500
reversely,VERB,16500
revive,VERB,12585
revive-,PRON,12585
revived,VERB,12585
revives,VERB,12585
reviving,VERB,12585
reward,VERB,28072
rhinoceros,VERB,16501
rhinoceros's,VERB,16501
rhinoceroses,VERB,16501
rhomb,VERB,13669
rhombus,VERB,13669
rhombus's,VERB,13669
rhombuses,VERB,13669
rhyme,VERB,16502
rhyme's,VERB,16502
rhymed,VERB,16502
rhymer,VERB,16502
rhymers,VERB,16502
rhymes,VERB,16502
rhyming,VERB,16502
rhythm_instrument,VERB,23943
rhythm_method,VERB,16503
rib,VERB,25487
rib's,VERB,25487
ribbon,VERB,16504
ribbon's,VERB,16504
ribbons,VERB,16504
ribs,VERB,25487
rice,VERB,16505
rice's,VERB,16505
rice_flour,VERB,22135
rice_noodle,VERB,22136
rice_porridge,VERB,23636
rice_pudding,VERB,23636
riced,VERB,16505
ricer,VERB,16505
ricers,VERB,16505
rices,VERB,16505
rich,ADJ,16507
rich's,VERB,16507
rich_,ADJ,16506
richer,VERB,16507
riches,VERB,16507
richest,VERB,16507
richly,VERB,16507
richness,VERB,16507
ricing,VERB,16505
rickshaw,VERB,16508
rickshaw's,VERB,16508
rickshaws,VERB,16508
ride,VERB,25603
ride's,VERB,25603
ride-,PRON,16509
ride_-,PRON,21836
ride_a_bike,VERB,21832
ride_a_bike-,PRON,21832
ride_a_one-wheeled_vehicle,VERB,26258
ride_a_one-wheeled_vehicle-,PRON,26258
rider,VERB,25603
riders,VERB,25603
rides,VERB,25603
riding,VERB,24936
riding's,VERB,24936
riding_boots,VERB,24243
riding_clothes,VERB,24244
riding_helmet,VERB,21616
riding_instructor,PREP,24245
riding_school,VERB,24246
rifle,VERB,16510
rifle's,VERB,16510
rifled,VERB,16510
rifler,VERB,16510
riflers,VERB,16510
rifles,VERB,16510
rifling,VERB,16510
right,ADJ,13416
right's,VERB,25604
right_,VERB,25604
right_angle,VERB,16674
right_triangle,VERB,25782
right_turn,VERB,25604
righted,VERB,25604
righter,VERB,25604
rightest,VERB,25604
righting,VERB,25604
rightly,VERB,25604
rightness,VERB,21341
rightness's,VERB,21341
rights,VERB,25604
rights_of_persons_with_disabilities,VERB,27122
ring,VERB,16675
ring's,VERB,25488
ring-,PRON,22904
ring_,VERB,25488
ring_binder,VERB,29014
ringed,VERB,25488
ringer,VERB,25488
ringers,VERB,25488
ringing,VERB,25488
ringings,VERB,25488
ripe,ADJ,29213
ripely,VERB,29213
ripen,PRON,29214
ripened,VERB,29214
ripeness,VERB,29213
ripening,ADJ,29215
rise,PRON,16676
rise's,VERB,16676
riser,VERB,16676
risers,VERB,16676
rises,VERB,16676
rising,VERB,16676
risings,VERB,16676
risk,VERB,24426
risk's,VERB,24426
risked,VERB,24426
risking,VERB,24426
risks,VERB,24426
ritual,VERB,21317
ritual's,VERB,21317
ritually,VERB,21317
rituals,VERB,21317
river,VERB,16677
river's,VERB,16677
river_boat,VERB,22072
road,VERB,16678
road's,VERB,16678
road_,VERB,16678
road_and_car,VERB,26061
road_sign,VERB,24735
roadrunner,VERB,16679
roadrunner's,VERB,16679
roadrunner_,VERB,16679
roadrunners,VERB,16679
roads,VERB,16678
roar,VERB,29414
roar's,VERB,29414
roar-,PRON,29414
roar_-,PRON,24248
roared,VERB,29414
roarer,VERB,29414
roarers,VERB,29414
roaring,VERB,29414
roars,VERB,29414
roast,VERB,25157
roast's,VERB,25157
roast-,PRON,12619
roasted,VERB,25157
roaster,VERB,25157
roasters,VERB,25157
roasting,VERB,25157
roastings,VERB,25157
roasts,VERB,25157
rob,VERB,23637
rob-,PRON,23637
robber,PREP,23638
robber's,VERB,23638
robbers,VERB,23638
robe,VERB,13879
robed,VERB,13879
robes,VERB,13879
robing,VERB,13879
robot,VERB,25158
robot's,VERB,25158
robot_doll,VERB,23639
robots,VERB,25158
robs,VERB,23637
rock,VERB,17267
rock'n'roll,VERB,24736
rock's,VERB,25932
rock-,PRON,17486
rock_,VERB,25932
rock_music,VERB,24736
rock_planet,VERB,24504
rocked,VERB,25932
rocker,VERB,25932
rockers,VERB,25932
rocket,VERB,16680
rocket's,VERB,16680
rocketed,VERB,16680
rocketing,VERB,16680
rockets,VERB,16680
rocking,VERB,25932
rocking_chair,VERB,16681
rocking_horse,VERB,21876
rocking_horse_,VERB,16682
rocks,VERB,25932
rodent,VERB,12386
rodent's,VERB,12386
rodents,VERB,12386
roe_deer,VERB,23944
roll,VERB,16683
roll's,VERB,25672
roll-,PRON,23640
roll_,VERB,25672
rolled,VERB,25672
roller,VERB,25672
roller_coaster,VERB,28073
roller_skate,VERB,16684
roller_skate-,PRON,16684
roller_skates,VERB,16685
rollers,VERB,25672
rolling,VERB,25672
rolling_pin,VERB,22592
rollings,VERB,25672
rolls,VERB,25672
roman_catholic_church,VERB,21038
roman_catholicism,VERB,21038
romance_film,VERB,26320
romance_movie,VERB,26320
romania,VERB,25417
romania's,VERB,25417
romanian,VERB,25420
romanian's,VERB,25420
romanian_,VERB,25420
romanians,VERB,25420
roof,VERB,16686
roof's,VERB,16686
roof_box,VERB,24613
roof_of_mouth,VERB,27102
roofed,VERB,16686
roofer,VERB,16686
roofers,VERB,16686
roofing,VERB,16686
roofs,VERB,16686
room,VERB,16687
room's,VERB,16687
room_and_board,VERB,24876
roomed,VERB,16687
roomer,VERB,16687
roomers,VERB,16687
rooming,VERB,16687
rooms,VERB,16687
rooster,VERB,23043
rooster's,VERB,23043
root,VERB,16688
root's,VERB,16688
root_system,VERB,16688
rootage,VERB,16688
rooted,VERB,16688
rooter,VERB,16688
rooters,VERB,16688
rooting,VERB,16688
roots,VERB,16688
rope,VERB,17276
rope's,VERB,17276
roped,VERB,17276
roper,VERB,17276
ropers,VERB,17276
ropes,VERB,17276
roping,VERB,17276
rose,VERB,22611
rose's,VERB,22611
roses,VERB,22611
rosh_hashana,VERB,16689
rot,PRON,26230
rot's,VERB,26230
rotate,PRON,16690
rotated,VERB,16690
rotates,VERB,16690
rotating,VERB,16690
rotation,VERB,24249
rotation's,VERB,24249
rotations,VERB,16690
roti,VERB,16691
rotisserie,VERB,23945
rotisserie's,VERB,23945
rotisseries,VERB,23945
rotor,VERB,25362
rotor's,VERB,25362
rotor_,VERB,25362
rotors,VERB,25362
rots,VERB,26230
rotten,ADJ,26232
rottener,VERB,26232
rottenest,VERB,26232
rottenly,VERB,26232
rottenness,VERB,26232
rotting_matter,VERB,26231
rouge,VERB,16692
rouge's,VERB,16692
rouged,VERB,16692
rouges,VERB,16692
rough,PRON,29556
rough's,VERB,29556
rough_sea,VERB,24737
roughed,VERB,29556
roughen,VERB,29556
roughens,VERB,29556
rougher,VERB,29556
roughest,VERB,29556
roughing,VERB,29556
roughly,VERB,29556
roughness,VERB,29556
rouging,VERB,16692
round,ADJ,16693
round's,VERB,16693
roundabout,VERB,27123
roundabout's,VERB,27123
roundabouts,VERB,27123
rounded,VERB,16693
rounder,VERB,16693
rounders,VERB,16693
roundest,VERB,16693
rounding,VERB,16693
roundly,VERB,16693
roundness,VERB,16693
rounds,VERB,16693
router,VERB,26233
router's,VERB,26233
row,VERB,25413
row's,VERB,25413
row_house,VERB,23193
rowdier,VERB,25365
rowdies,VERB,25365
rowdiest,VERB,25365
rowdiness,VERB,25365
rowdy,ADJ,25365
rowdy's,VERB,25365
rowed,VERB,25413
rower,VERB,25413
rowers,VERB,25413
rowing,VERB,22051
rowing's,VERB,22051
rowing_boat,VERB,22076
rows,VERB,25413
royal,ADJ,24250
royal's,VERB,24250
royal_family,VERB,24251
royally,VERB,24250
royals,VERB,24250
rs,VERB,8538
rub,PRON,16695
rub's,VERB,16695
rubber_band,VERB,29074
rubber_boat,VERB,22086
rubber_gloves,VERB,22597
rubbish,VERB,18043
rubbish's,VERB,18043
rubbish_bin,VERB,14421
rubbished,VERB,18043
rubbishes,VERB,18043
rubbishing,VERB,18043
rubs,VERB,16695
rucksack,VERB,12611
rucksack's,VERB,12611
rucksacks,VERB,12611
rudder,VERB,22066
rudder's,VERB,22066
rudders,VERB,22066
rug,VERB,16696
rug's,VERB,16696
rugby,VERB,20593
rugby's,VERB,20593
rugby_ball,VERB,21807
rugby_field,VERB,28074
rugs,VERB,16696
ruin,VERB,25784
ruin's,VERB,25784
ruin_,VERB,25784
ruined,ADJ,24968
ruined__,VERB,23641
ruining,VERB,25784
ruins,VERB,25784
rule,VERB,16697
rule's,VERB,16697
rule-,PRON,14461
ruled,VERB,16697
ruler,VERB,16698
ruler's,VERB,16698
rulers,VERB,16697
rules,VERB,16697
ruling,VERB,16697
rulings,VERB,16697
run,PRON,16699
run's,VERB,16699
runes,VERB,22830
runner,VERB,25610
runner's,VERB,25610
runner_,VERB,25610
runner_bean,VERB,17442
runners,VERB,25610
running,VERB,21839
running's,VERB,21839
runs,VERB,16699
runway,VERB,25366
runway's,VERB,25366
runway_,VERB,25366
runways,VERB,25366
rush,VERB,24166
rush's,VERB,24167
rush-,PRON,24167
rushed,ADJ,24168
rusher,VERB,24167
rushers,VERB,24167
rushes,VERB,24167
rushing,VERB,24167
russia,VERB,23642
russia's,VERB,23642
russian,VERB,25367
russian's,VERB,25367
russian_,VERB,25367
russians,VERB,25367
rutabaga,VERB,17958
rutabaga's,VERB,17958
rutabagas,VERB,17958
ruthlessness,VERB,26100
ruthlessness's,VERB,26100
rv,VERB,24618
rv's,VERB,24618
rvs,VERB,24618
rye,VERB,24738
rye's,VERB,24738
s,NOUN,8539
s_,NOUN,8539
sabbath,VERB,16700
sabbath's,VERB,16700
sable,VERB,8539
sack,VERB,16701
sack's,VERB,16701
sacked,ADJ,25160
sacker,VERB,16701
sackers,VERB,16701
sacking,VERB,25161
sacking's,VERB,25161
sackings,VERB,16701
sacks,VERB,16701
sacrament,VERB,21102
sacrament's,VERB,21102
sacrament_of_absolution,VERB,21106
sacrament_of_anointment_of_sick,VERB,21109
sacrament_of_baptism,VERB,21103
sacrament_of_communion,VERB,21105
sacrament_of_confirmation,VERB,21104
sacrament_of_holy_orders,VERB,21107
sacrament_of_marriage,VERB,21108
sacraments,VERB,21102
sacrifice,VERB,22832
sacrifice's,VERB,22832
sacrifice-,PRON,22831
sacrificed,VERB,22832
sacrifices,VERB,22832
sacrificing,VERB,22832
sad,ADJ,16702
saddle,VERB,22839
saddle_blanket,VERB,24252
saddle_pad,VERB,24252
saddled,VERB,22839
saddles,VERB,22839
saddling,VERB,22839
sadly,ADJ,16702
sadness,VERB,16703
sadness's,VERB,16703
saehrimnir,VERB,22825
safari,VERB,25162
safari's,VERB,25162
safaried,VERB,25162
safariing,VERB,25162
safaris,VERB,25162
safe,ADJ,16704
safe's,VERB,16704
safely,ADJ,16704
safeness,VERB,16704
safer,VERB,16704
safes,VERB,16704
safest,VERB,16704
safeties,VERB,16705
safety,VERB,16705
safety's,VERB,16705
safety_harness,VERB,24217
sagittarius,VERB,22645
sagittarius's,VERB,22645
sagittarius_,VERB,22645
sagittariuses,VERB,22645
sail,VERB,20519
sail's,VERB,20519
sail_,VERB,16706
sailboard,VERB,21882
sailboard's,VERB,21882
sailboarder,VERB,21882
sailboarders,VERB,21882
sailboarding,VERB,21882
sailboards,VERB,21882
sailboat,VERB,20520
sailboat's,VERB,20520
sailboat_,VERB,16707
sailboats,VERB,20520
sailed,VERB,20519
sailing,VERB,22049
sailing's,VERB,22049
sailing_boat,VERB,20520
sailings,VERB,20519
sailor,PREP,16708
sailor's,VERB,16708
sailors,VERB,16708
sails,VERB,20519
saint,PREP,21085
saint's,VERB,21085
saint_joseph,PREP,21047
sainted,VERB,21085
saintly,VERB,21085
saints,VERB,21085
salable,VERB,23194
salad,VERB,16709
salad's,VERB,16709
salad_dressing,VERB,22324
salads,VERB,16709
salam,VERB,16936
salam_,VERB,16936
salaried,VERB,18027
salaries,VERB,18027
salary,VERB,18027
salary's,VERB,18027
sale,VERB,23194
sale's,VERB,23194
sales,VERB,23194
salesperson,PREP,25785
salesperson's,VERB,25785
salespersons,VERB,25785
saliva,VERB,16710
saliva's,VERB,16710
salivary_gland,VERB,25489
salmon,VERB,23195
salmon's,VERB,23195
salmons,VERB,23195
salt,VERB,26235
salt_,VERB,20523
salt_crystal,VERB,16711
salted,VERB,26235
saltest,VERB,26235
saltier,VERB,26237
saltiest,VERB,26237
saltiness,VERB,26237
salting,VERB,26235
salts,VERB,26235
saltwater,VERB,26236
saltwater's,VERB,26236
salty,ADJ,26237
salty_,ADJ,16712
salvation,VERB,24253
salvation's,VERB,24253
salvation_,VERB,24253
same,NOUN,16713
same_sound,OTHER,16714
sameness,VERB,16713
sames,VERB,16713
sami,VERB,25900
samosa,VERB,23643
samosas,VERB,23643
sample,VERB,17978
sample's,VERB,17978
sampled,VERB,17978
sampler,VERB,17978
samplers,VERB,17978
samples,VERB,17978
sampling,VERB,17978
samplings,VERB,17978
sanctification,VERB,21084
sanctified,VERB,21084
sanctifies,VERB,21084
sanctify,PRON,21084
sanctifying,VERB,21084
sanctity_of_life,VERB,21087
sand,VERB,16715
sand's,VERB,16715
sand_play,VERB,23644
sand_toy,VERB,23645
sandal,VERB,16716
sandal's,VERB,16716
sandals,VERB,16716
sandbox,VERB,16717
sandbox's,VERB,16717
sandboxes,VERB,16717
sanded,VERB,16715
sander,VERB,16715
sanders,VERB,16715
sanding,VERB,16715
sandman,PREP,23646
sandman's,VERB,23646
sandpit,VERB,16717
sandpits,VERB,16717
sands,VERB,16715
sandstorm,VERB,25934
sandstorm's,VERB,25934
sandstorms,VERB,25934
sandtray,VERB,16717
sandwich,VERB,16718
sandwich's,VERB,23196
sandwich_,VERB,23196
sandwiched,VERB,23196
sandwiches,VERB,23196
sandwiching,VERB,23196
sanitary_napkin,VERB,16719
sanitary_towel,VERB,16719
sanitizer,VERB,29402
santa_claus,PREP,23647
sap,VERB,22336
sap's,VERB,22336
sap_,VERB,22333
saps,VERB,22336
sardine,VERB,23530
sardine's,VERB,23530
sardines,VERB,23530
sari,VERB,16720
sari's,VERB,16720
saris,VERB,16720
sash,VERB,12664
sash's,VERB,12664
sashes,VERB,12664
satellite,VERB,24739
satellite's,VERB,24739
satellite_dish,VERB,24740
satellite_dish_,VERB,24740
satellite_signal,VERB,24742
satellited,VERB,24739
satellites,VERB,24739
satelliting,VERB,24739
satisfaction,VERB,16721
satisfaction's,VERB,16721
satisfied,ADJ,25312
satnav,VERB,24660
saturday,VERB,16722
saturday's,VERB,16722
saturday_,VERB,16722
saturdays,VERB,16722
saturn,VERB,24505
saturn's,VERB,24505
saturn_,VERB,24505
sauce,VERB,16723
sauce's,VERB,16723
sauced,VERB,16723
saucepan,VERB,22579
saucepan's,VERB,22579
saucepans,VERB,22579
saucer,VERB,16723
saucers,VERB,16723
sauces,VERB,16723
saucing,VERB,16723
sauerkraut,VERB,16724
sauerkraut's,VERB,16724
sauna,VERB,16725
sauna's,VERB,16725
saunaed,VERB,16725
saunaing,VERB,16725
saunas,VERB,16725
sausage,VERB,16726
sausage's,VERB,16726
sausages,VERB,16726
saute,VERB,14411
saute's,VERB,14411
saute-,PRON,14411
sautes,VERB,14411
savable,VERB,23648
save,VERB,23648
save's,VERB,23648
save-,PRON,15143
save_-,PRON,23648
save_as,VERB,23649
save_as_-,PRON,23649
saved,ADJ,24223
saver,VERB,23648
savers,VERB,23648
saves,VERB,23648
saving,VERB,23648
savings,VERB,23648
saw,VERB,16727
saw's,VERB,16727
sawed,VERB,16727
sawing,VERB,16727
saws,VERB,16727
saxophone,VERB,23946
saxophone's,VERB,23946
saxophone_,VERB,23946
saxophones,VERB,23946
say,PRON,16728
saying,VERB,16728
says,VERB,16728
scabies,VERB,24254
scabies's,VERB,24254
scale,VERB,24806
scale_,VERB,23197
scaled,VERB,24806
scalene_triangle,VERB,25786
scales,VERB,16729
scaling,VERB,24806
scallion,VERB,14644
scallion's,VERB,14644
scallions,VERB,14644
scapula,VERB,25491
scapula's,VERB,25491
scared,ADJ,12347
scarf,VERB,16730
scarf's,VERB,16730
scarfed,VERB,16730
scarfing,VERB,16730
scarfs,VERB,16730
scarier,VERB,25192
scariest,VERB,25192
scariness,VERB,25192
scary,ADJ,25192
scatter,PRON,21058
scatter's,VERB,21058
scatter_ashes,VERB,21118
scatter_ashes-,PRON,21118
scattered,VERB,21058
scattering,VERB,24887
scattering's,VERB,24887
scatterings,VERB,21058
scatters,VERB,21058
scavenger,VERB,26238
scavenger's,VERB,26238
scenery,VERB,16731
scenery's,VERB,16731
scent,VERB,15997
scent's,VERB,15997
scents,VERB,15997
sceptical,ADJ,25787
scepticism,VERB,25788
schach,VERB,16732
schedule,VERB,16733
scheduled,VERB,16733
schedules,VERB,16733
scheduling,VERB,16733
school,VERB,16734
school's,VERB,23198
school_,VERB,23198
school_bus,VERB,29606
school_uniform,VERB,24743
school_way,VERB,25935
school_year,VERB,26239
schoolbag,VERB,23650
schoolbag's,VERB,23650
schoolbags,VERB,23650
schooled,VERB,23198
schooling,VERB,23198
schoolmate,PREP,25789
schoolmate's,VERB,25789
schoolmates,VERB,25789
schools,VERB,23198
schooner,VERB,22073
schooner's,VERB,22073
schooners,VERB,22073
science,VERB,16735
science's,VERB,16735
science_centre,VERB,25369
sciences,VERB,16735
scientist,PREP,21559
scientist's,VERB,21559
scientists,VERB,21559
scissors,VERB,16736
scoliosis,VERB,27082
scoliosis's,VERB,27082
scone,VERB,25672
scone's,VERB,25672
scones,VERB,25672
scooter,VERB,21810
scooter's,VERB,21812
scooter-board,VERB,21813
scooter_,VERB,21812
score,VERB,16737
score's,VERB,16737
scored,VERB,16737
scorer,VERB,16737
scorers,VERB,16737
scores,VERB,16737
scoring,VERB,16737
scorpio,VERB,22644
scorpio's,VERB,22644
scorpio_,VERB,22644
scorpion,VERB,16738
scorpion's,VERB,16738
scorpions,VERB,16738
scorpios,VERB,22644
scotch_tape,VERB,29075
scotland,VERB,22614
scotland's,VERB,22614
scoundrel,PREP,25166
scoundrel's,VERB,25166
scoundrels,VERB,25166
scout,VERB,25370
scout's,VERB,25370
scout_,PREP,25370
scouted,VERB,25370
scouter,VERB,25370
scouters,VERB,25370
scouting,VERB,25370
scouting's,VERB,25371
scouting_,VERB,25371
scouts,VERB,25370
scrambled_eggs,VERB,22140
scrapbook,VERB,29327
scrapbook's,VERB,29327
scrapbooks,VERB,29327
scratch,VERB,24506
scratch's,VERB,24507
scratch-,PRON,24507
scratch_plough,VERB,26223
scratched,VERB,24507
scratches,VERB,24507
scratching,VERB,24507
scream,VERB,18290
scream's,VERB,18290
scream-,PRON,18290
screamed,VERB,18290
screamer,VERB,18290
screamers,VERB,18290
screaming,VERB,18290
screams,VERB,18290
screw,VERB,16739
screwdriver,VERB,16740
screwdriver's,VERB,16740
screwdrivers,VERB,16740
screwed,VERB,16739
screwing,VERB,16739
screws,VERB,16739
scrotum,VERB,16741
scrotum's,VERB,16741
scrumptious,ADJ,22352
scrumptiously,VERB,22352
scuba_diving,VERB,22057
sculpture,VERB,25790
sculpture's,VERB,25790
sculptured,VERB,25790
sculptures,VERB,25790
sculpturing,VERB,25790
sea,VERB,15909
sea's,VERB,15909
sea_anemone,VERB,23653
sea_captain,VERB,24744
sea_chart,VERB,24745
sea_cucumber,VERB,23654
sea_gull,VERB,14654
sea_lion,VERB,23655
sea_urchin,VERB,23656
sea_voyage,VERB,29306
seabird,VERB,12840
seabird's,VERB,12840
seabirds,VERB,12840
seafowl,VERB,12840
seagull,VERB,14654
seagull's,VERB,14654
seagulls,VERB,14654
seal,VERB,23657
sealed,VERB,23657
sealing,VERB,23657
seals,VERB,23657
seam,VERB,23409
seam's,VERB,28075
seam_,VERB,28075
seamed,VERB,28075
seamen,VERB,28075
seaming,VERB,28075
seams,VERB,28075
seamstress,PREP,23674
seamstress's,VERB,23674
seamstresses,VERB,23674
seaplane,VERB,22104
seaplane's,VERB,22104
seaplanes,VERB,22104
search,VERB,16742
search's,VERB,16742
search-,PRON,16742
searched,VERB,16742
searcher,VERB,16742
searchers,VERB,16742
searches,VERB,16742
searching,VERB,16742
seas,VERB,15909
season,VERB,23199
season's,VERB,23199
season_of_darkness,VERB,25936
seasonable,VERB,23199
seasonal_work,VERB,29322
seasoned,VERB,23199
seasoning,VERB,14198
seasoning's,VERB,22309
seasoning_,VERB,22309
seasonings,VERB,23199
seasons,VERB,23199
seat,VERB,13148
seat_belt,VERB,24255
seated,VERB,13148
seating,VERB,13148
seats,VERB,13148
seawater,VERB,26236
seawater's,VERB,26236
seaweed,VERB,23658
seaweed's,VERB,23658
seaweeds,VERB,23658
second,VERB,16743
second's,VERB,16743
second_,VERB,16743
second_hand,ADJ,29076
second_hand_,VERB,29077
second_hand_clothes_shop,VERB,29078
second_hand_clothing_shop,VERB,29078
second_hand_shop,VERB,29079
seconded,VERB,16743
seconder,VERB,16743
seconders,VERB,16743
seconding,VERB,16743
secondly,VERB,16743
secondment,VERB,16743
seconds,VERB,16743
secret,VERB,16745
secret's,VERB,16745
secret_agent,PREP,25175
secretaries,VERB,15418
secretary,PREP,15418
secretary's,VERB,15418
secreted,VERB,16745
secreting,VERB,16745
secretive,VERB,16745
secretly,VERB,16745
secrets,VERB,16745
sector,VERB,25594
sector's,VERB,25594
sectors,VERB,25594
secure,ADJ,16704
secured,VERB,16704
securely,ADJ,16704
securer,VERB,16704
secures,VERB,16704
securest,VERB,16704
securing,VERB,16704
securities,VERB,16705
security,VERB,16705
security's,VERB,16705
security_guard,PREP,29233
see,PRON,16747
see's,VERB,16747
see-,PRON,15449
see_you_again,OTHER,16748
seed,VERB,16749
seedcase,VERB,22837
seedcase's,VERB,22837
seedcases,VERB,22837
seeded,VERB,16749
seeding,VERB,16749
seedpod,VERB,22837
seedpod's,VERB,22837
seedpods,VERB,22837
seeds,VERB,16749
seem,VERB,16750
seem-,PRON,16750
seemed,VERB,16750
seeming,VERB,16750
seems,VERB,16750
seer,VERB,16747
seers,VERB,16747
sees,VERB,16747
seesaw,VERB,16751
seesaw's,VERB,16751
seesawed,VERB,16751
seesawing,VERB,16751
seesaws,VERB,16751
seize,VERB,23200
seize-,PRON,23200
seized,VERB,23200
seizes,VERB,23200
seizing,VERB,23200
select,VERB,13178
select-,PRON,13178
select_all,PRON,23659
selected,VERB,13178
selecting,VERB,13178
selection,VERB,13175
selection's,VERB,13175
selections,VERB,13175
selective,VERB,13178
selects,VERB,13178
self,PREP,16752
self's,VERB,16752
self-centered,ADJ,16755
self-centred,ADJ,16755
self-control,VERB,16754
self-harm,VERB,16753
self-harming,ADJ,22916
self-raising_flour,VERB,25791
selfie,VERB,26240
selfie's,VERB,26240
selfies,VERB,26240
selfish,ADJ,16755
selfishly,VERB,16755
selfishness,VERB,24937
selfishness's,VERB,24937
selflessness,VERB,25652
selflessness's,VERB,25652
sell,VERB,16756
sell-,PRON,16756
seller,VERB,16756
sellers,VERB,16756
selling,VERB,16756
sells,VERB,16756
semantics,VERB,27124
semantics's,VERB,27124
semen,VERB,16757
semen's,VERB,16757
semester,VERB,26253
semester's,VERB,26253
semesters,VERB,26253
semi-detached_house,VERB,23201
semicircle,VERB,29080
semicircle's,VERB,29080
semicircles,VERB,29080
seminal_vesicle,VERB,16758
sen,VERB,8539
send,VERB,16759
send-,PRON,16759
sender,VERB,16759
senders,VERB,16759
sending,VERB,16759
sends,VERB,16759
senior_citizen,PREP,24508
sens,VERB,8539
sensation,VERB,14164
sensation's,VERB,14164
sensations,VERB,14164
sense,VERB,15441
sense's,VERB,15441
sense_of_balance,VERB,25842
sense_of_smell,VERB,25940
sense_of_taste,VERB,25952
sense_of_touch,VERB,25957
sensed,VERB,15441
senses,VERB,15441
sensing,VERB,15441
sentence,VERB,16760
sentence's,VERB,16760
sentenced,VERB,16760
sentences,VERB,16760
sentencing,VERB,16760
separate,PRON,26243
separate's,VERB,26243
separate_waste,VERB,26244
separate_waste-,PRON,26244
separated,VERB,26243
separately,VERB,26243
separateness,VERB,26243
separates,VERB,26243
separating,VERB,26243
separation,VERB,25548
separation's,VERB,25548
separations,VERB,26243
separative,VERB,26243
september,VERB,16761
september's,VERB,16761
septembers,VERB,16761
sequin,VERB,25490
sequin's,VERB,25490
sequined,VERB,25490
sequins,VERB,25490
serene,ADJ,15982
serenely,VERB,15982
sereneness,VERB,15982
serener,VERB,15982
serenest,VERB,15982
serenity,VERB,15981
serenity's,VERB,15981
serious,PRON,29557
seriously,VERB,29557
seriousness,VERB,29557
serve,PRON,14705
serve_as_an_apprentice,PRON,29218
served,VERB,14705
server,VERB,26241
server's,VERB,26241
servers,VERB,26241
serves,VERB,14705
service,VERB,23203
service's,VERB,23203
service_,VERB,23203
services,VERB,23203
serviette,VERB,15692
serviette's,VERB,15692
serviettes,VERB,15692
serving,VERB,14705
serving_spoon,VERB,22571
sesame_seed_spread,VERB,17495
set,PRON,16244
set's,VERB,16244
set_square,VERB,25792
set_up,PRON,16244
setback,VERB,25545
setback's,VERB,25545
setbacks,VERB,25545
sets,VERB,16244
seven,VERB,8503
seven's,VERB,8503
seven_,NOUN,8503
sevens,VERB,8503
seventh,VERB,8503
several,NOUN,16762
several's,VERB,16762
severally,VERB,16762
sew,VERB,16763
sew-,PRON,16763
sewed,VERB,16763
sewing,VERB,29325
sewing's,VERB,29325
sewing_machine,VERB,16764
sews,VERB,16763
sex,VERB,14428
sex's,VERB,14428
sex_drive,VERB,16765
sex_organs,VERB,14431
sex_organs_,VERB,14432
sexed,VERB,14428
sexes,VERB,14428
sexing,VERB,14428
sexual_abuse,VERB,16766
sexual_activity,VERB,24257
sexual_aid,VERB,24258
sexual_arousal,VERB,16929
sexual_assault,VERB,16766
sexual_excitement,VERB,16929
sexual_harassment,VERB,16930
sexual_intercourse,VERB,16931
sexual_play,VERB,24259
sexual_pleasure,VERB,16932
sexual_urge,VERB,16765
sexual_violence,VERB,16766
sexuality,VERB,16933
sexuality's,VERB,16933
sexually_mature,ADJ,24260
shade,VERB,24746
shade's,VERB,24746
shades,VERB,24746
shadow,VERB,24746
shadow's,VERB,24746
shadowed,VERB,24746
shadowing,VERB,24746
shadows,VERB,24746
shake,PRON,16934
shake's,VERB,16934
shaker,VERB,16934
shakers,VERB,16934
shakes,VERB,16934
shaking,VERB,16934
shall,PRON,24261
shallow,ADJ,16935
shallow's,VERB,16935
shallower,VERB,16935
shallowest,VERB,16935
shallowly,VERB,16935
shallowness,VERB,25606
shallowness's,VERB,25606
shallows,VERB,16935
shalom,VERB,16936
shame,VERB,16937
shame's,VERB,16937
shames,VERB,16937
shampoo,VERB,16938
shampoo's,VERB,24262
shampoo-,PRON,24262
shampooed,VERB,24262
shampooer,VERB,24262
shampooers,VERB,24262
shampooing,VERB,24262
shampoos,VERB,24262
shamrock,VERB,16939
shamrock's,VERB,16939
shamrocks,VERB,16939
shank,VERB,25907
shank's,VERB,25907
shanks,VERB,25907
shape,VERB,16940
shape_,VERB,29081
shaped,VERB,29081
shapes,VERB,29081
shaping,VERB,29081
share,VERB,16941
share's,VERB,16941
share-,PRON,16941
shared,ADJ,24066
shared_housing,VERB,27125
sharer,VERB,16941
sharers,VERB,16941
shares,VERB,16941
sharing,VERB,16941
shark,VERB,16942
shark's,VERB,16942
sharked,VERB,16942
sharking,VERB,16942
sharks,VERB,16942
sharp,VERB,16943
sharp's,VERB,16943
sharp_,ADJ,16943
sharped,VERB,16943
sharpen,VERB,16943
sharpens,VERB,16943
sharper,VERB,16943
sharpers,VERB,16943
sharpest,VERB,16943
sharping,VERB,16943
sharply,VERB,16943
sharpness,VERB,16943
sharps,VERB,16943
shatter,PRON,17016
shatter's,VERB,17016
shattered,VERB,17016
shattering,VERB,17016
shatters,VERB,17016
shave,VERB,24263
shave's,VERB,24263
shave-,PRON,24263
shave_-,PRON,16945
shaved,VERB,24263
shaver,VERB,16946
shaver's,VERB,16946
shavers,VERB,24263
shaves,VERB,24263
shaving,VERB,24263
shaving_cream,VERB,16947
shaving_soap,VERB,16947
shavings,VERB,24263
shavuot,VERB,16948
shavuot's,VERB,16948
she,PREP,14688
she's,VERB,14688
sheath,VERB,25793
sheath's,VERB,25793
sheathings,VERB,25793
shed,VERB,12630
shed's,VERB,12630
sheds,VERB,12630
sheep,VERB,16950
sheep's,VERB,16950
sheep_barn,VERB,25794
sheep_shed,VERB,25794
sheet,VERB,16951
sheet's,VERB,16951
sheeting,VERB,16951
sheets,VERB,16951
shekel,VERB,16952
shekel's,VERB,25607
shekel_,VERB,25607
shekels,VERB,25607
shelf,VERB,16953
shelf's,VERB,16953
shell,VERB,16954
shell's,VERB,16954
shelled,VERB,16954
sheller,VERB,16954
shellfish,VERB,23660
shellfish's,VERB,23660
shellfish_,VERB,15226
shellfish_salad,VERB,22305
shellfishes,VERB,23660
shelling,VERB,16954
shells,VERB,16954
shelter,PRON,16419
shelter's,VERB,16419
sheltered,ADJ,24931
sheltered_workshop,VERB,23205
sheltering,VERB,16419
shelters,VERB,16419
shepherd,PREP,23661
shepherd's,VERB,23661
shepherded,VERB,23661
shepherding,VERB,23661
shepherds,VERB,23661
sherbet,VERB,22369
sherbet's,VERB,22369
sherbets,VERB,22369
shes,VERB,14688
shevat,VERB,16971
shevat's,VERB,16971
shield,VERB,12616
shield's,VERB,12616
shielded,VERB,12616
shielding,VERB,12616
shields,VERB,12616
shin,VERB,25907
shin's,VERB,25907
shine,PRON,16956
shine's,VERB,22387
shine-,PRON,22387
shined,VERB,25907
shiner,VERB,25907
shiners,VERB,25907
shines,VERB,22387
shinier,VERB,22388
shiniest,VERB,22388
shininess,VERB,22388
shining,VERB,25907
shins,VERB,25907
shiny,ADJ,22388
ship,VERB,12869
shipment,VERB,12869
shipping_forecast,VERB,24747
ships,VERB,12869
shirt,VERB,16957
shirt's,VERB,16957
shirted,VERB,16957
shirting,VERB,16957
shirts,VERB,16957
shit,VERB,12884
shit's,VERB,12884
shits,VERB,12884
shitting,VERB,12884
shiva,PREP,16958
shiva's,VERB,21295
shiva_,VERB,21295
shoal,VERB,23206
shoal's,VERB,23206
shoaled,VERB,23206
shoaling,VERB,23206
shoals,VERB,23206
shoe,VERB,16959
shoe's,VERB,16959
shoe_shop,VERB,29082
shoe_store,VERB,29082
shoes,VERB,16959
shofar,VERB,16960
shoot,VERB,23662
shoot's,VERB,23662
shoot-,PRON,23662
shooter,VERB,23662
shooters,VERB,23662
shooting,VERB,23662
shooting_sports,VERB,21797
shootings,VERB,23662
shoots,VERB,23662
shop,VERB,23223
shop's,VERB,23223
shop_owner,PREP,25785
shopping_bag,VERB,14668
shopping_centre,VERB,23207
shopping_centre_,VERB,16961
shopping_mall,VERB,23208
shops,VERB,23223
shore,VERB,12640
shore's,VERB,12640
shored,VERB,12640
shores,VERB,12640
shoring,VERB,12640
short,ADJ,15401
short's,VERB,15401
short_message_system,VERB,24509
short_message_system_,VERB,24509
short_time_home,VERB,23209
shorted,VERB,15401
shorten,VERB,15401
shortens,VERB,15401
shorter,VERB,15401
shortest,VERB,15401
shorting,VERB,15401
shortly,VERB,15401
shortness,VERB,15401
shortness's,VERB,24918
shortness_,VERB,24918
shorts,VERB,16963
shortsighted,ADJ,26210
shortsightedly,VERB,26210
shortsightedness,VERB,26209
shortsightedness's,VERB,26209
shot,VERB,14941
shot's,VERB,14941
shot_put,VERB,21846
shotgun,VERB,16510
shotgun's,VERB,16510
shotguns,VERB,16510
shots,VERB,14941
should,PRON,24264
shoulder,VERB,16964
shoulder's,VERB,16964
shoulder_blade,VERB,25491
shouldered,VERB,16964
shouldering,VERB,16964
shoulders,VERB,16964
shout,VERB,16965
shout's,VERB,16965
shout-,PRON,16965
shouted,VERB,16965
shouter,VERB,16965
shouters,VERB,16965
shouting,VERB,16965
shouts,VERB,16965
shove,VERB,16439
shove's,VERB,16439
shove-,PRON,16439
shoved,VERB,16439
shovel,VERB,16966
shovel's,VERB,16966
shoveled,VERB,16966
shoveling,VERB,16966
shovels,VERB,16966
shoves,VERB,16439
shoving,VERB,16439
show,PRON,16967
show's,VERB,16967
show_of_hands,VERB,25938
showed,VERB,16967
shower,VERB,16968
shower's,VERB,16969
shower-,PRON,16969
shower_chair,VERB,24748
showered,VERB,16969
showering,VERB,16969
showers,VERB,16967
showing,VERB,16967
showings,VERB,16967
showjumping,VERB,22096
showjumping_,VERB,22096
showplace,VERB,16970
showplace's,VERB,16970
showplaces,VERB,16970
shows,VERB,16967
shredder,VERB,29083
shredder's,VERB,29083
shredder_,VERB,29083
shredders,VERB,29083
shrimp,VERB,23210
shrimp's,VERB,23210
shrimped,VERB,23210
shrimper,VERB,23210
shrimpers,VERB,23210
shrimping,VERB,23210
shrimps,VERB,23210
shrub,VERB,13092
shrub's,VERB,13092
shrubs,VERB,13092
shudder,VERB,26332
shudder's,VERB,26332
shuddered,VERB,26332
shuddering,VERB,26332
shudders,VERB,26332
shut,VERB,13364
shut-,PRON,13364
shuts,VERB,13364
shuttlecock,VERB,25608
shuttlecock's,VERB,25608
shuttlecocked,VERB,25608
shuttlecocking,VERB,25608
shuttlecocks,VERB,25608
shvat,VERB,16971
sibling,PREP,16972
sibling's,VERB,16972
siblings,VERB,16972
sick,ADJ,16973
sicked,VERB,16973
sicken,VERB,16973
sickens,VERB,16973
sicker,VERB,16973
sickest,VERB,16973
sicking,VERB,16973
sickly,VERB,16973
sickness,VERB,16164
sickness's,VERB,16164
sickness_,VERB,16164
sicknesses,VERB,16164
sicks,VERB,16973
siddur,VERB,16238
side,VERB,16974
side_,VERB,16974
sidecar,VERB,21821
sidecar's,VERB,21821
sidecar_,VERB,21821
sidecars,VERB,21821
sided,VERB,16974
sides,VERB,16974
sidewalk,VERB,24209
sidewalk's,VERB,24209
sidewalks,VERB,24209
siding,VERB,16974
sieve,VERB,16976
sieve's,VERB,16976
sieved,VERB,16976
sieves,VERB,16976
sieving,VERB,16976
sif,PREP,22653
sift,PRON,13872
sifted,VERB,13872
sifter,VERB,13872
sifters,VERB,13872
sifting,VERB,13872
sifts,VERB,13872
sight,VERB,25939
sight's,VERB,25939
sighted,ADJ,26266
sighting,VERB,25939
sightings,VERB,25939
sightly,VERB,25939
sights,VERB,25939
sightseeing,VERB,25198
sightseeing's,VERB,25198
sign,VERB,16977
sign-,PRON,21537
sign_,VERB,16978
sign_language,VERB,21538
sign_of_the_cross,VERB,24265
signal,VERB,24749
signal's,VERB,24749
signal_receiver,VERB,24751
signal_receiver_,VERB,24751
signal_reception,VERB,24753
signal_strength_meter,VERB,25372
signaled,VERB,24749
signaler,VERB,24749
signalers,VERB,24749
signaling,VERB,24749
signally,VERB,24749
signals,VERB,24749
signature,VERB,16979
signature's,VERB,16979
signature_stamp,VERB,16980
signatures,VERB,16979
signed,VERB,21537
significance,VERB,15441
significance's,VERB,15441
significant,ADJ,14930
significantly,VERB,14930
signification,VERB,15440
significations,VERB,15440
signified,VERB,15440
signifies,VERB,15440
signify,VERB,15440
signify-,PRON,15440
signifying,VERB,15440
signing,VERB,21537
signs,VERB,21537
silence,VERB,16981
silence's,VERB,16981
silenced,VERB,16981
silencer,VERB,16981
silencers,VERB,16981
silences,VERB,16981
silencing,VERB,16981
silent,ADJ,16982
silent's,VERB,16982
silenter,VERB,16982
silentest,VERB,16982
silently,VERB,16982
silents,VERB,16982
silk,VERB,23211
silk's,VERB,23211
silk_fabric,VERB,23212
silken,VERB,23211
silks,VERB,23211
sillier,VERB,29558
sillies,VERB,29558
silliest,VERB,29558
silliness,VERB,29558
silly,ADJ,29558
silly's,VERB,29558
silver,VERB,23213
silver's,VERB,23213
silvered,VERB,23213
silvering,VERB,23213
silvers,VERB,23213
silversmith,PREP,24510
silversmith's,VERB,24510
simchat_torah,VERB,16983
similar,OTHER,16984
similar_looking,OTHER,16985
similar_sound,OTHER,16986
similarly,VERB,16984
simmer,PRON,16987
simmer's,VERB,16987
simmered,VERB,16987
simmering,VERB,16987
simmers,VERB,16987
simplicity,VERB,24890
simplicity's,VERB,24890
sin,VERB,16988
sin's,VERB,16989
sin-,PRON,16989
sincere,PRON,29557
sincerely,VERB,29557
sincerest,VERB,29557
sing,VERB,29420
sing's,VERB,29420
sing-,PRON,16990
sing_-,PRON,29420
singable,VERB,29420
singalong,VERB,24754
singalongs,VERB,24754
singed,VERB,29420
singer,PREP,16991
singer's,VERB,16991
singers,VERB,29420
singing,VERB,29420
single-foot,VERB,24230
single-foot-,PRON,24230
single_father,PREP,21092
single_mother,PREP,21091
single_parent,PREP,21090
single_parent_family,PREP,21093
singly,VERB,29420
sings,VERB,29420
singular,VERB,27126
singular's,VERB,27126
singularly,VERB,27126
singulars,VERB,27126
sink,VERB,24511
sink's,VERB,24511
sinkable,VERB,24511
sinker,VERB,24511
sinkers,VERB,24511
sinkhole,VERB,29271
sinkhole's,VERB,29271
sinkholes,VERB,29271
sinking,VERB,24511
sinks,VERB,24511
sinner,PREP,16993
sinner's,VERB,16993
sinners,VERB,16993
sins,VERB,16989
siren_of_the_woods,PREP,23663
sirocco,VERB,25872
sirocco's,VERB,25872
siroccos,VERB,25872
sister,PREP,16994
sister's,VERB,16994
sister-in-law,VERB,25795
sister-in-law_,PREP,25795
sisters,VERB,16994
sit,VERB,16995
sit-,PRON,16995
sit_ski,VERB,25609
sit_ski_,VERB,23948
site,VERB,25887
site's,VERB,25887
sited,VERB,25887
sites,VERB,25887
siting,VERB,25887
sits,VERB,16995
sitski,VERB,25609
sitting,VERB,16165
sitting's,VERB,16165
sitting_,VERB,16165
sitting_mat,VERB,25410
sitting_room,VERB,15224
sittings,VERB,16165
sivan,VERB,16996
sivan's,VERB,16996
six,VERB,8502
six's,VERB,8502
six_,NOUN,8502
sixes,VERB,8502
sixth,VERB,8502
size,VERB,23214
sized,VERB,23214
sizes,VERB,23214
sizing,VERB,23214
skateboard,VERB,16997
skateboard's,VERB,16997
skateboarded,VERB,16997
skateboarder,VERB,16997
skateboarders,VERB,16997
skateboarding,VERB,16997
skateboards,VERB,16997
skating,VERB,21860
skating's,VERB,21860
skeleton,VERB,16998
skeleton's,VERB,16998
skeletons,VERB,16998
skeptical,ADJ,25787
skeptically,VERB,25787
skepticism,VERB,25788
skepticism's,VERB,25788
sketch,VERB,13873
sketch's,VERB,13873
sketch-,PRON,13873
sketched,VERB,13873
sketcher,VERB,13873
sketchers,VERB,13873
sketches,VERB,13873
sketching,VERB,13873
skew,ADJ,29630
skew's,VERB,29630
skew_,VERB,29628
skewed,VERB,29630
skewer,VERB,29630
skewers,VERB,29630
skewing,VERB,29630
skews,VERB,29630
ski,VERB,25610
ski's,VERB,25610
ski_boot,VERB,16999
ski_jumping,VERB,21866
ski_pole,VERB,17000
skid,PRON,25803
skid's,VERB,25803
skids,VERB,25803
skied,VERB,25610
skier,VERB,25610
skiers,VERB,25610
skies,VERB,17006
skiing,VERB,20597
skiing's,VERB,20597
skiing_,VERB,20597
skin,VERB,17001
skin's,VERB,17001
skin_disease,VERB,24266
skins,VERB,17001
skipper,VERB,24744
skipper's,VERB,24744
skippered,VERB,24744
skippering,VERB,24744
skippers,VERB,24744
skipping_rope,VERB,15138
skirt,VERB,17002
skirt's,VERB,17002
skirted,VERB,17002
skirting,VERB,17002
skirts,VERB,17002
skis,VERB,17003
skis_,VERB,17003
skull,VERB,25492
skull's,VERB,25492
skullcap,VERB,17004
skullcap's,VERB,17004
skullcaps,VERB,17004
skulls,VERB,25492
skunk,VERB,17005
skunk's,VERB,17005
skunked,VERB,17005
skunking,VERB,17005
skunks,VERB,17005
sky,VERB,17006
sky's,VERB,17006
sky_sports,VERB,21796
skying,VERB,17006
skyscraper,VERB,23215
skyscraper's,VERB,23215
skyscrapers,VERB,23215
skytrain,VERB,24267
slacks,VERB,15961
slacks's,VERB,15961
slalom,VERB,21863
slalom's,VERB,21863
slalomed,VERB,21863
slaloming,VERB,21863
slaloms,VERB,21863
slang,VERB,24961
slang's,VERB,24961
slant,VERB,29628
slant's,VERB,29628
slant_,VERB,29628
slanted,ADJ,26242
slanting,ADJ,26242
slantingly,VERB,26242
slants,VERB,29628
slaughter,VERB,25104
slaughter's,VERB,25799
slaughter-,PRON,25799
slaughtered,VERB,25799
slaughterer,PREP,25800
slaughterer's,VERB,25800
slaughterers,VERB,25799
slaughterhouse,VERB,25801
slaughterhouse's,VERB,25801
slaughterhouses,VERB,25801
slaughtering,VERB,25799
slaughters,VERB,25799
slavery,VERB,25132
slavery's,VERB,25132
sled,VERB,17007
sled's,VERB,17007
sled_dog,VERB,21878
sled_sport,VERB,21870
sledge,VERB,17007
sledge's,VERB,17007
sledged,VERB,17007
sledges,VERB,17007
sledging,VERB,17007
sleds,VERB,17007
sleep,VERB,17008
sleep's,VERB,17009
sleep-,PRON,17009
sleep_medication,VERB,27127
sleeper,VERB,17009
sleepers,VERB,17009
sleepier,VERB,25373
sleepiest,VERB,25373
sleepiness,VERB,25373
sleeping,VERB,17009
sleeping_bag,VERB,17010
sleeping_mat,VERB,25271
sleeping_pill,VERB,27128
sleeping_place,VERB,27129
sleepless,ADJ,25412
sleeplessly,VERB,25412
sleeplessness,VERB,25412
sleeps,VERB,17009
sleepy,ADJ,25373
sleet,VERB,29263
sleet's,VERB,29263
sleeted,VERB,29263
sleeting,VERB,29263
sleets,VERB,29263
sleeve,VERB,26329
sleeve's,VERB,26329
sleeved,VERB,26329
sleeves,VERB,26329
sleigh,VERB,17007
sleigh's,VERB,17007
sleighed,VERB,17007
sleighing,VERB,17007
sleipnir,VERB,22824
slice,VERB,22381
slice's,VERB,22382
slice-,PRON,22382
slice_of_bread,VERB,25802
sliced,ADJ,22383
sliced_bread,VERB,25664
slicer,VERB,22382
slicers,VERB,22382
slices,VERB,22382
slicing,VERB,22382
slide,VERB,17011
slide's,VERB,17011
slider,VERB,17011
sliders,VERB,17011
slides,VERB,17011
sliding,VERB,17011
slim,ADJ,17716
slimness,VERB,17716
slims,VERB,17716
slip,VERB,17012
slip's,VERB,25803
slip-,PRON,25803
slipper,VERB,17013
slipper's,VERB,17013
slippers,VERB,17013
slips,VERB,25803
slop,VERB,25945
slop's,VERB,25945
slop-,PRON,25945
slope,VERB,29622
slope's,VERB,29622
slope_,VERB,29622
sloped,ADJ,26242
slopes,VERB,29622
sloping,ADJ,26242
slops,VERB,25945
slow,ADJ,17014
slowed,VERB,17014
slower,VERB,17014
slowest,VERB,17014
slowing,VERB,17014
slowly,ADJ,24268
slowly_,ADJ,17014
slowness,VERB,17014
slows,VERB,17014
sly,VERB,8539
small,ADJ,15221
small's,VERB,15221
small_intestine,VERB,25493
small_pancake,VERB,23949
smaller,VERB,15221
smallest,VERB,15221
smallness,VERB,24917
smallness's,VERB,24917
smalls,VERB,15221
smart,ADJ,17015
smart's,VERB,17015
smart_board,VERB,29031
smarted,VERB,17015
smarten,VERB,17015
smartens,VERB,17015
smarter,VERB,17015
smartest,VERB,17015
smarting,VERB,17015
smartly,VERB,17015
smartness,VERB,22917
smartness's,VERB,22917
smartphone,VERB,25804
smartphone's,VERB,25804
smartphones,VERB,25804
smarts,VERB,17015
smash,PRON,17016
smash's,VERB,17016
smashed,VERB,17016
smasher,VERB,17016
smashers,VERB,17016
smashes,VERB,17016
smashing,VERB,17016
smell,VERB,17017
smell's,VERB,17018
smell-,PRON,17018
smell_bad,PRON,17020
smelled,VERB,17018
smellier,VERB,29202
smelliest,VERB,29202
smelliness,VERB,29202
smelling,VERB,17018
smells,VERB,17018
smelly,VERB,29202
smelly_,ADJ,29202
smile,PRON,17021
smile's,VERB,17021
smiled,VERB,17021
smiles,VERB,17021
smiling,VERB,17021
smock,VERB,12411
smock's,VERB,12411
smocked,VERB,12411
smocking,VERB,12411
smocks,VERB,12411
smoke,VERB,17022
smoke's,VERB,17185
smoke-,PRON,17185
smoked,VERB,17185
smoker,VERB,17185
smokers,VERB,17185
smokes,VERB,17185
smoking,VERB,17185
smoking's,VERB,25611
smoking_,VERB,25611
smoking_addiction,VERB,24512
smoking_addiction_,VERB,24512
smoking_pipe,VERB,16186
smooth,ADJ,17186
smooth_,PRON,29560
smoothed,VERB,29560
smoother,VERB,29560
smoothest,VERB,29560
smoothie,VERB,27040
smoothie's,VERB,27040
smoothies,VERB,27040
smoothing,VERB,29560
smoothing_iron,VERB,14955
smoothly,VERB,29560
smoothness,VERB,29560
snack,VERB,17187
snack's,VERB,17187
snack_,VERB,17187
snack_bar,VERB,13104
snacked,VERB,17187
snacking,VERB,17187
snacks,VERB,17187
snail,VERB,17188
snail's,VERB,17188
snailed,VERB,17188
snailing,VERB,17188
snails,VERB,17188
snake,VERB,17189
snake's,VERB,25941
snake_,VERB,25941
snaked,VERB,25941
snakes,VERB,25941
snaking,VERB,25941
snap,VERB,13098
snaps,VERB,13098
snarl,VERB,29413
snarl-,PRON,29413
snarled,VERB,29413
snarling,VERB,29413
snarls,VERB,29413
sneeze,VERB,17191
sneeze's,VERB,17191
sneeze-,PRON,17191
sneezed,VERB,17191
sneezes,VERB,17191
sneezing,VERB,17191
sniff,PREP,25168
sniff's,VERB,25168
sniffed,VERB,25168
sniffer,VERB,25168
sniffer_dog,VERB,25374
sniffers,VERB,25168
sniffing,VERB,25168
sniffs,VERB,25168
snooker,VERB,22100
snooker's,VERB,22100
snookered,VERB,22100
snookering,VERB,22100
snookers,VERB,22100
snork,PREP,25169
snork_maiden,PREP,25170
snorkeling,VERB,22057
snorkeling's,VERB,22057
snot,VERB,27130
snot's,VERB,27130
snots,VERB,27130
snow,VERB,17192
snow's,VERB,17193
snow-,PRON,17193
snow_blower,VERB,29259
snow_pile,VERB,29262
snow_remover,VERB,29260
snowball,VERB,17194
snowball's,VERB,17194
snowballed,VERB,17194
snowballing,VERB,17194
snowballs,VERB,17194
snowboard,VERB,21869
snowboard's,VERB,21869
snowboarded,VERB,21869
snowboarder,VERB,21869
snowboarders,VERB,21869
snowboarding,VERB,21868
snowboarding's,VERB,21868
snowboards,VERB,21869
snowed,VERB,17193
snowfall,VERB,29261
snowfall's,VERB,29261
snowfalls,VERB,29261
snowflake,VERB,17195
snowflake's,VERB,17195
snowflakes,VERB,17195
snowing,VERB,17193
snowman,VERB,17196
snowman's,VERB,17196
snowmobile,VERB,23950
snowmobile's,VERB,23950
snowmobiled,VERB,23950
snowmobiles,VERB,23950
snowmobiling,VERB,23950
snowplough,VERB,23951
snowplow,VERB,23951
snowplow's,VERB,23951
snowplowed,VERB,23951
snowplowing,VERB,23951
snowplows,VERB,23951
snows,VERB,17193
snowshoe,VERB,25613
snowshoe's,VERB,25613
snowshoe_,VERB,17197
snowshoes,VERB,25613
snowstorm,VERB,17198
snowstorm's,VERB,17198
snowstorms,VERB,17198
snowsuit,VERB,17199
snowsuit's,VERB,17199
snowsuits,VERB,17199
snuff,VERB,25495
snuff's,VERB,25495
snuff_,VERB,25494
snuffed,VERB,25495
snuffer,VERB,25495
snuffers,VERB,25495
snuffing,VERB,25495
snuffly,VERB,25495
snuffs,VERB,25495
snufkin,PREP,25171
so,NOUN,17705
so_that,NOUN,17708
soap,VERB,17200
soap's,VERB,17200
soaped,VERB,17200
soaping,VERB,17200
soaps,VERB,17200
soccer,VERB,14380
soccer's,VERB,14380
soccer_,VERB,14380
soccer_field,VERB,28025
soccer_game,VERB,28026
soccer_player,PREP,28027
social,ADJ,24269
social's,VERB,24269
social_distance,VERB,29084
social_distance-,PRON,29085
social_network,VERB,25375
social_services,VERB,29635
social_support,VERB,29635
social_worker,PREP,17201
socially,VERB,24269
socials,VERB,24269
societies,VERB,24270
society,VERB,24270
society's,VERB,24270
sociologist,PREP,21568
sociologist's,VERB,21568
sociologists,VERB,21568
sociology,VERB,21551
sociology's,VERB,21551
sock,VERB,17264
sock's,VERB,17264
socked,VERB,17264
socking,VERB,17264
socks,VERB,17264
soda_pop,VERB,17202
sofa,VERB,13419
sofa's,VERB,13419
sofas,VERB,13419
soft,ADJ,17203
soft_cheese,VERB,22359
soft_drink,VERB,17202
soften,VERB,17203
softens,VERB,17203
softer,VERB,17203
softest,VERB,17203
softly,VERB,17203
softness,VERB,17203
software,VERB,23664
software's,VERB,23664
soil,VERB,22910
soil's,VERB,22910
soiled,ADJ,13683
soiling,VERB,22910
soils,VERB,22910
solar_eclipse,VERB,24755
solar_energy,VERB,25172
solar_power,VERB,25172
solar_system,VERB,22836
soldier,PREP,17204
soldier's,VERB,17204
soldiered,VERB,17204
soldiering,VERB,17204
soldierly,VERB,17204
soldiers,VERB,17204
sole,VERB,25943
sole's,VERB,25943
sole_,VERB,25943
soled,VERB,25943
soles,VERB,25943
solid_thing,VERB,17205
solidarity,VERB,14172
solidarity's,VERB,14172
solidification,VERB,14397
solidified,VERB,14397
solidifies,VERB,14397
solidify,VERB,14397
solidify-,PRON,14397
solidifying,VERB,25565
soling,VERB,25943
solitaries,VERB,12363
solitariness,VERB,12363
solitary,ADJ,12363
solitary's,VERB,12363
solve,VERB,17206
solve-,PRON,17206
solved,VERB,17206
solves,VERB,17206
solving,VERB,17206
some,ADJ,17207
somebodies,VERB,12399
somebody,PREP,12399
somebody's,VERB,12399
someday,VERB,23021
someone,PREP,12399
someone's,VERB,12399
someones,VERB,12399
someplace,NOUN,12402
somersault,VERB,24272
somersault's,VERB,24273
somersault_,VERB,24273
somersaulted,VERB,24273
somersaulting,VERB,24273
somersaults,VERB,24273
something,NOUN,12400
something's,VERB,12400
somethings,VERB,12400
sometime,NOUN,12401
sometimes,ADJ,17208
somewhere,NOUN,12402
son,PREP,17209
son's,VERB,17209
son-in-law,PREP,25805
song,VERB,17210
song's,VERB,17210
songbird,VERB,17211
songbird's,VERB,17211
songbirds,VERB,17211
songs,VERB,17210
sons,VERB,17209
soon,ADJ,17212
sooner,VERB,17212
soonest,VERB,17212
soprano,VERB,23952
soprano's,VERB,23952
sopranos,VERB,23952
sorbet,VERB,22369
sorbet's,VERB,22369
sorbets,VERB,22369
sore,ADJ,15955
sore's,VERB,15955
sorely,VERB,15955
soreness,VERB,15955
sorer,VERB,15955
sores,VERB,15955
sorest,VERB,15955
sorrier,VERB,17214
sorriest,VERB,17214
sorriness,VERB,17214
sorrow,VERB,16703
sorrow's,VERB,16703
sorrowed,VERB,16703
sorrowing,VERB,16703
sorrows,VERB,16703
sorry,OTHER,17214
sort,VERB,17961
sort's,VERB,17961
sort_garbage,PRON,26244
sorted,VERB,17961
sorting,VERB,17961
sorts,VERB,17961
soul,VERB,21045
soul's,VERB,21045
souls,VERB,21045
sound,VERB,17216
sound's,VERB,17217
sound-,PRON,17217
sound_of_animal,VERB,29409
sound_recorder,VERB,17505
sounded,VERB,17217
sounder,VERB,17217
sounders,VERB,17217
soundest,VERB,17217
sounding,VERB,17217
soundings,VERB,17217
soundly,VERB,17217
soundness,VERB,17217
sounds,VERB,17217
sounds_like,OTHER,16986
soup,VERB,17218
soup's,VERB,17218
souped,VERB,17218
souping,VERB,17218
soups,VERB,17218
sour,ADJ,16944
sour's,VERB,16944
source,VERB,28070
source's,VERB,28070
source_separation,VERB,26264
source_separation_,VERB,26264
sourced,VERB,28070
sources,VERB,28070
sourcing,VERB,28070
soured,VERB,16944
sourer,VERB,16944
sourest,VERB,16944
souring,VERB,16944
sourly,VERB,16944
sourness,VERB,16944
sours,VERB,16944
south,VERB,17219
south's,VERB,17219
south_africa,VERB,22615
south_america,VERB,22608
south_pole,VERB,22599
southeast,VERB,26245
southeast's,VERB,26245
southeaster,VERB,26245
southeasters,VERB,26245
southern,ADJ,17220
southern's,VERB,17220
southerner,VERB,17220
southerners,VERB,17220
southerns,VERB,17220
southward,ADJ,25944
southward's,VERB,25944
southwards,VERB,25944
southwest,VERB,26246
southwest's,VERB,26246
southwester,VERB,26246
southwesters,VERB,26246
sow,VERB,25806
sowed,VERB,25806
sowing,VERB,25806
sows,VERB,25806
spa,VERB,29340
spa's,VERB,29340
space,VERB,16193
space's,VERB,16193
space_flight,VERB,25173
space_travel,VERB,25173
space_voyage,VERB,25173
spacecraft,VERB,25614
spacecraft's,VERB,25614
spacecrafts,VERB,25614
spaced,VERB,16193
spacer,VERB,16193
spacers,VERB,16193
spaces,VERB,16193
spaceship,VERB,16680
spaceship's,VERB,16680
spaceships,VERB,16680
spacing,VERB,16193
spade,VERB,16966
spade's,VERB,16966
spaded,VERB,16966
spades,VERB,16966
spading,VERB,16966
spaghetti,VERB,20521
spaghetti's,VERB,20521
spaghetti_,VERB,17222
spain,VERB,25376
spain's,VERB,25376
spandex,VERB,29052
spandex's,VERB,29052
spangle,VERB,25490
spangle's,VERB,25490
spangled,VERB,25490
spangles,VERB,25490
spangling,VERB,25490
spanish,VERB,25377
spanish's,VERB,25377
spark,VERB,24274
spark's,VERB,24274
sparked,VERB,24274
sparking,VERB,24274
sparkle,VERB,17960
sparkle's,VERB,17960
sparkle-,PRON,17960
sparkled,VERB,17960
sparkler,VERB,17960
sparklers,VERB,17960
sparkles,VERB,17960
sparkling,VERB,17960
sparkling_wine,VERB,22345
sparkly,VERB,24274
sparks,VERB,24274
spas,VERB,29340
spasm,VERB,13432
spasm's,VERB,13432
spasms,VERB,13432
speak,PRON,16728
speaker,PREP,25807
speaker's,VERB,25807
speakers,VERB,16728
speaking,VERB,16728
speakings,VERB,16728
speaks,VERB,16728
spear,VERB,21854
spear's,VERB,21854
speared,VERB,21854
spearing,VERB,21854
spears,VERB,21854
special,ADJ,17223
special's,VERB,17223
specialist,PREP,29239
specialist's,VERB,29239
specialists,VERB,29239
speciality,VERB,27033
speciality_,VERB,27033
specially,VERB,17223
specials,VERB,17223
specific,ADJ,17224
specific's,VERB,17224
specifics,VERB,17224
spectator,PREP,28076
spectator's,VERB,28076
spectators,VERB,28076
speech,VERB,24756
speech's,VERB,25174
speech_,VERB,25174
speech_generating_device,VERB,28077
speech_impaired,ADJ,26025
speech_impaired_,ADJ,17225
speech_impairment,VERB,26026
speech_output_device,VERB,28077
speech_recognition,VERB,25808
speech_therapist,PREP,21590
speech_therapy,VERB,24276
speech_therapy_room,VERB,24277
speeches,VERB,25174
speed,VERB,23216
speed's,VERB,23216
speed_cycling,VERB,21824
speed_skating,VERB,21861
speeder,VERB,23216
speeders,VERB,23216
speediness,VERB,24819
speediness's,VERB,24819
speeding,VERB,23216
speedometer,VERB,23217
speedometer's,VERB,23217
speedometers,VERB,23217
speeds,VERB,23216
spell,VERB,23665
spell's,VERB,23665
spell-,PRON,23665
spelled,VERB,23665
speller,VERB,23665
spellers,VERB,23665
spelling,VERB,23665
spellings,VERB,23665
spells,VERB,23665
spend,VERB,15979
spend-,PRON,15979
spendable,VERB,15979
spender,VERB,15979
spenders,VERB,15979
spending,VERB,15979
spending_spree,VERB,24757
spends,VERB,15979
sperm,VERB,17226
sperm's,VERB,17226
sperm_destruction,VERB,25615
spermicide,VERB,17227
spermicide's,VERB,17227
spermicides,VERB,17227
sperms,VERB,17226
spice_box,VERB,17228
spice_plant,VERB,23111
spicier,VERB,14901
spiciest,VERB,14901
spiciness,VERB,14901
spicy,ADJ,14901
spider,VERB,17229
spider's,VERB,17229
spider_web,VERB,25809
spiderman,PREP,25378
spiders,VERB,17229
spied,VERB,25175
spies,VERB,25175
spike,VERB,25873
spike's,VERB,25873
spiked,VERB,25873
spikes,VERB,25873
spiking,VERB,25873
spill,VERB,24894
spill's,VERB,24894
spilled,VERB,24894
spilling,VERB,24894
spills,VERB,24894
spine,VERB,23627
spine's,VERB,23627
spines,VERB,23627
spiral,VERB,17230
spiral's,VERB,17230
spiral_binder,VERB,29086
spiraled,VERB,17230
spiraling,VERB,17230
spirally,VERB,17230
spirals,VERB,17230
spirit,VERB,21044
spirited,VERB,21044
spiriting,VERB,21044
spirits,VERB,21044
spiritual_awareness,VERB,24278
spit,VERB,16710
spit's,VERB,17231
spit-,PRON,17231
spited,VERB,17231
spiting,VERB,17231
spits,VERB,17231
spitting,VERB,25617
splash,VERB,17232
splash's,VERB,17232
splash-,PRON,17232
splashed,VERB,17232
splashes,VERB,17232
splashing,VERB,17232
spleen,VERB,25496
spleen's,VERB,25496
spleens,VERB,25496
splint,VERB,24279
splint's,VERB,24279
splint_,VERB,24279
splinted,VERB,24279
splinter,VERB,17016
splinter's,VERB,17016
splinter-,PRON,17016
splintered,VERB,17016
splintering,VERB,17016
splinters,VERB,24279
splinting,VERB,24279
splints,VERB,24279
splurge,VERB,24758
splurge's,VERB,24758
splurge-,PRON,24758
splurged,VERB,24758
splurges,VERB,24758
splurging,VERB,24758
spokesperson,PREP,23017
spokesperson's,VERB,23017
spokespersons,VERB,23017
sponge,VERB,12325
sponge's,VERB,12325
sponged,VERB,12325
sponger,VERB,12325
spongers,VERB,12325
sponges,VERB,12325
sponging,VERB,12325
spoon,VERB,17233
spoon's,VERB,17233
spooned,VERB,17233
spooning,VERB,17233
spoons,VERB,17233
sport,VERB,20518
sport's,VERB,20518
sport_,VERB,17234
sport_elf,PREP,23666
sport_fanatic,PREP,24280
sport_field,VERB,22840
sport_fishing,VERB,29311
sport_lesson,VERB,23218
sport_shop,VERB,23219
sport_stick,VERB,17235
sport_stick_and_ball,VERB,25618
sport_stick_and_puck,VERB,25619
sported,VERB,20518
sporting,VERB,20518
sportive,VERB,20518
sports,VERB,20518
sports_centre,VERB,25810
sports_glove,VERB,14445
spot,VERB,17236
spot's,VERB,17236
spots,VERB,17236
spouse,PREP,17237
spouse's,VERB,17237
spouses,VERB,17237
spray,PRON,23953
spray_bottle,VERB,23954
spray_can,VERB,23954
sprayed,VERB,23953
spraying,VERB,23953
sprays,VERB,23953
spread,VERB,17238
spread's,VERB,21058
spread-,PRON,21058
spread_-,PRON,17239
spreadable,VERB,21058
spreadable_cheese,VERB,22360
spreader,VERB,21058
spreaders,VERB,21058
spreading,VERB,24887
spreads,VERB,21058
spring,VERB,17241
spring's,VERB,17241
spring_,VERB,17240
spring_onion,VERB,14644
springbok,VERB,22616
springbok's,VERB,22616
springboks,VERB,22616
springing,VERB,17241
springs,VERB,17241
sprout,PRON,25946
sprout's,VERB,25946
sprouted,VERB,25946
sprouting,VERB,25946
sprouts,VERB,25946
spruce,VERB,14116
spruce's,VERB,14116
spruced,VERB,14116
sprucely,VERB,14116
spruceness,VERB,14116
sprucer,VERB,14116
spruces,VERB,14116
sprucest,VERB,14116
sprucing,VERB,14116
spy,PREP,25175
spy's,VERB,25175
spy_satellite,VERB,24779
spying,VERB,25057
square,VERB,17242
square's,VERB,17242
square_,VERB,17242
squared,VERB,17242
squarely,VERB,17242
squareness,VERB,17242
squarer,VERB,17242
squares,VERB,17242
squarest,VERB,17242
squaring,VERB,17242
squash,VERB,17244
squash's,VERB,26027
squash_,VERB,26027
squash_-,PRON,15427
squash__,VERB,22101
squashed,VERB,26027
squashes,VERB,26027
squashing,VERB,26027
squeak,VERB,29426
squeak's,VERB,29426
squeak-,PRON,29426
squeaked,VERB,29426
squeaker,VERB,29426
squeakers,VERB,29426
squeaking,VERB,29426
squeaks,VERB,29426
squeezable,VERB,15427
squeeze,PRON,15427
squeeze's,VERB,15427
squeeze-,PRON,13616
squeezed,VERB,15427
squeezer,VERB,15427
squeezers,VERB,15427
squeezes,VERB,15427
squeezing,VERB,25534
squirm,VERB,18252
squirm's,VERB,18252
squirm-,PRON,18252
squirmed,VERB,18252
squirming,VERB,18252
squirms,VERB,18252
squirrel,VERB,17245
squirrel's,VERB,17245
squirreled,VERB,17245
squirreling,VERB,17245
squirrels,VERB,17245
stable,VERB,12630
stable's,VERB,12630
stabled,VERB,12630
stabler,VERB,12630
stables,VERB,12630
stablest,VERB,12630
stabling,VERB,12630
staff,PREP,17246
staffed,VERB,17246
staffing,VERB,17246
staffs,VERB,17246
stage,VERB,24214
stage's,VERB,24214
stages,VERB,24214
stair,VERB,24761
stair's,VERB,24761
stairs,VERB,17247
stalk,VERB,17259
stalk's,VERB,17259
stalked,VERB,17259
stalker,VERB,17259
stalkers,VERB,17259
stalking,VERB,17259
stalkings,VERB,17259
stalks,VERB,17259
stall,VERB,24157
stalled,VERB,24157
stalling,VERB,24157
stallion,VERB,24282
stallion's,VERB,24282
stallions,VERB,24282
stalls,VERB,24157
stamp,VERB,17248
stamp's,VERB,17248
stamp_collection,VERB,29328
stamped,VERB,17248
stamper,VERB,17248
stampers,VERB,17248
stamping,VERB,17248
stamps,VERB,17248
stand,VERB,17249
stand's,VERB,17249
stand-,PRON,17249
stand-in,VERB,24759
stander,VERB,17250
stander's,VERB,21820
stander_,VERB,21820
standers,VERB,17249
standing,VERB,16166
standing's,VERB,16166
standing_,PREP,16166
standings,VERB,17249
stands,VERB,17249
staple_gun,VERB,29087
staple_remover,VERB,29088
stapler,VERB,29089
stapler's,VERB,29089
star,VERB,17252
star's,VERB,29090
star_,VERB,29090
star_of_david,VERB,17251
star_of_david_,VERB,20515
starboard,VERB,24760
starboard's,VERB,24760
stared,VERB,29090
starer,VERB,29090
starers,VERB,29090
starfish,VERB,23220
starfish's,VERB,23220
starfish_,VERB,17253
starfishes,VERB,23220
starfruit,VERB,27132
staring,VERB,29090
stars,VERB,29090
start,VERB,12658
start's,VERB,12658
start-,PRON,12657
started,VERB,12658
starter,VERB,22118
starter's,VERB,22118
starters,VERB,22118
starting,VERB,12658
starts,VERB,12658
starvation,VERB,24283
starvation's,VERB,24283
state,VERB,13423
state's,VERB,13423
state_of_mind,VERB,25379
stated,VERB,13423
stately,VERB,13423
statement,VERB,23221
statement's,VERB,23221
statements,VERB,23221
stater,VERB,13423
states,VERB,13423
stating,VERB,13423
station,VERB,24284
station's,VERB,24284
stationed,VERB,24284
stationer,VERB,24284
stationers,VERB,24284
stationery_shop,VERB,29091
stationery_store,VERB,29091
stationing,VERB,24284
stations,VERB,13423
stave,VERB,23955
stave's,VERB,23955
staved,VERB,23955
staves,VERB,23955
staving,VERB,23955
stay,PRON,17254
stay's,VERB,17254
stayed,VERB,17254
stayer,VERB,17254
stayers,VERB,17254
staying,VERB,17254
stays,VERB,17254
steak,VERB,25176
steak's,VERB,25176
steaks,VERB,25176
steal,VERB,23667
steal's,VERB,23667
steal-,PRON,23667
stealing,VERB,23667
steals,VERB,23667
stealth,VERB,23667
steam,VERB,17255
steam's,VERB,17256
steam-,PRON,17256
steam_bath,VERB,17257
steamed,VERB,17256
steamer,VERB,22586
steamer's,VERB,22586
steamers,VERB,17256
steaming,VERB,17256
steams,VERB,17256
steamship,VERB,22084
steamship's,VERB,22084
steamships,VERB,22084
steel,VERB,17258
steel's,VERB,17258
steeled,VERB,17258
steeling,VERB,17258
steels,VERB,17258
steep,ADJ,26248
steep's,VERB,26248
steeped,VERB,26248
steepen,VERB,26248
steepens,VERB,26248
steeper,VERB,26248
steepest,VERB,26248
steeping,VERB,26248
steeply,VERB,26248
steepness,VERB,26248
steeps,VERB,26248
steering_wheel,VERB,26062
stem,VERB,17259
stem's,VERB,17259
stems,VERB,17259
stench,VERB,24919
stench's,VERB,24919
stenches,VERB,24919
step,VERB,24761
step's,VERB,24761
step-parent,PREP,25812
stepdaughter,PREP,25811
stepdaughter's,VERB,25811
stepdaughters,VERB,25811
stepfather,PREP,17260
stepfather's,VERB,17260
stepfathers,VERB,17260
stepmother,PREP,17261
stepmother's,VERB,17261
stepmothers,VERB,17261
stepparent,PREP,25812
stepparent's,VERB,25812
stepparents,VERB,25812
steps,VERB,17247
stepson,PREP,25813
stepson's,VERB,25813
stepsons,VERB,25813
stereo,VERB,16471
stereo's,VERB,16471
stereos,VERB,16471
sterile,ADJ,14939
sterilization,VERB,17262
sterilization's,VERB,17262
sterilizations,VERB,17262
stern,VERB,22063
stern's,VERB,22063
sterner,VERB,22063
sternest,VERB,22063
sternly,VERB,22063
sternness,VERB,22063
sterns,VERB,22063
sternum,VERB,25435
sternum's,VERB,25435
sternums,VERB,25435
stethoscope,VERB,27133
stethoscope's,VERB,27133
stethoscopes,VERB,27133
stew,VERB,23668
stew's,VERB,23668
stewed,VERB,23668
stewing,VERB,23668
stews,VERB,23668
stick,VERB,13119
stick's,VERB,14448
stick-,PRON,14448
stickball,VERB,21803
sticker,VERB,29092
sticker's,VERB,29092
stickers,VERB,14448
stickier,VERB,29561
stickies,VERB,29561
stickiest,VERB,29561
stickiness,VERB,29561
sticking,VERB,14448
sticking_plaster,VERB,27134
sticks,VERB,14448
sticky,PRON,29561
sticky's,VERB,29561
still,ADJ,24285
stilled,VERB,24285
stillest,VERB,24285
stilling,VERB,24285
stills,VERB,24285
stinging_insect,VERB,26018
stink,VERB,17020
stink's,VERB,17020
stink-,PRON,17020
stinker,VERB,17020
stinkers,VERB,17020
stinking,VERB,17020
stinks,VERB,17020
stir,VERB,27135
stir's,VERB,27135
stir-,PRON,27135
stirrup,VERB,24287
stirrup's,VERB,24287
stirrups,VERB,24287
stirs,VERB,27135
stocking,VERB,17264
stocking's,VERB,17264
stockings,VERB,17264
stolen_goods,VERB,25178
stoma,VERB,25497
stomach,VERB,17265
stomach's,VERB,17265
stomach_flu,VERB,24288
stomach_illness,VERB,24289
stomached,VERB,17265
stomacher,VERB,17265
stomachers,VERB,17265
stomaching,VERB,17265
stone,VERB,16188
stone's,VERB,17266
stone-,PRON,16189
stone_,VERB,17266
stone_age,VERB,23222
stoned,VERB,17266
stoner,VERB,17266
stoners,VERB,17266
stones,VERB,17266
stoning,VERB,17266
stool,PRON,15668
stool's,VERB,15668
stools,VERB,15668
stop,VERB,13935
stops,VERB,13935
storage_jar,VERB,22588
store,VERB,23223
store_,VERB,17269
stored,VERB,23223
storeroom,VERB,17270
storeroom's,VERB,17270
storerooms,VERB,17270
stores,VERB,23223
storey,VERB,23085
storied,VERB,25947
stories,VERB,25947
storing,VERB,23223
storm,VERB,23956
storm's,VERB,23956
stormed,VERB,23956
storming,VERB,23956
storms,VERB,23956
story,VERB,17272
story's,VERB,25947
story_,VERB,25947
stove,VERB,17273
stove's,VERB,17273
stoves,VERB,17273
stovetop,VERB,22577
straight,ADJ,15215
straight's,VERB,15215
straighten,VERB,15215
straightens,VERB,15215
straighter,VERB,15215
straightest,VERB,15215
straightly,VERB,15215
straightness,VERB,15215
straights,VERB,15215
strain,VERB,13872
strain-,PRON,13872
strained,VERB,13872
strainer,VERB,16976
strainer's,VERB,16976
strainers,VERB,16976
straining,VERB,13872
strains,VERB,13872
strand,VERB,25878
strand's,VERB,25878
stranded,VERB,25878
stranding,VERB,25878
strands,VERB,25878
strange,ADJ,17274
strangely,VERB,17274
strangeness,VERB,17274
stranger,PREP,17275
stranger's,VERB,17275
strangers,VERB,17274
strangest,VERB,17274
strap,VERB,17276
straps,VERB,17276
strategies,VERB,25814
strategy,VERB,25814
strategy's,VERB,25814
straw,VERB,17277
straw's,VERB,17277
strawberries,VERB,17278
strawberry,VERB,17278
strawberry's,VERB,17278
strawed,VERB,17277
strawing,VERB,17277
straws,VERB,17277
stream,VERB,16677
stream's,VERB,26250
stream_,VERB,26249
stream_-,PRON,26250
streamed,ADJ,26251
streamer,VERB,26250
streamers,VERB,26250
streaming,VERB,26250
streaming_,ADJ,26251
streams,VERB,26250
street,VERB,17441
street's,VERB,17441
street_and_building,VERB,26063
streets,VERB,17441
strength,VERB,24941
strength's,VERB,24941
stress,VERB,27136
stress's,VERB,27136
stress_,VERB,24942
stress_-,PRON,24943
stressed,ADJ,27137
stressed_,ADJ,23957
stresses,VERB,27136
stressful,ADJ,27137
stressing,VERB,27136
stretch,VERB,25257
stretch's,VERB,25257
stretch-,PRON,25254
stretch_-,PRON,24291
stretchable,VERB,25257
stretched,VERB,25257
stretcher,VERB,25257
stretchers,VERB,25257
stretches,VERB,25257
stretchier,VERB,25255
stretchiest,VERB,25255
stretching,VERB,25257
stretchy,ADJ,25255
stretchy_fabric,VERB,29052
string,VERB,17276
string's,VERB,23959
string_,VERB,23959
string_bean,VERB,17442
string_instrument,VERB,23879
stringed,VERB,23959
stringer,VERB,23959
stringers,VERB,23959
stringing,VERB,23959
strings,VERB,23959
stripe,VERB,15214
stripe's,VERB,15214
striped,ADJ,24293
stripes,VERB,15214
strobilus,VERB,25686
stroke,VERB,17443
stroke's,VERB,17443
stroke-,PRON,17443
stroked,VERB,17443
strokes,VERB,17443
stroking,VERB,17443
stroller,VERB,12605
stroller's,VERB,12605
strong,ADJ,17444
stronger,VERB,17444
strongest,VERB,17444
strongly,VERB,17444
structure,VERB,17445
structured,VERB,17445
structures,VERB,17445
structuring,VERB,17445
stuck,PRON,29533
student,PREP,17446
student's,VERB,17446
students,VERB,17446
studied,VERB,24294
studies,VERB,24294
study,VERB,24294
study-,PRON,24294
studying,VERB,24294
stuff,VERB,15431
stuff's,VERB,15431
stuffed,ADJ,23501
stuffed_animal,VERB,17764
stuffed_cabbage,VERB,23502
stuffed_food,VERB,23503
stuffed_vegetable,VERB,23505
stuffing,VERB,15431
stuffings,VERB,15431
stuffs,VERB,15431
stupid,ADJ,17447
stupid's,VERB,17447
stupider,VERB,17447
stupidest,VERB,17447
stupidly,VERB,17447
stupids,VERB,17447
stutter,VERB,27138
stutter's,VERB,27138
stutter-,PRON,27138
stuttered,VERB,27138
stutterer,VERB,27138
stutterers,VERB,27138
stuttering,VERB,27139
stutters,VERB,27138
style,VERB,28051
style_,VERB,28051
styled,VERB,28051
styles,VERB,28051
styling,VERB,28051
subject,VERB,23669
subject's,VERB,23669
subject_,VERB,23669
subjected,VERB,23669
subjecting,VERB,23669
subjective,VERB,23669
subjects,VERB,23669
submerged_rock,VERB,24763
substance,VERB,24515
substance's,VERB,24515
substances,VERB,24515
substitute,PRON,14118
substitute's,VERB,14118
substituted,VERB,14118
substitutes,VERB,14118
substituting,VERB,14118
substitution,VERB,25555
substitution's,VERB,25555
substitutions,VERB,14118
subtract,PRON,17448
subtracted,VERB,17448
subtracting,VERB,17448
subtraction,VERB,17449
subtraction's,VERB,17449
subtractions,VERB,17449
subtracts,VERB,17448
subway,VERB,24296
subway's,VERB,24296
subway_station,VERB,24322
subways,VERB,24296
succeed,VERB,17450
succeed-,PRON,17450
succeeded,VERB,17450
succeeding,VERB,17450
succeeds,VERB,17450
success,VERB,17451
success's,VERB,17451
successes,VERB,17451
successive,VERB,17451
suck,VERB,27140
suck's,VERB,27140
suck-,PRON,27140
sucked,VERB,27140
sucker,VERB,22365
sucker's,VERB,22365
suckered,VERB,22365
suckering,VERB,22365
suckers,VERB,27140
sucking,VERB,27140
sucks,VERB,27140
sudden,ADJ,17452
suddenly,ADJ,17452
suddenness,VERB,17452
sudoku,VERB,29331
sudoku's,VERB,29331
suffer,VERB,14913
suffer-,PRON,14913
suffered,VERB,14913
sufferer,VERB,14913
sufferers,VERB,14913
suffering,VERB,15954
suffering's,VERB,15954
sufferings,VERB,14913
suffers,VERB,14913
suffix,VERB,27141
suffix's,VERB,27141
suffixed,VERB,27141
suffixes,VERB,27141
suffixing,VERB,27141
sufganiya,VERB,17215
sugar,VERB,17453
sugar's,VERB,17453
sugar_cane,ADJ,29604
sugar_lump,VERB,25815
sugared,VERB,17453
sugaring,VERB,17453
sugars,VERB,17453
suggest,PRON,17454
suggested,VERB,17454
suggester,VERB,17454
suggesting,VERB,17454
suggestion,VERB,17455
suggestion's,VERB,17455
suggestions,VERB,17455
suggestive,VERB,17454
suggests,VERB,17454
suicide,VERB,25380
suicide's,VERB,25380
suicides,VERB,25380
suit,VERB,17456
suit's,VERB,17456
suit_of_armour,VERB,21622
suitable,VERB,17456
suitcase,VERB,12618
suitcase's,VERB,12618
suitcases,VERB,12618
suited,VERB,17456
suiting,VERB,17456
suits,VERB,17456
sukkah,VERB,17457
sukkot,VERB,17458
sulkier,VERB,22093
sulkies,VERB,22093
sulkiest,VERB,22093
sulkiness,VERB,22093
sulky,VERB,22093
sulky's,VERB,22093
summaries,VERB,25179
summary,VERB,25179
summary's,VERB,25179
summer,VERB,17460
summer's,VERB,17460
summer_,VERB,17459
summer_day,VERB,25948
summer_day_camp,VERB,17461
summer_house,VERB,25949
summer_job,VERB,29321
summered,VERB,17460
summerhouse,VERB,25949
summerhouse's,VERB,25949
summerhouses,VERB,25949
summering,VERB,17460
summers,VERB,17460
sun,VERB,17462
sun's,VERB,17462
sun_lotion,VERB,17463
sun_lounger,VERB,24764
sunbathe,VERB,24765
sunbathe-,PRON,24765
sunblock,VERB,17463
sunblock's,VERB,17463
sunblocks,VERB,17463
sunburn,VERB,24766
sunburn's,VERB,24766
sunburned,VERB,24766
sunburning,VERB,24766
sunburns,VERB,24766
sunday,VERB,17464
sunday's,VERB,17464
sunday_,VERB,17464
sundays,VERB,17464
sunflower,VERB,24297
sunflower's,VERB,24297
sunflowers,VERB,24297
sunglasses,VERB,24767
sunglasses's,VERB,24767
sunnier,VERB,17465
sunniest,VERB,17465
sunniness,VERB,17465
sunny,ADJ,17465
sunrise,VERB,17466
sunrise's,VERB,17466
sunrises,VERB,17466
suns,VERB,17462
sunscreen,VERB,17463
sunscreen's,VERB,17463
sunscreens,VERB,17463
sunset,VERB,17467
sunset's,VERB,17467
sunsets,VERB,17467
suntan,VERB,24768
suntan's,VERB,24768
suntans,VERB,24768
super,OTHER,18282
super's,VERB,18282
superior,NOUN,15948
superior's,VERB,15948
superiors,VERB,15948
superlative_most,NOUN,24944
superman,PREP,25381
superman's,VERB,25381
supermarket,VERB,23102
supermarket's,VERB,23102
supermarket_,VERB,14645
supermarkets,VERB,23102
supernatural,ADJ,24945
supernatural-,VERB,21036
supernaturally,VERB,24945
supernaturals,VERB,24945
supervisor,PREP,24849
supervisor's,VERB,24849
supervisor_,PREP,12878
supervisors,VERB,24849
supper,VERB,17468
supper's,VERB,17468
support,VERB,12355
support's,VERB,23225
support-,PRON,14705
support_,VERB,23224
support_-,PRON,23225
supportable,VERB,23225
supported,VERB,23225
supporter,VERB,23225
supporters,PREP,25183
supporting,VERB,23225
supportive,ADJ,27065
supports,VERB,23225
sure,ADJ,24049
surely,VERB,24049
sureness,VERB,24049
surer,VERB,24049
surest,VERB,24049
surface,ADJ,29562
surfaced,VERB,29562
surfaces,VERB,29562
surfacing,VERB,29562
surfboard,VERB,21881
surfboard's,VERB,21881
surfboarded,VERB,21881
surfboarding,VERB,21881
surfboards,VERB,21881
surgeon,PREP,21575
surgeon's,VERB,21575
surgeons,VERB,21575
surprise,VERB,23960
surprise's,VERB,23961
surprise-,PRON,23961
surprise-_,PRON,17470
surprised,ADJ,23962
surprises,VERB,23961
surprising,VERB,23961
surprisings,VERB,23961
surrounded,ADJ,25816
surrounding,ADJ,25816
surrounding's,VERB,25816
sushi,VERB,27142
sushi's,VERB,27142
suspender,VERB,26330
suspender's,VERB,26330
sustain,VERB,28078
sustain-,PRON,28078
sustainable,VERB,28078
sustained,VERB,28078
sustaining,VERB,28078
sustains,VERB,28078
suture,VERB,28079
suture's,VERB,28079
sutured,VERB,28079
sutures,VERB,28079
suturing,VERB,28079
swallow,VERB,17471
swallow's,VERB,17471
swallow-,PRON,17471
swallowed,VERB,17471
swallowing,VERB,17471
swallows,VERB,17471
swamp,VERB,17472
swamp's,VERB,17472
swamped,VERB,17472
swamping,VERB,17472
swamps,VERB,17472
swan,VERB,17473
swan's,VERB,17473
swans,VERB,17473
sway,PRON,17486
sway's,VERB,17486
swayed,VERB,17486
swaying,VERB,17486
sways,VERB,17486
sweat,PRON,17474
sweat's,VERB,17474
sweated,VERB,17474
sweater,VERB,28080
sweater's,VERB,28080
sweaters,VERB,17474
sweatier,VERB,26252
sweatiest,VERB,26252
sweating,ADJ,26252
sweats,VERB,17474
sweaty,ADJ,26252
sweden,VERB,22617
sweden's,VERB,22617
swedish,VERB,23226
swedish's,VERB,23226
swedish_,VERB,23226
sweet,VERB,17479
sweet's,VERB,17479
sweet_,ADJ,17477
sweet_drink,VERB,22344
sweet_potato,VERB,17480
sweet_shop,VERB,23228
sweeten,VERB,17479
sweetener,VERB,17453
sweetener's,VERB,17453
sweeteners,VERB,17453
sweetens,VERB,17479
sweeter,VERB,17479
sweetest,VERB,17479
sweetheart,PREP,17481
sweetheart's,VERB,17481
sweethearts,VERB,17481
sweetly,VERB,17479
sweetness,VERB,24946
sweetness's,VERB,24946
sweets,VERB,22376
swim,VERB,24947
swim's,VERB,24947
swim-,PRON,17482
swim_centre,VERB,25817
swimming,VERB,24947
swimming's,VERB,24947
swimming_,VERB,22053
swimming_hall,VERB,25818
swimming_instructor,PREP,29228
swimming_pool,VERB,17483
swimming_rule,VERB,25950
swimming_teacher,PREP,29228
swimmingly,VERB,24947
swims,VERB,24947
swimsuit,VERB,17484
swimsuit's,VERB,17484
swimsuits,VERB,17484
swimwear,VERB,17484
swing,VERB,17485
swing's,VERB,17485
swinger,VERB,17485
swingers,VERB,17485
swinging,VERB,25406
swings,VERB,17485
switch,VERB,17487
switch's,VERB,17488
switch-,PRON,17488
switch_off,PRON,24299
switch_on,PRON,24300
switchable,VERB,17488
switched,VERB,17488
switcher,VERB,17488
switchers,VERB,17488
switches,VERB,17488
switching,VERB,17488
switzerland,VERB,25184
switzerland's,VERB,25184
sword,VERB,15159
sword's,VERB,15159
swordfish,VERB,23671
swordfish's,VERB,23671
swordfishes,VERB,23671
swords,VERB,15159
symbol_board,VERB,17489
symbol_chart,VERB,17489
symbol_display,VERB,17489
synagogue,VERB,17490
synagogue's,VERB,17490
synagogues,VERB,17490
synchro_diving,VERB,22054
synchro_diving_,VERB,22054
synchronized_diving,VERB,22054
synchronized_swimming,VERB,22056
synchronized_swimming_,VERB,22056
syntax,VERB,27143
syntax's,VERB,27143
synthesiser,VERB,23963
synthesizer,VERB,23963
synthesizer's,VERB,23963
synthetic_fabric,VERB,23229
synthetic_speech,VERB,25819
syringe,VERB,17491
syringe's,VERB,17491
syringed,VERB,17491
syringes,VERB,17491
syringing,VERB,17491
syrup,VERB,22335
syrup's,VERB,22337
syrup_,VERB,22337
syrups,VERB,22337
system,VERB,16194
system's,VERB,16194
systems,VERB,16194
t,NOUN,8540
t-shirt,VERB,25960
t_,NOUN,8540
table,VERB,17493
table's,VERB,17493
table_game,VERB,17492
table_mat,VERB,22594
table_sports,VERB,21800
table_tennis,VERB,16183
tablecloth,VERB,17494
tablecloth's,VERB,17494
tabled,VERB,17493
tables,VERB,17493
tablespoon,VERB,22570
tablespoon's,VERB,22570
tablespoons,VERB,22570
tablet,VERB,16176
tablet's,VERB,16176
tablet_computer,VERB,23672
tablet_pc,VERB,23672
tablet_pc_,VERB,23672
tabletop,VERB,23673
tabletop's,VERB,23673
tabletops,VERB,23673
tablets,VERB,16176
tabling,VERB,17493
tack_room,VERB,24301
taco,VERB,25821
taco's,VERB,25821
taco_shell,VERB,25821
tacos,VERB,25821
tactile_sense,VERB,25957
tadpole,VERB,24302
tadpole's,VERB,24302
tadpoles,VERB,24302
tag,VERB,29092
tag's,VERB,29092
tags,VERB,29092
tahini,VERB,17495
tail,VERB,17496
tail's,VERB,24303
tail_,VERB,24303
tail_lift,VERB,24304
tail_wing,VERB,25383
tail_wing_,VERB,25383
tailed,VERB,24303
tailing,VERB,24303
tailor,PREP,23674
tailor's,VERB,23674
tailored,VERB,23674
tailoring,VERB,23674
tailors,VERB,23674
tails,VERB,24303
take,PRON,17497
take's,VERB,17497
take-off,VERB,17499
take_apart,VERB,23471
take_apart-,PRON,23471
take_away,PRON,17498
take_away-,PRON,17448
take_care_of,VERB,16419
take_care_of-,PRON,16419
take_off,VERB,25186
take_off_-,PRON,25186
take_your_time,NOUN,24769
takeoff,VERB,17499
takeoff's,VERB,25187
takeoff_,VERB,25187
takeoffs,VERB,25187
takeover,VERB,25034
takeover's,VERB,25034
takeovers,VERB,25034
takes,VERB,17497
talcum_powder,VERB,17500
tale,VERB,17272
tale's,VERB,17272
tales,VERB,17272
talk,PRON,16728
talk's,VERB,16728
talked,VERB,16728
talker,VERB,28077
talker's,VERB,28077
talkers,VERB,16728
talking,VERB,16728
talking_bird,VERB,15970
talks,VERB,16728
tall,ADJ,14711
taller,VERB,14711
tallest,VERB,14711
tallith,VERB,17501
tallness,VERB,24909
tallness's,VERB,24909
tambourine,VERB,23964
tambourine's,VERB,23964
tambourine_,VERB,23964
tambourines,VERB,23964
tammuz,VERB,17502
tammuz's,VERB,17502
tampon,VERB,16719
tampon's,VERB,16719
tampons,VERB,16719
tandem_bicycle,VERB,21816
tangerine,VERB,17503
tangerine's,VERB,17503
tangerines,VERB,17503
tank,VERB,17504
tank's,VERB,17504
tank_force,VERB,25422
tank_lorry,VERB,25951
tanked,VERB,17504
tanker,VERB,22070
tanker's,VERB,22070
tanker_truck,VERB,25951
tankers,VERB,17504
tanking,VERB,17504
tanks,VERB,17504
tap,VERB,25105
tap's,VERB,25105
tap-,PRON,25105
tap_,VERB,24516
tape,VERB,16504
tape's,VERB,16504
tape_measure,VERB,16698
tape_recorder,VERB,17505
taped,VERB,25105
tapeline,VERB,16698
tapeline's,VERB,16698
tapelines,VERB,16698
taper,VERB,25105
tapers,VERB,25105
tapes,VERB,16504
taping,VERB,25105
taps,VERB,25105
target,VERB,28033
target's,VERB,28033
targeted,VERB,28033
targeting,VERB,28033
targets,VERB,28033
tart,VERB,16173
tart's,VERB,16173
tarted,VERB,16173
tarter,VERB,16173
tartest,VERB,16173
tarting,VERB,16173
tartly,VERB,16173
tartness,VERB,16173
tarts,VERB,16173
tarzan,PREP,25385
tarzan's,VERB,25385
taste,VERB,17506
taste's,VERB,17507
taste-,PRON,17507
tasted,VERB,17507
tasteless,ADJ,22353
tastelessly,VERB,22353
tastelessness,VERB,22353
taster,VERB,17507
tasters,VERB,17507
tastes,VERB,17507
tastier,VERB,20526
tastiest,VERB,20526
tastiness,VERB,20526
tasting,VERB,17507
tastings,VERB,17507
tasty,ADJ,20526
tattoo,VERB,25501
tattoo's,VERB,25501
tattoo_,VERB,25499
tattooed,VERB,25501
tattooer,VERB,25501
tattooers,VERB,25501
tattooing,VERB,25501
tattoos,VERB,25501
taurus,VERB,22639
taurus's,VERB,22639
taurus_,VERB,22639
tauruses,VERB,22639
tax,VERB,23230
tax's,VERB,23231
tax_,VERB,23231
taxable,VERB,23231
taxed,VERB,23231
taxer,VERB,23231
taxers,VERB,23231
taxes,VERB,23231
taxi,VERB,17509
taxi's,VERB,17509
taxi_driver,PREP,17510
taxied,VERB,17509
taxiing,VERB,17509
taxing,VERB,23231
taxis,VERB,17509
tea,VERB,17511
tea's,VERB,17511
tea_break,VERB,25502
teach,PRON,17512
teachable,VERB,17512
teacher,PREP,17513
teacher's,VERB,17513
teachers,VERB,17512
teaches,VERB,17512
teaching,VERB,14945
teaching's,VERB,14945
teachings,VERB,17512
team,PREP,17514
team's,VERB,20605
team_,VERB,20605
teamed,VERB,20605
teaming,VERB,20605
teams,VERB,20605
teamwork,VERB,24305
teamwork's,VERB,24305
tear,PRON,12896
tear's,VERB,12896
tear_along,PRON,25954
teardrop,VERB,25953
teardrop's,VERB,25953
teardrops,VERB,25953
teared,VERB,12896
tearing,VERB,12896
tears,VERB,12896
teas,VERB,17511
tease,VERB,17515
tease's,VERB,17515
tease-,PRON,17515
teased,VERB,17515
teaser,VERB,17515
teasers,VERB,17515
teases,VERB,17515
teasing,VERB,17515
teaspoon,VERB,22569
teaspoon's,VERB,22569
teaspoons,VERB,22569
teat,VERB,24418
teat's,VERB,24418
teats,VERB,24418
technician,PREP,23587
technician's,VERB,23587
technicians,VERB,23587
technologies,VERB,25189
technology,VERB,25189
technology's,VERB,25189
ted,VERB,8540
tee_shirt,VERB,25960
teenager,PREP,17516
teenager's,VERB,17516
teeny-tiny,ADJ,29097
teeter-totter,VERB,16751
teeter_board,VERB,16751
teeth,VERB,17517
teetotalism,VERB,24306
teetotalism's,VERB,24306
tefillin,VERB,17531
telephone,VERB,17518
telephone's,VERB,17518
telephone_card,VERB,23677
telephoned,VERB,17518
telephoner,VERB,17518
telephoners,VERB,17518
telephones,VERB,17518
telephoning,VERB,17518
telescope,VERB,22635
telescope's,VERB,22635
telescoped,VERB,22635
telescopes,VERB,22635
telescoping,VERB,22635
television,VERB,17519
television's,VERB,17519
tell,PRON,16728
telling,VERB,16728
tells,VERB,16728
tellus,VERB,24438
tellus_,VERB,24438
temperature,VERB,17520
temperature's,VERB,17520
temperatures,VERB,17520
temple,VERB,13345
temple's,VERB,13345
temple_ruin,VERB,24966
temples,VERB,13345
temporaries,VERB,24307
temporary,ADJ,24307
temporary's,VERB,24307
temporary_employee,PREP,29223
temporary_home,VERB,23678
ten,VERB,8540
ten_o'clock_eating_break,VERB,17521
tendon,VERB,25503
tendon's,VERB,25503
tendons,VERB,25503
tennis,VERB,20602
tennis's,VERB,26031
tennis_,VERB,26031
tennis__,VERB,17522
tenor,VERB,23966
tenor's,VERB,23966
tenors,VERB,23966
tens,VERB,8540
tense,VERB,27144
tense's,VERB,27144
tensed,VERB,27144
tensely,VERB,27144
tenseness,VERB,27144
tenser,VERB,27144
tenses,VERB,27144
tensest,VERB,27144
tensing,VERB,27144
tension,VERB,27144
tensions,VERB,27144
tent,VERB,17523
tent's,VERB,17523
tented,VERB,17523
tenting,VERB,17523
tents,VERB,17523
tepid,ADJ,27086
tepidly,VERB,27086
tepidness,VERB,27086
term,VERB,15691
term's,VERB,15691
termed,VERB,15691
terming,VERB,15691
termite,VERB,17524
termite's,VERB,17524
termites,VERB,17524
termly,VERB,15691
terms,VERB,15691
terrestrial_planet,VERB,24504
terrible,ADJ,21289
terribleness,VERB,21289
terrified,ADJ,17525
terror,VERB,24831
terror's,VERB,24831
terrorism,VERB,24820
terrorism's,VERB,24820
terrorist,PREP,17526
terrorist's,VERB,17526
terrorists,VERB,17526
terrorize,VERB,17527
terrorize-,PRON,17527
terrorized,VERB,17527
terrorizes,VERB,17527
terrorizing,VERB,17527
terrors,VERB,24831
test,VERB,17528
tested,VERB,17528
testicle,VERB,17529
testicle's,VERB,17529
testicles,VERB,17529
testified,VERB,23235
testifier,VERB,23235
testifiers,VERB,23235
testifies,VERB,23235
testify,VERB,23235
testify-,PRON,23235
testifying,VERB,23235
testimonies,VERB,23236
testimony,VERB,23236
testimony's,VERB,23236
testing,VERB,17528
tests,VERB,17528
tevet,VERB,17530
tevet's,VERB,17530
text-to-speech,VERB,25819
text_message,VERB,24509
text_phone,VERB,23679
textile,VERB,13365
textile's,VERB,13365
textile_craft,VERB,24308
textiles,VERB,13365
thai,VERB,25423
thai's,VERB,25423
thai_,VERB,25423
thailand,VERB,25416
thailand's,VERB,25416
thais,VERB,25423
thank,VERB,17532
thank-,PRON,17532
thank_you,OTHER,17533
thanked,VERB,17532
thanking,VERB,17532
thanks,OTHER,17533
thanksgiving,VERB,17534
thanksgiving's,VERB,17534
thanksgivings,VERB,17534
that,NOUN,16482
that's,VERB,18238
that-,NOUN,18238
that_,NOUN,17697
thaw,PRON,17699
thaw's,VERB,17699
thawed,VERB,17699
thawing,VERB,25621
thaws,VERB,17699
the,NOUN,17700
the_groke,PREP,25190
the_law,VERB,23134
the_nordic_countries,VERB,22619
theatre,VERB,23237
theft,VERB,25191
theft's,VERB,25191
thefts,VERB,25191
their,PREP,17701
theirs,VERB,17701
theirs-,PREP,17701
them,NOUN,17712
theme_park,VERB,28004
themselves,VERB,17712
themselves-,NOUN,17712
then,NOUN,17705
then's,VERB,17705
then_,NOUN,12352
theologian,PREP,23680
theologian's,VERB,23680
theologians,VERB,23680
theologies,VERB,23190
theologist,PREP,23680
theology,VERB,23190
theology's,VERB,23190
theories,VERB,25574
theory,VERB,25574
theory's,VERB,25574
therapeutic_riding,VERB,24310
therapies,VERB,21589
therapist,PREP,20516
therapist's,VERB,20516
therapist_,PREP,17706
therapists,VERB,20516
therapy,VERB,21589
therapy's,VERB,21589
therapy_centre,VERB,23682
there,NOUN,17707
there's,VERB,17707
therefore,NOUN,17708
thermometer,VERB,17709
thermometer's,VERB,17709
thermometers,VERB,17709
thermos,VERB,17710
thermos's,VERB,17710
thermoses,VERB,17710
these,NOUN,17711
theses,VERB,17711
they,NOUN,17712
thick,ADJ,25860
thick's,VERB,25860
thick_,ADJ,14156
thicken,VERB,25860
thickens,VERB,25860
thicker,VERB,25860
thickest,VERB,25860
thickly,VERB,25860
thickness,VERB,25560
thickness's,VERB,25561
thickness_,VERB,25561
thicknesses,VERB,25561
thief,PREP,23683
thief's,VERB,23683
thigh,VERB,25955
thigh's,VERB,25955
thin,ADJ,17716
thing,VERB,17717
thing's,VERB,17717
things,VERB,17700
think,PRON,17718
thinkable,VERB,17718
thinker,VERB,17718
thinkers,VERB,17718
thinking,ADJ,15456
thinks,VERB,17718
thinly,VERB,17716
thinness,VERB,25622
thinness's,VERB,25622
thins,VERB,17716
third,VERB,29093
third's,VERB,29093
third_,ADJ,29093
thirdly,VERB,29093
thirds,VERB,29093
thirstier,VERB,17719
thirstiest,VERB,17719
thirstiness,VERB,17719
thirsty,ADJ,17719
this,NOUN,17720
this_afternoon,VERB,29094
this_evening,VERB,29095
this_month,VERB,24948
this_morning,VERB,29096
this_week,VERB,17721
this_year,VERB,17722
thor,PREP,22652
thor's,VERB,22652
those,NOUN,17723
thought,VERB,14926
thought's,VERB,14926
thoughtful,ADJ,13402
thoughtfully,VERB,13402
thoughtfulness,VERB,24880
thoughtfulness's,VERB,24880
thoughts,VERB,14926
thread,VERB,25956
thread's,VERB,25956
threaded,VERB,25956
threader,VERB,25956
threaders,VERB,25956
threading,VERB,25956
threads,VERB,25956
three,VERB,8499
three's,VERB,8499
three_,NOUN,8499
three_danish_waters,VERB,25623
three_danish_waters_,VERB,25623
three_quarters,NOUN,26066
threes,VERB,8499
thrilling,ADJ,25192
thrillingly,VERB,25192
throat,VERB,26055
throat's,VERB,26055
throats,VERB,26055
through,NOUN,17724
throw,VERB,17725
throw's,VERB,17725
throw-,PRON,17725
throw_away,PRON,23864
throw_up,PRON,18022
thrower,VERB,17725
throwers,VERB,17725
throwing,VERB,17725
throws,VERB,17725
thrush,VERB,17211
thrush's,VERB,17211
thrushes,VERB,17211
thumb,VERB,17726
thumb's,VERB,17726
thumbed,VERB,17726
thumbing,VERB,17726
thumbs,VERB,17726
thunder,VERB,17727
thunder's,VERB,17727
thundered,VERB,17727
thunderer,VERB,17727
thunderers,VERB,17727
thundering,VERB,17727
thunders,VERB,17727
thursday,VERB,17728
thursday's,VERB,17728
thursday_,VERB,17728
thursdays,VERB,17728
thyroid_gland,VERB,27145
tibet,VERB,23684
tibet's,VERB,23684
tick,VERB,15480
tick's,VERB,15480
ticked,VERB,15480
ticker,VERB,15480
tickers,VERB,15480
ticket,VERB,17729
ticket's,VERB,17729
ticketed,VERB,17729
ticketing,VERB,17729
tickets,VERB,17729
ticking,VERB,15480
tickle,VERB,29563
tickle's,VERB,29563
tickle-,ADJ,29563
tickled,VERB,29563
tickler,VERB,29563
ticklers,VERB,29563
tickles,VERB,29563
tickling,VERB,29563
ticks,VERB,15480
tidal_wave,VERB,22624
tide,VERB,22626
tide's,VERB,22626
tided,VERB,22626
tides,VERB,22626
tidied,VERB,29251
tidier,VERB,29251
tidies,VERB,29251
tidiest,VERB,29251
tidiness,VERB,29251
tiding,VERB,22626
tidings,VERB,22626
tidy,PRON,29251
tidy's,VERB,29251
tidy-,ADJ,29249
tidy_up,VERB,29250
tidy_up-,PRON,29250
tidying,VERB,29251
tie,VERB,17730
tie_up,PRON,24152
tie_whipping_knot,VERB,25386
tie_whipping_knot-,PRON,25386
tied,VERB,17730
ties,VERB,17730
tiger,VERB,17731
tiger's,VERB,17731
tigers,VERB,17731
tight,ADJ,25860
tighten,VERB,25860
tightens,VERB,25860
tighter,VERB,25860
tightest,VERB,25860
tightly,VERB,25860
tightness,VERB,25860
tightness's,VERB,25861
tightness_,VERB,25861
tights,VERB,17264
tights's,VERB,17264
tika,VERB,12836
tika_,VERB,12836
tile,VERB,24518
tile's,VERB,24518
tiled,VERB,24518
tiler,VERB,24518
tilers,VERB,24518
tiles,VERB,24518
tiling,VERB,24518
till,NOUN,17982
tilled,VERB,17982
tiller,VERB,17982
tillers,VERB,17982
tilling,VERB,17982
tills,VERB,17982
timber,VERB,18270
timber's,VERB,18270
timbered,VERB,18270
timbering,VERB,18270
timbers,VERB,18270
time,VERB,17732
time's,VERB,17732
time_card,ADJ,29564
timed,VERB,17732
timely,VERB,17732
timepiece,VERB,13363
timepiece's,VERB,13363
timepieces,VERB,13363
timer,VERB,23238
timer's,VERB,23238
timers,VERB,17732
times,VERB,17732
timetable,VERB,16733
timetable's,VERB,16733
timetabled,VERB,16733
timetables,VERB,16733
timetabling,VERB,16733
timing,VERB,17732
timings,VERB,17732
tin,VERB,20528
tin's,VERB,20528
tin_foil,VERB,27006
tin_whistle,VERB,23920
ting,VERB,8540
tings,VERB,8540
tinier,VERB,29097
tiniest,VERB,29097
tininess,VERB,29097
tins,VERB,20528
tiny,ADJ,29097
tip,VERB,16212
tip's,VERB,16212
tip_over,VERB,25921
tip_over-,PRON,25921
tipper,VERB,13890
tipper's,VERB,13890
tipper_lorry,VERB,13890
tippers,VERB,13890
tips,VERB,16212
tiptoe,VERB,17733
tiptoe's,VERB,17733
tiptoe-,PRON,17733
tiptoed,VERB,17733
tiptoes,VERB,17733
tire,VERB,17734
tired,ADJ,17735
tireder,VERB,17735
tiredest,VERB,17735
tiredly,VERB,17735
tiredness,VERB,17735
tires,VERB,17734
tiring,VERB,17734
tisha_b'av,VERB,17736
tishri,VERB,17737
tishri's,VERB,17737
tissue,VERB,17738
tissue's,VERB,25504
tissue_,VERB,25504
tissues,VERB,25504
title,VERB,15691
title's,VERB,15691
titled,VERB,15691
titles,VERB,15691
titling,VERB,15691
to,NOUN,17739
to_and_fro,NOUN,12610
toad,VERB,14402
toad's,VERB,14402
toads,VERB,14402
toast,VERB,17740
toast's,VERB,17741
toast-,PRON,17741
toasted,VERB,17741
toaster,VERB,17742
toaster's,VERB,17742
toasters,VERB,17741
toasting,VERB,17741
toasts,VERB,17741
tobacco,VERB,17743
tobacco's,VERB,17743
tobaccos,VERB,17743
toboggan,VERB,17007
toboggan's,VERB,17007
tobogganed,VERB,17007
tobogganer,VERB,17007
tobogganers,VERB,17007
tobogganing,VERB,17007
toboggans,VERB,17007
today,VERB,17744
today's,VERB,17744
toe,VERB,17745
toe's,VERB,17745
toed,VERB,17745
toes,VERB,17745
toffle,PREP,25196
together,ADJ,17746
togetherness,VERB,17746
toilet,VERB,17747
toilet's,VERB,17747
toilet_chair,VERB,24770
toilet_paper,VERB,17748
toileted,VERB,17747
toileting,VERB,17747
toilets,VERB,17747
tomato,VERB,17749
tomato's,VERB,17749
tomato_sauce,VERB,23685
tomb,VERB,21283
tomb's,VERB,21283
tombed,VERB,21283
tombing,VERB,21283
tombs,VERB,21283
tombstone,VERB,21284
tombstone's,VERB,21284
tombstones,VERB,21284
tomorrow,VERB,17750
tomorrow's,VERB,17750
tomorrow_night,VERB,17751
tomorrows,VERB,17750
tonalities,VERB,23928
tonality,VERB,23928
tonality's,VERB,23928
tongs,VERB,16205
tongue,VERB,17752
tongue's,VERB,17752
tongued,VERB,17752
tongues,VERB,17752
tonguing,VERB,17752
tonight,VERB,17753
tonight's,VERB,17753
tonsils,VERB,27147
too,NOUN,12374
too_bad,OTHER,17698
too_many,ADJ,17754
too_much,ADJ,17754
tool,VERB,17755
tooled,VERB,17755
tooling,VERB,17755
tools,VERB,17755
tooth,VERB,25822
tooth's,VERB,25822
tooth_fairy,PREP,23686
toothbrush,VERB,17756
toothbrush's,VERB,17756
toothbrushes,VERB,17756
toothed,VERB,25822
toothpaste,VERB,17757
toothpaste's,VERB,17757
toothpastes,VERB,17757
toothpick,VERB,13655
toothpick's,VERB,13655
toothpicks,VERB,13655
top,VERB,17758
top's,VERB,17758
top_of_a_thing,NOUN,25387
tops,VERB,17758
torah,VERB,17760
torah's,VERB,17760
tornado,VERB,23967
tornado's,VERB,23967
tortilla,VERB,23603
tortilla's,VERB,23603
tortillas,VERB,23603
tortoise,VERB,17959
tortoise's,VERB,17959
tortoises,VERB,17959
total,NOUN,12360
total's,VERB,12360
totaled,VERB,12360
totaling,VERB,12360
totally,VERB,12360
totals,VERB,12360
touch,PRON,17761
touch's,VERB,17761
touch_screen,VERB,23687
touched,VERB,17761
touches,VERB,17761
touching,VERB,25223
touchingly,VERB,25223
touchpad,VERB,23688
tour,VERB,25198
tour's,VERB,25198
toured,VERB,25198
touring,VERB,25198
tourist,PREP,24771
tourist's,VERB,24772
tourist_,PREP,24772
tourists,VERB,24772
tours,VERB,25198
tow,PRON,16431
tow's,VERB,16431
toward,NOUN,17739
towards,NOUN,17739
towboat,VERB,22080
towboat's,VERB,22080
towboats,VERB,22080
towed,VERB,16431
towel,VERB,24312
towel's,VERB,24312
towel_,VERB,17762
toweled,VERB,24312
toweling,VERB,24312
towelings,VERB,24312
towels,VERB,24312
tower,VERB,23240
tower's,VERB,23240
towered,VERB,23240
towering,VERB,23240
towers,VERB,16431
towing,VERB,16431
town,VERB,13351
town's,VERB,13351
town_hall,VERB,23446
towns,VERB,13351
tows,VERB,16431
toy,VERB,17763
toy's,VERB,23689
toy_,VERB,23689
toy_animal,VERB,17764
toy_shop,VERB,23241
toyed,VERB,23689
toying,VERB,23689
toys,VERB,23689
trace,VERB,25327
trace's,VERB,25327
traced,VERB,25327
tracer,VERB,25327
tracers,VERB,25327
traces,VERB,25327
trachea,VERB,25505
trachea's,VERB,25505
tracheal_tube,VERB,25506
tracheotomy_tube,VERB,25506
tracing,VERB,25327
tracings,VERB,25327
track,VERB,23690
track's,VERB,23690
trackball,VERB,23691
trackball's,VERB,23691
trackballs,VERB,23691
tracked,VERB,23690
tracker,PREP,25388
tracker's,VERB,25388
trackers,VERB,23690
tracking,VERB,23690
trackpad,VERB,23688
tracks,VERB,23690
tractor,VERB,17765
tractor's,VERB,17765
tractors,VERB,17765
trade,VERB,13093
trade's,VERB,14118
trade-,PRON,14118
traded,VERB,14118
trader,VERB,14118
traders,VERB,14118
trades,VERB,14118
trading,VERB,14118
tradings,VERB,14118
traffic,VERB,17766
traffic's,VERB,17766
traffic_light,VERB,27148
traffic_rule,VERB,25958
traffic_signal,VERB,24735
traffics,VERB,17766
tragedies,VERB,23692
tragedy,VERB,23692
tragedy's,VERB,23692
trailer,VERB,25624
trailer's,VERB,25624
train,VERB,17767
train's,VERB,17767
train_journey,VERB,29304
train_station,VERB,24314
train_station_,VERB,24314
trainable,VERB,17767
trained,VERB,17767
trainee,VERB,29218
trainee's,VERB,29218
trainee-,PRON,29218
trainees,VERB,29218
traineeship,VERB,29219
trainer,VERB,17767
trainers,VERB,17767
training,PRON,29220
training's,VERB,29220
trains,VERB,17767
tram,VERB,24316
tram's,VERB,24316
trampoline,VERB,17768
trampoline's,VERB,17768
trampolined,VERB,17768
trampolines,VERB,17768
trampolining,VERB,17768
trams,VERB,24316
tranquil,ADJ,25177
tranquiler,VERB,25177
tranquilest,VERB,25177
tranquilly,VERB,25177
transform,VERB,23453
transform's,VERB,23453
transform-,PRON,23453
transformable,VERB,23453
transformed,VERB,23453
transformer,VERB,23453
transformers,VERB,23453
transforming,VERB,23453
transforms,VERB,23453
transgender,ADJ,27149
transgender_person,PREP,27150
transgenders,VERB,27149
translatable,VERB,17769
translate,VERB,17769
translate-,PRON,17769
translated,VERB,17769
translates,VERB,17769
translating,VERB,17769
translation,VERB,26107
translation's,VERB,26107
translations,VERB,17769
translator,PREP,29243
translator's,VERB,29243
translators,VERB,29243
transmit,VERB,24615
transmit-,PRON,24615
transmits,VERB,24615
transmitting,VERB,24750
transparence,VERB,24878
transparencies,VERB,24878
transparency,VERB,24878
transparency's,VERB,24878
transparent,ADJ,13358
transparently,VERB,13358
transport,VERB,25625
transport's,VERB,25625
transport-,PRON,13125
transport_service,VERB,29637
transport_van,ADJ,29605
transportable,VERB,25625
transportation,VERB,25625
transportation's,VERB,25625
transported,VERB,25625
transporter,VERB,25625
transporters,VERB,25625
transporting,VERB,25625
transports,VERB,25625
transverse_flute,VERB,23872
transvestite,VERB,17770
transvestite's,VERB,17770
transvestite_,PREP,17770
transvestites,VERB,17770
trap,VERB,25199
trap's,VERB,25200
trap-,PRON,25200
trapeze,VERB,25959
trapeze's,VERB,25959
trapezes,VERB,25959
trapezium,VERB,29098
trapezium's,VERB,29098
trapeziums,VERB,29098
trapezoid,VERB,29098
trapezoid's,VERB,29098
trapezoids,VERB,29098
traps,VERB,25200
trash,VERB,18043
trash's,VERB,18043
trash_can,VERB,14421
trashed,VERB,18043
trashes,VERB,18043
trashing,VERB,18043
travel,VERB,17779
travel's,VERB,17779
travel-,PRON,17772
travelator,VERB,29317
travelator_,VERB,29318
traveled,VERB,17779
traveler,VERB,17779
travelers,VERB,17779
traveling,VERB,17779
travelings,VERB,17779
traveller,PREP,23693
travels,VERB,17779
tray,VERB,17773
tray's,VERB,17773
trays,VERB,17773
treadmill,VERB,29315
treadmill's,VERB,29315
treadmills,VERB,29315
treasure,VERB,25143
treasure's,VERB,25143
treasure-,PRON,13948
treasure_trove,VERB,25201
treasured,ADJ,25142
treasurer,VERB,25143
treasurers,VERB,25143
treasures,VERB,25143
treasuring,VERB,25143
treat,VERB,17774
treat's,VERB,17774
treated,VERB,17774
treating,VERB,17774
treatment,VERB,24519
treatment's,VERB,24519
treatments,VERB,24519
treats,VERB,17774
tree,VERB,17775
tree's,VERB,17775
tree_or_wood_destruction,VERB,25626
tree_trunk,VERB,17783
treed,VERB,17775
trees,VERB,17775
tremor,VERB,26332
tremor's,VERB,26332
tremors,VERB,26332
trial,VERB,23242
trial's,VERB,23242
trials,VERB,23242
triangle,VERB,17776
triangle's,VERB,23968
triangle__,VERB,23968
triangles,VERB,23968
triangular,ADJ,17777
triangularly,VERB,17777
triathlon,VERB,21858
triathlon's,VERB,21858
triathlons,VERB,21858
tribe,VERB,21609
tribe's,VERB,21609
tribes,VERB,21609
triceratops,VERB,23694
triceratops's,VERB,23694
tricycle,VERB,17778
tricycle's,VERB,17778
tricycles,VERB,17778
tried,VERB,17787
tries,VERB,17787
trip,VERB,17779
trip's,VERB,17779
triply,VERB,17779
trips,VERB,17779
trivet,VERB,22595
trivet's,VERB,22595
trivets,VERB,22595
troll,PREP,23695
troll's,VERB,23696
troll_,PREP,23696
trolled,VERB,23696
trolleybus,VERB,24318
trolleybus's,VERB,24318
trolleybuses,VERB,24318
trolling,VERB,23696
trolls,VERB,23696
trombone,VERB,23970
trombone's,VERB,23970
trombones,VERB,23970
trophies,VERB,25773
trophy,VERB,25773
trophy's,VERB,25773
trophy_cup,VERB,21282
tropical_rain_forest,VERB,25202
trot,VERB,24319
trot's,VERB,24319
trot_-,PRON,24319
trots,VERB,24319
trouble,VERB,17780
trouble's,VERB,17780
troubled,VERB,17780
troubles,VERB,17780
troublesome,ADJ,24821
troublesomely,VERB,24821
troubling,VERB,17780
trousers,VERB,15961
trousers's,VERB,15961
truck,VERB,17781
truck's,VERB,17781
trucked,VERB,17781
trucker,VERB,17781
truckers,VERB,17781
trucking,VERB,17781
trucks,VERB,17781
true,ADJ,17782
true's,VERB,17782
trued,VERB,17782
truer,VERB,17782
trues,VERB,17782
truest,VERB,17782
truing,VERB,17782
truly,ADJ,17782
trumpet,VERB,14895
trumpet's,VERB,14895
trumpeted,VERB,14895
trumpeter,VERB,14895
trumpeters,VERB,14895
trumpeting,VERB,14895
trumpets,VERB,14895
trunk,VERB,12870
trunk's,VERB,12870
trunking,VERB,12870
trunks,VERB,12870
trust,VERB,17785
trust's,VERB,17785
trust-,PRON,17784
trusted,VERB,17785
trusting,VERB,17785
trusts,VERB,17785
truth,VERB,17786
truth's,VERB,17786
truther,VERB,17786
truthers,VERB,17786
truthful,ADJ,17782
truthfully,ADJ,17782
truthfulness,VERB,17782
try,PRON,17787
trying,VERB,17787
ts,VERB,8540
tsunami,VERB,23972
tsunami's,VERB,23972
tsunamis,VERB,23972
tts,VERB,25819
tu_bishvat,VERB,17788
tub,VERB,24809
tub's,VERB,24809
tuba,VERB,23973
tuba's,VERB,23973
tuba_,VERB,23973
tubal_ligation,VERB,17789
tubas,VERB,23973
tube,VERB,24296
tube's,VERB,24296
tube_,VERB,16187
tubed,VERB,24809
tuber,VERB,24809
tubers,VERB,24809
tubes,VERB,24296
tubing,VERB,24809
tubs,VERB,24809
tubular_bells,VERB,23814
tuesday,VERB,17790
tuesday's,VERB,17790
tuesday_,VERB,17790
tuesdays,VERB,17790
tuft_of_grass,VERB,25961
tug,VERB,16431
tug's,VERB,16431
tug-,PRON,16431
tugboat,VERB,22080
tugboat's,VERB,22080
tugboats,VERB,22080
tugs,VERB,16431
tum,VERB,25498
tumble,VERB,24894
tumble's,VERB,24894
tumble-drier,VERB,24320
tumble-dryer,VERB,24320
tumbled,VERB,24894
tumbler,VERB,24894
tumblers,VERB,24894
tumbles,VERB,24894
tumbling,VERB,24894
tummies,VERB,25498
tummy,VERB,25498
tummy's,VERB,25498
tums,VERB,25498
tuna_fish,VERB,23697
tune,VERB,17953
tune's,VERB,17953
tunes,VERB,17953
tuning_fork,VERB,23975
tunnel,VERB,24321
tunnel's,VERB,24321
tunneled,VERB,24321
tunneler,VERB,24321
tunnelers,VERB,24321
tunneling,VERB,24321
tunnelings,VERB,24321
tunnels,VERB,24321
turkey,VERB,25206
turkey's,VERB,25206
turkey_,VERB,17954
turkeys,VERB,25206
turn,VERB,17956
turn's,VERB,17957
turn-,PRON,17957
turn_off,VERB,24299
turn_off-,PRON,24299
turn_on,VERB,24300
turn_on-,PRON,24300
turn_over,PRON,25921
turn_to,PRON,23453
turned,VERB,17957
turner,VERB,17957
turners,VERB,17957
turning,VERB,25627
turning's,VERB,25627
turnings,VERB,25627
turnip,VERB,17958
turnip's,VERB,17958
turnips,VERB,17958
turns,VERB,17957
turquoise,NOUN,25389
turquoise's,VERB,25389
turquoises,VERB,25389
turtle,VERB,17959
turtle's,VERB,17959
turtles,VERB,17959
tussock,VERB,25961
tussock's,VERB,25961
tussock_,VERB,25033
tussocks,VERB,25961
tv_programme,VERB,24773
tv_show,VERB,24773
tv_studio,VERB,24774
tweeze,VERB,26220
tweeze-,PRON,26220
tweezer,VERB,16205
twin_brother,PREP,23976
twin_sister,PREP,23977
twinkle,PRON,17960
twinkle's,VERB,17960
twinkled,VERB,17960
twinkles,VERB,17960
twinkling,VERB,17960
twinklings,VERB,17960
twins,PREP,23978
twitter,VERB,24060
twitter's,VERB,24060
twitter-,PRON,24060
twittered,VERB,24060
twittering,VERB,24060
twitters,VERB,24060
two,VERB,8498
two's,VERB,8498
two_,NOUN,8498
two_storey_building,VERB,23243
two_thirds,NOUN,26065
twos,VERB,8498
tympanic_membrane,VERB,26164
type,VERB,17961
type-,PRON,23698
typed,VERB,23698
types,VERB,23698
typewriter,VERB,17962
typewriter's,VERB,17962
typhoon,VERB,29273
typhoon's,VERB,29273
typhoons,VERB,29273
typing,VERB,23698
tyr,PREP,22820
tyrannosaurus_rex,VERB,23699
tyre,VERB,17734
tyre's,VERB,17734
u,NOUN,8541
u_,NOUN,8541
ugh,OTHER,17963
uglier,VERB,17964
ugliest,VERB,17964
ugliness,VERB,17964
ugly,ADJ,17964
ukraine,VERB,25207
ukraine's,VERB,25207
ukulele,VERB,23979
ukulele's,VERB,23979
ukuleles,VERB,23979
umami,VERB,26254
umami_tasting,ADJ,26255
umbilical_cord,VERB,17965
umbrella,VERB,17966
umbrella's,VERB,17966
umbrellas,VERB,17966
unattractive,ADJ,17964
uncertain,ADJ,22918
uncertainty,VERB,22911
uncle,PREP,17967
uncle's,VERB,17967
uncles,VERB,17967
uncomfortable,ADJ,17968
unconscious,ADJ,26333
unconscious's,VERB,26333
unconsciousness,VERB,26334
uncooked,ADJ,16464
under,NOUN,17969
under_,NOUN,25628
underclothes,VERB,17974
underclothes's,VERB,17974
underground,VERB,24296
underground's,VERB,24296
underground_station,VERB,24322
undergrounds,VERB,24296
underpants,VERB,17971
underpants's,VERB,17971
underpass,VERB,24321
underpass's,VERB,24321
underpasses,VERB,24321
undershirt,VERB,17972
undershirt's,VERB,17972
undershirts,VERB,17972
underskirt,VERB,17012
underskirt's,VERB,17012
underskirts,VERB,17012
understand,PRON,17973
understandable,VERB,17973
understanding,VERB,25629
understanding's,VERB,25629
understandingly,VERB,25629
understandings,VERB,17973
understands,VERB,17973
underwear,VERB,17974
underwear's,VERB,17974
undo,VERB,23701
undo-,PRON,23700
undo_-,PRON,23701
undress,VERB,29565
undress-,ADJ,29565
unemployed,ADJ,25823
unemployed's,VERB,25823
unemployment,VERB,17975
unending,ADJ,21331
unequal,ADJ,25405
unequaled,VERB,25405
unequally,VERB,25405
uneven,ADJ,29566
unevenly,VERB,29566
unfair,ADJ,23244
unfairer,VERB,23244
unfairest,VERB,23244
unfairly,VERB,23244
unfairness,VERB,23244
unfinished,ADJ,26256
unfold,VERB,23980
unfold-,PRON,23980
unfold-_,PRON,17976
unfolding,VERB,25630
unforgivable,ADJ,21294
unfree,ADJ,25131
unhappiest,VERB,16702
unhappily,ADJ,16702
unhappiness,VERB,16703
unhappy,ADJ,16702
unharness,VERB,24323
unharness_-,PRON,24323
unicorn,VERB,23702
unicorn's,VERB,23702
unicorns,VERB,23702
unicycle,VERB,26257
unicycle's,VERB,26257
unicycles,VERB,26257
unidentified_object,VERB,17977
unidentified_object_,VERB,17977
uniform,VERB,28081
uniform's,VERB,28081
uniformed,VERB,28081
uniforming,VERB,28081
uniformly,VERB,28081
uniforms,VERB,28081
uninhabited,ADJ,21356
union,VERB,24324
union's,VERB,24324
union_,VERB,24324
union_jack_pattern,VERB,25631
unions,VERB,24324
unit,VERB,12403
united_kingdom,VERB,17979
universal,ADJ,21380
universal's,VERB,21380
universally,VERB,21380
universals,VERB,21380
universe,VERB,24520
universe's,VERB,24520
universes,VERB,24520
universities,VERB,17980
university,VERB,17980
university's,VERB,17980
unjust,ADJ,23244
unjustly,VERB,23244
unknown,VERB,21297
unknown's,VERB,24762
unknown_,PREP,24762
unknowns,VERB,24762
unless,NOUN,17981
unpaid_work,VERB,25826
unplanned,ADJ,29253
unrest,VERB,25553
unrest's,VERB,25553
unsure,ADJ,22918
untidier,VERB,29252
untidiest,VERB,29252
untidiness,VERB,29252
untidy,ADJ,29252
until,NOUN,17982
untrue,ADJ,26259
untruer,VERB,26259
untruest,VERB,26259
untruth,VERB,26260
untruth's,VERB,26260
up,NOUN,17983
up_and_down,NOUN,20524
up_and_down_,NOUN,17984
uphill,ADJ,29625
uphill's,VERB,29625
uphills,VERB,29625
upload,VERB,26261
upload-,PRON,26262
uploaded,VERB,26262
uploading,VERB,26262
uploads,VERB,26262
upper_arm,VERB,25507
upper_arm_bone,VERB,25457
upper_body,VERB,24325
upper_leg,VERB,25955
ups,VERB,17983
upset,ADJ,17985
upset's,VERB,17985
upsets,VERB,17985
upward,NOUN,17983
upward_and_backward,NOUN,17986
upward_and_forward,NOUN,17987
upward_slope,VERB,29624
upwardly,VERB,17983
upwards,VERB,17983
uranus,VERB,24521
uranus's,VERB,24521
uranus_,VERB,24521
urethra,VERB,17988
urethra's,VERB,17988
urinate,PRON,17989
urinated,VERB,17989
urinates,VERB,17989
urinating,VERB,17989
urination,VERB,17989
urine,VERB,17990
urine's,VERB,17990
urine_bottle,VERB,24775
urn,VERB,21281
urn's,VERB,21281
urns,VERB,21281
us,PREP,18210
us's,VERB,18210
usa,VERB,24776
usa's,VERB,24776
usage,VERB,24847
usage's,VERB,24847
usages,VERB,24847
usb-memory,VERB,24694
use,VERB,24847
use's,VERB,24847
use-,PRON,17991
use_again,PRON,26229
used,VERB,24847
used_car_dealer,VERB,29100
uses,VERB,24847
using,VERB,24847
usual,ADJ,17992
usually,ADJ,17992
usually_do,VERB,25208
utensil,VERB,17993
utensil's,VERB,17993
utensils,VERB,17993
uterine_contraction,VERB,13405
uterus,VERB,17994
uterus's,VERB,17994
v,NOUN,8542
v_,NOUN,8542
vacation,VERB,17995
vacation's,VERB,17995
vacationed,VERB,17995
vacationer,VERB,17995
vacationers,VERB,17995
vacationing,VERB,17995
vacations,VERB,17995
vaccinate,PRON,29101
vaccinated,ADJ,29102
vaccinates,VERB,29101
vaccinating,VERB,29101
vaccination,VERB,29103
vaccination's,VERB,29103
vaccinations,VERB,29101
vaccine,VERB,29104
vaccine's,VERB,29104
vaccines,VERB,29104
vacuum_cleaner,VERB,22391
vagina,VERB,17996
vagina's,VERB,17996
vaginal_discharge,VERB,24326
vaginas,VERB,17996
valentine,VERB,17997
valentine's,VERB,17997
valentine's_day,VERB,17998
valentine_,VERB,17997
valentines,VERB,17997
valhalla,VERB,22827
valhalla's,VERB,22827
valley,VERB,17999
valley's,VERB,17999
valleys,VERB,17999
value,PRON,13948
value_,VERB,25554
valued,VERB,25554
values,VERB,25554
valuing,VERB,25554
vampire,PREP,25209
vampire's,VERB,25209
vampires,VERB,25209
van,VERB,18000
van's,VERB,18000
vanilla,VERB,22314
vanilla's,VERB,22315
vanilla_,VERB,22315
vanilla_sauce,VERB,22317
vanillas,VERB,22315
vans,VERB,18000
vaporization,VERB,24940
vaporization's,VERB,24940
vaporize,VERB,23953
vaporize-,PRON,23953
vaporized,VERB,23953
vaporizer,VERB,23954
vaporizer's,VERB,23954
vaporizers,VERB,23953
vaporizes,VERB,23953
vaporizing,VERB,23953
varieties,VERB,26155
variety,VERB,26155
variety's,VERB,26155
variety_,VERB,26155
vas_deferens,VERB,18001
vascular_system,VERB,25508
vase,VERB,21282
vase's,VERB,21282
vasectomies,VERB,18002
vasectomy,VERB,18002
vasectomy's,VERB,18002
vases,VERB,21282
vatican,VERB,21037
vatican's,VERB,21037
vatican_city,VERB,21037
veal,VERB,18003
veal's,VERB,18003
vegan_food,VERB,27151
vegetable,VERB,23710
vegetable's,VERB,23710
vegetable_,VERB,13124
vegetables,VERB,23710
vegetarian,VERB,26335
vegetarian's,VERB,26335
vegetarian_,ADJ,26335
vegetarians,VERB,26335
vehicle,VERB,18010
vehicle's,VERB,24332
vehicle_,VERB,24332
vehicles,VERB,24332
veil,VERB,21614
veiled,VERB,21614
veiling,VERB,21614
veils,VERB,21614
velcro,VERB,14155
velcro's,VERB,14155
velcros,VERB,14155
vending_machine,VERB,29257
venereal_disease,VERB,24333
venereal_papilloma,VERB,24334
venus,VERB,24522
venus's,VERB,24522
venus_,VERB,24522
venuses,VERB,24522
veranda,VERB,12620
veranda's,VERB,12620
verandas,VERB,12620
verb,VERB,27152
verb's,VERB,27152
verbs,VERB,27152
verier,VERB,15671
veriest,VERB,15671
vertebrate,VERB,26265
vertebrate's,VERB,26265
vertebrates,VERB,26265
vertical,ADJ,23249
vertical's,VERB,23250
vertical-,VERB,23250
vertically,VERB,23250
verticals,VERB,23250
very,ADJ,15671
very_many,ADJ,25964
very_much,ADJ,25964
vestment,VERB,21370
vestment's,VERB,21370
vestments,VERB,21370
veterinarian,PREP,25392
veterinarian's,VERB,25392
veterinarians,VERB,25392
vibraphone,VERB,23986
vibraphone's,VERB,23986
vibraphone_,VERB,23986
vibraphones,VERB,23986
video_game,VERB,26154
video_phone,VERB,24781
video_recorder,VERB,18011
videocassette,VERB,13128
videocassette's,VERB,13128
videocassettes,VERB,13128
view_of_life,VERB,21607
viking,PREP,22828
viking's,VERB,22828
viking_ship,VERB,22829
vikings,VERB,22828
village,VERB,18012
village's,VERB,18012
village_hall,VERB,23446
villager,VERB,18012
villagers,VERB,18012
villages,VERB,18012
villain,PREP,25166
villain's,VERB,25166
villains,VERB,25166
vinegar,VERB,18013
vinegar's,VERB,18013
vintage_shop,VERB,29079
viola,VERB,23982
viola's,VERB,23982
violas,VERB,23982
violence,VERB,12327
violence's,VERB,12327
violet,VERB,16436
violet's,VERB,16436
violet_,NOUN,16436
violets,VERB,16436
violin,VERB,23983
violin's,VERB,23983
violins,VERB,23983
viper,VERB,25941
viper's,VERB,25941
vipers,VERB,25941
viral_infection,VERB,24523
virginity,VERB,18015
virginity's,VERB,18015
virgo,VERB,22642
virgo's,VERB,22642
virgo_,VERB,22642
virgos,VERB,22642
virus,VERB,24524
virus's,VERB,24524
virus_,VERB,23711
viruses,VERB,24524
visa,VERB,24337
visa's,VERB,24337
visaed,VERB,24337
visaing,VERB,24337
visas,VERB,24337
vishnu,PREP,18016
vishnu's,VERB,18016
visible,ADJ,26266
vision,VERB,21300
vision's,VERB,21300
visioned,VERB,21300
visioning,VERB,21300
visions,VERB,21300
visit,VERB,24859
visit-,PRON,18017
visited,VERB,24859
visiting,VERB,24859
visitor,PREP,18018
visitor's,VERB,18018
visitors,VERB,18018
visits,VERB,24859
visual_impairment,VERB,26032
visual_sense,VERB,25939
visually_impaired,ADJ,26033
visually_impaired_,ADJ,18019
vocation,VERB,21359
vocation's,VERB,21359
vocations,VERB,21359
voice,VERB,23984
voice's,VERB,23984
voice_message,VERB,29256
voice_output_device,VERB,28077
voiced,VERB,23984
voicemail,VERB,29256
voicemail's,VERB,29256
voicemails,VERB,29256
voices,VERB,23984
voicing,VERB,23984
void,VERB,23864
void's,VERB,23864
void-,PRON,23864
voidable,VERB,23864
voidance,VERB,24891
voided,VERB,23864
voiding,VERB,23864
voids,VERB,23864
volcano,VERB,18020
volcano's,VERB,18020
volleyball,VERB,21804
volleyball's,VERB,21804
volleyballs,VERB,21804
voltage,VERB,25396
voltage's,VERB,25396
voltages,VERB,25396
volte,VERB,24338
volte_-,PRON,24338
voltmeter,VERB,25397
voltmeter's,VERB,25397
voltmeters,VERB,25397
voluntaries,VERB,25825
voluntary,ADJ,25825
voluntary's,VERB,25825
voluntary_work,VERB,25826
volunteer,PREP,18021
volunteer's,VERB,18021
volunteered,VERB,18021
volunteering,VERB,25827
volunteers,VERB,18021
vomit,PRON,18022
vomit's,VERB,18022
vomited,VERB,18022
vomiting,VERB,24950
vomits,VERB,18022
voter,PREP,24092
voter's,VERB,24092
voters,VERB,24092
voting_slip,VERB,25657
voyage,VERB,17779
voyage's,VERB,17779
voyaged,VERB,17779
voyager,VERB,17779
voyagers,VERB,17779
voyages,VERB,17779
voyaging,VERB,17779
voyeurism,VERB,18023
voyeurism's,VERB,18023
vs,VERB,8542
vulnerable,ADJ,12897
vulture,VERB,18024
vulture's,VERB,18024
vultures,VERB,18024
vulva,VERB,18025
vulva's,VERB,18025
w,NOUN,8543
w_,NOUN,8543
wading_pool,VERB,18026
wafer,VERB,21367
wafer's,VERB,21367
wafer_,VERB,21367
wafers,VERB,21367
waffle,VERB,22126
waffle's,VERB,22126
waffled,VERB,22126
waffler,VERB,22126
wafflers,VERB,22126
waffles,VERB,22126
waffling,VERB,22126
wage,VERB,18027
wage's,VERB,18027
wages,VERB,18027
wagon,VERB,18028
wagon's,VERB,18028
wagoner,VERB,18028
wagoners,VERB,18028
wagons,VERB,18028
waist,VERB,18029
waist's,VERB,18029
waists,VERB,18029
wait,VERB,24832
wait's,VERB,24832
wait-,PRON,18030
waited,VERB,24832
waiter,PREP,24777
waiter's,VERB,24777
waiters,VERB,24832
waiting,VERB,24832
waiting's,VERB,24832
waiting_room,VERB,15224
waitress,PREP,24777
waitress's,VERB,24777
waitresses,VERB,24777
waits,VERB,24832
wake,VERB,29567
wake's,VERB,29567
wake-,VERB,29567
wake_up,VERB,23703
wake_up-,PRON,23703
waked,VERB,29567
wakefulness,VERB,24949
wakefulness's,VERB,24949
wakes,VERB,29567
waking,VERB,29567
wakings,VERB,29567
walk,PRON,18031
walk's,VERB,24327
walk-in_closet,VERB,24063
walk_-,PRON,24327
walked,VERB,24327
walker,VERB,18032
walker's,VERB,18032
walkers,VERB,24327
walking,VERB,26263
walking's,VERB,26263
walking_aid,VERB,18032
walking_aid_,VERB,18032
walking_reins,VERB,24058
walking_stick,VERB,13119
walks,VERB,24327
walkway,VERB,24328
walkway's,VERB,24328
walkways,VERB,24328
wall,VERB,14167
wall's,VERB,14167
wall_climbing,VERB,22111
wall_louse,VERB,25264
wallabies,VERB,27079
wallaby,VERB,27079
wallaby's,VERB,27079
walled,VERB,14167
wallet,VERB,16438
wallet's,VERB,16438
wallets,VERB,16438
walling,VERB,14167
walls,VERB,14167
walrus,VERB,23704
walrus's,VERB,23704
walruses,VERB,23704
wand,VERB,18034
wand's,VERB,18034
wands,VERB,18034
want,PRON,18035
want's,VERB,18035
wanted,VERB,18035
wanting,VERB,18035
wants,VERB,18035
war,VERB,18036
war's,VERB,18036
wardrobe,VERB,13622
wardrobe's,VERB,13622
wardrobes,VERB,13622
warm,ADJ,18037
warm-blooded_animal,VERB,26122
warmed,VERB,18037
warmer,VERB,18037
warmers,VERB,18037
warmest,VERB,18037
warming,VERB,18037
warmly,VERB,18037
warmness,VERB,18037
warms,VERB,18037
warmth,VERB,18037
warn,VERB,25210
warn-,PRON,25210
warned,VERB,25210
warning,VERB,25211
warning's,VERB,25211
warnings,VERB,25210
warns,VERB,25210
warrior,PREP,17204
warrior's,VERB,17204
warriors,VERB,17204
wars,VERB,18036
wart,VERB,24329
wart's,VERB,24329
warts,VERB,24329
wash,PRON,18038
wash's,VERB,18038
wash_up,VERB,23705
washable,ADJ,18039
washable's,VERB,18039
washables,VERB,18039
washcloth,VERB,18040
washcloth's,VERB,18040
washed,VERB,18038
washer,VERB,18041
washer's,VERB,18041
washers,VERB,18038
washes,VERB,18038
washing,VERB,16992
washing's,VERB,16992
washing_machine,VERB,18042
washings,VERB,18038
washrag,VERB,18040
washrag's,VERB,18040
washrags,VERB,18040
washroom,VERB,12637
washroom's,VERB,12637
washrooms,VERB,12637
wasp,VERB,27153
wasp's,VERB,27153
wasps,VERB,27153
waste,VERB,18043
waste's,VERB,18043
waste_sorting,VERB,26264
wasted,VERB,18043
waster,VERB,18043
wasters,VERB,18043
wastes,VERB,18043
wasting,VERB,18043
watch,VERB,18044
watch's,VERB,18044
watch-,PRON,16747
watch_tower,VERB,23245
watchable,VERB,18044
watchdog,VERB,25962
watchdog's,VERB,25962
watchdogs,VERB,25962
watched,VERB,18044
watcher,VERB,18044
watchers,VERB,18044
watches,VERB,18044
watchful,ADJ,18046
watchfully,VERB,18046
watchfulness,VERB,18046
watching,VERB,18044
water,VERB,17990
water's,VERB,25777
water-,PRON,24330
water_,VERB,25777
water_animal,VERB,25632
water_animal_,VERB,25632
water_bike,VERB,22088
water_bucket,VERB,24331
water_creature,VERB,23706
water_flower,VERB,24778
water_ice_lollipop,VERB,22367
water_lily,VERB,24778
water_mammal,VERB,13864
water_mammal_,VERB,13864
water_meter,VERB,23246
water_nymph,PREP,23579
water_on_ground,VERB,25633
water_on_ground_,VERB,25633
water_park,VERB,28082
water_play,VERB,23707
water_polo,VERB,21805
water_scooter,VERB,21884
water_ski,VERB,21883
water_skiing,VERB,21886
water_snake,VERB,17190
water_sports,VERB,21626
water_tower,VERB,23247
water_toy,VERB,23708
water_well,VERB,25824
waterbird,VERB,12840
waterbird's,VERB,12840
waterbirds,VERB,12840
watered,VERB,25777
waterfall,VERB,22622
waterfall's,VERB,22622
waterfalls,VERB,22622
waterfowl,VERB,12840
waterfowl's,VERB,12840
waterfowls,VERB,12840
waterier,VERB,18226
wateriest,VERB,18226
wateriness,VERB,18226
watering,VERB,25777
waters,VERB,25777
watery,ADJ,18226
wave,VERB,21880
wave's,VERB,21880
wave_energy,VERB,25212
wave_length,VERB,25391
wave_power,VERB,25212
waved,VERB,21880
waver,VERB,21880
wavers,VERB,21880
waves,VERB,21880
waving,VERB,21880
wax_bean,VERB,17442
way,VERB,25963
way's,VERB,25963
ways,VERB,25963
we,PREP,18210
weak,ADJ,18213
weaken,VERB,18213
weakens,VERB,18213
weaker,VERB,18213
weakest,VERB,18213
weakly,VERB,18213
weakness,VERB,16167
weakness's,VERB,16167
weakness_,VERB,16167
weaknesses,VERB,16167
wealthier,VERB,16507
wealthiest,VERB,16507
wealthiness,VERB,16507
wealthy,ADJ,16507
weapon,VERB,25213
weapon's,VERB,25213
weapons,VERB,25213
wear,VERB,13877
wear's,VERB,13877
wear-,PRON,13877
wearable,VERB,13877
wearer,VERB,13877
wearers,VERB,13877
wearied,VERB,27146
wearier,VERB,27146
wearies,VERB,27146
weariest,VERB,27146
weariness,VERB,27146
wearing,VERB,13877
wearings,VERB,13877
wears,VERB,13877
weary,ADJ,27146
weary_,ADJ,17735
wearying,VERB,27146
weather,VERB,18214
weather's,VERB,18214
weather_forecast,VERB,22637
weather_satellite,VERB,24779
weathered,VERB,18214
weathering,VERB,18214
weathers,VERB,18214
weave,VERB,18215
weave's,VERB,18215
weave-,PRON,18215
weaved,VERB,18215
weaver,VERB,18215
weavers,VERB,18215
weaves,VERB,18215
weaving,VERB,18215
web_blog,VERB,25661
webshop,VERB,29404
website,VERB,23709
website's,VERB,23709
websites,VERB,23709
webstore,VERB,29404
wed,VERB,8543
wedding,VERB,20575
wedding's,VERB,20575
weddings,VERB,20575
wednesday,VERB,18216
wednesday's,VERB,18216
wednesday_,VERB,18216
wednesdays,VERB,18216
wee,VERB,17989
wee's,VERB,17989
wee-,PRON,17989
weed,PRON,29568
weed's,VERB,29569
weed-,VERB,29569
weeded,VERB,29569
weeder,VERB,29569
weeders,VERB,29569
weeding,VERB,29569
weeds,VERB,29569
week,VERB,18217
week's,VERB,18217
weekend,VERB,25217
weekend's,VERB,25217
weekend_,VERB,18218
weekended,VERB,25217
weekender,VERB,25217
weekenders,VERB,25217
weekending,VERB,25217
weekends,VERB,25217
weekly,VERB,18217
weeks,VERB,18217
weep,VERB,13618
weep's,VERB,13618
weep-,PRON,13618
weeper,VERB,13618
weepers,VERB,13618
weeping,VERB,13618
weepings,VERB,13618
weeps,VERB,13618
weer,VERB,17989
wees,VERB,17989
weest,VERB,17989
weewee,VERB,17990
weigh,VERB,18220
weigh-,PRON,18220
weighed,VERB,18220
weighing,VERB,18220
weight,VERB,18221
weight's,VERB,18222
weight_,VERB,18222
weight_lifting,VERB,21859
weighted,VERB,18222
weighting,VERB,18222
weightings,VERB,18222
weights,VERB,18222
welcome,OTHER,18223
welcome's,VERB,18223
welcomed,VERB,18223
welcomes,VERB,18223
welcoming,VERB,18223
weld,VERB,29246
weld's,VERB,29246
weld-,PRON,29246
weldable,VERB,29246
welded,VERB,29246
welder,PREP,29247
welder's,VERB,29247
welders,VERB,29246
welding,VERB,29246
welds,VERB,29246
well,ADJ,14463
well's,VERB,14463
wellbeing,VERB,29336
welled,VERB,14463
welling,VERB,14463
wellness,VERB,14463
wells,VERB,14463
wen,VERB,8543
wens,VERB,8543
werewolf,PREP,25218
werewolf's,VERB,25218
west,VERB,18224
west's,VERB,18224
western,ADJ,18225
western's,VERB,18225
westerner,VERB,18225
westerners,VERB,18225
westerns,VERB,18225
westward,ADJ,25965
westwards,VERB,25965
wet,ADJ,18226
wet's,VERB,18226
wet_dream,VERB,15724
wetly,VERB,18226
wetness,VERB,18226
wets,VERB,18226
whale,VERB,18227
whale's,VERB,18227
whaled,VERB,18227
whaler,VERB,18227
whalers,VERB,18227
whales,VERB,18227
whaling,VERB,18227
what,NOUN,18228
what's,VERB,18231
what_-,NOUN,18231
what_did_you_say,OTHER,15967
what_kind,VERB,18230
what_kind-,NOUN,18230
what_time,VERB,18235
what_time-,NOUN,18235
whats,VERB,18231
wheat,VERB,24780
wheat's,VERB,24780
wheaten,VERB,24780
wheel,VERB,18232
wheel's,VERB,18232
wheelbarrow,VERB,23416
wheelbarrow's,VERB,23416
wheelbarrows,VERB,23416
wheelchair,VERB,18233
wheelchair's,VERB,18233
wheelchair_bike,VERB,21819
wheelchair_straps,VERB,24335
wheelchair_tricycle,VERB,25966
wheelchairs,VERB,18233
wheeled,VERB,18232
wheeler,VERB,18232
wheeling,VERB,18232
wheels,VERB,18232
when,NOUN,18234
when's,VERB,18234
whenever,ADJ,14115
whens,VERB,18234
where,NOUN,18236
where's,VERB,18237
where-,NOUN,18237
wheres,VERB,18237
which,NOUN,18238
which-,NOUN,16482
while,NOUN,13892
while's,VERB,13892
whiled,VERB,13892
whiles,VERB,13892
whiling,VERB,13892
whine,VERB,29105
whine's,VERB,29105
whine-,PRON,29105
whined,VERB,29105
whiner,VERB,29105
whiners,VERB,29105
whines,VERB,29105
whining,VERB,29105
whinnied,VERB,24199
whinnies,VERB,24199
whinny,VERB,24199
whinny's,VERB,24199
whinny-,PRON,24199
whinnying,VERB,24199
whipping_knot,VERB,25393
whisk,VERB,22563
whisk's,VERB,22563
whisked,VERB,22563
whisker,VERB,22563
whiskers,VERB,22563
whisking,VERB,22563
whisks,VERB,22563
whisper,VERB,18240
whisper's,VERB,18240
whisper-,PRON,18240
whispered,VERB,18240
whisperer,VERB,18240
whisperers,VERB,18240
whispering,VERB,18240
whispers,VERB,18240
whistle,VERB,18241
whistle's,VERB,18241
whistle-,PRON,18241
whistled,VERB,18241
whistler,VERB,18241
whistlers,VERB,18241
whistles,VERB,18241
whistling,VERB,18241
white,NOUN,18242
white's,VERB,18242
white_of_egg,VERB,26302
whiteboard,VERB,12852
whiteboards,VERB,12852
whiteness,VERB,18242
whites,VERB,18242
who,NOUN,16482
who's,VERB,16482
whole,NOUN,12360
whole's,VERB,12360
wholeness,VERB,12360
wholes,VERB,12360
whom,NOUN,18245
whom-,NOUN,18244
whoops,OTHER,28083
whose,VERB,18248
whose-,NOUN,18248
whose_,NOUN,18246
why,VERB,18249
why's,VERB,18249
why-,NOUN,18249
wicket,VERB,21809
wicket's,VERB,21809
wickets,VERB,21809
wide,ADJ,18250
widely,VERB,18250
wideness,VERB,25634
wideness's,VERB,25634
wider,VERB,18250
widest,VERB,18250
wife,PREP,18251
wife's,VERB,18251
wifely,VERB,18251
wifi,VERB,24782
wifi_,VERB,24782
wiggle,PRON,18252
wiggle's,VERB,18252
wiggled,VERB,18252
wiggler,VERB,18252
wigglers,VERB,18252
wiggles,VERB,18252
wigglier,VERB,18253
wiggliest,VERB,18253
wiggling,VERB,18252
wiggly,ADJ,18253
wild_dog,VERB,18268
wild_strawberry,VERB,24336
wilderness,VERB,21351
wilderness's,VERB,21351
wildernesses,VERB,21351
wildflower,VERB,14370
wildflower's,VERB,14370
wildflowers,VERB,14370
wildlife_expedition,VERB,25162
will,VERB,24261
will's,VERB,24261
will-,PRON,24261
willed,VERB,24261
willing,ADJ,23860
willingly,VERB,23860
willingness,VERB,24804
willingness's,VERB,24804
wills,VERB,24261
win,VERB,18254
win's,VERB,18254
win-,PRON,18254
wind,VERB,18255
wind-,PRON,25398
wind_energy,VERB,25220
wind_farm,VERB,25220
wind_instrument,VERB,23981
wind_pipe,VERB,25505
wind_power,VERB,25220
wind_surfing,VERB,21885
wind_turbine,VERB,25394
wind_up,PRON,16690
winding,VERB,25398
windmill,VERB,25395
windmill's,VERB,25395
windmilled,VERB,25395
windmilling,VERB,25395
windmills,VERB,25395
window,VERB,18256
window's,VERB,18256
windowed,VERB,18256
windowing,VERB,18256
windows,VERB,18256
winds,VERB,25398
windsurf_board,VERB,21882
windsurfing_board,VERB,21882
wine,VERB,18258
wine's,VERB,18258
wined,VERB,18254
wineglass,VERB,21363
wineglass's,VERB,21363
wineglasses,VERB,21363
wines,VERB,18258
wing,VERB,18259
wing's,VERB,18259
winged,VERB,18259
winger,VERB,18259
wingers,VERB,18259
winging,VERB,18259
wings,VERB,8543
wining,VERB,18254
wink,PRON,18260
wink's,VERB,18260
winked,VERB,18260
winker,VERB,18260
winkers,VERB,18260
winking,VERB,18260
winks,VERB,18260
wins,VERB,18254
winter,VERB,18261
winter's,VERB,18261
winter_,VERB,18261
winter_clothing,VERB,17199
winter_day,VERB,25967
winter_house,VERB,25968
winter_sports,VERB,21630
wintered,VERB,18261
wintering,VERB,18261
winters,VERB,18261
wipe,PRON,18264
wipe's,VERB,18264
wiped,VERB,18264
wiper,VERB,18264
wipers,VERB,18264
wipes,VERB,18264
wiping,VERB,18264
wire,VERB,18265
wired,VERB,18265
wireless_connection,VERB,24782
wires,VERB,18265
wiring,VERB,18265
wish,PRON,18266
wish's,VERB,18266
wished,VERB,18266
wisher,VERB,18266
wishers,VERB,18266
wishes,VERB,18266
wishing,VERB,18266
witch,PREP,23712
witch's,VERB,23712
witched,VERB,23712
witches,VERB,23712
witching,VERB,23712
with,NOUN,18267
wither,VERB,29528
wither_-,ADJ,29528
withered,VERB,29528
withered_,ADJ,29529
withering,VERB,29528
witherings,VERB,29528
without,NOUN,15474
witness,PREP,23251
witness's,VERB,23251
witnessed,VERB,23251
witnesses,VERB,23251
witnessing,VERB,23251
wive,VERB,8543
wizard,PREP,23713
wizard's,VERB,23713
wizardly,VERB,23713
wizards,VERB,23713
woden,PREP,22650
wok,VERB,25635
wok's,VERB,25635
wok_pan,VERB,25635
woken,VERB,25635
woking,VERB,22582
woks,VERB,25635
wolf,VERB,18268
wolf's,VERB,18268
wolfed,VERB,18268
wolfing,VERB,18268
wolfs,VERB,18268
woman,PREP,18269
woman's,VERB,25636
woman_,VERB,25636
woman_doll,VERB,23714
woman_doll_,VERB,23714
womb,VERB,17994
womb's,VERB,17994
wombs,VERB,17994
wonder,VERB,25039
wonder's,VERB,25039
wondered,VERB,25039
wonderful,ADJ,24829
wonderfully,VERB,24829
wonderfulness,VERB,24829
wondering,VERB,25039
wonderment,VERB,25039
wonders,VERB,25039
wood,VERB,14386
wood's,VERB,14386
wood_destroying_insect,VERB,17524
wood_shredder,VERB,29107
wood_work,VERB,26137
woodcraft,VERB,24339
woodcraft's,VERB,24339
wooded,VERB,14386
wooden,VERB,14386
wooding,VERB,14386
woodpecker,VERB,25969
woodpecker's,VERB,25969
woodpeckers,VERB,25969
woods,VERB,14386
woods's,VERB,14386
woodwind_instrument,VERB,23985
woof,VERB,24020
woof's,VERB,24020
woof-,PRON,24020
woofed,VERB,24020
woofer,VERB,24020
woofers,VERB,24020
woofing,VERB,24020
woofs,VERB,24020
wool,VERB,18271
wool's,VERB,18271
wool_shop,VERB,29111
wool_store,VERB,29111
woolen,VERB,18271
woolens,VERB,18271
word,VERB,18272
wordbook,VERB,26153
wordbook's,VERB,26153
wordbooks,VERB,26153
worded,VERB,18272
wording,VERB,18272
wordplay,VERB,29334
wordplay's,VERB,29334
words,VERB,18272
work,VERB,18273
work-,PRON,18274
work_application,VERB,29048
work_day,VERB,25509
work_from_home,VERB,25828
work_from_home-,PRON,25828
work_interview,VERB,29108
work_method,VERB,25970
work_of_art,VERB,18275
work_out,VERB,14124
work_out-,PRON,14124
work_schedule,VERB,29109
work_table,VERB,13663
workbook,VERB,18276
workbook's,VERB,18276
workbooks,VERB,18276
worked,VERB,18274
worker,PREP,18277
worker's,VERB,18277
workers,VERB,18277
working,ADJ,25702
working_from_home,VERB,25829
working_uniform,VERB,25390
workings,VERB,18274
workplace,VERB,23252
workplace's,VERB,23252
workplaces,VERB,23252
works,VERB,18274
worksheet,VERB,23715
worksheet's,VERB,23715
worksheets,VERB,23715
worktable,VERB,13663
worktable's,VERB,13663
worktables,VERB,13663
world,VERB,13900
world's,VERB,13900
world-wide,ADJ,21380
worlds,VERB,13900
worm,VERB,18279
worm's,VERB,18279
wormed,VERB,18279
worming,VERB,18279
worms,VERB,18279
worn-out,ADJ,25221
worn_out,ADJ,27052
worn_out_,ADJ,23870
worried,PRON,29570
worriedly,VERB,29570
worrier,VERB,18281
worriers,VERB,18281
worries,VERB,18281
worry,VERB,18280
worry's,VERB,18281
worry-,PRON,18281
worrying,VERB,18281
worryings,VERB,18281
would,VERB,24264
would-,PRON,24264
woulds,VERB,24264
wound,VERB,17213
wound's,VERB,17213
wounded,VERB,17213
wounder,VERB,17213
wounding,VERB,17213
wounds,VERB,17213
wow,OTHER,18282
wow's,VERB,18282
wowed,VERB,18282
wowing,VERB,18282
wows,VERB,18282
wrap,PRON,25398
wrapping,VERB,27157
wrapping's,VERB,27157
wrappings,VERB,27157
wraps,VERB,25398
wreck,VERB,24966
wreck's,VERB,24966
wreckage,VERB,25399
wreckage's,VERB,25399
wreckage_,VERB,25399
wreckage__,VERB,24966
wrecked,VERB,24966
wrecker,VERB,24966
wreckers,VERB,24966
wrecking,VERB,24966
wrecks,VERB,24966
wrestling,VERB,18283
wrestling's,VERB,18283
wrestling_,VERB,18283
wrinkled,ADJ,29571
wrist,VERB,18284
wrist's,VERB,18284
wrist_splint,VERB,24340
wrists,VERB,18284
wristwatch,VERB,18044
wristwatch's,VERB,18044
wristwatches,VERB,18044
write,VERB,18285
write-,PRON,18285
writer,PREP,23716
writer's,VERB,23716
writes,VERB,18285
writing,VERB,23253
writing's,VERB,23253
writing_,VERB,23253
writing_board,VERB,12852
writing_book,VERB,15734
writing_difficulty,VERB,26338
written_record,VERB,23479
written_report,VERB,29110
wrong,ADJ,12615
wrong's,VERB,12615
wronged,VERB,12615
wronger,VERB,12615
wrongest,VERB,12615
wronging,VERB,12615
wrongly,VERB,12615
wrongness,VERB,12615
wrongs,VERB,12615
x,NOUN,8544
x-ray,VERB,26267
x-ray-,PRON,26268
x_,NOUN,8544
xylophone,VERB,23986
xylophone's,VERB,23986
xylophones,VERB,23986
y,NOUN,8545
y_,NOUN,8545
yacht,VERB,20520
yacht's,VERB,20520
yachted,VERB,20520
yachting,VERB,20520
yachts,VERB,20520
yahrzeit,VERB,18286
yam,VERB,17480
yam's,VERB,17480
yams,VERB,17480
yap,VERB,29415
yap's,VERB,29415
yap-,PRON,29415
yaps,VERB,29415
yard,VERB,18287
yard's,VERB,18287
yards,VERB,18287
yarmulke,VERB,17004
yarmulke's,VERB,17004
yarmulkes,VERB,17004
yarn,VERB,26339
yarn's,VERB,26339
yarn_shop,VERB,29111
yarn_store,VERB,29111
yarns,VERB,26339
yawn,VERB,18288
yawn's,VERB,18288
yawn-,PRON,18288
yawned,VERB,18288
yawner,VERB,18288
yawners,VERB,18288
yawning,VERB,18288
yawns,VERB,18288
year,VERB,18289
year's,VERB,18289
yearly,VERB,18289
yearn,VERB,25749
yearn-,PRON,25749
yearned,VERB,25749
yearning,VERB,25750
yearning's,VERB,25750
yearnings,VERB,25749
yearns,VERB,25749
years,VERB,18289
yeast,VERB,25830
yeast's,VERB,25830
yeasts,VERB,25830
yell,PRON,18290
yell's,VERB,18290
yelled,VERB,18290
yelling,VERB,18290
yellow,VERB,18291
yellow's,VERB,18291
yellow_,NOUN,18291
yellow_card,VERB,28084
yellowed,VERB,18291
yellower,VERB,18291
yellowest,VERB,18291
yellowing,VERB,18291
yellowness,VERB,18291
yellows,VERB,18291
yells,VERB,18290
yen,VERB,18293
yen's,VERB,18293
yens,VERB,18293
yes,VERB,18294
yes's,VERB,18294
yes-,OTHER,18294
yeses,VERB,18294
yesterday,VERB,18295
yesterday's,VERB,18295
yesterdays,VERB,18295
yoghurt,VERB,18296
yoghurt_,VERB,22357
yogurt,VERB,18296
yogurt's,VERB,18296
yogurts,VERB,18296
yolk,VERB,26303
yolk's,VERB,26303
yolked,VERB,26303
yolks,VERB,26303
yom_kippur,VERB,18297
you,PREP,18298
you're_welcome,OTHER,18466
you's,VERB,18298
you_are_welcome,OTHER,18466
young,ADJ,18467
young's,VERB,18467
young_animal,VERB,24525
younger,VERB,18467
youngest,VERB,18467
youngster,PREP,13166
youngster's,VERB,13166
youngsters,VERB,13166
your,PREP,18468
yours,VERB,18468
yours-,PREP,18468
yourself,PREP,18465
yourself-,PREP,18299
yourselves,VERB,18298
yourselves-,PREP,18298
yous,VERB,18298
youth,PREP,17516
youth's,VERB,17516
youth_club,VERB,23010
yuk,VERB,17963
yuk's,VERB,17963
yuk-,OTHER,17963
yuks,VERB,17963
yummier,VERB,22352
yummiest,VERB,22352
yummy,ADJ,22352
z,NOUN,8546
z_,NOUN,8546
zebra,VERB,18474
zebra's,VERB,18474
zebras,VERB,18474
zed,VERB,8546
zen,VERB,8546
zens,VERB,8546
zero,VERB,8496
zero's,VERB,8496
zero_,NOUN,8496
zeroed,VERB,8496
zeroing,VERB,8496
zeros,VERB,8496
zeroth,VERB,8496
zest,VERB,8546
zigzag,ADJ,25971
zigzag's,VERB,25971
zigzag_line,NOUN,25972
zigzags,VERB,25971
zing,VERB,8546
zings,VERB,8546
zipper,VERB,14155
zipper's,VERB,14155
zippered,VERB,14155
zippering,VERB,14155
zippers,VERB,14155
zither,VERB,23806
zither's,VERB,23806
zithers,VERB,23806
zombie,PREP,25222
zombie's,VERB,25222
zombies,VERB,25222
zoo,VERB,18475
zoo's,VERB,18475
zoologist,PREP,21566
zoologist's,VERB,21566
zoologists,VERB,21566
zoology,VERB,21549
zoology's,VERB,21549
zoos,VERB,18475
zucchini,VERB,27030
zucchini's,VERB,27030
zucchinis,VERB,27030
