lemma,pos,bci_av_id
24 stunden,VERB,23054
aal,VERB,13909
aale,VERB,13909
aalen,VERB,13909
aales,VERB,13909
aals,VERB,13909
ab,NOUN,25522
abbestellung,VERB,24883
abbiegen,VERB,25627
abbiegens,VERB,25627
abbiegung,VERB,25627
abbiegungen,VERB,25627
abblase,VERB,25044
abblasen,PRON,25044
abblasend,VERB,25044
abblasende,VERB,25044
abblasendem,VERB,25044
abblasenden,VERB,25044
abblasender,VERB,25044
abblasendes,VERB,25044
abblast,VERB,25044
abdruck,VERB,25327
abdruck-,VERB,25327
abdruck0,VERB,25327
abend,VERB,13950
abend vor allerheiligen,VERB,26007
abend vor schabbat,VERB,14113
abend-,VERB,13950
abend0,VERB,13950
abendbrot,VERB,17468
abendessen,VERB,17468
abendmahlskelch,VERB,21364
abenteuer,VERB,24601
abenteuer-,VERB,24601
abenteuer0,VERB,24601
abenteuerlich,ADJ,25007
abenteuerliche,VERB,25007
abenteuerlichem,VERB,25007
abenteuerlichen,VERB,25007
abenteuerlicher,VERB,25007
abenteuerlichere,VERB,25007
abenteuerlicherem,VERB,25007
abenteuerlicheren,VERB,25007
abenteuerlicherer,VERB,25007
abenteuerlicheres,VERB,25007
abenteuerliches,VERB,25007
abenteuerlichst,VERB,25007
abenteuerlichste,VERB,25007
abenteuerlichstem,VERB,25007
abenteuerlichsten,VERB,25007
abenteuerlichster,VERB,25007
abenteuerlichstes,VERB,25007
aber,NOUN,13094
abfahrtsski,VERB,21864
abfall,VERB,18043
abfall-,VERB,18043
abfall0,VERB,18043
abfalleimer,VERB,14421
abfeuere,VERB,23662
abfeuern,PRON,23662
abfeuernd,VERB,23662
abfeuernde,VERB,23662
abfeuerndem,VERB,23662
abfeuernden,VERB,23662
abfeuernder,VERB,23662
abfeuerndes,VERB,23662
abfeuerst,VERB,23662
abfeuert,VERB,23662
abfeuerte,VERB,23662
abfeuerten,VERB,23662
abfeuertest,VERB,23662
abfeuertet,VERB,23662
abfeure,VERB,23662
abflug,VERB,25187
abflug-,VERB,25187
abflug0,VERB,25187
abgabe,VERB,23230
abgabe-,VERB,23230
abgabe0,VERB,23230
abgelegenheit,VERB,24896
abgenutzt,ADJ,25221
abgenutzte,VERB,25221
abgenutztem,VERB,25221
abgenutzten,VERB,25221
abgenutzter,VERB,25221
abgenutztes,VERB,25221
abgerissen,ADJ,24968
abgerissene,VERB,24968
abgerissenem,VERB,24968
abgerissenen,VERB,24968
abgerissener,VERB,24968
abgerissenes,VERB,24968
abgeschlossen,ADJ,24844
abgeschlossene,VERB,24844
abgeschlossenem,VERB,24844
abgeschlossenen,VERB,24844
abgeschlossener,VERB,24844
abgeschlossenes,VERB,24844
abgrenzen,PRON,26014
abgrenzens,VERB,26014
abgrenzung,VERB,26014
abgrenzungen,VERB,26014
abheben,PRON,25186
abhebens,VERB,25186
abhebung,VERB,25187
abhebungen,VERB,25186
abhängigkeit,VERB,24404
abhängigkeiten,VERB,24404
ablecke,VERB,25905
ablecken,PRON,25905
ableckend,VERB,25905
ableckende,VERB,25905
ableckendem,VERB,25905
ableckenden,VERB,25905
ableckender,VERB,25905
ableckendes,VERB,25905
ableckst,VERB,25905
ableckt,VERB,25905
ableckte,VERB,25905
ableckten,VERB,25905
ablecktest,VERB,25905
ablecktet,VERB,25905
abmachung,VERB,12354
abmessen,PRON,15442
abmessens,VERB,15442
abmessung,VERB,15443
abmessungen,VERB,15442
abneigung,VERB,13691
abo-kanal,VERB,24708
abraham,PREP,21066
abrahams,VERB,21066
abreise,VERB,13658
abreise-,VERB,13658
abreise0,VERB,13658
abrupt,ADJ,17452
abrupte,VERB,17452
abruptem,VERB,17452
abrupten,VERB,17452
abrupter,VERB,17452
abruptere,VERB,17452
abrupterem,VERB,17452
abrupteren,VERB,17452
abrupterer,VERB,17452
abrupteres,VERB,17452
abruptes,VERB,17452
abruptest,VERB,17452
abrupteste,VERB,17452
abruptestem,VERB,17452
abruptesten,VERB,17452
abruptester,VERB,17452
abruptestes,VERB,17452
absatz,VERB,25455
absatz-,VERB,25455
absatz0,VERB,25455
abschalten,PRON,24299
abschaltens,VERB,24299
abschaltung,VERB,24299
abschaltungen,VERB,24299
abscheulich,ADJ,24886
abscheuliche,VERB,24886
abscheulichem,VERB,24886
abscheulichen,VERB,24886
abscheulicher,VERB,24886
abscheulichere,VERB,24886
abscheulicherem,VERB,24886
abscheulicheren,VERB,24886
abscheulicherer,VERB,24886
abscheulicheres,VERB,24886
abscheuliches,VERB,24886
abscheulichst,VERB,24886
abscheulichste,VERB,24886
abscheulichstem,VERB,24886
abscheulichsten,VERB,24886
abscheulichster,VERB,24886
abscheulichstes,VERB,24886
abschicke,VERB,15408
abschicken,PRON,15408
abschickend,VERB,15408
abschickende,VERB,15408
abschickendem,VERB,15408
abschickenden,VERB,15408
abschickender,VERB,15408
abschickendes,VERB,15408
abschickst,VERB,15408
abschickt,VERB,15408
abschickte,VERB,15408
abschickten,VERB,15408
abschicktest,VERB,15408
abschicktet,VERB,15408
abschirren,PRON,24323
abschlag,VERB,23068
abschlages,VERB,23068
abschlags,VERB,23068
abschließbar,VERB,14181
abschließbare,VERB,14181
abschließbarem,VERB,14181
abschließbaren,VERB,14181
abschließbarer,VERB,14181
abschließbares,VERB,14181
abschließe,VERB,14181
abschließen,PRON,14181
abschließend,VERB,14181
abschließende,VERB,14181
abschließendem,VERB,14181
abschließenden,VERB,14181
abschließender,VERB,14181
abschließendes,VERB,14181
abschließest,VERB,14181
abschließt,VERB,14181
abschneiden,PRON,22382
abschneidens,VERB,22382
abschneidung,VERB,22382
abschneidungen,VERB,22382
abschätzen,PRON,13947
abschätzens,VERB,13947
abschätzung,VERB,13947
abschätzungen,VERB,13947
abschütten,PRON,13872
abseile,VERB,22110
abseilen,VERB,22110
abseilend,VERB,22110
abseilende,VERB,22110
abseilendem,VERB,22110
abseilenden,VERB,22110
abseilender,VERB,22110
abseilendes,VERB,22110
abseilst,VERB,22110
abseilt,VERB,22110
abseilte,VERB,22110
abseilten,VERB,22110
abseiltest,VERB,22110
abseiltet,VERB,22110
absicht,VERB,16437
absichten,VERB,16437
absolution,VERB,21106
absorbierbar,VERB,13940
absorbierbare,VERB,13940
absorbierbarem,VERB,13940
absorbierbaren,VERB,13940
absorbierbarer,VERB,13940
absorbierbares,VERB,13940
absorbiere,VERB,13940
absorbieren,PRON,13940
absorbierend,VERB,13940
absorbierende,VERB,13940
absorbierendem,VERB,13940
absorbierenden,VERB,13940
absorbierender,VERB,13940
absorbierendes,VERB,13940
absorbierst,VERB,13940
absorbiert,VERB,13940
absorbierte,VERB,13940
absorbiertem,VERB,13940
absorbierten,VERB,13940
absorbierter,VERB,13940
absorbiertes,VERB,13940
absorbiertest,VERB,13940
absorbiertet,VERB,13940
absorptionsmaterial,VERB,12325
abspanne,VERB,24323
abspannen,PRON,24323
abspannend,VERB,24323
abspannende,VERB,24323
abspannendem,VERB,24323
abspannenden,VERB,24323
abspannender,VERB,24323
abspannendes,VERB,24323
abspannst,VERB,24323
abspannt,VERB,24323
abspannte,VERB,24323
abspannten,VERB,24323
abspanntest,VERB,24323
abspanntet,VERB,24323
abstand,VERB,23071
abstand-,VERB,23071
abstand0,VERB,23071
absteige,VERB,13660
absteigen,PRON,13660
absteigend,VERB,13660
absteigende,VERB,13660
absteigendem,VERB,13660
absteigenden,VERB,13660
absteigender,VERB,13660
absteigendes,VERB,13660
absteigst,VERB,13660
absteigt,VERB,13660
abstinenz,VERB,12326
abstoβ,VERB,24885
absturz,VERB,13440
absturz-,VERB,13440
absturz0,VERB,13440
abstürze,VERB,13436
abstürzen,PRON,13436
abstürzend,VERB,13436
abstürzende,VERB,13436
abstürzendem,VERB,13436
abstürzenden,VERB,13436
abstürzender,VERB,13436
abstürzendes,VERB,13436
abstürzest,VERB,13436
abstürzt,VERB,13436
abstürzte,VERB,13436
abstürzten,VERB,13436
abstürztest,VERB,13436
abstürztet,VERB,13436
abteilung,VERB,24625
abtreibung,VERB,12323
abtrennen,PRON,23471
abtrennens,VERB,23471
abtrennung,VERB,25548
abtrennungen,VERB,23471
abtropfbrett,VERB,24431
abwaschbar,VERB,23705
abwaschbare,VERB,23705
abwaschbarem,VERB,23705
abwaschbaren,VERB,23705
abwaschbarer,VERB,23705
abwaschbares,VERB,23705
abwasche,VERB,23705
abwaschen,VERB,23705
abwaschend,VERB,23705
abwaschende,VERB,23705
abwaschendem,VERB,23705
abwaschenden,VERB,23705
abwaschender,VERB,23705
abwaschendes,VERB,23705
abwascht,VERB,23705
abwechseln,PRON,25254
abwechselnd,ADJ,25255
abwechselns,VERB,25254
abwechselung,VERB,25254
abwechselungen,VERB,25254
abwechslung,VERB,25257
abwechslungen,VERB,25254
abwischbar,VERB,18264
abwischbare,VERB,18264
abwischbarem,VERB,18264
abwischbaren,VERB,18264
abwischbarer,VERB,18264
abwischbares,VERB,18264
abwische,VERB,18264
abwischen,PRON,18264
abwischend,VERB,18264
abwischende,VERB,18264
abwischendem,VERB,18264
abwischenden,VERB,18264
abwischender,VERB,18264
abwischendes,VERB,18264
abwischest,VERB,18264
abwischst,VERB,18264
abwischt,VERB,18264
abwischte,VERB,18264
abwischten,VERB,18264
abwischtest,VERB,18264
abwischtet,VERB,18264
abwärts,NOUN,13869
abwärts und rückwärts,NOUN,13870
abwärts und vorwärts,NOUN,13871
abwärts-,VERB,13869
abwärts0,VERB,13869
abzeichen,VERB,12616
abzeichen-,VERB,12616
abzeichen0,VERB,12616
abziehbar,VERB,17448
abziehbare,VERB,17448
abziehbarem,VERB,17448
abziehbaren,VERB,17448
abziehbarer,VERB,17448
abziehbares,VERB,17448
abziehe,VERB,17448
abziehen,PRON,17448
abziehend,VERB,17448
abziehende,VERB,17448
abziehendem,VERB,17448
abziehenden,VERB,17448
abziehender,VERB,17448
abziehendes,VERB,17448
abziehst,VERB,17448
abzieht,VERB,17448
accessoire,VERB,12328
accessoires,VERB,12328
acht,NOUN,8504
acht-,VERB,8504
acht0,VERB,8504
achte,VERB,8504
achtem,VERB,8504
achten,VERB,8504
achter,VERB,8504
achterschiff,VERB,22063
achtes,VERB,8504
achtung,VERB,12594
actionfigur,VERB,23528
adam,PREP,21063
adams,VERB,21063
adapter,VERB,24628
adapter-,VERB,24628
adapter0,VERB,24628
adar,VERB,12337
addiere,VERB,12338
addieren,PRON,12338
addierend,VERB,12338
addierende,VERB,12338
addierendem,VERB,12338
addierenden,VERB,12338
addierender,VERB,12338
addierendes,VERB,12338
addierst,VERB,12338
addiert,VERB,12338
addierte,VERB,12338
addiertem,VERB,12338
addierten,VERB,12338
addierter,VERB,12338
addiertes,VERB,12338
addiertest,VERB,12338
addiertet,VERB,12338
addition,VERB,12339
additionen,VERB,12339
adoleszenz,VERB,12340
adoptiere,VERB,25004
adoptieren,PRON,25004
adoptierend,VERB,25004
adoptierende,VERB,25004
adoptierendem,VERB,25004
adoptierenden,VERB,25004
adoptierender,VERB,25004
adoptierendes,VERB,25004
adoptierst,VERB,25004
adoptiert,VERB,25004
adoptierte,VERB,25004
adoptiertem,VERB,25004
adoptierten,VERB,25004
adoptierter,VERB,25004
adoptiertes,VERB,25004
adoptiertest,VERB,25004
adoptiertet,VERB,25004
adoption,VERB,25005
adoptionen,VERB,25005
adresse,VERB,23402
adressen,VERB,23402
advent,VERB,24004
adventes,VERB,24004
advents,VERB,24004
aegir,PREP,22821
affe,VERB,15485
affen,VERB,15485
afghanistan,VERB,25008
afghanistans,VERB,25008
afrika,VERB,22602
afrika-,VERB,22602
afrika0,VERB,22602
after,VERB,12396
after-,VERB,12396
after0,VERB,12396
agiere,VERB,23005
agieren,PRON,23005
agierend,VERB,23005
agierende,VERB,23005
agierendem,VERB,23005
agierenden,VERB,23005
agierender,VERB,23005
agierendes,VERB,23005
agierst,VERB,23005
agiert,VERB,23005
agierte,VERB,23005
agierten,VERB,23005
agiertest,VERB,23005
agiertet,VERB,23005
agnostizismus,VERB,24005
ahn,PREP,21325
ahnen,PRON,14127
ahnen-,VERB,14127
ahnen0,VERB,14127
ahnin,PREP,21326
ahornblatt,VERB,15422
ahornsirup,VERB,22338
ahornsiruparoma,VERB,22334
ahornsirupgeschmack,VERB,22334
aich auf etwas auswirken,PRON,24466
akkordeon,VERB,23802
akkordeons,VERB,23802
akne,VERB,12332
akrobat,PREP,24001
akrobaten,VERB,24001
akrobatik,VERB,24002
akrobatin,VERB,24001
akrobatinnen,VERB,24001
akte,VERB,23479
aktenklammer,VERB,25922
aktenmappe,VERB,23420
aktentasche,VERB,23420
aktion,VERB,12334
aktionen,VERB,12334
aktiv,ADJ,12336
aktiv-,VERB,12336
aktiv0,VERB,12336
aktive,VERB,12336
aktivem,VERB,12336
aktiven,VERB,12336
aktiver,VERB,12336
aktivere,VERB,12336
aktiverem,VERB,12336
aktiveren,VERB,12336
aktiverer,VERB,12336
aktiveres,VERB,12336
aktives,VERB,12336
aktivität,VERB,12335
aktivität unter wasser,VERB,25868
aktivitäten,VERB,12335
aktivitätszentrum,VERB,23008
aktivitätszuschuss,VERB,24430
aktivst,VERB,12336
aktivste,VERB,12336
aktivstem,VERB,12336
aktivsten,VERB,12336
aktivster,VERB,12336
aktivstes,VERB,12336
aktuell,ADJ,13624
aktuelle,VERB,13624
aktuellem,VERB,13624
aktuellen,VERB,13624
aktueller,VERB,13624
aktuellere,VERB,13624
aktuellerem,VERB,13624
aktuelleren,VERB,13624
aktuellerer,VERB,13624
aktuelleres,VERB,13624
aktuelles,VERB,13624
aktuellst,VERB,13624
aktuellste,VERB,13624
aktuellstem,VERB,13624
aktuellsten,VERB,13624
aktuellster,VERB,13624
aktuellstes,VERB,13624
akupunkteur,PREP,21605
akupunkteurin,PREP,21605
alarm,VERB,25253
alarm-,VERB,25253
alarm0,VERB,25253
alarmknopf,VERB,25253
alb,PREP,23483
alge,VERB,23658
algen,VERB,23658
alice im wunderland,PREP,25651
alkohol,VERB,25010
alkoholisches getränk,VERB,12359
alkoholismus,VERB,24405
alkoholmissbrauch,VERB,24406
allah,PREP,21035
allahs,VERB,21035
alle,NOUN,12360
allein,ADJ,12363
allein-,VERB,12363
allein0,VERB,12363
alleine,VERB,12363
allergie,VERB,24407
allergien,VERB,24407
alles,NOUN,12360
alles weg,NOUN,12361
allgemein,ADJ,14429
allgemein-,VERB,14429
allgemein0,VERB,14429
allgemeinarzt,PREP,21581
allgemeine,VERB,14429
allgemeinem,VERB,14429
allgemeinen,VERB,14429
allgemeiner,VERB,14429
allgemeinere,VERB,14429
allgemeinerem,VERB,14429
allgemeineren,VERB,14429
allgemeinerer,VERB,14429
allgemeineres,VERB,14429
allgemeines,VERB,14429
allgemeinmediziner,PREP,21581
allgemeinmedizinerin,PREP,21581
allgemeinst,VERB,14429
allgemeinste,VERB,14429
allgemeinstem,VERB,14429
allgemeinsten,VERB,14429
allgemeinster,VERB,14429
allgemeinstes,VERB,14429
allgemeinärztin,PREP,21581
alligator,VERB,12362
alligatoren,VERB,12362
alligators,VERB,12362
allmächtig,ADJ,21329
allmächtige,VERB,21329
allmächtigem,VERB,21329
allmächtigen,VERB,21329
allmächtiger,VERB,21329
allmächtiges,VERB,21329
allwissend,ADJ,21328
allwissende,VERB,21328
allwissendem,VERB,21328
allwissenden,VERB,21328
allwissender,VERB,21328
allwissendes,VERB,21328
alm,VERB,25915
alm-,VERB,25915
alm0,VERB,25915
almen,VERB,25915
almweide,VERB,25915
alpana,VERB,12365
alphabet,VERB,12366
alphabete,VERB,12366
alphabeten,VERB,12366
alphabetes,VERB,12366
alphabets,VERB,12366
alpweide,VERB,25915
als,NOUN,18234
alt,ADJ,15915
alt-,VERB,15915
alt0,VERB,15915
altar,VERB,21368
altar-,VERB,21368
altar0,VERB,21368
altardecke,VERB,21369
alte,VERB,15915
altem,VERB,15915
alten,VERB,15915
alter,VERB,25840
alterniere,VERB,25254
alternieren,PRON,25254
alternierend,VERB,25254
alternierende,VERB,25254
alternierendem,VERB,25254
alternierenden,VERB,25254
alternierender,VERB,25254
alternierendes,VERB,25254
alternierst,VERB,25254
alterniert,VERB,25254
alternierte,VERB,25254
alterniertem,VERB,25254
alternierten,VERB,25254
alternierter,VERB,25254
alterniertes,VERB,25254
alterniertest,VERB,25254
alterniertet,VERB,25254
alters,VERB,25840
altersrente,VERB,24493
altes,VERB,15915
altes testament,VERB,21070
altruismus,VERB,25652
altstimme,VERB,23803
alu-polsterschiene für den ellbogen,VERB,24091
am besten,ADJ,12667
am längsten,ADJ,15393
am meisten,ADJ,15661
am wenigsten,ADJ,15185
am ziel sein,ADJ,24017
ameise,VERB,12395
ameisen,VERB,12395
amen,OTHER,21312
amenorrhö,VERB,12370
amenorrhön,VERB,12370
amnesie,VERB,24899
amnesien,VERB,24899
amperemeter,VERB,25258
amphibie,VERB,12371
amphibien,VERB,12371
amplitude,VERB,25259
amplituden,VERB,25259
ampulle,VERB,21365
ampullen,VERB,21365
amsel,VERB,12851
amseln,VERB,12851
amtstracht,VERB,21370
amüsiere,VERB,12372
amüsieren,PRON,12372
amüsierend,VERB,12372
amüsierende,VERB,12372
amüsierendem,VERB,12372
amüsierenden,VERB,12372
amüsierender,VERB,12372
amüsierendes,VERB,12372
amüsierst,VERB,12372
amüsiert,VERB,12372
amüsierte,VERB,12372
amüsiertem,VERB,12372
amüsierten,VERB,12372
amüsierter,VERB,12372
amüsiertes,VERB,12372
amüsiertest,VERB,12372
amüsiertet,VERB,12372
an,NOUN,12591
an bord gehen,PRON,23487
an dem,NOUN,18236
an den weihnachtsmann,PREP,23647
an der reihe sein,VERB,17956
an land,ADJ,23404
an zweiter stelle,ADJ,16744
analverkehr,VERB,12373
ananas,VERB,16182
ananasse,VERB,16182
ananassen,VERB,16182
anarthrie,VERB,25588
anbaue,VERB,16459
anbauen,PRON,16459
anbauend,VERB,16459
anbauende,VERB,16459
anbauendem,VERB,16459
anbauenden,VERB,16459
anbauender,VERB,16459
anbauendes,VERB,16459
anbaust,VERB,16459
anbaut,VERB,16459
anbaute,VERB,16459
anbauten,VERB,16459
anbautest,VERB,16459
anbautet,VERB,16459
anbieten,PRON,22831
anbietens,VERB,22831
anbinden,PRON,24152
anbindens,VERB,24152
anbindevorrichtung mit stange,VERB,24911
anbindung,VERB,24152
anbindungen,VERB,24152
anbordgehen,VERB,25527
andauere,VERB,21319
andauern,PRON,21319
andauernd,ADJ,25765
andauernde,VERB,21319
andauerndem,VERB,21319
andauernden,VERB,21319
andauernder,VERB,21319
andauerndes,VERB,21319
andauerst,VERB,21319
andauert,VERB,21319
andauerte,VERB,21319
andauerten,VERB,21319
andauertest,VERB,21319
andauertet,VERB,21319
andaure,VERB,21319
andere,PREP,15938
anderem,VERB,15938
anderen,VERB,15938
anderer,PREP,15938
anderes,VERB,15938
anders,NOUN,13675
anemometer,VERB,23019
anfall,VERB,12593
anfalle,VERB,25262
anfallen,PRON,25262
anfallend,VERB,25262
anfallende,VERB,25262
anfallendem,VERB,25262
anfallenden,VERB,25262
anfallender,VERB,25262
anfallendes,VERB,25262
anfalles,VERB,12593
anfalls,VERB,12593
anfallt,VERB,25262
anfang,VERB,12658
anfange,VERB,12657
anfangen,PRON,12657
anfangend,VERB,12657
anfangende,VERB,12657
anfangendem,VERB,12657
anfangenden,VERB,12657
anfangender,VERB,12657
anfangendes,VERB,12657
anfanges,VERB,12658
anfangs,VERB,12658
anfangt,VERB,12657
anfasse,VERB,17761
anfassen,PRON,17761
anfassend,VERB,17761
anfassende,VERB,17761
anfassendem,VERB,17761
anfassenden,VERB,17761
anfassender,VERB,17761
anfassendes,VERB,17761
anfassest,VERB,17761
anfasst,VERB,17761
anfasste,VERB,17761
anfassten,VERB,17761
anfasstest,VERB,17761
anfasstet,VERB,17761
anfertigen,PRON,15410
anfertigens,VERB,15410
anfertigung,VERB,23583
anfertigungen,VERB,15410
anfeuern,PRON,25025
anfeuerns,VERB,25025
anfeuerung,VERB,25025
anfeuerungen,VERB,25025
anfälle,VERB,12593
anfällen,VERB,12593
anfänge,VERB,12658
anfängen,VERB,12658
anführen,PRON,15181
anführens,VERB,15181
anführung,VERB,15181
anführungen,VERB,15181
angebot,VERB,17455
angebote,VERB,17455
angeboten,VERB,17455
angebotes,VERB,17455
angebots,VERB,17455
angehängt,ADJ,23408
angehängte,VERB,23408
angehängtem,VERB,23408
angehängten,VERB,23408
angehängter,VERB,23408
angehängtes,VERB,23408
angekommen,ADJ,24017
angekommene,VERB,24017
angekommenem,VERB,24017
angekommenen,VERB,24017
angekommener,VERB,24017
angekommenes,VERB,24017
angel,VERB,14190
angele,VERB,14190
angelehnt,ADJ,25009
angelehnte,VERB,25009
angelehntem,VERB,25009
angelehnten,VERB,25009
angelehnter,VERB,25009
angelehntes,VERB,25009
angeln,PRON,14190
angelnd,VERB,14190
angelnde,VERB,14190
angelndem,VERB,14190
angelnden,VERB,14190
angelnder,VERB,14190
angelndes,VERB,14190
angelsport,VERB,22058
angelst,VERB,14190
angelt,VERB,14190
angelte,VERB,14190
angelten,VERB,14190
angeltest,VERB,14190
angeltet,VERB,14190
angenehm,ADJ,15717
angenehme,VERB,15717
angenehmem,VERB,15717
angenehmen,VERB,15717
angenehmer,VERB,15717
angenehmere,VERB,15717
angenehmerem,VERB,15717
angenehmeren,VERB,15717
angenehmerer,VERB,15717
angenehmeres,VERB,15717
angenehmes,VERB,15717
angenehmst,VERB,15717
angenehmste,VERB,15717
angenehmstem,VERB,15717
angenehmsten,VERB,15717
angenehmster,VERB,15717
angenehmstes,VERB,15717
angespannt,ADJ,23957
angespannte,VERB,23957
angespanntem,VERB,23957
angespannten,VERB,23957
angespannter,VERB,23957
angespanntere,VERB,23957
angespannterem,VERB,23957
angespannteren,VERB,23957
angespannterer,VERB,23957
angespannteres,VERB,23957
angespanntes,VERB,23957
angespanntest,VERB,23957
angespannteste,VERB,23957
angespanntestem,VERB,23957
angespanntesten,VERB,23957
angespanntester,VERB,23957
angespanntestes,VERB,23957
angesteckt,ADJ,24469
angesteckte,VERB,24469
angestecktem,VERB,24469
angesteckten,VERB,24469
angesteckter,VERB,24469
angestecktes,VERB,24469
angestellt,ADJ,25702
angestellte,PREP,13359
angestelltem,VERB,25702
angestellten,VERB,13359
angestellter,VERB,13359
angestelltes,VERB,25702
angestrengt,ADJ,23957
angestrengte,VERB,23957
angestrengtem,VERB,23957
angestrengten,VERB,23957
angestrengter,VERB,23957
angestrengtes,VERB,23957
angle,VERB,14190
angleichen,PRON,13943
angleichens,VERB,13943
angleichung,VERB,13943
angleichungen,VERB,13943
angreife,VERB,25262
angreifen,PRON,25262
angreifend,VERB,25262
angreifende,VERB,25262
angreifendem,VERB,25262
angreifenden,VERB,25262
angreifender,VERB,25262
angreifendes,VERB,25262
angreifst,VERB,25262
angreift,VERB,25262
angriff,VERB,12327
angriffe,VERB,12327
angriffen,VERB,12327
angriffest,VERB,12327
angriffst,VERB,12327
angrifft,VERB,12327
angst,VERB,12397
angsthase,PREP,23461
anhalte,VERB,17268
anhalten,PRON,17268
anhaltend,VERB,17268
anhaltende,VERB,17268
anhaltendem,VERB,17268
anhaltenden,VERB,17268
anhaltender,VERB,17268
anhaltendes,VERB,17268
anhaltet,VERB,17268
anhaltspunkt,VERB,23079
anhaltspunkte,VERB,23079
anhaltspunkten,VERB,23079
anhaltspunktes,VERB,23079
anhaltspunkts,VERB,23079
anhang,VERB,23409
anhanges,VERB,23409
anhangs,VERB,23409
anheben,PRON,15207
anhebens,VERB,15207
anhebung,VERB,15207
anhebungen,VERB,15207
anhefte,VERB,14448
anheften,PRON,14448
anheftend,VERB,14448
anheftende,VERB,14448
anheftendem,VERB,14448
anheftenden,VERB,14448
anheftender,VERB,14448
anheftendes,VERB,14448
anheftest,VERB,14448
anheftet,VERB,14448
anheftete,VERB,14448
anhefteten,VERB,14448
anheftetest,VERB,14448
anheftetet,VERB,14448
anhänge,VERB,23407
anhängen,PRON,23407
anhängend,VERB,23407
anhängende,VERB,23407
anhängendem,VERB,23407
anhängenden,VERB,23407
anhängender,VERB,23407
anhängendes,VERB,23407
anhänger,VERB,18028
anhänger-,VERB,18028
anhänger0,VERB,18028
anhängerin,PREP,24083
anhängerschaft,PREP,25183
anhängerschaften,VERB,25183
anhängerverein,VERB,24446
anhängevorrichtung,VERB,24911
anhängst,VERB,23407
anhängt,VERB,23407
anker,VERB,24604
anker-,VERB,24604
anker0,VERB,24604
ankere,VERB,24644
ankern,PRON,24644
ankernd,VERB,24644
ankernde,VERB,24644
ankerndem,VERB,24644
ankernden,VERB,24644
ankernder,VERB,24644
ankerndes,VERB,24644
ankerst,VERB,24644
ankert,VERB,24644
ankerte,VERB,24644
ankerten,VERB,24644
ankertest,VERB,24644
ankertet,VERB,24644
anklage,VERB,23001
anklage-,VERB,23001
anklage0,VERB,23001
anklagen,PRON,23004
anklagend,VERB,23004
anklagende,VERB,23004
anklagendem,VERB,23004
anklagenden,VERB,23004
anklagender,VERB,23004
anklagendes,VERB,23004
anklagst,VERB,23004
anklagt,VERB,23004
anklagte,VERB,23004
anklagten,VERB,23004
anklagtest,VERB,23004
anklagtet,VERB,23004
anklebe,VERB,14448
ankleben,PRON,14448
anklebend,VERB,14448
anklebende,VERB,14448
anklebendem,VERB,14448
anklebenden,VERB,14448
anklebender,VERB,14448
anklebendes,VERB,14448
anklebst,VERB,14448
anklebt,VERB,14448
anklebte,VERB,14448
anklebten,VERB,14448
anklebtest,VERB,14448
anklebtet,VERB,14448
ankleide,VERB,13877
ankleiden,PRON,13877
ankleidend,VERB,13877
ankleidende,VERB,13877
ankleidendem,VERB,13877
ankleidenden,VERB,13877
ankleidender,VERB,13877
ankleidendes,VERB,13877
ankleidest,VERB,13877
ankleidet,VERB,13877
ankleidete,VERB,13877
ankleideten,VERB,13877
ankleidetest,VERB,13877
ankleidetet,VERB,13877
anklopfe,VERB,25106
anklopfen,VERB,25106
anklopfend,VERB,25106
anklopfende,VERB,25106
anklopfendem,VERB,25106
anklopfenden,VERB,25106
anklopfender,VERB,25106
anklopfendes,VERB,25106
anklopfst,VERB,25106
anklopft,VERB,25106
anklopfte,VERB,25106
anklopften,VERB,25106
anklopftest,VERB,25106
anklopftet,VERB,25106
ankomme,VERB,17268
ankommen,PRON,17268
ankommend,VERB,17268
ankommende,VERB,17268
ankommendem,VERB,17268
ankommenden,VERB,17268
ankommender,VERB,17268
ankommendes,VERB,17268
ankommst,VERB,17268
ankommt,VERB,17268
ankre,VERB,24644
ankunft,VERB,13935
ankündigung,VERB,21338
anlegestelle,VERB,16174
anleine,VERB,24144
anleinen,PRON,24144
anleinst,VERB,24144
anleint,VERB,24144
anleinte,VERB,24144
anleinten,VERB,24144
anleintest,VERB,24144
anleintet,VERB,24144
annahme,VERB,24727
annahme-,VERB,24727
annahme0,VERB,24727
annehmbar,VERB,14651
annehmbare,VERB,14651
annehmbarem,VERB,14651
annehmbaren,VERB,14651
annehmbarer,VERB,14651
annehmbares,VERB,14651
annehme,VERB,14651
annehmen,PRON,14651
annehmend,VERB,14651
annehmende,VERB,14651
annehmendem,VERB,14651
annehmenden,VERB,14651
annehmender,VERB,14651
annehmendes,VERB,14651
annehmt,VERB,14651
annonce,VERB,12344
annoncen,VERB,12344
annulliert,ADJ,24968
annäherung,VERB,12407
anordnung,VERB,16697
anpflanzen,PRON,16459
anpflanzens,VERB,16459
anpflanzung,VERB,16459
anpflanzungen,VERB,16459
anrate,VERB,12346
anraten,PRON,12346
anratend,VERB,12346
anratende,VERB,12346
anratendem,VERB,12346
anratenden,VERB,12346
anratender,VERB,12346
anratendes,VERB,12346
anratet,VERB,12346
anregen,PRON,25739
anregens,VERB,25739
anregung,VERB,25739
anregungen,VERB,25739
anrempele,VERB,24423
anrempeln,PRON,24423
anrempelnd,VERB,24423
anrempelnde,VERB,24423
anrempelndem,VERB,24423
anrempelnden,VERB,24423
anrempelnder,VERB,24423
anrempelndes,VERB,24423
anrempelst,VERB,24423
anrempelt,VERB,24423
anrempelte,VERB,24423
anrempelten,VERB,24423
anrempeltest,VERB,24423
anrempeltet,VERB,24423
anremple,VERB,24423
anrufe,VERB,22904
anrufen,PRON,22904
anrufend,VERB,22904
anrufende,VERB,22904
anrufendem,VERB,22904
anrufenden,VERB,22904
anrufender,VERB,22904
anrufendes,VERB,22904
anrufst,VERB,22904
anruft,VERB,22904
ans,VERB,12591
ansatz,VERB,12407
ansatz-,VERB,12407
ansatz0,VERB,12407
anschalte,VERB,24300
anschalten,PRON,24300
anschaltend,VERB,24300
anschaltende,VERB,24300
anschaltendem,VERB,24300
anschaltenden,VERB,24300
anschaltender,VERB,24300
anschaltendes,VERB,24300
anschaltest,VERB,24300
anschaltet,VERB,24300
anschaltete,VERB,24300
anschalteten,VERB,24300
anschaltetest,VERB,24300
anschaltetet,VERB,24300
anschaulichkeit,VERB,24878
anschirre,VERB,24146
anschirren,PRON,24146
anschirrend,VERB,24146
anschirrende,VERB,24146
anschirrendem,VERB,24146
anschirrenden,VERB,24146
anschirrender,VERB,24146
anschirrendes,VERB,24146
anschirrst,VERB,24146
anschirrt,VERB,24146
anschirrte,VERB,24146
anschirrten,VERB,24146
anschirrtest,VERB,24146
anschirrtet,VERB,24146
anschlag,VERB,25261
anschlages,VERB,25261
anschlags,VERB,25261
anschluss,VERB,24713
anschluss-,VERB,24713
anschluss0,VERB,24713
anschläge,VERB,25261
anschlägen,VERB,25261
anschrift,VERB,24725
anschriften,VERB,24725
ansehen,PRON,18045
ansehens,VERB,18045
anspannen,PRON,24292
anspannens,VERB,24292
anspannung,VERB,24292
anspannungen,VERB,24292
anstecken,PRON,24468
ansteckend,ADJ,24471
ansteckens,VERB,24468
ansteckung,VERB,24470
ansteckungen,VERB,24468
anstehe,VERB,23896
anstehen,VERB,23896
anstehend,VERB,23896
anstehende,VERB,23896
anstehendem,VERB,23896
anstehenden,VERB,23896
anstehender,VERB,23896
anstehendes,VERB,23896
anstehst,VERB,23896
ansteht,VERB,23896
anstreiche,VERB,15957
anstreichen,PRON,15957
anstreichend,VERB,15957
anstreichende,VERB,15957
anstreichendem,VERB,15957
anstreichenden,VERB,15957
anstreichender,VERB,15957
anstreichendes,VERB,15957
anstreicher,PREP,15958
anstreicherin,VERB,15958
anstreicherinnen,VERB,15958
anstreichern,VERB,15958
anstreichers,VERB,15958
anstreichst,VERB,15957
anstreicht,VERB,15957
antarktis,VERB,22603
anteil,OTHER,15972
anteil-,VERB,15972
anteil0,VERB,15972
antenne,VERB,24602
antennen,VERB,24602
anthropologe,PREP,24840
anthropologen,VERB,24840
anthropologie,VERB,21548
anthropologin,PREP,24840
anthropologinnen,VERB,24840
anti-virus-programm,VERB,23403
antibabypille,VERB,12845
antiseptikum,VERB,25047
antiseptikums,VERB,25047
antwort,VERB,12393
antwort-,VERB,12393
antwort0,VERB,12393
antworte,VERB,12394
antworten,PRON,12394
antwortend,VERB,12394
antwortende,VERB,12394
antwortendem,VERB,12394
antwortenden,VERB,12394
antwortender,VERB,12394
antwortendes,VERB,12394
antwortest,VERB,12394
antwortet,VERB,12394
antwortete,VERB,12394
antworteten,VERB,12394
antwortetest,VERB,12394
antwortetet,VERB,12394
anus,VERB,12396
anwachse,VERB,14936
anwachsen,PRON,14936
anwachsend,VERB,14936
anwachsende,VERB,14936
anwachsendem,VERB,14936
anwachsenden,VERB,14936
anwachsender,VERB,14936
anwachsendes,VERB,14936
anwachst,VERB,14936
anwalt,PREP,13421
anwaltes,VERB,13421
anwalts,VERB,13421
anweisung,VERB,16697
anwendung,VERB,24847
anwältin,PREP,13421
anwältinnen,VERB,13421
anzahl,VERB,23050
anzahlung,VERB,23050
anzahlungen,VERB,23050
anzeige,VERB,12344
anzeige-,VERB,12344
anzeige0,VERB,12344
anziehen,PRON,13877
anziehens,VERB,13877
anziehung,VERB,13877
anziehungen,VERB,13877
anziehungskraft,VERB,25070
anzug,VERB,17456
anzug-,VERB,17456
anzug0,VERB,17456
apfel,VERB,12405
apfel-,VERB,12405
apfel0,VERB,12405
apfelsine,VERB,15933
apfelsinen,VERB,15933
apfelwein,VERB,22347
apostel,PREP,21059
apostel-,VERB,21059
apostel0,VERB,21059
apotheke,VERB,23072
apotheken,VERB,23072
apotheker,PREP,21562
apotheker-,VERB,21562
apotheker0,VERB,21562
apothekerin,PREP,21562
apothekerinnen,VERB,21562
apothekerinnen-,VERB,21562
app,VERB,23664
appartementhaus,VERB,23022
appendix,VERB,25430
appendixes,VERB,25430
applaudiere,VERB,25012
applaudieren,PRON,25012
applaudierend,VERB,25012
applaudierende,VERB,25012
applaudierendem,VERB,25012
applaudierenden,VERB,25012
applaudierender,VERB,25012
applaudierendes,VERB,25012
applaudierst,VERB,25012
applaudiert,VERB,25012
applaudierte,VERB,25012
applaudierten,VERB,25012
applaudiertest,VERB,25012
applaudiertet,VERB,25012
applaus,VERB,25013
applauses,VERB,25013
apps,VERB,23664
aprikose,VERB,12409
aprikosen,VERB,12409
april,VERB,12410
april-,VERB,12410
april0,VERB,12410
arabisch,VERB,25260
arabische,VERB,25260
arabischem,VERB,25260
arabischen,VERB,25260
arabischer,VERB,25260
arabisches,VERB,25260
arbeit,VERB,18273
arbeit von zuhause aus,VERB,25829
arbeite,VERB,18274
arbeiten,PRON,18274
arbeitend,VERB,18274
arbeitende,VERB,18274
arbeitendem,VERB,18274
arbeitenden,VERB,18274
arbeitender,VERB,18274
arbeitendes,VERB,18274
arbeiter,PREP,18277
arbeiter-,VERB,18277
arbeiter0,VERB,18277
arbeiterin,PREP,18277
arbeiterinnen,VERB,18277
arbeiterinnen-,VERB,18277
arbeitest,VERB,18274
arbeitet,VERB,18274
arbeitete,VERB,18274
arbeiteten,VERB,18274
arbeitetest,VERB,18274
arbeitetet,VERB,18274
arbeitnehmer,PREP,18277
arbeitnehmer-,VERB,18277
arbeitnehmer0,VERB,18277
arbeitnehmerin,PREP,18277
arbeitnehmerinnen,VERB,18277
arbeitnehmerinnen-,VERB,18277
arbeitsanzug,VERB,12411
arbeitsblatt,VERB,23715
arbeitsheft,VERB,18276
arbeitslos,ADJ,25823
arbeitslose,VERB,25823
arbeitslosem,VERB,25823
arbeitslosen,VERB,25823
arbeitsloser,VERB,25823
arbeitsloses,VERB,25823
arbeitslosigkeit,VERB,17975
arbeitsmethoden,VERB,25970
arbeitsplatz,VERB,18273
arbeitsraum,VERB,23252
arbeitsvermittlungsstelle,VERB,25745
arbeitsvermögen,VERB,23865
arbeitszimmer,VERB,23252
archipel,VERB,23023
archipele,VERB,23023
archipelen,VERB,23023
archipels,VERB,23023
architekt,PREP,12412
architekten,VERB,12412
architektin,PREP,12412
architektinnen,VERB,12412
archäologe,PREP,21570
archäologen,VERB,21570
archäologie,VERB,21554
archäologin,PREP,21570
archäologinnen,VERB,21570
areal,VERB,23024
areale,VERB,23024
arealen,VERB,23024
areals,VERB,23024
argumentieren,PRON,23061
argumentierens,VERB,23061
arithmetik,VERB,15432
arm,VERB,12577
arm-,VERB,12577
arm0,VERB,12577
armband,VERB,25433
armbanduhr,VERB,18044
armee,VERB,12579
armee-,VERB,12579
armee0,VERB,12579
armgurt,VERB,24142
armut,VERB,21306
aroma,VERB,22309
aromas,VERB,22309
aromat,VERB,14198
aromatherapeut,PREP,21603
aromatherpeutin,PREP,21603
aromatisch,ADJ,16506
aromatische,VERB,16506
aromatischem,VERB,16506
aromatischen,VERB,16506
aromatischer,VERB,16506
aromatischere,VERB,16506
aromatischerem,VERB,16506
aromatischeren,VERB,16506
aromatischerer,VERB,16506
aromatischeres,VERB,16506
aromatisches,VERB,16506
aromatischst,VERB,16506
aromatischste,VERB,16506
aromatischstem,VERB,16506
aromatischsten,VERB,16506
aromatischster,VERB,16506
aromatischstes,VERB,16506
arsch,VERB,13097
arsch-,VERB,13097
arsch0,VERB,13097
art,VERB,17961
art-,VERB,17961
art0,VERB,17961
artefakt,VERB,24803
artefakte,VERB,24803
artefakten,VERB,24803
artefaktes,VERB,24803
artefakts,VERB,24803
artillerie,VERB,25418
arznei,VERB,15448
arznei-,VERB,15448
arznei0,VERB,15448
arzneimittel,VERB,15448
arzt,PREP,13861
arzt-,VERB,13861
arzt0,VERB,13861
asche,VERB,12586
aschen,VERB,12586
aschenbahn,VERB,23690
aschenbecher,VERB,12587
asien,VERB,22604
asien-,VERB,22604
asien0,VERB,22604
assistent,PREP,14706
assistenten,VERB,14706
assistentin,PREP,14706
assistentinnen,VERB,14706
ast,VERB,12894
ast-,VERB,12894
ast0,VERB,12894
asteroid,VERB,25841
asteroiden,VERB,25841
asthma,VERB,24734
astrologe,PREP,22901
astrologen,VERB,22901
astrologie,VERB,22636
astrologin,PREP,22901
astrologinnen,VERB,22901
astronaut,PREP,12590
astronauten,VERB,12590
astronautin,VERB,12590
astronautinnen,VERB,12590
astronom,PREP,21560
astronomen,VERB,21560
astronomie,VERB,21542
astronomin,PREP,21560
astronominnen,VERB,21560
atem,VERB,12900
atem-,VERB,12900
atem0,VERB,12900
atemgerät,VERB,25409
atemmaske,VERB,25354
atemweg,VERB,25486
atemwegskrankheit,VERB,24734
atheismus,VERB,21301
atmen,PRON,12901
atmens,VERB,12901
atmosphäre,VERB,12356
atmosphären,VERB,12356
atmung,VERB,12901
atmungen,VERB,12901
atmungsloch,VERB,25497
atmungsorgane,VERB,25486
atmungssystem,VERB,25486
atmungsübungsgerät,VERB,24239
atom,VERB,12592
atom-,VERB,12592
atom0,VERB,12592
atomenergie,VERB,15738
atomkern,VERB,15741
attackier,VERB,25262
attackierbar,VERB,25262
attackierbare,VERB,25262
attackierbarem,VERB,25262
attackierbaren,VERB,25262
attackierbarer,VERB,25262
attackierbares,VERB,25262
attackiere,VERB,25262
attackieren,PRON,25262
attackierend,VERB,25262
attackierende,VERB,25262
attackierendem,VERB,25262
attackierenden,VERB,25262
attackierender,VERB,25262
attackierendes,VERB,25262
attackierst,VERB,25262
attackiert,VERB,25262
attackierte,VERB,25262
attackiertem,VERB,25262
attackierten,VERB,25262
attackierter,VERB,25262
attackiertes,VERB,25262
attackiertest,VERB,25262
attackiertet,VERB,25262
attraktiv,ADJ,12645
attraktive,VERB,12645
attraktivem,VERB,12645
attraktiven,VERB,12645
attraktiver,VERB,12645
attraktivere,VERB,12645
attraktiverem,VERB,12645
attraktiveren,VERB,12645
attraktiverer,VERB,12645
attraktiveres,VERB,12645
attraktives,VERB,12645
attraktivst,VERB,12645
attraktivste,VERB,12645
attraktivstem,VERB,12645
attraktivsten,VERB,12645
attraktivster,VERB,12645
attraktivstes,VERB,12645
aubergine,VERB,13913
auberginen,VERB,13913
auch,NOUN,12374
audiologe,PREP,21593
audiologin,PREP,21593
audition,VERB,25890
auditorium,VERB,24481
auditoriums,VERB,24481
auf,NOUN,15918
auf dem,NOUN,18236
auf dem pferd reiten,PRON,21835
auf der anderen seite,NOUN,12333
auf etwas reagieren,PRON,24500
auf und ab,NOUN,17984
auf wiedersehen,OTHER,14454
auf zehenspitzen gehen,PRON,17733
aufbewahren,PRON,15143
aufbewahrens,VERB,15143
aufbewahrung,VERB,15143
aufbewahrungen,VERB,15143
aufblasbar,VERB,25091
aufblasbare,VERB,25091
aufblasbarem,VERB,25091
aufblasbaren,VERB,25091
aufblasbarer,VERB,25091
aufblasbares,VERB,25091
aufblase,VERB,25091
aufblasen,PRON,25091
aufblasend,VERB,25091
aufblasende,VERB,25091
aufblasendem,VERB,25091
aufblasenden,VERB,25091
aufblasender,VERB,25091
aufblasendes,VERB,25091
aufblast,VERB,25091
aufbrause,VERB,24651
aufbrausen,PRON,24651
aufbrausend,VERB,24651
aufbrausende,VERB,24651
aufbrausendem,VERB,24651
aufbrausenden,VERB,24651
aufbrausender,VERB,24651
aufbrausendes,VERB,24651
aufbrausest,VERB,24651
aufbraust,VERB,24651
aufbrauste,VERB,24651
aufbrausten,VERB,24651
aufbraustest,VERB,24651
aufbraustet,VERB,24651
aufdruck,VERB,25327
aufdrucks,VERB,25327
auferstehung,VERB,21316
auferstehung von jesu christi,VERB,24242
auffangbar,VERB,13131
auffangbare,VERB,13131
auffangbarem,VERB,13131
auffangbaren,VERB,13131
auffangbarer,VERB,13131
auffangbares,VERB,13131
auffange,VERB,13131
auffangen,PRON,13131
auffangend,VERB,13131
auffangende,VERB,13131
auffangendem,VERB,13131
auffangenden,VERB,13131
auffangender,VERB,13131
auffangendes,VERB,13131
auffangt,VERB,13131
aufgebracht,ADJ,17985
aufgebrachte,VERB,17985
aufgebrachtem,VERB,17985
aufgebrachten,VERB,17985
aufgebrachter,VERB,17985
aufgebrachtes,VERB,17985
aufgeregt,ADJ,14119
aufgeregte,VERB,14119
aufgeregtem,VERB,14119
aufgeregten,VERB,14119
aufgeregter,VERB,14119
aufgeregtere,VERB,14119
aufgeregterem,VERB,14119
aufgeregteren,VERB,14119
aufgeregterer,VERB,14119
aufgeregteres,VERB,14119
aufgeregtes,VERB,14119
aufgeregtest,VERB,14119
aufgeregteste,VERB,14119
aufgeregtestem,VERB,14119
aufgeregtesten,VERB,14119
aufgeregtester,VERB,14119
aufgeregtestes,VERB,14119
aufheben,PRON,24709
aufhebens,VERB,24709
aufhebung,VERB,24709
aufhebungen,VERB,24709
aufhängen,PRON,14673
aufhängens,VERB,14673
aufhänger,VERB,14891
aufhängern,VERB,14891
aufhängers,VERB,14891
aufhängung,VERB,14673
aufhängungen,VERB,14673
aufhöre,VERB,17268
aufhören,PRON,17268
aufhörend,VERB,17268
aufhörende,VERB,17268
aufhörendem,VERB,17268
aufhörenden,VERB,17268
aufhörender,VERB,17268
aufhörendes,VERB,17268
aufhörst,VERB,17268
aufhört,VERB,17268
aufhörte,VERB,17268
aufhörten,VERB,17268
aufhörtest,VERB,17268
aufhörtet,VERB,17268
aufkeime,VERB,25946
aufkeimen,PRON,25946
aufkeimend,VERB,25946
aufkeimende,VERB,25946
aufkeimendem,VERB,25946
aufkeimenden,VERB,25946
aufkeimender,VERB,25946
aufkeimendes,VERB,25946
aufkeimst,VERB,25946
aufkeimt,VERB,25946
aufkeimte,VERB,25946
aufkeimten,VERB,25946
aufkeimtest,VERB,25946
aufkeimtet,VERB,25946
aufklärungs,VERB,25371
aufklärungs-,VERB,25371
aufklärungs0,VERB,25371
aufkommen,PRON,24651
aufkommens,VERB,24651
aufmachen,PRON,15922
aufmachens,VERB,15922
aufmachung,VERB,15922
aufmachungen,VERB,15922
aufmerksam,ADJ,13402
aufmerksame,VERB,13402
aufmerksamem,VERB,13402
aufmerksamen,VERB,13402
aufmerksamer,VERB,13402
aufmerksamere,VERB,13402
aufmerksamerem,VERB,13402
aufmerksameren,VERB,13402
aufmerksamerer,VERB,13402
aufmerksameres,VERB,13402
aufmerksames,VERB,13402
aufmerksamkeit,VERB,12594
aufmerksamkeiten,VERB,12594
aufmerksamst,VERB,13402
aufmerksamste,VERB,13402
aufmerksamstem,VERB,13402
aufmerksamsten,VERB,13402
aufmerksamster,VERB,13402
aufmerksamstes,VERB,13402
aufmunterung,VERB,25054
aufnahmeplatte,VERB,25601
aufpumpe,VERB,25147
aufpumpen,PRON,25147
aufpumpend,VERB,25147
aufpumpende,VERB,25147
aufpumpendem,VERB,25147
aufpumpenden,VERB,25147
aufpumpender,VERB,25147
aufpumpendes,VERB,25147
aufpumpst,VERB,25147
aufpumpt,VERB,25147
aufpumpte,VERB,25147
aufpumpten,VERB,25147
aufpumptest,VERB,25147
aufpumptet,VERB,25147
aufregend,ADJ,25192
aufregende,VERB,25192
aufregendem,VERB,25192
aufregenden,VERB,25192
aufregender,VERB,25192
aufregendere,VERB,25192
aufregenderem,VERB,25192
aufregenderen,VERB,25192
aufregenderer,VERB,25192
aufregenderes,VERB,25192
aufregendes,VERB,25192
aufregendst,VERB,25192
aufregendste,VERB,25192
aufregendstem,VERB,25192
aufregendsten,VERB,25192
aufregendster,VERB,25192
aufregendstes,VERB,25192
aufregung,VERB,14120
aufs,VERB,15918
aufspürer,PREP,25388
aufspürers,VERB,25388
aufsteige,VERB,16676
aufsteigen,PRON,16676
aufsteigend,VERB,16676
aufsteigend und absteigend,VERB,25401
aufsteigende,VERB,16676
aufsteigendem,VERB,16676
aufsteigenden,VERB,16676
aufsteigender,VERB,16676
aufsteigendes,VERB,16676
aufsteigst,VERB,16676
aufsteigt,VERB,16676
aufstoße,VERB,12925
aufstoßen,PRON,12925
aufstoßend,VERB,12925
aufstoßende,VERB,12925
aufstoßendem,VERB,12925
aufstoßenden,VERB,12925
aufstoßender,VERB,12925
aufstoßendes,VERB,12925
aufstoßt,VERB,12925
auftauen,PRON,17699
auftauens,VERB,17699
aufteilen,PRON,13694
aufteilens,VERB,13694
aufteilung,VERB,13694
aufteilungen,VERB,13694
auftraggeber,PREP,25682
auftraggeberin,PREP,25682
auftraggeberinnen,VERB,25682
auftraggebern,VERB,25682
auftraggebers,VERB,25682
auftrete,VERB,23609
auftreten,PRON,23609
auftretend,VERB,23609
auftretende,VERB,23609
auftretendem,VERB,23609
auftretenden,VERB,23609
auftretender,VERB,23609
auftretendes,VERB,23609
auftretet,VERB,23609
aufwache,VERB,23703
aufwachen,PRON,23703
aufwachend,VERB,23703
aufwachende,VERB,23703
aufwachendem,VERB,23703
aufwachenden,VERB,23703
aufwachender,VERB,23703
aufwachendes,VERB,23703
aufwachst,VERB,23703
aufwacht,VERB,23703
aufwachte,VERB,23703
aufwachten,VERB,23703
aufwachtest,VERB,23703
aufwachtet,VERB,23703
aufwärts,NOUN,17983
aufwärts-,VERB,17983
aufwärts0,VERB,17983
aufziehbar,VERB,16459
aufziehbare,VERB,16459
aufziehbarem,VERB,16459
aufziehbaren,VERB,16459
aufziehbarer,VERB,16459
aufziehbares,VERB,16459
aufziehe,VERB,16459
aufziehen,PRON,16459
aufziehend,VERB,16459
aufziehende,VERB,16459
aufziehendem,VERB,16459
aufziehenden,VERB,16459
aufziehender,VERB,16459
aufziehendes,VERB,16459
aufziehst,VERB,16459
aufzieht,VERB,16459
aufzug,VERB,13924
aufzug-,VERB,13924
aufzug0,VERB,13924
auge,VERB,14133
augenarzt,PREP,21578
augenbraue,VERB,14134
augenbrauenstift,VERB,14135
augenbrauenstifte,VERB,14135
augenbrauenstiften,VERB,14135
augenbrauenstifts,VERB,14135
augenlid,VERB,14136
augenärztin,PREP,21578
august,VERB,12595
august-,VERB,12595
august0,VERB,12595
aula,VERB,24481
aus,NOUN,15943
aus dem körper heraus,VERB,25590
ausbesserung,VERB,24898
ausbildung,VERB,13908
ausbleiben der regelblutung,VERB,12370
ausbreche,VERB,24651
ausbrechen,PRON,24651
ausbrechend,VERB,24651
ausbrechende,VERB,24651
ausbrechendem,VERB,24651
ausbrechenden,VERB,24651
ausbrechender,VERB,24651
ausbrechendes,VERB,24651
ausbrecht,VERB,24651
ausbreiten,PRON,21058
ausbreitens,VERB,21058
ausbreitung,VERB,24887
ausbreitungen,VERB,21058
ausdauer,VERB,21318
auseinandersetzen,PRON,12413
auseinandersetzens,VERB,12413
auseinandersetzung,VERB,12414
auseinandersetzungen,VERB,12413
ausflug,VERB,15945
ausfluges,VERB,15945
ausflugs,VERB,15945
ausflüge,VERB,15945
ausflügen,VERB,15945
ausfrage,VERB,21333
ausfragen,PRON,21333
ausfragend,VERB,21333
ausfragende,VERB,21333
ausfragendem,VERB,21333
ausfragenden,VERB,21333
ausfragender,VERB,21333
ausfragendes,VERB,21333
ausfragst,VERB,21333
ausfragt,VERB,21333
ausfragte,VERB,21333
ausfragten,VERB,21333
ausfragtest,VERB,21333
ausfragtet,VERB,21333
ausfuhr,VERB,23489
ausfuhr-,VERB,23489
ausfuhr0,VERB,23489
ausfuhren,VERB,23489
ausfuhrst,VERB,23489
ausfuhrt,VERB,23489
ausführung,VERB,12334
ausgebrannt,ADJ,23827
ausgebrannte,VERB,23827
ausgebranntem,VERB,23827
ausgebrannten,VERB,23827
ausgebrannter,VERB,23827
ausgebranntes,VERB,23827
ausgeführt,ADJ,23492
ausgeführte,VERB,23492
ausgeführtem,VERB,23492
ausgeführten,VERB,23492
ausgeführter,VERB,23492
ausgeführtes,VERB,23492
ausgelassene lustbarkeit,VERB,21287
ausgelöst,PRON,13136
ausgelöste,VERB,13136
ausgelöstem,VERB,13136
ausgelösten,VERB,13136
ausgelöster,VERB,13136
ausgelöstes,VERB,13136
ausgetreten,ADJ,25221
ausgetretene,VERB,25221
ausgetretenem,VERB,25221
ausgetretenen,VERB,25221
ausgetretener,VERB,25221
ausgetretenes,VERB,25221
ausgezeichnet,ADJ,21343
ausgezeichnete,VERB,21343
ausgezeichnetem,VERB,21343
ausgezeichneten,VERB,21343
ausgezeichneter,VERB,21343
ausgezeichnetes,VERB,21343
ausgrabung,VERB,25550
ausgräber,VERB,25707
ausgräberin,VERB,25707
ausgräberinnen,VERB,25707
ausgräbern,VERB,25707
ausgräbers,VERB,25707
auskenne,VERB,15161
auskennen,PRON,15161
auskennend,VERB,15161
auskennende,VERB,15161
auskennendem,VERB,15161
auskennenden,VERB,15161
auskennender,VERB,15161
auskennendes,VERB,15161
auskennst,VERB,15161
auskennt,VERB,15161
auskunft,VERB,23542
auskuriere,VERB,24077
auskurieren,PRON,24077
auskurierend,VERB,24077
auskurierende,VERB,24077
auskurierendem,VERB,24077
auskurierenden,VERB,24077
auskurierender,VERB,24077
auskurierendes,VERB,24077
auskurierst,VERB,24077
auskuriert,VERB,24077
auskurierte,VERB,24077
auskuriertem,VERB,24077
auskurierten,VERB,24077
auskurierter,VERB,24077
auskuriertes,VERB,24077
auskuriertest,VERB,24077
auskuriertet,VERB,24077
ausleere,VERB,13933
ausleeren,PRON,13933
ausleerend,VERB,13933
ausleerende,VERB,13933
ausleerendem,VERB,13933
ausleerenden,VERB,13933
ausleerender,VERB,13933
ausleerendes,VERB,13933
ausleerst,VERB,13933
ausleert,VERB,13933
ausleerte,VERB,13933
ausleerten,VERB,13933
ausleertest,VERB,13933
ausleertet,VERB,13933
ausleihen,PRON,15192
ausleihens,VERB,15192
ausleihung,VERB,15192
ausleihungen,VERB,15192
auslesen,PRON,23490
auslesens,VERB,23490
auslesung,VERB,23490
auslesungen,VERB,23490
ausländisch,ADJ,24118
ausländische,VERB,24118
ausländischem,VERB,24118
ausländischen,VERB,24118
ausländischer,VERB,24118
ausländisches,VERB,24118
auslöschen,PRON,13665
auslöschens,VERB,13665
auslöschung,VERB,13665
auslöschungen,VERB,13665
auslösen,PRON,13135
auslösens,VERB,13135
auslösung,VERB,13135
auslösungen,VERB,13135
ausradiert,ADJ,24968
ausrechnen,PRON,13107
ausrechnens,VERB,13107
ausrechnung,VERB,13107
ausrechnungen,VERB,13107
ausrufen,PRON,21337
ausrufens,VERB,21337
ausrufezeichen,NOUN,8483
ausrufezeichens,VERB,8483
ausrufung,VERB,21337
ausrufungen,VERB,21337
ausruhe,VERB,16496
ausruhen,PRON,16496
ausruhend,VERB,16496
ausruhende,VERB,16496
ausruhendem,VERB,16496
ausruhenden,VERB,16496
ausruhender,VERB,16496
ausruhendes,VERB,16496
ausruhst,VERB,16496
ausruht,VERB,16496
ausruhte,VERB,16496
ausruhten,VERB,16496
ausruhtest,VERB,16496
ausruhtet,VERB,16496
ausrüstung,VERB,25875
aussage,VERB,23221
aussage-,VERB,23221
aussage0,VERB,23221
aussagen,PRON,23235
aussagend,VERB,23235
aussagende,VERB,23235
aussagendem,VERB,23235
aussagenden,VERB,23235
aussagender,VERB,23235
aussagendes,VERB,23235
aussagst,VERB,23235
aussagt,VERB,23235
aussagte,VERB,23235
aussagten,VERB,23235
aussagtest,VERB,23235
aussagtet,VERB,23235
ausschalten,PRON,24299
ausschaltens,VERB,24299
ausschaltung,VERB,24299
ausschaltungen,VERB,24299
ausschiffung,VERB,25544
ausschlag,VERB,24232
ausschlags,VERB,24232
ausschließe,VERB,14121
ausschließen,PRON,14121
ausschließend,VERB,14121
ausschließende,VERB,14121
ausschließendem,VERB,14121
ausschließenden,VERB,14121
ausschließender,VERB,14121
ausschließendes,VERB,14121
ausschließest,VERB,14121
ausschließt,VERB,14121
ausschläge,VERB,24232
ausschlägen,VERB,24232
ausschneide,VERB,13628
ausschneiden,PRON,13628
ausschneiden und einfügen,PRON,23465
ausschneidend,VERB,13628
ausschneidende,VERB,13628
ausschneidendem,VERB,13628
ausschneidenden,VERB,13628
ausschneidender,VERB,13628
ausschneidendes,VERB,13628
ausschneidest,VERB,13628
ausschneidet,VERB,13628
ausschütten,PRON,13933
ausschüttens,VERB,13933
ausschüttung,VERB,13933
ausschüttungen,VERB,13933
aussichtsturm,VERB,23245
aussteige,VERB,23478
aussteigen,PRON,23478
aussteigend,VERB,23478
aussteigende,VERB,23478
aussteigendem,VERB,23478
aussteigenden,VERB,23478
aussteigender,VERB,23478
aussteigendes,VERB,23478
aussteigst,VERB,23478
aussteigt,VERB,23478
ausstellungshalle,VERB,16970
ausstrahlung,VERB,24210
ausstreiche,VERB,13665
ausstreichen,PRON,13665
ausstreichend,VERB,13665
ausstreichende,VERB,13665
ausstreichendem,VERB,13665
ausstreichenden,VERB,13665
ausstreichender,VERB,13665
ausstreichendes,VERB,13665
ausstreichst,VERB,13665
ausstreicht,VERB,13665
ausstreue,VERB,21058
ausstreuen,PRON,21058
ausstreuend,VERB,21058
ausstreuende,VERB,21058
ausstreuendem,VERB,21058
ausstreuenden,VERB,21058
ausstreuender,VERB,21058
ausstreuendes,VERB,21058
ausstreust,VERB,21058
ausstreut,VERB,21058
ausstreute,VERB,21058
ausstreuten,VERB,21058
ausstreutest,VERB,21058
ausstreutet,VERB,21058
austausch,VERB,25555
austausch-,VERB,25555
austausch0,VERB,25555
austauschbar,VERB,14118
austauschbare,VERB,14118
austauschbarem,VERB,14118
austauschbaren,VERB,14118
austauschbarer,VERB,14118
austauschbares,VERB,14118
austausche,VERB,14118
austauschen,PRON,14118
austauschend,VERB,14118
austauschende,VERB,14118
austauschendem,VERB,14118
austauschenden,VERB,14118
austauschender,VERB,14118
austauschendes,VERB,14118
austauscher,VERB,24653
austauschern,VERB,24653
austauschers,VERB,24653
austauschest,VERB,14118
austauschst,VERB,14118
austauscht,VERB,14118
austauschte,VERB,14118
austauschten,VERB,14118
austauschtest,VERB,14118
austauschtet,VERB,14118
auster,VERB,15952
austern,VERB,15952
australien,VERB,22605
australiens,VERB,22605
auswahl,VERB,13175
ausweis,VERB,25088
ausweis-,VERB,25088
ausweis0,VERB,25088
ausweitung,VERB,25630
auswertung,VERB,25554
auswählbar,VERB,13178
auswählbare,VERB,13178
auswählbarem,VERB,13178
auswählbaren,VERB,13178
auswählbarer,VERB,13178
auswählbares,VERB,13178
auswähle,VERB,13178
auswählen,PRON,13178
auswählend,VERB,13178
auswählende,VERB,13178
auswählendem,VERB,13178
auswählenden,VERB,13178
auswählender,VERB,13178
auswählendes,VERB,13178
auswählst,VERB,13178
auswählt,VERB,13178
auswählte,VERB,13178
auswählten,VERB,13178
auswähltest,VERB,13178
auswähltet,VERB,13178
auszahlung,VERB,24489
auszeichnung,VERB,25773
auszug,VERB,25179
auszuges,VERB,25179
auszugs,VERB,25179
auszüge,VERB,25179
auszügen,VERB,25179
auto,VERB,13121
auto-,VERB,13121
auto0,VERB,13121
autoaggressiv,ADJ,22916
autoaggressive,VERB,22916
autoaggressivem,VERB,22916
autoaggressiven,VERB,22916
autoaggressiver,VERB,22916
autoaggressives,VERB,22916
autoreifen,VERB,17734
autorennbahn,VERB,23430
autorennen,VERB,21829
autounfall,VERB,13438
außen,NOUN,15942
außen-,VERB,15942
außen0,VERB,15942
außer,NOUN,13094
außer wenn,NOUN,17981
außerhalb,NOUN,15942
avanciere,VERB,25954
avancieren,PRON,25954
avancierend,VERB,25954
avancierende,VERB,25954
avancierendem,VERB,25954
avancierenden,VERB,25954
avancierender,VERB,25954
avancierendes,VERB,25954
avancierst,VERB,25954
avanciert,VERB,25954
avancierte,VERB,25954
avanciertem,VERB,25954
avancierten,VERB,25954
avancierter,VERB,25954
avanciertes,VERB,25954
avanciertest,VERB,25954
avanciertet,VERB,25954
avocado,VERB,12600
avocados,VERB,12600
aw,VERB,12599
baby,PREP,12603
baby-,VERB,12603
baby0,VERB,12603
babybrustgeschirr,VERB,24058
babyflasche,VERB,24409
babyklinik,VERB,12606
babypuder,VERB,17500
babyrassel,VERB,23935
babysitter,PREP,12608
babysitterin,VERB,12608
babysitterinnen,VERB,12608
babysittern,VERB,12608
babysitters,VERB,12608
babytrage,VERB,24058
babytragetasche,VERB,13126
bach,VERB,16677
bach-,VERB,16677
bach0,VERB,16677
back,VERB,12619
backblech,VERB,22575
backbord,VERB,24712
backbords,VERB,24712
backe,VERB,12619
backen,PRON,12619
backen-,VERB,12619
backen0,VERB,12619
backend,VERB,12619
backende,VERB,12619
backendem,VERB,12619
backenden,VERB,12619
backender,VERB,12619
backendes,VERB,12619
backpflaume,VERB,16424
backpulver,VERB,25656
backst,VERB,12619
backt,VERB,12619
backte,VERB,12619
backteig,VERB,22379
backten,VERB,12619
backtest,VERB,12619
backtet,VERB,12619
bad,VERB,12637
badeanzug,VERB,17484
badehose,VERB,17484
badeleiter,VERB,24612
bademantel,VERB,13879
baderegeln,VERB,25847
bades,VERB,12637
badesachen,VERB,17484
badewanne,VERB,24809
badezimmer,VERB,12637
badminton,VERB,12617
bads,VERB,12637
bagel,VERB,22125
baguette,VERB,25655
baguettes,VERB,25655
bahnhof,VERB,24284
bahnsteig,VERB,16198
bakterie,VERB,24411
bakterielle infektion,VERB,24410
bakterien,VERB,24411
balancieren,PRON,25844
balancierens,VERB,25844
balancierung,VERB,25844
balancierungen,VERB,25844
bald,ADJ,17212
balder,PREP,22817
balkon,VERB,12620
balkon-,VERB,12620
balkon0,VERB,12620
ball,VERB,12621
ball-,VERB,12621
ball0,VERB,12621
ballbecken,VERB,23413
ballett,VERB,23414
ballett-,VERB,23414
ballett0,VERB,23414
ballon,VERB,12622
ballon-,VERB,12622
ballon0,VERB,12622
ballonfahren,VERB,22108
ballonluftfahrt,VERB,22108
ballspielfeld,VERB,25524
ballsportart,VERB,21625
ballsportarten mit schläger,VERB,26030
bambus,NOUN,25931
bambusrohr,NOUN,25931
bambusrohre,VERB,25931
bambusrohren,VERB,25931
bambusrohres,VERB,25931
bambusrohrs,VERB,25931
banane,VERB,12623
bananen,VERB,12623
band,PREP,12624
band-,VERB,12624
band0,VERB,12624
bandage,VERB,12625
bandagen,VERB,12625
banden,VERB,12624
bandest,VERB,12624
bandet,VERB,12624
bandit,PREP,25017
banditen,VERB,25017
bandst,VERB,12624
bandy,VERB,21042
bandyschläger,VERB,25618
bangladesch,VERB,24607
bangladeschs,VERB,24607
banjo,VERB,23808
banjos,VERB,23808
bank,VERB,12626
bank-,VERB,12626
bank0,VERB,12626
banknote,VERB,23604
bar,VERB,12627
bar mitzvah,VERB,21112
bar-,VERB,12627
bar0,VERB,12627
barmherzigkeit,VERB,21305
barometer,VERB,23028
barometer-,VERB,23028
barometer0,VERB,23028
barsch,VERB,25355
barsche,VERB,25355
barschen,VERB,25355
barsches,VERB,25355
barschs,VERB,25355
bart,VERB,12644
bart-,VERB,12644
bart0,VERB,12644
basar,VERB,25018
basare,VERB,25018
basaren,VERB,25018
basars,VERB,25018
baseball,VERB,12632
baseballschläger,VERB,12635
basis,VERB,12881
basislager,VERB,12633
basketball,VERB,12634
basketball-,VERB,12634
basketball0,VERB,12634
bass,VERB,23809
bass-,VERB,23809
bass0,VERB,23809
bassfagott,VERB,23850
bassgitarre,VERB,23811
bassinstrument,VERB,23823
bassklarinette,VERB,23810
bastel,VERB,25722
bastelarbeit,VERB,13431
bastele,VERB,25722
bastelei,VERB,13431
basteleien,VERB,13431
basteln,PRON,25722
bastelnd,VERB,25722
bastelnde,VERB,25722
bastelndem,VERB,25722
bastelnden,VERB,25722
bastelnder,VERB,25722
bastelndes,VERB,25722
bastelst,VERB,25722
bastelt,VERB,25722
bastelte,VERB,25722
bastelten,VERB,25722
basteltest,VERB,25722
basteltet,VERB,25722
bastle,VERB,25722
bat mitzvah,VERB,21111
batman,VERB,25263
batterie,VERB,12638
batterie-,VERB,12638
batterie0,VERB,12638
bauch,VERB,17265
bauch-,VERB,17265
bauch0,VERB,17265
bauchnabel,VERB,24198
bauchspeicheldrüse,VERB,25481
bauen,PRON,24877
bauens,VERB,24877
bauer,PREP,14152
bauern,VERB,14152
bauernhaus,VERB,25714
bauernhof,VERB,14151
bauers,VERB,14152
bauingenieur,PREP,23441
bauingenieurin,PREP,23441
baum,VERB,17775
baum-,VERB,17775
baum0,VERB,17775
baumrinde,VERB,22311
baumsirup,VERB,22337
baumstamm,VERB,17783
baumwolle,VERB,23048
baumwollgewebe,VERB,23049
baumwollstoff,VERB,23049
baustein,VERB,23454
bazar,VERB,25018
bazare,VERB,25018
bazaren,VERB,25018
bazars,VERB,25018
beamen,PRON,16956
beamte,PREP,13359
beamten,VERB,13359
beamter,VERB,13359
beamtin,PREP,13359
beamtinnen,VERB,13359
beatmungsgerät,VERB,25409
bechen,PRON,12896
becher,VERB,13621
becher-,VERB,13621
becher0,VERB,13621
becken,VERB,23842
becken-,VERB,23842
becken0,VERB,23842
bedachtsamkeit,VERB,24880
bedanke,VERB,17532
bedanken,PRON,17532
bedankend,VERB,17532
bedankende,VERB,17532
bedankendem,VERB,17532
bedankenden,VERB,17532
bedankender,VERB,17532
bedankendes,VERB,17532
bedankst,VERB,17532
bedankt,VERB,17532
bedankte,VERB,17532
bedankten,VERB,17532
bedanktest,VERB,17532
bedanktet,VERB,17532
bedarf,VERB,15701
bedarfe,VERB,15701
bedarfen,VERB,15701
bedarfes,VERB,15701
bedarfs,VERB,15701
bedauer,VERB,16477
bedauere,VERB,16477
bedauern,PRON,16477
bedauernd,VERB,16477
bedauernde,VERB,16477
bedauerndem,VERB,16477
bedauernden,VERB,16477
bedauernder,VERB,16477
bedauerndes,VERB,16477
bedauerst,VERB,16477
bedauert,VERB,16477
bedauerte,VERB,16477
bedauertem,VERB,16477
bedauerten,VERB,16477
bedauerter,VERB,16477
bedauertes,VERB,16477
bedauertest,VERB,16477
bedauertet,VERB,16477
bedaure,VERB,16477
bedeckt,ADJ,25856
bedeckte,VERB,25856
bedecktem,VERB,25856
bedeckten,VERB,25856
bedeckter,VERB,25856
bedecktes,VERB,25856
bedenken,VERB,22911
bedeuten,PRON,15440
bedeutens,VERB,15440
bedeutung,VERB,15441
bedeutungen,VERB,15440
bedienung,PREP,24777
bedrängnis,VERB,25545
bedrängnisse,VERB,25545
bedrängnissen,VERB,25545
bedürfnis,VERB,15701
bedürfnis-,VERB,15701
bedürfnis0,VERB,15701
bedürftige person,VERB,15701
bedürftigkeit,VERB,21306
beeile,VERB,24167
beeilen,PRON,24167
beeilend,VERB,24167
beeilende,VERB,24167
beeilendem,VERB,24167
beeilenden,VERB,24167
beeilender,VERB,24167
beeilendes,VERB,24167
beeilst,VERB,24167
beeilt,VERB,24167
beeilte,VERB,24167
beeilten,VERB,24167
beeiltest,VERB,24167
beeiltet,VERB,24167
beeinflussen,PRON,25736
beeinflussens,VERB,25736
beeinflusst,ADJ,25737
beeinflussung,VERB,25736
beeinflussungen,VERB,25736
beenden,PRON,14181
beendens,VERB,14181
beendung,VERB,14181
beendungen,VERB,14181
beerdigen,PRON,12926
beerdigens,VERB,12926
beerdigung,VERB,20577
beerdigungen,VERB,12926
beere,VERB,12666
beeren,VERB,12666
befehle,VERB,21335
befehlen,PRON,21335
befehlend,VERB,21335
befehlende,VERB,21335
befehlendem,VERB,21335
befehlenden,VERB,21335
befehlender,VERB,21335
befehlendes,VERB,21335
befehlt,VERB,21335
befestigen,PRON,14154
befestigens,VERB,14154
befestigung,VERB,14154
befestigungen,VERB,14154
befragen,PRON,21333
befragens,VERB,21333
befrager,PREP,21374
befragerin,VERB,21374
befragerinnen,VERB,21374
befragern,VERB,21374
befragers,VERB,21374
befragung,VERB,21333
befragungen,VERB,21333
befreien,PRON,25781
befreiens,VERB,25781
befreiung,VERB,24179
befreiungen,VERB,25781
befriedigung,VERB,16721
befruchtet,ADJ,24110
befruchtung,VERB,13395
befähigen,PRON,24648
befähigens,VERB,24648
befähigung,VERB,24648
befähigungen,VERB,24648
befühle,VERB,17761
befühlen,PRON,17761
befühlend,VERB,17761
befühlende,VERB,17761
befühlendem,VERB,17761
befühlenden,VERB,17761
befühlender,VERB,17761
befühlendes,VERB,17761
befühlst,VERB,17761
befühlt,VERB,17761
befühlte,VERB,17761
befühlten,VERB,17761
befühltest,VERB,17761
befühltet,VERB,17761
befürchten,PRON,14159
befürchtens,VERB,14159
befürchtung,VERB,14159
befürchtungen,VERB,14159
befürworten,PRON,23013
befürwortens,VERB,23013
befürwortung,VERB,23173
befürwortungen,VERB,23013
begegnen,PRON,15449
begegnens,VERB,15449
begegnung,VERB,25583
begegnungen,VERB,15449
begehren,PRON,18035
begehrens,VERB,18035
begehrenswert,ADJ,13662
begehrenswerte,VERB,13662
begehrenswertem,VERB,13662
begehrenswerten,VERB,13662
begehrenswerter,VERB,13662
begehrenswertere,VERB,13662
begehrenswerterem,VERB,13662
begehrenswerteren,VERB,13662
begehrenswerterer,VERB,13662
begehrenswerteres,VERB,13662
begehrenswertes,VERB,13662
begehrenswertest,VERB,13662
begehrenswerteste,VERB,13662
begehrenswertestem,VERB,13662
begehrenswertesten,VERB,13662
begehrenswertester,VERB,13662
begehrenswertestes,VERB,13662
begeistern,PRON,25739
begeisterns,VERB,25739
begeisterung,VERB,25739
begeisterungen,VERB,25739
begierig,ADJ,23860
begierige,VERB,23860
begierigem,VERB,23860
begierigen,VERB,23860
begieriger,VERB,23860
begieriges,VERB,23860
beginn,VERB,12658
beginne,VERB,12657
beginnen,PRON,12657
beginnend,VERB,12657
beginnende,VERB,12657
beginnendem,VERB,12657
beginnenden,VERB,12657
beginnender,VERB,12657
beginnendes,VERB,12657
beginns,VERB,12658
beginnst,VERB,12657
beginnt,VERB,12657
beglückwünsche,VERB,15437
beglückwünschen,PRON,15437
beglückwünschend,VERB,15437
beglückwünschende,VERB,15437
beglückwünschendem,VERB,15437
beglückwünschenden,VERB,15437
beglückwünschender,VERB,15437
beglückwünschendes,VERB,15437
beglückwünschest,VERB,15437
beglückwünschst,VERB,15437
beglückwünscht,VERB,15437
beglückwünschte,VERB,15437
beglückwünschtem,VERB,15437
beglückwünschten,VERB,15437
beglückwünschter,VERB,15437
beglückwünschtes,VERB,15437
beglückwünschtest,VERB,15437
beglückwünschtet,VERB,15437
begrenzen,PRON,26014
begrenzens,VERB,26014
begrenzt,ADJ,26015
begrenzte,VERB,26015
begrenzte zeit,VERB,15212
begrenztem,VERB,26015
begrenzten,VERB,26015
begrenzter,VERB,26015
begrenztes,VERB,26015
begrenzung,VERB,15213
begrenzungen,VERB,26014
begräbnis,VERB,20577
begräbnis-,VERB,20577
begräbnis0,VERB,20577
begräbnisfeier,VERB,20577
begünstigen,PRON,17469
begünstigens,VERB,17469
begünstigung,VERB,17469
begünstigungen,VERB,17469
behalten,PRON,15143
behaltens,VERB,15143
behandeln,PRON,24077
behandelns,VERB,24077
behandlung,VERB,24077
behandlungen,VERB,24077
beharrlichkeit,VERB,21318
behauptung,VERB,23221
behelfsheim,VERB,23209
beherbergung,VERB,24876
behindertenwerkstatt,VERB,23205
behinderung,VERB,13684
behälter,VERB,13403
behälter-,VERB,13403
behälter0,VERB,13403
behütet,ADJ,24931
bei,NOUN,12591
bei dem,NOUN,18236
bei-,VERB,12591
bei0,VERB,12591
beide,NOUN,12879
beidem,VERB,12879
beiden,VERB,12879
beider,VERB,12879
beides,VERB,12879
beige,NOUN,25265
bein,VERB,15188
bein und fuß,VERB,25578
bein und füsse,VERB,15189
bein-,VERB,15188
bein0,VERB,15188
beinahe,ADJ,15697
beirre,VERB,25755
beirren,PRON,25755
beirrend,VERB,25755
beirrende,VERB,25755
beirrendem,VERB,25755
beirrenden,VERB,25755
beirrender,VERB,25755
beirrendes,VERB,25755
beirrst,VERB,25755
beirrt,VERB,25755
beirrte,VERB,25755
beirrten,VERB,25755
beirrtest,VERB,25755
beirrtet,VERB,25755
beispiel,VERB,17978
beispiel-,VERB,17978
beispiel0,VERB,17978
beiwagen,VERB,21821
beiwagens,VERB,21821
beißen,PRON,12847
beißens,VERB,12847
bekanntgabe,VERB,21338
bekanntmache,VERB,21337
bekanntmachen,PRON,21337
bekanntmachend,VERB,21337
bekanntmachende,VERB,21337
bekanntmachendem,VERB,21337
bekanntmachenden,VERB,21337
bekanntmachender,VERB,21337
bekanntmachendes,VERB,21337
bekanntmachst,VERB,21337
bekanntmacht,VERB,21337
bekanntmachte,VERB,21337
bekanntmachten,VERB,21337
bekanntmachtest,VERB,21337
bekanntmachtet,VERB,21337
bekanntmachung,VERB,21338
bekehrung,VERB,21321
bekomme,VERB,14435
bekommen,PRON,14435
bekommend,VERB,14435
bekommende,VERB,14435
bekommendem,VERB,14435
bekommenden,VERB,14435
bekommender,VERB,14435
bekommendes,VERB,14435
bekommst,VERB,14435
bekommt,VERB,14435
bekreuzige,VERB,24183
bekreuzigen,PRON,24183
bekreuzigst,VERB,24183
bekreuzigt,VERB,24183
bekreuzigte,VERB,24183
bekreuzigten,VERB,24183
bekreuzigtest,VERB,24183
bekreuzigtet,VERB,24183
bekreuzigung,VERB,24265
bekundung,VERB,23236
belegtes brot,VERB,16718
belehrung,VERB,14945
belgien,VERB,22609
belgiens,VERB,22609
belichtungsmesser,VERB,23142
beliebt,ADJ,14158
beliebte,VERB,14158
beliebtem,VERB,14158
beliebten,VERB,14158
beliebter,VERB,14158
beliebtere,VERB,14158
beliebterem,VERB,14158
beliebteren,VERB,14158
beliebterer,VERB,14158
beliebteres,VERB,14158
beliebtes,VERB,14158
beliebtest,VERB,14158
beliebteste,VERB,14158
beliebtestem,VERB,14158
beliebtesten,VERB,14158
beliebtester,VERB,14158
beliebtestes,VERB,14158
belle,VERB,24020
bellen,PRON,24020
bellend,VERB,24020
bellende,VERB,24020
bellendem,VERB,24020
bellenden,VERB,24020
bellender,VERB,24020
bellendes,VERB,24020
bellst,VERB,24020
bellt,VERB,24020
bellte,VERB,24020
bellten,VERB,24020
belltest,VERB,24020
belltet,VERB,24020
belästigung,VERB,14677
bemannung,PREP,24634
benennen,PRON,24874
benennens,VERB,24874
benennung,VERB,24874
benennungen,VERB,24874
benutzen,PRON,17991
benutzens,VERB,17991
benutzung,VERB,24847
benutzungen,VERB,17991
benzin,VERB,14425
benzin-,VERB,14425
benzin0,VERB,14425
benzinanzeige,VERB,23090
benötige,VERB,18035
benötigen,PRON,18035
benötigend,VERB,18035
benötigende,VERB,18035
benötigendem,VERB,18035
benötigenden,VERB,18035
benötigender,VERB,18035
benötigendes,VERB,18035
benötigst,VERB,18035
benötigt,VERB,18035
benötigte,VERB,18035
benötigtem,VERB,18035
benötigten,VERB,18035
benötigter,VERB,18035
benötigtes,VERB,18035
benötigtest,VERB,18035
benötigtet,VERB,18035
beobachten,PRON,15908
beobachtens,VERB,15908
beobachtung,VERB,24846
beobachtungen,VERB,15908
bequem,ADJ,13386
bequeme,VERB,13386
bequemem,VERB,13386
bequemen,VERB,13386
bequemer,VERB,13386
bequemere,VERB,13386
bequemerem,VERB,13386
bequemeren,VERB,13386
bequemerer,VERB,13386
bequemeres,VERB,13386
bequemes,VERB,13386
bequemst,VERB,13386
bequemste,VERB,13386
bequemstem,VERB,13386
bequemsten,VERB,13386
bequemster,VERB,13386
bequemstes,VERB,13386
beraten,PRON,12346
beratens,VERB,12346
berater,PREP,13421
berater-,VERB,13421
berater0,VERB,13421
beraterin,PREP,13421
beraterinnen,VERB,13421
beraterinnen-,VERB,13421
beratung,VERB,12346
beratungen,VERB,12346
bereit,ADJ,23860
bereits,VERB,23860
bereue,VERB,16477
bereuen,PRON,16477
bereuend,VERB,16477
bereuende,VERB,16477
bereuendem,VERB,16477
bereuenden,VERB,16477
bereuender,VERB,16477
bereuendes,VERB,16477
bereust,VERB,16477
bereut,VERB,16477
bereute,VERB,16477
bereutem,VERB,16477
bereuten,VERB,16477
bereuter,VERB,16477
bereutes,VERB,16477
bereutest,VERB,16477
bereutet,VERB,16477
berg,VERB,15663
berg-,VERB,15663
berg0,VERB,15663
bergsport,VERB,21795
bergsteige,VERB,22109
bergsteigen,VERB,22109
bergsteigend,VERB,22109
bergsteigende,VERB,22109
bergsteigendem,VERB,22109
bergsteigenden,VERB,22109
bergsteigender,VERB,22109
bergsteigendes,VERB,22109
bergsteigst,VERB,22109
bergsteigt,VERB,22109
bergwandern,VERB,25321
bergwerk,VERB,15472
berichte,VERB,16728
berichten,PRON,16728
berichtend,VERB,16728
berichtende,VERB,16728
berichtendem,VERB,16728
berichtenden,VERB,16728
berichtender,VERB,16728
berichtendes,VERB,16728
berichtest,VERB,16728
berichtet,VERB,16728
berichtete,VERB,16728
berichtetem,VERB,16728
berichteten,VERB,16728
berichteter,VERB,16728
berichtetes,VERB,16728
berichtetest,VERB,16728
berichtetet,VERB,16728
beruf,VERB,21360
berufe,VERB,21360
berufen,VERB,21360
berufes,VERB,21360
berufs,VERB,21360
berufstätig,ADJ,25702
berufstätige,VERB,25702
berufstätigem,VERB,25702
berufstätigen,VERB,25702
berufstätiger,VERB,25702
berufstätiges,VERB,25702
berufung,VERB,21359
berufungen,VERB,21360
beruhigen,PRON,13385
beruhigens,VERB,13385
beruhigung,VERB,13385
beruhigungen,VERB,13385
berühren,PRON,17761
berührens,VERB,17761
berührung,VERB,25223
berührungen,VERB,17761
besatzung,PREP,24634
bescheiden,ADJ,14910
bescheidens,VERB,14910
bescheidung,VERB,14910
bescheidungen,VERB,14910
bescherung,VERB,24903
beschneidung,VERB,13348
beschneidungszeremonie,VERB,21113
beschneidungszeremonien,VERB,21113
beschreiben,PRON,13661
beschreibens,VERB,13661
beschreibung,VERB,13661
beschreibungen,VERB,13661
beschränken,PRON,26014
beschränkens,VERB,26014
beschränkt,ADJ,26015
beschränkte,VERB,26015
beschränktem,VERB,26015
beschränkten,VERB,26015
beschränkter,VERB,26015
beschränktere,VERB,26015
beschränkterem,VERB,26015
beschränkteren,VERB,26015
beschränkterer,VERB,26015
beschränkteres,VERB,26015
beschränktes,VERB,26015
beschränktest,VERB,26015
beschränkteste,VERB,26015
beschränktestem,VERB,26015
beschränktesten,VERB,26015
beschränktester,VERB,26015
beschränktestes,VERB,26015
beschränkung,VERB,15213
beschränkungen,VERB,26014
beschuldigen,PRON,23003
beschuldigens,VERB,23003
beschuldigung,VERB,23001
beschuldigungen,VERB,23003
beschwerlich,ADJ,24821
beschwerliche,VERB,24821
beschwerlichem,VERB,24821
beschwerlichen,VERB,24821
beschwerlicher,VERB,24821
beschwerlichere,VERB,24821
beschwerlicherem,VERB,24821
beschwerlicheren,VERB,24821
beschwerlicherer,VERB,24821
beschwerlicheres,VERB,24821
beschwerliches,VERB,24821
beschwerlichst,VERB,24821
beschwerlichste,VERB,24821
beschwerlichstem,VERB,24821
beschwerlichsten,VERB,24821
beschwerlichster,VERB,24821
beschwerlichstes,VERB,24821
beschwören,PRON,23453
beschwörens,VERB,23453
beschwörung,VERB,23453
beschwörungen,VERB,23453
beschütze,VERB,16419
beschützen,PRON,16419
beschützend,VERB,16419
beschützende,VERB,16419
beschützendem,VERB,16419
beschützenden,VERB,16419
beschützender,VERB,16419
beschützendes,VERB,16419
beschützer,PREP,25167
beschützerin,PREP,25167
beschützerinnen,VERB,25167
beschützern,VERB,25167
beschützers,VERB,25167
beschützest,VERB,16419
beschützt,VERB,16419
beschützte,VERB,16419
beschützte blume,VERB,14369
beschütztem,VERB,16419
beschützten,VERB,16419
beschützter,VERB,16419
beschützter vogel,VERB,12839
beschütztes,VERB,16419
beschütztes tier,VERB,12385
beschütztest,VERB,16419
beschütztet,VERB,16419
beseitigung,VERB,24883
besen,VERB,12908
besen-,VERB,12908
besen0,VERB,12908
besichtigung,VERB,25198
besitz,VERB,24912
besitz-,VERB,24912
besitz0,VERB,24912
besitze,VERB,15950
besitzen,PRON,15950
besitzend,VERB,15950
besitzende,VERB,15950
besitzendem,VERB,15950
besitzenden,VERB,15950
besitzender,VERB,15950
besitzendes,VERB,15950
besitzest,VERB,15950
besitzt,VERB,15950
besonders,ADJ,17223
besorgnis,VERB,12397
besorgnisse,VERB,12397
besorgnissen,VERB,12397
besorgt,ADJ,12398
besorgte,VERB,12398
besorgtem,VERB,12398
besorgten,VERB,12398
besorgter,VERB,12398
besorgtere,VERB,12398
besorgterem,VERB,12398
besorgteren,VERB,12398
besorgterer,VERB,12398
besorgteres,VERB,12398
besorgtes,VERB,12398
besorgtest,VERB,12398
besorgteste,VERB,12398
besorgtestem,VERB,12398
besorgtesten,VERB,12398
besorgtester,VERB,12398
besorgtestes,VERB,12398
bespitzelung,VERB,25057
bespritze,VERB,17232
bespritzen,PRON,17232
bespritzend,VERB,17232
bespritzende,VERB,17232
bespritzendem,VERB,17232
bespritzenden,VERB,17232
bespritzender,VERB,17232
bespritzendes,VERB,17232
bespritzest,VERB,17232
bespritzt,VERB,17232
bespritzte,VERB,17232
bespritztem,VERB,17232
bespritzten,VERB,17232
bespritzter,VERB,17232
bespritztes,VERB,17232
bespritztest,VERB,17232
bespritztet,VERB,17232
besprühe,VERB,23953
besprühen,PRON,23953
besprühst,VERB,23953
besprüht,VERB,23953
besprühte,VERB,23953
besprühtem,VERB,23953
besprühten,VERB,23953
besprühter,VERB,23953
besprühtes,VERB,23953
besprühtest,VERB,23953
besprühtet,VERB,23953
besser,ADJ,12668
bessere,VERB,12668
besserem,VERB,12668
besseren,VERB,12668
besserer,VERB,12668
besseres,VERB,12668
bessern,PRON,14931
besserns,VERB,14931
besserung,VERB,14931
besserungen,VERB,14931
bestattung,VERB,20579
beste,ADJ,12667
bestechlichkeit,VERB,24629
besteck,VERB,13630
besteck-,VERB,13630
besteck0,VERB,13630
bestehe,VERB,21319
bestehen,PRON,21319
bestehend,VERB,21319
bestehende,VERB,21319
bestehendem,VERB,21319
bestehenden,VERB,21319
bestehender,VERB,21319
bestehendes,VERB,21319
bestehst,VERB,21319
besteht,VERB,21319
bester,ADJ,12667
bestimmt,ADJ,13146
bestimmte,VERB,13146
bestimmtem,VERB,13146
bestimmten,VERB,13146
bestimmter,VERB,13146
bestimmtes,VERB,13146
bestreiche,VERB,17239
bestreichen,PRON,17239
bestreichend,VERB,17239
bestreichende,VERB,17239
bestreichendem,VERB,17239
bestreichenden,VERB,17239
bestreichender,VERB,17239
bestreichendes,VERB,17239
bestreichst,VERB,17239
bestreicht,VERB,17239
beständig,ADJ,12368
beständige,VERB,12368
beständigem,VERB,12368
beständigen,VERB,12368
beständiger,VERB,12368
beständigere,VERB,12368
beständigerem,VERB,12368
beständigeren,VERB,12368
beständigerer,VERB,12368
beständigeres,VERB,12368
beständiges,VERB,12368
beständigkeit,VERB,24881
beständigst,VERB,12368
beständigste,VERB,12368
beständigstem,VERB,12368
beständigsten,VERB,12368
beständigster,VERB,12368
beständigstes,VERB,12368
bestärken,PRON,25053
bestärkens,VERB,25053
bestärkung,VERB,25053
bestärkungen,VERB,25053
bestätigen,VERB,23488
bestätigens,VERB,23488
bestätigung,VERB,23173
bestätigungen,VERB,23488
bestürzung,VERB,24831
besuch,VERB,24859
besuche,VERB,18017
besuchen,PRON,18017
besuchend,VERB,18017
besuchende,VERB,18017
besuchendem,VERB,18017
besuchenden,VERB,18017
besuchender,VERB,18017
besuchendes,VERB,18017
besucher,PREP,18018
besucher-,VERB,18018
besucher0,VERB,18018
besucherin,PREP,18018
besucherinnen,VERB,18018
besucherinnen-,VERB,18018
besuches,VERB,24859
besuchs,VERB,24859
besuchst,VERB,18017
besucht,VERB,18017
besuchte,VERB,18017
besuchtem,VERB,18017
besuchten,VERB,18017
besuchter,VERB,18017
besuchtes,VERB,18017
besuchtest,VERB,18017
besuchtet,VERB,18017
bete,VERB,16236
beteiligen,PRON,23917
beteiligens,VERB,23917
beteiligung,VERB,23919
beteiligungen,VERB,23917
beten,PRON,16236
betend,VERB,16236
betende,VERB,16236
betendem,VERB,16236
betenden,VERB,16236
betender,VERB,16236
betendes,VERB,16236
betest,VERB,16236
betet,VERB,16236
betete,VERB,16236
beteten,VERB,16236
betetest,VERB,16236
betetet,VERB,16236
beton,VERB,13397
beton-,VERB,13397
beton0,VERB,13397
betreuung,VERB,23056
betreuungsplätze,VERB,23038
betroffen,ADJ,25737
betroffene,VERB,25737
betroffenem,VERB,25737
betroffenen,VERB,25737
betroffener,VERB,25737
betroffenere,VERB,25737
betroffenerem,VERB,25737
betroffeneren,VERB,25737
betroffenerer,VERB,25737
betroffeneres,VERB,25737
betroffenes,VERB,25737
betroffenst,VERB,25737
betroffenste,VERB,25737
betroffenstem,VERB,25737
betroffensten,VERB,25737
betroffenster,VERB,25737
betroffenstes,VERB,25737
betrug,VERB,25678
betrugen,VERB,25678
betrugst,VERB,25678
betrugt,VERB,25678
betrunken,ADJ,13886
betrunkene,VERB,13886
betrunkenem,VERB,13886
betrunkenen,VERB,13886
betrunkener,VERB,13886
betrunkenes,VERB,13886
betrübt,ADJ,16702
betrüge,VERB,25677
betrügen,PRON,25677
betrügend,VERB,25677
betrügende,VERB,25677
betrügendem,VERB,25677
betrügenden,VERB,25677
betrügender,VERB,25677
betrügendes,VERB,25677
betrügst,VERB,25677
betrügt,VERB,25677
bett,VERB,12649
bett-,VERB,12649
bett0,VERB,12649
bettdecke,VERB,12854
bettlaken,VERB,16951
bettler,PREP,25019
bettlerin,VERB,25019
bettlerinnen,VERB,25019
bettlern,VERB,25019
bettlers,VERB,25019
bettwanze,VERB,25264
beule,VERB,22362
beulen,VERB,22362
beurteilen,PRON,13947
beurteilens,VERB,13947
beurteilung,VERB,13947
beurteilungen,VERB,13947
beutel,VERB,16701
beutel-,VERB,16701
beutel0,VERB,16701
bevollmächtigen,PRON,24648
bevollmächtigens,VERB,24648
bevollmächtigung,VERB,24650
bevollmächtigungen,VERB,24648
bevorzugt,ADJ,14158
bevorzugtere,VERB,14158
bevorzugterem,VERB,14158
bevorzugteren,VERB,14158
bevorzugterer,VERB,14158
bevorzugteres,VERB,14158
bevorzugtest,VERB,14158
bevorzugteste,VERB,14158
bevorzugtestem,VERB,14158
bevorzugtesten,VERB,14158
bevorzugtester,VERB,14158
bevorzugtestes,VERB,14158
bewaffnet,ADJ,25014
bewahren,PRON,15143
bewahrens,VERB,15143
bewahrung,VERB,24224
bewahrungen,VERB,15143
beweglichkeit,VERB,24714
bewegung,VERB,24702
beweisstück,VERB,23079
bewerben,PRON,23172
bewerbens,VERB,23172
bewerbung,VERB,23172
bewerbungen,VERB,23172
bewerten,PRON,13947
bewertens,VERB,13947
bewertung,VERB,13949
bewertungen,VERB,13947
bewohner,PREP,16491
bewohnerin,PREP,16491
bewohnerinnen,VERB,16491
bewohnern,VERB,16491
bewohners,VERB,16491
bewunderung,VERB,16494
bewusstseinsverändernde droge,VERB,24488
bewölkt,ADJ,13368
bewölkte,VERB,13368
bewölktem,VERB,13368
bewölkten,VERB,13368
bewölkter,VERB,13368
bewölktes,VERB,13368
bezahlen,PRON,15979
bezahlens,VERB,15979
bezahlung,VERB,15979
bezahlungen,VERB,15979
bezeugen,PRON,23235
bezeugens,VERB,23235
bezeugung,VERB,23235
bezeugungen,VERB,23235
bezirk,VERB,23847
bezirke,VERB,23847
bezirken,VERB,23847
bezirkes,VERB,23847
bezirks,VERB,23847
bezweifel,VERB,25832
bezweifele,VERB,25832
bezweifeln,PRON,25832
bezweifelnd,VERB,25832
bezweifelnde,VERB,25832
bezweifelndem,VERB,25832
bezweifelnden,VERB,25832
bezweifelnder,VERB,25832
bezweifelndes,VERB,25832
bezweifelst,VERB,25832
bezweifelt,VERB,25832
bezweifelte,VERB,25832
bezweifeltem,VERB,25832
bezweifelten,VERB,25832
bezweifelter,VERB,25832
bezweifeltes,VERB,25832
bezweifeltest,VERB,25832
bezweifeltet,VERB,25832
bezweifle,VERB,25832
bh,VERB,12889
biathlon,VERB,25266
biathlons,VERB,25266
bibel,VERB,21069
bibel-,VERB,21069
bibel0,VERB,21069
biber,VERB,12646
biber-,VERB,12646
biber0,VERB,12646
bibliothek,VERB,15202
bibliothekar,PREP,23568
bibliothekare,VERB,23568
bibliothekaren,VERB,23568
bibliothekarin,PREP,23568
bibliothekarinnen,VERB,23568
bibliothekars,VERB,23568
bibliotheken,VERB,15202
biegen,PRON,24412
biegens,VERB,24412
biegung,VERB,25627
biegungen,VERB,24412
bienchen,VERB,12651
bienchens,VERB,12651
biene,VERB,12651
bienen,VERB,12651
bier,VERB,12653
bier-,VERB,12653
bier0,VERB,12653
biest,VERB,12378
biester,VERB,12378
biestern,VERB,12378
biestes,VERB,12378
bilch,VERB,25700
bilche,VERB,25700
bilchen,VERB,25700
bilches,VERB,25700
bilchs,VERB,25700
bild,VERB,16172
bild-,VERB,16172
bild0,VERB,16172
bilderlotto,VERB,23571
bildtelefon,VERB,24781
billard,VERB,22099
billig,ADJ,13155
billig-,VERB,13155
billig0,VERB,13155
billige,VERB,13155
billigem,VERB,13155
billigen,PRON,12408
billigens,VERB,12408
billiger,VERB,13155
billigere,VERB,13155
billigerem,VERB,13155
billigeren,VERB,13155
billigerer,VERB,13155
billigeres,VERB,13155
billiges,VERB,13155
billigst,VERB,13155
billigste,VERB,13155
billigstem,VERB,13155
billigsten,VERB,13155
billigster,VERB,13155
billigstes,VERB,13155
billigung,VERB,12408
billigungen,VERB,12408
bin,PRON,12639
binde,VERB,12625
binden,PRON,24311
bindens,VERB,24311
bindi,VERB,12836
bindung,VERB,24311
bindungen,VERB,24311
binärzahl,NOUN,23476
biochemie,VERB,21545
biochemiker,PREP,21563
biochemikerin,PREP,21563
biochemikerinnen,VERB,21563
biochemikern,VERB,21563
biochemikers,VERB,21563
biochemisches produkt,VERB,25525
bioenergie,VERB,25021
biogas,VERB,25068
biokraftstoff,VERB,13370
bioladen,VERB,23108
biologe,PREP,21564
biologen,VERB,21564
biologie,VERB,21546
biologin,PREP,21564
biologinnen,VERB,21564
biomasse,VERB,13370
birke,VERB,25849
birken,VERB,25849
birnchen,VERB,15986
birnchens,VERB,15986
birne,VERB,15986
birnen,VERB,15986
bis,NOUN,17982
bis bald,OTHER,16748
bis später,OTHER,16748
bisamratte,VERB,15684
bisamratten,VERB,15684
bischof,PREP,21056
bischofs,VERB,21056
bischöfin,PREP,21056
bisexualität,VERB,24024
bisexuell,ADJ,24023
bisexuelle,VERB,24023
bisexuellem,VERB,24023
bisexuellen,VERB,24023
bisexueller,VERB,24023
bisexuelles,VERB,24023
bison,VERB,12917
bisons,VERB,12917
bist,PRON,12639
bitte,OTHER,15967
bitte schön,OTHER,16204
bitte sehr,OTHER,18466
bitten,PRON,16489
bittend,VERB,16489
bittende,VERB,16489
bittendem,VERB,16489
bittenden,VERB,16489
bittender,VERB,16489
bittendes,VERB,16489
bitter,ADJ,12848
bittere,VERB,12848
bitterem,VERB,12848
bitteren,VERB,12848
bitterer,VERB,12848
bitterere,VERB,12848
bittererem,VERB,12848
bittereren,VERB,12848
bittererer,VERB,12848
bittereres,VERB,12848
bitteres,VERB,12848
bitterst,VERB,12848
bitterste,VERB,12848
bitterstem,VERB,12848
bittersten,VERB,12848
bitterster,VERB,12848
bitterstes,VERB,12848
bittest,VERB,16489
bittet,VERB,16489
blank reiben,PRON,22389
blase,VERB,12853
blasen,PRON,12862
blasen-,VERB,12862
blasen0,VERB,12862
blasend,VERB,12862
blasende,VERB,12862
blasendem,VERB,12862
blasenden,VERB,12862
blasender,VERB,12862
blasendes,VERB,12862
blasinstrument,VERB,23981
blast,VERB,12862
blatt,VERB,15183
blatt-,VERB,15183
blatt0,VERB,15183
blattgemüse,VERB,15200
blattlaus,VERB,25360
blau,NOUN,12864
blau-,VERB,12864
blau0,VERB,12864
blaubeere,VERB,12866
blaue,VERB,12864
blauem,VERB,12864
blauen,VERB,12864
blauer,VERB,12864
blauer fleck,VERB,24419
blaues,VERB,12864
blaumeise,VERB,12867
blechflöte,VERB,23920
blei,VERB,23137
blei-,VERB,23137
blei0,VERB,23137
bleiben,PRON,17254
bleibens,VERB,17254
blick,VERB,25939
blick-,VERB,25939
blick0,VERB,25939
blicksteuerung,VERB,23493
blind,ADJ,12856
blind-,VERB,12856
blind0,VERB,12856
blinddarm,VERB,25430
blinde,VERB,12856
blindem,VERB,12856
blinden,VERB,12856
blinder,VERB,12856
blindes,VERB,12856
blindheit,VERB,25526
blini,VERB,23949
bliss-fanatiker,PREP,24027
bliss-fanatikerin,PREP,24027
bliss-name,VERB,21624
bliss-symbol,VERB,12857
bliss-symbol-sprache,VERB,23031
bliss-symbol-system,VERB,23031
bliss-symbolelement,OTHER,12858
blisstafel,VERB,17489
blissunterricht,VERB,23032
blissymbolics resource centre,VERB,12859
blitz,VERB,15209
blitz-,VERB,15209
blitz0,VERB,15209
block,VERB,12860
block-,VERB,12860
block0,VERB,12860
blockflöte,VERB,23871
blog,VERB,25661
blogs,VERB,25661
blot,VERB,22833
blume,VERB,14205
blumen,VERB,14205
blumenfee,PREP,23510
blumenkohl,VERB,13133
blumenvase,VERB,21282
blumenwiese,VERB,25717
blumenzwiebel,VERB,12919
bluse,VERB,16957
blusen,VERB,16957
blut,VERB,12861
blut-,VERB,12861
blut0,VERB,12861
blute,VERB,12855
bluten,PRON,12855
blutend,VERB,12855
blutende,VERB,12855
blutendem,VERB,12855
blutenden,VERB,12855
blutender,VERB,12855
blutendes,VERB,12855
blutest,VERB,12855
blutet,VERB,12855
blutete,VERB,12855
bluteten,VERB,12855
blutetest,VERB,12855
blutetet,VERB,12855
blutgefäß,VERB,24028
blöde,ADJ,17447
blöke,VERB,24026
blöken,PRON,24026
blökend,VERB,24026
blökende,VERB,24026
blökendem,VERB,24026
blökenden,VERB,24026
blökender,VERB,24026
blökendes,VERB,24026
blökst,VERB,24026
blökt,VERB,24026
blökte,VERB,24026
blökten,VERB,24026
blöktest,VERB,24026
blöktet,VERB,24026
blüte,VERB,25563
blüten,VERB,25563
boa etc,VERB,25941
bob,VERB,21872
bob-,VERB,21872
bob0,VERB,21872
boccia,VERB,21806
boden,VERB,12881
boden-,VERB,12881
boden0,VERB,12881
bodenbelag,VERB,14203
bodenfläche,VERB,23024
bodensatz,NOUN,25408
bodypainting,VERB,25432
boekrol,VERB,15451
bogen,VERB,23817
bogen-,VERB,23817
bogen0,VERB,23817
bogenschießen,VERB,21856
bohle,VERB,12868
bohlen,VERB,12868
bohne,VERB,12642
bohnen,VERB,12642
bohrturm,VERB,25049
bollerwagen,VERB,13127
bollerwagens,VERB,13127
bombe,VERB,24036
bomben,VERB,24036
bonbon,VERB,13118
bonbons,VERB,13118
bongotrommel,VERB,23816
bongotrommeln,VERB,23816
boot,VERB,12869
boot-,VERB,12869
boot0,VERB,12869
bootfahren,VERB,21801
bootshaus,VERB,22090
bootsheck,VERB,22063
bootsmannschaft,PREP,24635
bord,ADJ,23401
bord-,VERB,23401
bord0,VERB,23401
borge,VERB,12877
borgen,PRON,12877
borgend,VERB,12877
borgende,VERB,12877
borgendem,VERB,12877
borgenden,VERB,12877
borgender,VERB,12877
borgendes,VERB,12877
borgst,VERB,12877
borgt,VERB,12877
borgte,VERB,12877
borgten,VERB,12877
borgtest,VERB,12877
borgtet,VERB,12877
borke,VERB,22311
borken,VERB,22311
botanik,VERB,21547
botaniker,PREP,21565
botanikerin,PREP,21565
botanikerinnen,VERB,21565
botanikern,VERB,21565
botanikers,VERB,21565
botschaft,VERB,24485
botschaften,VERB,24485
boule,VERB,21806
bowling,VERB,12885
bowlings,VERB,12885
boxe,VERB,12887
boxen,VERB,12887
boxend,VERB,12887
boxende,VERB,12887
boxendem,VERB,12887
boxenden,VERB,12887
boxender,VERB,12887
boxendes,VERB,12887
boxest,VERB,12887
boxt,VERB,12887
boxte,VERB,12887
boxten,VERB,12887
boxtest,VERB,12887
boxtet,VERB,12887
bracha,VERB,12891
brahma,PREP,12892
brahmas,VERB,12892
brasilien,VERB,25024
brasiliens,VERB,25024
brat,VERB,12619
brate,VERB,12619
braten,PRON,12619
bratend,VERB,12619
bratende,VERB,12619
bratendem,VERB,12619
bratenden,VERB,12619
bratender,VERB,12619
bratendes,VERB,12619
bratensaft,VERB,16723
bratensafts,VERB,16723
bratensoße,VERB,20522
bratensoßen,VERB,20522
bratet,VERB,12619
brathuhn,VERB,13165
bratpfanne,VERB,22581
bratsche,VERB,23982
bratschen,VERB,23982
bratwurst,VERB,16726
brauch,VERB,25072
brauche,VERB,15702
brauchen,PRON,15702
brauchend,VERB,15702
brauchende,VERB,15702
brauchendem,VERB,15702
brauchenden,VERB,15702
brauchender,VERB,15702
brauchendes,VERB,15702
brauches,VERB,25072
brauchs,VERB,25072
brauchst,VERB,15702
braucht,VERB,15702
brauchte,VERB,15702
brauchten,VERB,15702
brauchtest,VERB,15702
brauchtet,VERB,15702
braun,NOUN,12910
braun-,VERB,12910
braun0,VERB,12910
braune,VERB,12910
braunem,VERB,12910
braunen,VERB,12910
brauner,VERB,12910
braunes,VERB,12910
brav,ADJ,14463
brave,VERB,14463
bravem,VERB,14463
braven,VERB,14463
braver,VERB,14463
bravere,VERB,14463
braverem,VERB,14463
braveren,VERB,14463
braverer,VERB,14463
braveres,VERB,14463
braves,VERB,14463
bravst,VERB,14463
bravste,VERB,14463
bravstem,VERB,14463
bravsten,VERB,14463
bravster,VERB,14463
bravstes,VERB,14463
brechen,PRON,18022
brechens,VERB,18022
brechung,VERB,18022
brechungen,VERB,18022
brei,VERB,25581
breie,VERB,25581
breien,VERB,25581
breis,VERB,25581
breit,ADJ,18250
breit-,VERB,18250
breit0,VERB,18250
breitband,VERB,24614
breite,VERB,25259
breitem,VERB,18250
breiten,VERB,18250
breiter,VERB,18250
breitere,VERB,18250
breiterem,VERB,18250
breiteren,VERB,18250
breiterer,VERB,18250
breiteres,VERB,18250
breites,VERB,18250
breitest,VERB,18250
breiteste,VERB,18250
breitestem,VERB,18250
breitesten,VERB,18250
breitester,VERB,18250
breitestes,VERB,18250
bremse,VERB,23821
bremsen,PRON,24850
bremsens,VERB,24850
bremsung,VERB,24850
bremsungen,VERB,24850
brenn,VERB,12922
brennbar,ADJ,14195
brennbare,VERB,12922
brennbarem,VERB,12922
brennbaren,VERB,12922
brennbarer,VERB,12922
brennbares,VERB,12922
brenne,VERB,12922
brennen,PRON,12922
brennend,ADJ,12924
brennende,VERB,12924
brennendem,VERB,12924
brennenden,VERB,12924
brennender,VERB,12924
brennendere,VERB,12924
brennenderem,VERB,12924
brennenderen,VERB,12924
brennenderer,VERB,12924
brennenderes,VERB,12924
brennendes,VERB,12924
brennendst,VERB,12924
brennendste,VERB,12924
brennendstem,VERB,12924
brennendsten,VERB,12924
brennendster,VERB,12924
brennendstes,VERB,12924
brennst,VERB,12922
brennstoff,VERB,14412
brennt,VERB,12922
brett,VERB,12868
brett-,VERB,12868
brett0,VERB,12868
brief,VERB,15198
brief-,VERB,15198
brief0,VERB,15198
briefkasten,VERB,15409
briefklammer,VERB,25922
briefmarke,VERB,17248
brieftasche,VERB,16438
briefträger,PREP,15199
briefträgerin,PREP,15199
brille,VERB,14443
brillen,VERB,14443
bringen,PRON,12904
bringens,VERB,12904
bringung,VERB,12904
bringungen,VERB,12904
brioche,VERB,25672
brisant,ADJ,24101
brisante,VERB,24101
brisantem,VERB,24101
brisanten,VERB,24101
brisanter,VERB,24101
brisantere,VERB,24101
brisanterem,VERB,24101
brisanteren,VERB,24101
brisanterer,VERB,24101
brisanteres,VERB,24101
brisantes,VERB,24101
brisantest,VERB,24101
brisanteste,VERB,24101
brisantestem,VERB,24101
brisantesten,VERB,24101
brisantester,VERB,24101
brisantestes,VERB,24101
brise,VERB,23824
brisen,VERB,23824
brokkoli,VERB,12905
brokkolis,VERB,12905
brombeere,VERB,16463
brombeeren,VERB,16463
brontosaurier,VERB,23421
bronze,VERB,23035
bronzezeit,VERB,23036
brosche,VERB,25436
broschen,VERB,25436
brot,VERB,12895
brot mit obst,VERB,25667
brot mit samen,VERB,25668
brot-,VERB,12895
brot0,VERB,12895
brotaufstrich,VERB,17238
brotbüchse,VERB,23573
brotdose,VERB,23573
brotkruste,VERB,25665
brotmesser,VERB,25666
brotoberfläche,VERB,25530
brotrinde,VERB,25665
brotscheibe,VERB,25802
bruch,VERB,24852
bruch-,VERB,24852
bruch0,VERB,24852
bruder,PREP,12909
bruder-,VERB,12909
bruder0,VERB,12909
brumme,VERB,24139
brummen,PRON,24139
brummend,VERB,24139
brummende,VERB,24139
brummendem,VERB,24139
brummenden,VERB,24139
brummender,VERB,24139
brummendes,VERB,24139
brummst,VERB,24139
brummt,VERB,24139
brummte,VERB,24139
brummten,VERB,24139
brummtest,VERB,24139
brummtet,VERB,24139
brunnen,VERB,22631
brunnen-,VERB,22631
brunnen0,VERB,22631
brunnenschacht,VERB,22631
brunnenwasser,VERB,25824
brust,VERB,12899
brustbein,VERB,25435
brusthaar,VERB,24056
brustknochen,VERB,25435
brustkorb,VERB,13161
brustwarze,VERB,15720
brötchen,VERB,16683
brötchen-,VERB,16683
brötchen0,VERB,16683
brückchen,VERB,12902
brückchens,VERB,12902
brücke,VERB,12902
brücken,VERB,12902
brühe,VERB,17218
brühen,VERB,17218
brülle,VERB,24248
brüllen,PRON,24248
brüllend,VERB,24248
brüllende,VERB,24248
brüllendem,VERB,24248
brüllenden,VERB,24248
brüllender,VERB,24248
brüllendes,VERB,24248
brüllst,VERB,24248
brüllt,VERB,24248
brüllte,VERB,24248
brüllten,VERB,24248
brülltest,VERB,24248
brülltet,VERB,24248
bub,PREP,12888
bube,PREP,12888
buben,VERB,12888
buch,VERB,12875
buch-,VERB,12875
buch0,VERB,12875
buchladen,VERB,23034
buchprüfer,PREP,24018
buchprüferin,PREP,24018
buchstabe,VERB,12366
buchstabiere,VERB,23507
buchstabieren,PRON,23507
buchstabierend,VERB,23507
buchstabierende,VERB,23507
buchstabierendem,VERB,23507
buchstabierenden,VERB,23507
buchstabierender,VERB,23507
buchstabierendes,VERB,23507
buchstabierst,VERB,23507
buchstabiert,VERB,23507
buchstabierte,VERB,23507
buchstabiertem,VERB,23507
buchstabierten,VERB,23507
buchstabierter,VERB,23507
buchstabiertes,VERB,23507
buchstabiertest,VERB,23507
buchstabiertet,VERB,23507
bucht,VERB,22625
buchten,VERB,22625
buddelsachen,VERB,23645
buddha,PREP,23423
buddhas,VERB,23423
buddhismus,VERB,23424
buddhist,PREP,23426
buddhisten,VERB,23426
buddhistin,PREP,23426
buddhistinnen,VERB,23426
buddhistisch,ADJ,23425
buddhistische,VERB,23425
buddhistischem,VERB,23425
buddhistischen,VERB,23425
buddhistischer,VERB,23425
buddhistisches,VERB,23425
bude,VERB,25859
buden,VERB,25859
budget,VERB,23427
budget-,VERB,23427
budget0,VERB,23427
bug,VERB,22062
buges,VERB,22062
buggy,VERB,12605
bugs,VERB,22062
bulle,VERB,12920
bullen,VERB,12920
bundessteuer,VERB,23231
buntstift,VERB,13604
burg,VERB,23437
burg-,VERB,23437
burg0,VERB,23437
burgruine,VERB,25784
bus,VERB,13089
bus-,VERB,13089
bus0,VERB,13089
busbahnhof,VERB,24040
busch,VERB,13092
busch-,VERB,13092
busch0,VERB,13092
busen,VERB,12899
busen-,VERB,12899
busen0,VERB,12899
busfahrer,PREP,13091
busfahrerin,PREP,13091
busfahrspur,VERB,24039
bushaltestelle,VERB,13090
busspur,VERB,24039
butter,VERB,13095
bäcker,PREP,23412
bäcker-,VERB,23412
bäcker0,VERB,23412
bäckerei,VERB,23027
bäckereien,VERB,23027
bäckerinnen,VERB,23412
bäckerinnen-,VERB,23412
bär,VERB,12643
bärchen,VERB,12643
bärchens,VERB,12643
bären,VERB,12643
bärenkopf,VERB,24801
bärin,VERB,12643
bärinnen,VERB,12643
böse,ADJ,15439
bösewicht,PREP,25166
bösewichte,VERB,25166
bösewichten,VERB,25166
bösewichtes,VERB,25166
bösewichts,VERB,25166
bücherei,VERB,15201
büchereien,VERB,15201
büchschen,VERB,13115
büchschens,VERB,13115
büchse,VERB,13115
büchsen,VERB,13115
büchsenöffner,VERB,22396
büffel,VERB,12917
büffeln,VERB,12917
büffels,VERB,12917
bügel,VERB,14956
bügelbar,VERB,14956
bügelbare,VERB,14956
bügelbarem,VERB,14956
bügelbaren,VERB,14956
bügelbarer,VERB,14956
bügelbares,VERB,14956
bügelbrett,VERB,14957
bügele,VERB,14956
bügeleisen,VERB,14955
bügeln,PRON,14956
bügelnd,VERB,14956
bügelnde,VERB,14956
bügelndem,VERB,14956
bügelnden,VERB,14956
bügelnder,VERB,14956
bügelndes,VERB,14956
bügelst,VERB,14956
bügelt,VERB,14956
bügelte,VERB,14956
bügelten,VERB,14956
bügeltest,VERB,14956
bügeltet,VERB,14956
bügle,VERB,14956
bühne,VERB,24214
bühnen,VERB,24214
bürger,VERB,13349
bürger-,VERB,13349
bürger0,VERB,13349
bürgerin,VERB,13349
bürgerinnen,VERB,13349
bürgerinnen-,VERB,13349
bürgersteig,VERB,24328
büro,VERB,15911
büro-,VERB,15911
büro0,VERB,15911
büroklammer,VERB,25922
bürstchen,VERB,12912
bürstchens,VERB,12912
bürste,VERB,12912
bürsten,PRON,12913
bürsten-,VERB,12913
bürsten0,VERB,12913
bürstend,VERB,12913
bürstende,VERB,12913
bürstendem,VERB,12913
bürstenden,VERB,12913
bürstender,VERB,12913
bürstendes,VERB,12913
bürstest,VERB,12913
bürstet,VERB,12913
bürstete,VERB,12913
bürsteten,VERB,12913
bürstetest,VERB,12913
bürstetet,VERB,12913
büschel,VERB,25033
büschelchen,VERB,25033
büschelchens,VERB,25033
büscheln,VERB,25033
büschels,VERB,25033
büstenhalter,VERB,12889
büstenhaltern,VERB,12889
büstenhalters,VERB,12889
café,VERB,16498
cafés,VERB,16498
campingwagen,VERB,13113
cartoon,VERB,23435
cartoons,VERB,23435
cd,VERB,16470
cd-gehäuse,VERB,23832
cd-hülle,VERB,23832
cd-spieler,VERB,16471
celebration of life,VERB,21291
cello,VERB,23834
cello-,VERB,23834
cello0,VERB,23834
cembalo,VERB,23882
cembalos,VERB,23882
cent,VERB,13143
cents,VERB,13143
ceres,VERB,24425
challa,VERB,13149
champagner,VERB,22346
champagners,VERB,22346
chamäleon,VERB,13150
chamäleons,VERB,13150
chance,VERB,24426
chancen,VERB,24426
chanukah,VERB,13153
charmant,ADJ,24054
charmante,VERB,24054
charmantem,VERB,24054
charmanten,VERB,24054
charmanter,VERB,24054
charmantere,VERB,24054
charmanterem,VERB,24054
charmanteren,VERB,24054
charmanterer,VERB,24054
charmanteres,VERB,24054
charmantes,VERB,24054
charmantest,VERB,24054
charmanteste,VERB,24054
charmantestem,VERB,24054
charmantesten,VERB,24054
charmantester,VERB,24054
charmantestes,VERB,24054
charme,VERB,24053
charmes,VERB,24053
chat,VERB,13689
chat-,VERB,13689
chat0,VERB,13689
chauffeur,PREP,13884
chauffeur-,VERB,13884
chauffeur0,VERB,13884
chauffeurin,PREP,13884
cheerleader,PREP,25027
cheerleaderin,VERB,25027
cheerleaderinnen,VERB,25027
cheerleadern,VERB,25027
cheerleaders,VERB,25027
chef,PREP,12878
chef-,VERB,12878
chef0,VERB,12878
chefin,PREP,12878
chemie,VERB,21544
chemieprodukt,VERB,13158
chemieunterricht,VERB,23040
cheschwan,VERB,13160
chiffre,VERB,25276
chiffre-,VERB,25276
chiffre0,VERB,25276
china,VERB,25029
chinas,VERB,25029
chip,VERB,16231
chip-,VERB,16231
chip0,VERB,16231
chiropraktiker,PREP,21601
chiropraktikerin,PREP,21601
chiropraktikerinnen,VERB,21601
chiropraktikern,VERB,21601
chiropraktikers,VERB,21601
chirurg,PREP,21575
chirurgen,VERB,21575
chirurgin,PREP,21575
chirurginnen,VERB,21575
chor,PREP,13176
chor-,VERB,13176
chor0,VERB,13176
christbaum,VERB,21371
christenheit,VERB,13613
christentum,VERB,21027
christentums,VERB,21027
christi himmelfahrt,VERB,24014
christlich,ADJ,13180
christliche,VERB,13180
christlichem,VERB,13180
christlichen,VERB,13180
christlicher,VERB,13180
christlichere,VERB,13180
christlicherem,VERB,13180
christlicheren,VERB,13180
christlicherer,VERB,13180
christlicheres,VERB,13180
christliches,VERB,13180
christlichst,VERB,13180
christlichste,VERB,13180
christlichstem,VERB,13180
christlichsten,VERB,13180
christlichster,VERB,13180
christlichstes,VERB,13180
christus,PREP,14969
chronisches erschöpfungssyndrom,VERB,23836
chumasch,VERB,13182
cidre,VERB,22347
cidres,VERB,22347
clown,PREP,23443
clowns,VERB,23443
cockpit,VERB,25307
cockpits,VERB,25307
computer,VERB,13394
computer-,VERB,13394
computer0,VERB,13394
computergehäuse,VERB,23448
computerkoffer,VERB,23448
computermaus,VERB,23593
computerperipherie,VERB,23450
computerprogramm,VERB,23664
computerspiel,VERB,23449
computervirus,VERB,23711
container,VERB,25535
container-,VERB,25535
container0,VERB,25535
containertransport,VERB,25624
cornea,VERB,25855
cornflakes,VERB,13145
country musik,VERB,23841
coup,VERB,25034
coupe,VERB,25034
coupes,VERB,25034
coups,VERB,25034
coupé,VERB,24625
coupés,VERB,24625
cousin,PREP,13429
cousine,PREP,13429
cousinen,VERB,13429
cousins,VERB,13429
cranium,VERB,25492
crickettor,VERB,21809
crêpe,VERB,23603
crêpes,VERB,23603
curling,VERB,21879
curry,VERB,22327
currypulver,VERB,22328
currysoße,VERB,22329
da,NOUN,12647
dach,VERB,16686
dach-,VERB,16686
dach0,VERB,16686
dachboden,VERB,23026
dachbox,VERB,24613
dachrinne,VERB,23073
dafür,NOUN,14381
dahin,NOUN,17707
damals,NOUN,12352
damenbinde,VERB,16719
damenkostüm,VERB,17456
damit,NOUN,14382
dampf,VERB,17255
dampf-,VERB,17255
dampf0,VERB,17255
dampfbad,VERB,17257
dampfe,VERB,17256
dampfen,PRON,17256
dampfend,VERB,17256
dampfende,VERB,17256
dampfendem,VERB,17256
dampfenden,VERB,17256
dampfender,VERB,17256
dampfendes,VERB,17256
dampfgarer,VERB,22586
dampfgarern,VERB,22586
dampfgarers,VERB,22586
dampfkochtopf,VERB,22586
dampfschiff,VERB,22084
dampfst,VERB,17256
dampft,VERB,17256
dampfte,VERB,17256
dampften,VERB,17256
dampftest,VERB,17256
dampftet,VERB,17256
danke,OTHER,17533
dankeschön,OTHER,17533
dankeschöns,VERB,17533
dann,NOUN,17705
dannen,VERB,17705
darm,VERB,12883
darm-,VERB,12883
darm0,VERB,12883
darstellen,PRON,25323
darstellens,VERB,25323
darstellung,VERB,25323
darstellungen,VERB,25323
dart,VERB,21850
darts,VERB,21853
darunter,NOUN,17969
das,NOUN,16482
das endokrine system,VERB,25449
das gleiche,ADJ,25368
dasein,VERB,24098
daseins,VERB,24098
date,VERB,13635
daten,VERB,23467
datenspeicher,VERB,23475
dattel,VERB,13637
datteln,VERB,13637
dauere,VERB,13404
dauerhaftigkeit,VERB,24941
dauern,PRON,13404
dauernd,VERB,13404
dauernde,VERB,13404
dauerndem,VERB,13404
dauernden,VERB,13404
dauernder,VERB,13404
dauerndes,VERB,13404
dauerst,VERB,13404
dauert,VERB,13404
dauerte,VERB,13404
dauerten,VERB,13404
dauertest,VERB,13404
dauertet,VERB,13404
daumen,VERB,17726
daumen-,VERB,17726
daumen0,VERB,17726
daure,VERB,13404
davidstern,VERB,17251
davidsterne,VERB,17251
davidsternen,VERB,17251
davidsterns,VERB,17251
davon,NOUN,25522
debatte,VERB,13689
debatten,VERB,13689
deck,VERB,22061
deck-,VERB,22061
deck0,VERB,22061
decke,VERB,12854
deckel,VERB,22583
deckel-,VERB,22583
deckel0,VERB,22583
deckschicht für tastaturen,VERB,23600
deckstuhl,VERB,24764
definition,VERB,25690
definitionen,VERB,25690
deflation,VERB,23064
deflationen,VERB,23064
dehnen,PRON,24291
dehnens,VERB,24291
dehnung,VERB,24291
dehnungen,VERB,24291
dein,PREP,18299
deine,PREP,18469
deinem,VERB,18299
deinen,VERB,18299
deiner,PREP,18469
deines,PREP,18469
dekoration,VERB,13650
dekorationen,VERB,13650
delle,VERB,24420
dellen,VERB,24420
delphin,VERB,13864
delphine,VERB,13864
delphinen,VERB,13864
delphins,VERB,13864
demokratie,VERB,24080
demokratie-,VERB,24080
demokratie0,VERB,24080
demonstration,VERB,23007
demonstrationen,VERB,23007
demonstrier,VERB,23005
demonstrierbar,VERB,23005
demonstrierbare,VERB,23005
demonstrierbarem,VERB,23005
demonstrierbaren,VERB,23005
demonstrierbarer,VERB,23005
demonstrierbares,VERB,23005
demonstriere,VERB,23005
demonstrieren,PRON,23005
demonstrierend,VERB,23005
demonstrierende,VERB,23005
demonstrierendem,VERB,23005
demonstrierenden,VERB,23005
demonstrierender,VERB,23005
demonstrierendes,VERB,23005
demonstrierst,VERB,23005
demonstriert,VERB,23005
demonstrierte,VERB,23005
demonstriertem,VERB,23005
demonstrierten,VERB,23005
demonstrierter,VERB,23005
demonstriertes,VERB,23005
demonstriertest,VERB,23005
demonstriertet,VERB,23005
demütig,ADJ,14910
demütige,VERB,14910
demütigem,VERB,14910
demütigen,VERB,14910
demütiger,VERB,14910
demütigere,VERB,14910
demütigerem,VERB,14910
demütigeren,VERB,14910
demütigerer,VERB,14910
demütigeres,VERB,14910
demütiges,VERB,14910
demütigst,VERB,14910
demütigste,VERB,14910
demütigstem,VERB,14910
demütigsten,VERB,14910
demütigster,VERB,14910
demütigstes,VERB,14910
den mund aufmachen,PRON,25919
den tisch decken,PRON,23563
denken,PRON,17718
denkens,VERB,17718
denkmal,VERB,24700
denkmal-,VERB,24700
denkmal0,VERB,24700
denksport,VERB,21799
deo,VERB,13657
deodorant,VERB,13657
deodorants,VERB,13657
deos,VERB,13657
depression,VERB,13659
depressionen,VERB,13659
der,NOUN,16482
der abhängige,ADJ,24637
der angestellte,PREP,25703
der drogenabhängige,PREP,24403
der drogensüchtige,PREP,24434
der gleiche laut,OTHER,16714
der hals des pferdes,VERB,25571
der letzte abend des jahres,VERB,25478
der letzte tag des jahres,VERB,25477
der süchtige,PREP,24403
deren,NOUN,18246
derzeitig,NOUN,12352
derzeitige,VERB,12352
derzeitigem,VERB,12352
derzeitigen,VERB,12352
derzeitiger,VERB,12352
derzeitiges,VERB,12352
desaster,VERB,23846
desasters,VERB,23846
deshalb,NOUN,17708
dessen,NOUN,18246
detektiv,PREP,25045
detektive,VERB,25045
detektiven,VERB,25045
detektivin,VERB,25045
detektivinnen,VERB,25045
detektivs,VERB,25045
deutsch,VERB,25415
deutsch-,VERB,25415
deutsch0,VERB,25415
deutsche,VERB,25415
deutschem,VERB,25415
deutschen,VERB,25415
deutscher,VERB,25415
deutsches,VERB,25415
deutschland,VERB,25414
deutschland-,VERB,25414
deutschland0,VERB,25414
dezember,VERB,13647
dezember-,VERB,13647
dezember0,VERB,13647
dhoti,VERB,13668
diaphragma,VERB,13671
diaphragmas,VERB,13671
diaprojektor,VERB,16254
diaprojektoren,VERB,16254
diaprojektors,VERB,16254
dich,PREP,18299
dichotomie,VERB,25692
dichotomien,VERB,25692
dicht,ADJ,25860
dicht dran,ADJ,15697
dicht-,VERB,25860
dicht0,VERB,25860
dichte,VERB,25861
dichtem,VERB,25860
dichten,VERB,25860
dichter,VERB,25860
dichtere,VERB,25860
dichterem,VERB,25860
dichteren,VERB,25860
dichterer,VERB,25860
dichteres,VERB,25860
dichtes,VERB,25860
dichtest,VERB,25860
dichteste,VERB,25860
dichtestem,VERB,25860
dichtesten,VERB,25860
dichtester,VERB,25860
dichtestes,VERB,25860
dichtheit,VERB,25861
dichtung,VERB,16211
dick,ADJ,14156
dick-,VERB,14156
dick0,VERB,14156
dickdarm,VERB,25460
dicke,VERB,14156
dickem,VERB,14156
dicken,VERB,14156
dicker,VERB,14156
dickere,VERB,14156
dickerem,VERB,14156
dickeren,VERB,14156
dickerer,VERB,14156
dickeres,VERB,14156
dickes,VERB,14156
dickest,VERB,14156
dickeste,VERB,14156
dickestem,VERB,14156
dickesten,VERB,14156
dickester,VERB,14156
dickestes,VERB,14156
dickheit,VERB,25560
die,NOUN,16482
die anderen,PREP,25920
die angestellte,PREP,25703
die befruchtung der eizelle,VERB,13395
die dunkle jahreszeit,VERB,25936
die hand erheben,PRON,25930
die hälfte,NOUN,24906
die kruppe des pferdes,VERB,25572
die königliche familie,VERB,24251
die nordischen länder,VERB,22619
die vernichtung von sperma,VERB,25615
die vorgesetzte,PREP,24849
die wenigsten,ADJ,15185
dieb,PREP,23683
diebe,VERB,23683
dieben,VERB,23683
diebes,VERB,23683
diebesgut,VERB,25178
diebin,VERB,23683
diebinnen,VERB,23683
diebs,VERB,23683
diebstahl,VERB,25191
diebstahl-,VERB,25191
diebstahl0,VERB,25191
diele,VERB,20599
dielen,VERB,20599
dienstag,VERB,17790
dienstag-,VERB,17790
dienstag0,VERB,17790
dienstleistung,VERB,23203
diese,NOUN,17711
diese woche,VERB,17721
diesem,NOUN,17720
diesen monat,VERB,24948
dieser,NOUN,17720
dieses,NOUN,17720
dieses jahr,VERB,17722
digital,ADJ,23474
digital-,VERB,23474
digital0,VERB,23474
digitaldaten,VERB,23467
digitale,VERB,23474
digitale datenspeicherung,VERB,24640
digitale welt,VERB,25552
digitalem,VERB,23474
digitalen,VERB,23474
digitaler,VERB,23474
digitaler raum,VERB,25551
digitales,VERB,23474
digitales signal,VERB,24639
digitales speichergerät,VERB,24641
digitalspeicher,VERB,23475
diktator,PREP,25693
diktatoren,VERB,25693
diktatorin,VERB,25693
diktatorinnen,VERB,25693
diktators,VERB,25693
diktatur,VERB,25694
diktaturen,VERB,25694
dilemma,VERB,25695
dilemmas,VERB,25695
dimension,VERB,17221
dimensionen,VERB,17221
ding,VERB,17717
dinge,VERB,17717
dingen,VERB,17717
dinger,VERB,17717
dingern,VERB,17717
dinges,VERB,17717
dings,VERB,17717
dinosaurier,VERB,13681
dinosauriern,VERB,13681
dinosauriers,VERB,13681
dir,PREP,18299
dirigent,PREP,13399
dirigenten,VERB,13399
dirigentin,VERB,13399
dirigentinnen,VERB,13399
disco,VERB,13686
discos,VERB,13686
disharmonisch,ADJ,25865
disharmonische,VERB,25865
disharmonischem,VERB,25865
disharmonischen,VERB,25865
disharmonischer,VERB,25865
disharmonisches,VERB,25865
diskont,VERB,23068
diskont-,VERB,23068
diskont0,VERB,23068
diskontladen,VERB,23070
diskus,VERB,21847
diskusse,VERB,21847
diskussen,VERB,21847
diskusses,VERB,21847
diskussion,VERB,13689
diskussionen,VERB,13689
diskutier,VERB,12413
diskutierbar,VERB,12413
diskutierbare,VERB,12413
diskutierbarem,VERB,12413
diskutierbaren,VERB,12413
diskutierbarer,VERB,12413
diskutierbares,VERB,12413
diskutiere,VERB,12413
diskutieren,PRON,12413
diskutierend,VERB,12413
diskutierende,VERB,12413
diskutierendem,VERB,12413
diskutierenden,VERB,12413
diskutierender,VERB,12413
diskutierendes,VERB,12413
diskutierst,VERB,12413
diskutiert,VERB,12413
diskutierte,VERB,12413
diskutiertem,VERB,12413
diskutierten,VERB,12413
diskutierter,VERB,12413
diskutiertes,VERB,12413
diskutiertest,VERB,12413
diskutiertet,VERB,12413
distanz,VERB,23071
distanz-,VERB,23071
distanz0,VERB,23071
distanziertheit,VERB,25548
dividiere,VERB,13694
dividieren,PRON,13694
dividierend,VERB,13694
dividierende,VERB,13694
dividierendem,VERB,13694
dividierenden,VERB,13694
dividierender,VERB,13694
dividierendes,VERB,13694
dividierst,VERB,13694
dividiert,VERB,13694
dividierte,VERB,13694
dividiertem,VERB,13694
dividierten,VERB,13694
dividierter,VERB,13694
dividiertes,VERB,13694
dividiertest,VERB,13694
dividiertet,VERB,13694
division,VERB,13857
divisionen,VERB,13857
diät,VERB,13673
diät halten,PRON,13674
diät-,VERB,13673
diät0,VERB,13673
doktor,PREP,13861
doktor-,VERB,13861
doktor0,VERB,13861
doktorin,PREP,13861
dokument,VERB,23479
dokument-,VERB,23479
dokument0,VERB,23479
dollar,VERB,13863
dollar-,VERB,13863
dollar0,VERB,13863
domino,VERB,24432
domino-,VERB,24432
domino0,VERB,24432
donner,VERB,17727
donner-,VERB,17727
donner0,VERB,17727
donnerstag,VERB,17728
donnerstag-,VERB,17728
donnerstag0,VERB,17728
donut,VERB,22124
donuts,VERB,22124
doof,ADJ,17447
doofe,VERB,17447
doofem,VERB,17447
doofen,VERB,17447
doofer,VERB,17447
doofere,VERB,17447
dooferem,VERB,17447
dooferen,VERB,17447
dooferer,VERB,17447
dooferes,VERB,17447
doofes,VERB,17447
doofst,VERB,17447
doofste,VERB,17447
doofstem,VERB,17447
doofsten,VERB,17447
doofster,VERB,17447
doofstes,VERB,17447
doppelfüßer,VERB,25913
doppelhaus,VERB,23201
doppelpunkt,NOUN,8488
dorf,VERB,18012
dorf-,VERB,18012
dorf0,VERB,18012
dorsch,VERB,23044
dorsche,VERB,23044
dorschen,VERB,23044
dorsches,VERB,23044
dorschs,VERB,23044
dort,NOUN,17707
dose,VERB,13115
dosen,VERB,13115
dosenöffner,VERB,22396
drachen,VERB,15155
drachen-,VERB,15155
drachen0,VERB,15155
drachenfliegen,VERB,22114
drachensteigen,VERB,22115
draht,VERB,18265
draht-,VERB,18265
draht0,VERB,18265
drama,VERB,23480
dramas,VERB,23480
dran sein,VERB,17956
drang,VERB,24825
drangen,VERB,24825
drangst,VERB,24825
drangt,VERB,24825
drauf,NOUN,15918
draußen,NOUN,15942
drauβen,ADJ,22117
dreck,VERB,15672
dreck-,VERB,15672
dreck0,VERB,15672
drehen,PRON,16690
drehens,VERB,16690
drehung,VERB,24249
drehungen,VERB,16690
drei,NOUN,8499
drei wasser,VERB,25623
drei-,VERB,8499
drei0,VERB,8499
dreieck,VERB,17776
dreiecke,VERB,17776
dreiecken,VERB,17776
dreieckes,VERB,17776
dreieckig,ADJ,17777
dreieckige,VERB,17777
dreieckigem,VERB,17777
dreieckigen,VERB,17777
dreieckiger,VERB,17777
dreieckiges,VERB,17777
dreiecks,VERB,17776
dreieinigkeit,VERB,23115
dreien,VERB,8499
drein,VERB,8499
dreirad,VERB,17778
dressing,VERB,16723
dressings,VERB,16723
dressur,VERB,22097
dressur-,VERB,22097
dressur0,VERB,22097
dressurreiten,VERB,22097
dribbel,VERB,24433
dribbele,VERB,24433
dribbeln,PRON,24433
dribbelnd,VERB,24433
dribbelnde,VERB,24433
dribbelndem,VERB,24433
dribbelnden,VERB,24433
dribbelnder,VERB,24433
dribbelndes,VERB,24433
dribbelst,VERB,24433
dribbelt,VERB,24433
dribbelte,VERB,24433
dribbelten,VERB,24433
dribbeltest,VERB,24433
dribbeltet,VERB,24433
dribble,VERB,24433
drink,VERB,13881
drinks,VERB,13881
drinnen,NOUN,14932
droge,VERB,24488
drogen,VERB,24488
drogenabhängigkeit,VERB,24435
drogensuch,VERB,24435
drogerie,VERB,23072
drogerien,VERB,23072
drogist,PREP,21562
drogisten,VERB,21562
drogistin,PREP,21562
drogistinnen,VERB,21562
dromedar,VERB,13885
dromedare,VERB,13885
dromedaren,VERB,13885
dromedars,VERB,13885
drossel,VERB,17211
drosselung,VERB,17211
drosselungen,VERB,17211
drosslung,VERB,17211
drosslungen,VERB,17211
druck,VERB,23169
druck-,VERB,23169
druck0,VERB,23169
druckanzeige,VERB,23170
drucken,PRON,23624
druckens,VERB,23624
drucker,VERB,17962
drucker-,VERB,17962
drucker0,VERB,17962
druckmesser,VERB,23028
druckmessgerät,VERB,23170
druckschalter,VERB,23670
drücken,PRON,16439
drückens,VERB,16439
drückung,VERB,16439
drückungen,VERB,16439
drüse,VERB,25452
drüsen,VERB,25452
dschungel,VERB,25202
dschungel-,VERB,25202
dschungel0,VERB,25202
du,PREP,18299
dudelsack,VERB,23807
dudelsackes,VERB,23807
dudelsacks,VERB,23807
duft,VERB,17017
duft-,VERB,17017
duft0,VERB,17017
duften,PRON,17019
duftens,VERB,17019
dumm,ADJ,17447
dumme,VERB,17447
dummem,VERB,17447
dummen,VERB,17447
dummer,VERB,17447
dummes,VERB,17447
dummes zeug,VERB,15726
dung,VERB,24009
dunges,VERB,24009
dungs,VERB,24009
dunkel,ADJ,13634
dunkel-,VERB,13634
dunkel0,VERB,13634
dunkelheit,VERB,25858
dunkelst,VERB,13634
dunkelste,VERB,13634
dunkelstem,VERB,13634
dunkelsten,VERB,13634
dunkelster,VERB,13634
dunkelstes,VERB,13634
dunkle,VERB,13634
dunklem,VERB,13634
dunklen,VERB,13634
dunkler,VERB,13634
dunklere,VERB,13634
dunklerem,VERB,13634
dunkleren,VERB,13634
dunklerer,VERB,13634
dunkleres,VERB,13634
dunkles,VERB,13634
durch,NOUN,13100
durch handzeichen,PRON,25930
durchbohren,PRON,25483
durchbohrens,VERB,25483
durchbohrung,VERB,25483
durchbohrungen,VERB,25483
durchdringen,PRON,15992
durchdringens,VERB,15992
durchdringung,VERB,15992
durchdringungen,VERB,15992
durchfall,VERB,24085
durchfallen,PRON,24444
durchfallens,VERB,24444
durchfalls,VERB,24085
durchgehen,PRON,24035
durchgehens,VERB,24035
durchhin gehen,PRON,15992
durchlässiges material,VERB,25357
durchlöchern,PRON,16432
durchlöcherns,VERB,16432
durchlöcherung,VERB,16432
durchlöcherungen,VERB,16432
durchs,VERB,13100
durchschlag,VERB,16976
durchschlag-,VERB,16976
durchschlag0,VERB,16976
durchsichtig,ADJ,13358
durchsichtige,VERB,13358
durchsichtigem,VERB,13358
durchsichtigen,VERB,13358
durchsichtiger,VERB,13358
durchsichtigere,VERB,13358
durchsichtigerem,VERB,13358
durchsichtigeren,VERB,13358
durchsichtigerer,VERB,13358
durchsichtigeres,VERB,13358
durchsichtiges,VERB,13358
durchsichtigst,VERB,13358
durchsichtigste,VERB,13358
durchsichtigstem,VERB,13358
durchsichtigsten,VERB,13358
durchsichtigster,VERB,13358
durchsichtigstes,VERB,13358
durchsieben,PRON,13872
durchsiebens,VERB,13872
durchstechen,PRON,16432
durchstechen verschiedener hautstellen,PRON,25482
durchstechens,VERB,16432
durga,PREP,13891
durstig,ADJ,17719
durstige,VERB,17719
durstigem,VERB,17719
durstigen,VERB,17719
durstiger,VERB,17719
durstigere,VERB,17719
durstigerem,VERB,17719
durstigeren,VERB,17719
durstigerer,VERB,17719
durstigeres,VERB,17719
durstiges,VERB,17719
durstigst,VERB,17719
durstigste,VERB,17719
durstigstem,VERB,17719
durstigsten,VERB,17719
durstigster,VERB,17719
durstigstes,VERB,17719
dusche,VERB,16968
duschen,PRON,16969
duschend,VERB,16969
duschende,VERB,16969
duschendem,VERB,16969
duschenden,VERB,16969
duschender,VERB,16969
duschendes,VERB,16969
duschest,VERB,16969
duschst,VERB,16969
duschstuhl,VERB,24748
duscht,VERB,16969
duschte,VERB,16969
duschten,VERB,16969
duschtest,VERB,16969
duschtet,VERB,16969
dvd,VERB,24645
dvd-film,VERB,24646
dvd-spieler,VERB,24647
dysathrie,VERB,26026
dämpfen,PRON,17256
dämpfens,VERB,17256
dämpfung,VERB,17256
dämpfungen,VERB,17256
dänemark,VERB,13654
dänemarks,VERB,13654
dänisch,VERB,25283
dänische,VERB,25283
dänischem,VERB,25283
dänischen,VERB,25283
dänischer,VERB,25283
dänisches,VERB,25283
döner,VERB,23889
dönern,VERB,23889
döners,VERB,23889
dörrpflaume,VERB,16424
dörrpflaumen,VERB,16424
düngemittel,VERB,24185
dünger,VERB,24185
düngern,VERB,24185
düngers,VERB,24185
dünn,ADJ,17716
dünn-,VERB,17716
dünn0,VERB,17716
dünndarm,VERB,25460
dünne,VERB,25622
dünnem,VERB,17716
dünnen,VERB,17716
dünner,VERB,17716
dünnere,VERB,17716
dünnerem,VERB,17716
dünneren,VERB,17716
dünnerer,VERB,17716
dünneres,VERB,17716
dünnes,VERB,17716
dünnst,VERB,17716
dünnste,VERB,17716
dünnstem,VERB,17716
dünnsten,VERB,17716
dünnster,VERB,17716
dünnstes,VERB,17716
dürre,VERB,23859
dürren,VERB,23859
düsenflugzeug,VERB,14970
e-piano,VERB,23862
ebbe,VERB,22627
ebben,VERB,22627
eben,ADJ,17186
ebene,VERB,17186
ebenem,VERB,17186
ebenen,VERB,17186
ebener,VERB,17186
ebenes,VERB,17186
ebenso,NOUN,16713
eber,VERB,25662
ebern,VERB,25662
ebers,VERB,25662
ec-karte,VERB,23415
echse,VERB,12388
echsen,VERB,12388
echt,ADJ,17782
echte,VERB,17782
echtem,VERB,17782
echten,VERB,17782
echter,VERB,17782
echtere,VERB,17782
echterem,VERB,17782
echteren,VERB,17782
echterer,VERB,17782
echteres,VERB,17782
echtes,VERB,17782
echtest,VERB,17782
echteste,VERB,17782
echtestem,VERB,17782
echtesten,VERB,17782
echtester,VERB,17782
echtestes,VERB,17782
eckchen,VERB,12376
eckchens,VERB,12376
ecke,VERB,12376
ecken,VERB,12376
effekt,VERB,13910
effekte,VERB,13910
effekten,VERB,13910
effektes,VERB,13910
effekts,VERB,13910
egge,VERB,25846
eggen,VERB,25846
ego,PREP,16752
egoismus,VERB,24937
egoistisch,ADJ,16755
egoistische,VERB,16755
egoistischem,VERB,16755
egoistischen,VERB,16755
egoistischer,VERB,16755
egoistisches,VERB,16755
egos,VERB,16752
egozentrisch,ADJ,16755
egozentrische,VERB,16755
egozentrischem,VERB,16755
egozentrischen,VERB,16755
egozentrischer,VERB,16755
egozentrisches,VERB,16755
ehe,VERB,15425
ehe-,VERB,15425
ehe0,VERB,15425
ehefrau,PREP,18251
ehelosigkeit,VERB,24047
ehemann,PREP,14914
ehepaar,PREP,13427
ehesakrament,VERB,21108
ehrenamtlich,ADJ,25825
ehrenamtliche,VERB,25825
ehrenamtliche arbeit,VERB,25827
ehrenamtlichem,VERB,25825
ehrenamtlichen,VERB,25825
ehrenamtlicher,VERB,25825
ehrenamtliches,VERB,25825
ehrlich,ADJ,17782
ehrliche,VERB,17782
ehrlichem,VERB,17782
ehrlichen,VERB,17782
ehrlicher,VERB,17782
ehrlichere,VERB,17782
ehrlicherem,VERB,17782
ehrlicheren,VERB,17782
ehrlicherer,VERB,17782
ehrlicheres,VERB,17782
ehrliches,VERB,17782
ehrlichst,VERB,17782
ehrlichste,VERB,17782
ehrlichstem,VERB,17782
ehrlichsten,VERB,17782
ehrlichster,VERB,17782
ehrlichstes,VERB,17782
ehtanol,VERB,25010
ei,VERB,13911
eichhörnchen,VERB,17245
eidechse,VERB,12388
eidechsen,VERB,12388
eier,VERB,13911
eierkuchen,VERB,22139
eiern,VERB,13911
eierstock,VERB,15947
eieruhr,VERB,23238
eifer,VERB,24804
eifers,VERB,24804
eifersüchtig,ADJ,14967
eifersüchtige,VERB,14967
eifersüchtigem,VERB,14967
eifersüchtigen,VERB,14967
eifersüchtiger,VERB,14967
eifersüchtigere,VERB,14967
eifersüchtigerem,VERB,14967
eifersüchtigeren,VERB,14967
eifersüchtigerer,VERB,14967
eifersüchtigeres,VERB,14967
eifersüchtiges,VERB,14967
eifersüchtigst,VERB,14967
eifersüchtigste,VERB,14967
eifersüchtigstem,VERB,14967
eifersüchtigsten,VERB,14967
eifersüchtigster,VERB,14967
eifersüchtigstes,VERB,14967
eifrig,ADJ,23860
eifrige,VERB,23860
eifrigem,VERB,23860
eifrigen,VERB,23860
eifriger,VERB,23860
eifrigere,VERB,23860
eifrigerem,VERB,23860
eifrigeren,VERB,23860
eifrigerer,VERB,23860
eifrigeres,VERB,23860
eifriges,VERB,23860
eifrigst,VERB,23860
eifrigste,VERB,23860
eifrigstem,VERB,23860
eifrigsten,VERB,23860
eifrigster,VERB,23860
eifrigstes,VERB,23860
eiförmig,ADJ,24924
eiförmige,VERB,24924
eiförmigem,VERB,24924
eiförmigen,VERB,24924
eiförmiger,VERB,24924
eiförmiges,VERB,24924
eigenheim,VERB,14885
eignung,VERB,12322
eile,VERB,24166
eileiter,VERB,14143
eilen,PRON,16699
eilend,VERB,16699
eilende,VERB,16699
eilendem,VERB,16699
eilenden,VERB,16699
eilender,VERB,16699
eilendes,VERB,16699
eilig,ADJ,24168
eilige,VERB,24168
eiligem,VERB,24168
eiligen,VERB,24168
eiliger,VERB,24168
eiligere,VERB,24168
eiligerem,VERB,24168
eiligeren,VERB,24168
eiligerer,VERB,24168
eiligeres,VERB,24168
eiliges,VERB,24168
eiligst,VERB,24168
eiligste,VERB,24168
eiligstem,VERB,24168
eiligsten,VERB,24168
eiligster,VERB,24168
eiligstes,VERB,24168
eilst,VERB,16699
eilt,VERB,16699
eilte,VERB,16699
eilten,VERB,16699
eiltest,VERB,16699
eiltet,VERB,16699
eimer,VERB,15953
eimern,VERB,15953
eimers,VERB,15953
ein,NOUN,12321
ein budget überschreiten,PRON,24707
ein feuer machen,PRON,25341
ein viertel,NOUN,24932
ein-,VERB,12321
ein0,VERB,12321
einander,NOUN,25052
einbeziehung,VERB,23919
einbrecher,PREP,23683
einbrecherin,VERB,23683
einbrecherinnen,VERB,23683
einbrechern,VERB,23683
eindringe,VERB,15992
eindringen,PRON,15992
eindringend,VERB,15992
eindringende,VERB,15992
eindringendem,VERB,15992
eindringenden,VERB,15992
eindringender,VERB,15992
eindringendes,VERB,15992
eindringst,VERB,15992
eindringt,VERB,15992
eine,NOUN,12321
eine ansicht haben,PRON,25269
eine gerade sache,VERB,15216
eine meinung haben,PRON,25269
eine rede halten,PRON,25112
eine weile,VERB,15212
einelternfamilie,PREP,21093
einem,VERB,12321
einen,VERB,12321
einen witz machen,PRON,14974
einer,NOUN,12321
eines,VERB,12321
eines tages,VERB,23021
einfachheit,VERB,24890
einfachheiten,VERB,24890
einfall,VERB,14926
einfall-,VERB,14926
einfall0,VERB,14926
einfluss,VERB,25735
einfluss-,VERB,25735
einfluss0,VERB,25735
einflussreich,ADJ,14930
einflussreiche,VERB,14930
einflussreichem,VERB,14930
einflussreichen,VERB,14930
einflussreicher,VERB,14930
einflussreichere,VERB,14930
einflussreicherem,VERB,14930
einflussreicheren,VERB,14930
einflussreicherer,VERB,14930
einflussreicheres,VERB,14930
einflussreiches,VERB,14930
einflussreichst,VERB,14930
einflussreichste,VERB,14930
einflussreichstem,VERB,14930
einflussreichsten,VERB,14930
einflussreichster,VERB,14930
einflussreichstes,VERB,14930
einfrieren,VERB,25565
einfrierens,VERB,25565
einfrierung,VERB,25565
einfrierungen,VERB,25565
einfuhrgut,VERB,23538
einfühlung,VERB,13931
einfühlungsgabe,VERB,25743
einfühlungsvermögen,VERB,13931
einführen,PRON,23539
einführens,VERB,23539
einführung,VERB,23539
einführungen,VERB,23539
eingabetaste,VERB,23553
eingang,NOUN,15944
einganges,VERB,15944
eingangs,VERB,15944
eingebildet,ADJ,16422
eingebildete,VERB,16422
eingebildetem,VERB,16422
eingebildeten,VERB,16422
eingebildeter,VERB,16422
eingebildetes,VERB,16422
eingeführt,ADJ,23541
eingeführte,VERB,23541
eingeführtem,VERB,23541
eingeführten,VERB,23541
eingeführter,VERB,23541
eingeführtes,VERB,23541
eingekreist,ADJ,25816
eingekreiste,VERB,25816
eingekreistem,VERB,25816
eingekreisten,VERB,25816
eingekreister,VERB,25816
eingekreistes,VERB,25816
eingelegt,ADJ,22350
eingelegte,VERB,22350
eingelegtem,VERB,22350
eingelegten,VERB,22350
eingelegter,VERB,22350
eingelegtes,VERB,22350
eingeschränkt,ADJ,26015
eingeschränkte,VERB,26015
eingeschränktem,VERB,26015
eingeschränkten,VERB,26015
eingeschränkter,VERB,26015
eingeschränktere,VERB,26015
eingeschränkterem,VERB,26015
eingeschränkteren,VERB,26015
eingeschränkterer,VERB,26015
eingeschränkteres,VERB,26015
eingeschränktes,VERB,26015
eingeschränktest,VERB,26015
eingeschränkteste,VERB,26015
eingeschränktestem,VERB,26015
eingeschränktesten,VERB,26015
eingeschränktester,VERB,26015
eingeschränktestes,VERB,26015
eingetroffen,ADJ,24017
eingetroffene,VERB,24017
eingetroffenem,VERB,24017
eingetroffenen,VERB,24017
eingetroffener,VERB,24017
eingetroffenes,VERB,24017
eingeweide,VERB,25460
eingeweide-,VERB,25460
eingeweide0,VERB,25460
eingänge,VERB,15944
eingängen,VERB,15944
einhorn,VERB,23702
einhorn-,VERB,23702
einhorn0,VERB,23702
einige,ADJ,17207
einkaufen,PRON,13099
einkaufens,VERB,13099
einkaufszentrum,VERB,16961
einkommen,VERB,18027
einkommens,VERB,18027
einladung,VERB,25093
einlegefolie,VERB,23600
einlesbar,VERB,23540
einlesbare,VERB,23540
einlesbarem,VERB,23540
einlesbaren,VERB,23540
einlesbarer,VERB,23540
einlesbares,VERB,23540
einlese,VERB,23540
einlesen,PRON,23540
einlesend,VERB,23540
einlesende,VERB,23540
einlesendem,VERB,23540
einlesenden,VERB,23540
einlesender,VERB,23540
einlesendes,VERB,23540
einlest,VERB,23540
einlulle,VERB,23828
einlullen,VERB,23828
einlullend,VERB,23828
einlullende,VERB,23828
einlullendem,VERB,23828
einlullenden,VERB,23828
einlullender,VERB,23828
einlullendes,VERB,23828
einlullst,VERB,23828
einlullt,VERB,23828
einlullte,VERB,23828
einlullten,VERB,23828
einlulltest,VERB,23828
einlulltet,VERB,23828
einmachglas,VERB,22589
einmal,ADJ,15919
einreibe,VERB,16695
einreiben,PRON,16695
einreibend,VERB,16695
einreibende,VERB,16695
einreibendem,VERB,16695
einreibenden,VERB,16695
einreibender,VERB,16695
einreibendes,VERB,16695
einreibst,VERB,16695
einreibt,VERB,16695
einrichtungen für opferhilfe,VERB,23038
eins,NOUN,8497
einsam,ADJ,12363
einsame,VERB,12363
einsamem,VERB,12363
einsamen,VERB,12363
einsamer,VERB,12363
einsamere,VERB,12363
einsamerem,VERB,12363
einsameren,VERB,12363
einsamerer,VERB,12363
einsameres,VERB,12363
einsames,VERB,12363
einsamst,VERB,12363
einsamste,VERB,12363
einsamstem,VERB,12363
einsamsten,VERB,12363
einsamster,VERB,12363
einsamstes,VERB,12363
einschalten,PRON,24300
einschaltens,VERB,24300
einschaltung,VERB,24300
einschaltungen,VERB,24300
einschienenbahn,VERB,24267
einschiffen,PRON,23487
einschiffens,VERB,23487
einschiffung,VERB,25527
einschiffungen,VERB,23487
einschlafe,VERB,23495
einschlafen,PRON,23495
einschlafend,VERB,23495
einschlafende,VERB,23495
einschlafendem,VERB,23495
einschlafenden,VERB,23495
einschlafender,VERB,23495
einschlafendes,VERB,23495
einschlaft,VERB,23495
einschließen,PRON,13364
einschließens,VERB,13364
einschließung,VERB,13364
einschließungen,VERB,13364
einschneide,VERB,25273
einschneiden,PRON,25273
einschneidend,VERB,25273
einschneidende,VERB,25273
einschneidendem,VERB,25273
einschneidenden,VERB,25273
einschneidender,VERB,25273
einschneidendes,VERB,25273
einschneidest,VERB,25273
einschneidet,VERB,25273
einschränken,PRON,26014
einschränkens,VERB,26014
einschränkung,VERB,15213
einschränkungen,VERB,26014
einsegne,VERB,21084
einsegnen,PRON,21084
einsegnend,VERB,21084
einsegnende,VERB,21084
einsegnendem,VERB,21084
einsegnenden,VERB,21084
einsegnender,VERB,21084
einsegnendes,VERB,21084
einsegnest,VERB,21084
einsegnet,VERB,21084
einsegnete,VERB,21084
einsegneten,VERB,21084
einsegnetest,VERB,21084
einsegnetet,VERB,21084
einsortierbar,VERB,15935
einsortierbare,VERB,15935
einsortierbarem,VERB,15935
einsortierbaren,VERB,15935
einsortierbarer,VERB,15935
einsortierbares,VERB,15935
einsortiere,VERB,15935
einsortieren,PRON,15935
einsortierend,VERB,15935
einsortierende,VERB,15935
einsortierendem,VERB,15935
einsortierenden,VERB,15935
einsortierender,VERB,15935
einsortierendes,VERB,15935
einsortierst,VERB,15935
einsortiert,VERB,15935
einsortierte,VERB,15935
einsortiertem,VERB,15935
einsortierten,VERB,15935
einsortierter,VERB,15935
einsortiertes,VERB,15935
einsortiertest,VERB,15935
einsortiertet,VERB,15935
einspruch,VERB,23066
einspruches,VERB,23066
einspruchs,VERB,23066
einstöckiges gebäude,VERB,23163
einstöckiges zuhause,VERB,23164
eintopf,VERB,23668
eintopfgericht,VERB,23668
eintrete,VERB,13940
eintreten,PRON,13940
eintretend,VERB,13940
eintretende,VERB,13940
eintretendem,VERB,13940
eintretenden,VERB,13940
eintretender,VERB,13940
eintretendes,VERB,13940
eintretet,VERB,13940
eintrittskarte,VERB,17729
einvernehmen,VERB,12354
einvernehmens,VERB,12354
einwilligen,PRON,12353
einwilligens,VERB,12353
einwilligung,VERB,12353
einwilligungen,VERB,12353
einwirkung,VERB,25735
einwohner,VERB,13349
einwohner-,VERB,13349
einwohner0,VERB,13349
einwohnerin,VERB,13349
einwohnerinnen,VERB,13349
einwohnerinnen-,VERB,13349
einzäune,VERB,13364
einzäunen,PRON,13364
einzäunend,VERB,13364
einzäunende,VERB,13364
einzäunendem,VERB,13364
einzäunenden,VERB,13364
einzäunender,VERB,13364
einzäunendes,VERB,13364
einzäunst,VERB,13364
einzäunt,VERB,13364
einzäunte,VERB,13364
einzäunten,VERB,13364
einzäuntest,VERB,13364
einzäuntet,VERB,13364
einzäunung,VERB,13934
einäschere,VERB,21286
einäschern,PRON,21286
einäschernd,VERB,21286
einäschernde,VERB,21286
einäscherndem,VERB,21286
einäschernden,VERB,21286
einäschernder,VERB,21286
einäscherndes,VERB,21286
einäscherst,VERB,21286
einäschert,VERB,21286
einäscherte,VERB,21286
einäscherten,VERB,21286
einäschertest,VERB,21286
einäschertet,VERB,21286
einäscherung,VERB,21285
einäschre,VERB,21286
eis,VERB,14919
eis am stiel,VERB,22366
eis-,VERB,14919
eis0,VERB,14919
eisbecher,VERB,14920
eisberg,VERB,24171
eisbude,VERB,22370
eisbär,VERB,25926
eiscafé,VERB,22370
eisdecke,VERB,25893
eisdiele,VERB,22370
eisen,VERB,23122
eisen-,VERB,23122
eisen0,VERB,23122
eisenbahn,VERB,17767
eisenbahnschiene,VERB,23628
eisenzeit,VERB,23123
eisfeld,VERB,24170
eishalle,VERB,25733
eishockey,VERB,14922
eiskalt,ADJ,14925
eiskalte,VERB,14925
eiskaltem,VERB,14925
eiskalten,VERB,14925
eiskalter,VERB,14925
eiskaltes,VERB,14925
eiskrem,VERB,14920
eiskunstlauf,VERB,21862
eislaufe,VERB,21860
eislaufen,VERB,21860
eislaufend,VERB,21860
eislaufende,VERB,21860
eislaufendem,VERB,21860
eislaufenden,VERB,21860
eislaufender,VERB,21860
eislaufendes,VERB,21860
eislaufhalle,VERB,25733
eislauft,VERB,21860
eispanzer,VERB,25893
eisschicht,VERB,25732
eisschnelllauf,VERB,21861
eistüte,VERB,14921
eiswaffel,VERB,14921
ejakulation,VERB,13915
ejakulationen,VERB,13915
ekel,VERB,24885
ekel-,VERB,24885
ekel0,VERB,24885
ekelhaft,ADJ,22354
ekelhafte,VERB,22354
ekelhaftem,VERB,22354
ekelhaften,VERB,22354
ekelhafter,VERB,22354
ekelhaftere,VERB,22354
ekelhafterem,VERB,22354
ekelhafteren,VERB,22354
ekelhafterer,VERB,22354
ekelhafteres,VERB,22354
ekelhaftes,VERB,22354
ekelhaftest,VERB,22354
ekelhafteste,VERB,22354
ekelhaftestem,VERB,22354
ekelhaftesten,VERB,22354
ekelhaftester,VERB,22354
ekelhaftestes,VERB,22354
ekelig,VERB,22354
ekelige,VERB,22354
ekeligem,VERB,22354
ekeligen,VERB,22354
ekeliger,VERB,22354
ekeliges,VERB,22354
eklig,ADJ,22354
eklige,VERB,22354
ekligem,VERB,22354
ekligen,VERB,22354
ekliger,VERB,22354
ekliges,VERB,22354
ekzem,VERB,24266
ekzeme,VERB,24266
ekzemen,VERB,24266
ekzems,VERB,24266
elch,VERB,15652
elch-,VERB,15652
elch0,VERB,15652
elefant,VERB,13923
elefanten,VERB,13923
elektrisch,ADJ,13917
elektrische,VERB,13917
elektrische stromstärke,VERB,25289
elektrischem,VERB,13917
elektrischen,VERB,13917
elektrischer,VERB,13917
elektrischer isolator,VERB,25291
elektrischer leiter,VERB,25288
elektrischer rollstuhl,VERB,13920
elektrisches,VERB,13917
elektrisches dreirad,VERB,21812
elektrisches feld,VERB,25290
elektrizität,VERB,13918
elektroingenieur,PREP,23482
elektroingenieurin,PREP,23482
elektrokabel,VERB,13921
elektromagnetische strahlung,VERB,13922
elektromagnetismus,VERB,25292
elektronische orgel,VERB,23963
elektronisches klavier,VERB,23963
elektropfanne,VERB,22580
elend,VERB,25545
elends,VERB,25545
elfe,PREP,23483
elfen,VERB,23483
ellbogenschoner,VERB,21620
ellenbogen,VERB,13916
eltern,PREP,15968
elternteil,PREP,21090
elul,VERB,13925
email,VERB,23485
emailadresse,VERB,23486
emails,VERB,23485
embryo,VERB,13929
embryos,VERB,13929
empathie,VERB,13931
empfang,VERB,24502
empfanges,VERB,24502
empfangs,VERB,24502
empfehlen,PRON,12346
empfehlens,VERB,12346
empfehlung,VERB,12345
empfehlungen,VERB,12346
empfinden,PRON,14163
empfindens,VERB,14163
empfindung,VERB,14163
empfindungen,VERB,14163
empfänge,VERB,24502
empfängen,VERB,24502
empfänger,VERB,24725
empfänger-,VERB,24725
empfänger0,VERB,24725
empfängerinnen,VERB,24725
empfängerinnen-,VERB,24725
empörung,VERB,24885
enddarm,VERB,25485
ende,VERB,13935
enden,PRON,17268
endens,VERB,17268
endes,VERB,13935
endlich,ADJ,14178
endliche,VERB,14178
endlichem,VERB,14178
endlichen,VERB,14178
endlicher,VERB,14178
endliches,VERB,14178
endlos,ADJ,21331
endlos-,VERB,21331
endlos0,VERB,21331
endlose,VERB,21331
endlosem,VERB,21331
endlosen,VERB,21331
endloser,VERB,21331
endloses,VERB,21331
endlosigkeit,VERB,24892
endotrachealschlauch,VERB,25506
endung,VERB,17268
endungen,VERB,17268
energie,VERB,13936
energie-,VERB,13936
energie0,VERB,13936
energisch,ADJ,12336
energische,VERB,12336
energischem,VERB,12336
energischen,VERB,12336
energischer,VERB,12336
energischere,VERB,12336
energischerem,VERB,12336
energischeren,VERB,12336
energischerer,VERB,12336
energischeres,VERB,12336
energisches,VERB,12336
energischst,VERB,12336
energischste,VERB,12336
energischstem,VERB,12336
energischsten,VERB,12336
energischster,VERB,12336
energischstes,VERB,12336
eng,ADJ,15693
engagemment,VERB,23919
enge,VERB,15693
engel,PREP,12375
engelchen,VERB,12375
engelchens,VERB,12375
engeln,VERB,12375
engels,VERB,12375
engem,VERB,15693
engen,VERB,15693
enger,VERB,15693
engere,VERB,15693
engerem,VERB,15693
engeren,VERB,15693
engerer,VERB,15693
engeres,VERB,15693
enges,VERB,15693
england,VERB,17979
england-,VERB,17979
england0,VERB,17979
englisch,VERB,23078
englisch-,VERB,23078
englisch0,VERB,23078
englische,VERB,23078
englischem,VERB,23078
englischen,VERB,23078
englischer,VERB,23078
englischere,VERB,23078
englischerem,VERB,23078
englischeren,VERB,23078
englischerer,VERB,23078
englischeres,VERB,23078
englisches,VERB,23078
englischst,VERB,23078
englischste,VERB,23078
englischstem,VERB,23078
englischsten,VERB,23078
englischster,VERB,23078
englischstes,VERB,23078
englischunterricht,VERB,23077
engst,VERB,15693
engste,VERB,15693
engstem,VERB,15693
engsten,VERB,15693
engster,VERB,15693
engstes,VERB,15693
enkel,PREP,25720
enkel-,VERB,25720
enkel0,VERB,25720
enkelin,PREP,25720
enkelkind,PREP,25720
enorm,ADJ,21353
enorme,VERB,21353
enormem,VERB,21353
enormen,VERB,21353
enormer,VERB,21353
enormere,VERB,21353
enormerem,VERB,21353
enormeren,VERB,21353
enormerer,VERB,21353
enormeres,VERB,21353
enormes,VERB,21353
enormst,VERB,21353
enormste,VERB,21353
enormstem,VERB,21353
enormsten,VERB,21353
enormster,VERB,21353
enormstes,VERB,21353
entbinden,PRON,25884
entbindens,VERB,25884
entbindung,VERB,12842
entbindungen,VERB,25884
entchen,VERB,12840
entchens,VERB,12840
entdecken,PRON,14179
entdeckens,VERB,14179
entdeckung,VERB,14179
entdeckungen,VERB,14179
ente,VERB,12840
enten,VERB,12840
entfalten,PRON,17976
entfaltens,VERB,17976
entfaltung,VERB,25630
entfaltungen,VERB,17976
entfernt,NOUN,12602
entfernte,VERB,12602
entferntem,VERB,12602
entfernten,VERB,12602
entfernter,VERB,12602
entferntere,VERB,12602
entfernterem,VERB,12602
entfernteren,VERB,12602
entfernterer,VERB,12602
entfernteres,VERB,12602
entferntes,VERB,12602
entferntest,VERB,12602
entfernteste,VERB,12602
entferntestem,VERB,12602
entferntesten,VERB,12602
entferntester,VERB,12602
entferntestes,VERB,12602
entferntheit,VERB,24896
entflammbar,ADJ,24680
entfliehe,VERB,25056
entfliehen,PRON,25056
entfliehend,VERB,25056
entfliehende,VERB,25056
entfliehendem,VERB,25056
entfliehenden,VERB,25056
entfliehender,VERB,25056
entfliehendes,VERB,25056
entfliehst,VERB,25056
entflieht,VERB,25056
entführen,PRON,25081
entführens,VERB,25081
entführer,PREP,25101
entführerin,PREP,25101
entführerinnen,VERB,25101
entführern,VERB,25101
entführers,VERB,25101
entführung,VERB,25034
entführungen,VERB,25081
entgegensetze,VERB,13406
entgegensetzen,PRON,13406
entgegensetzend,VERB,13406
entgegensetzende,VERB,13406
entgegensetzendem,VERB,13406
entgegensetzenden,VERB,13406
entgegensetzender,VERB,13406
entgegensetzendes,VERB,13406
entgegensetzest,VERB,13406
entgegensetzt,VERB,13406
entgegensetzte,VERB,13406
entgegensetzten,VERB,13406
entgegensetztest,VERB,13406
entgegensetztet,VERB,13406
enthalten,PRON,14882
enthaltens,VERB,14882
enthaltsamkeit,VERB,12326
enthaltung,VERB,14882
enthaltungen,VERB,14882
entkernen,PRON,16189
entkernens,VERB,16189
entkernung,VERB,16189
entkernungen,VERB,16189
entkommbar,VERB,25055
entkommbare,VERB,25055
entkommbarem,VERB,25055
entkommbaren,VERB,25055
entkommbarer,VERB,25055
entkommbares,VERB,25055
entkomme,VERB,25055
entkommen,VERB,25055
entkommend,VERB,25055
entkommende,VERB,25055
entkommendem,VERB,25055
entkommenden,VERB,25055
entkommender,VERB,25055
entkommendes,VERB,25055
entkommene,VERB,25055
entkommenem,VERB,25055
entkommenen,VERB,25055
entkommener,VERB,25055
entkommenes,VERB,25055
entkommst,VERB,25055
entkommt,VERB,25055
entlangrase,VERB,25954
entlangrasen,PRON,25954
entlangrasend,VERB,25954
entlangrasende,VERB,25954
entlangrasendem,VERB,25954
entlangrasenden,VERB,25954
entlangrasender,VERB,25954
entlangrasendes,VERB,25954
entlangrasest,VERB,25954
entlangrast,VERB,25954
entlangraste,VERB,25954
entlangrasten,VERB,25954
entlangrastest,VERB,25954
entlangrastet,VERB,25954
entlassen,PRON,25159
entlassens,VERB,25159
entlassung,VERB,25161
entlassungen,VERB,25159
entleeren,PRON,13933
entleerens,VERB,13933
entleerung,VERB,13933
entleerungen,VERB,13933
entscheidung,VERB,13649
entschuldigen,PRON,12404
entschuldigens,VERB,12404
entschuldigung,VERB,14122
entschuldigungen,VERB,12404
entspannen,PRON,16496
entspannens,VERB,16496
entspannung,VERB,16496
entspannungen,VERB,16496
entsteine,VERB,16189
entsteinen,PRON,16189
entsteinst,VERB,16189
entsteint,VERB,16189
entsteinte,VERB,16189
entsteinten,VERB,16189
entsteintest,VERB,16189
entsteintet,VERB,16189
enttäuschung,VERB,14410
entweder,NOUN,13914
entwickeln,PRON,13666
entwickelns,VERB,13666
entwickelung,VERB,13666
entwickelungen,VERB,13666
entwicklung,VERB,13667
entwicklungen,VERB,13666
entzwei,ADJ,12907
entzückend,ADJ,24054
entzückende,VERB,24054
entzückendem,VERB,24054
entzückenden,VERB,24054
entzückender,VERB,24054
entzückendere,VERB,24054
entzückenderem,VERB,24054
entzückenderen,VERB,24054
entzückenderer,VERB,24054
entzückenderes,VERB,24054
entzückendes,VERB,24054
entzückendst,VERB,24054
entzückendste,VERB,24054
entzückendstem,VERB,24054
entzückendsten,VERB,24054
entzückendster,VERB,24054
entzückendstes,VERB,24054
er,PREP,14687
erbitte,VERB,21334
erbitten,PRON,21334
erbittend,VERB,21334
erbittende,VERB,21334
erbittendem,VERB,21334
erbittenden,VERB,21334
erbittender,VERB,21334
erbittendes,VERB,21334
erbittest,VERB,21334
erbittet,VERB,21334
erbreche,VERB,18022
erbrechen,PRON,18022
erbrechend,VERB,18022
erbrechende,VERB,18022
erbrechendem,VERB,18022
erbrechenden,VERB,18022
erbrechender,VERB,18022
erbrechendes,VERB,18022
erbrecht,VERB,18022
erbse,VERB,15987
erbsen,VERB,15987
erdachse,VERB,24605
erdbeben,VERB,22620
erdbeere,VERB,17278
erde,VERB,13900
erdhörnchen,VERB,14460
erdkugel,VERB,25885
erdkunde,VERB,23093
erdkundeunterricht,VERB,23094
erdnussbutter,VERB,15985
erdwärmeenergie,VERB,25069
ereigne,VERB,14674
ereignen,PRON,14674
ereignend,VERB,14674
ereignende,VERB,14674
ereignendem,VERB,14674
ereignenden,VERB,14674
ereignender,VERB,14674
ereignendes,VERB,14674
ereignest,VERB,14674
ereignet,VERB,14674
ereignete,VERB,14674
ereigneten,VERB,14674
ereignetest,VERB,14674
ereignetet,VERB,14674
ereignis,VERB,14114
ereignis-,VERB,14114
ereignis0,VERB,14114
erektion,VERB,13944
erektionen,VERB,13944
erfahrung,VERB,25708
erfinden,PRON,14953
erfindens,VERB,14953
erfindung,VERB,14953
erfindungen,VERB,14953
erfolg,VERB,17451
erfolge,VERB,17451
erfolgen,VERB,17451
erfolges,VERB,17451
erfolgs,VERB,17451
erforschen,PRON,25058
erforschens,VERB,25058
erforscher,PREP,25059
erforscherin,PREP,25059
erforscherinnen,VERB,25059
erforschern,VERB,25059
erforschers,VERB,25059
erforschung,VERB,25058
erforschungen,VERB,25058
erfreue,VERB,12372
erfreuen,PRON,12372
erfreuend,VERB,12372
erfreuende,VERB,12372
erfreuendem,VERB,12372
erfreuenden,VERB,12372
erfreuender,VERB,12372
erfreuendes,VERB,12372
erfreust,VERB,12372
erfreut,VERB,12372
erfreute,VERB,12372
erfreutem,VERB,12372
erfreuten,VERB,12372
erfreuter,VERB,12372
erfreutes,VERB,12372
erfreutest,VERB,12372
erfreutet,VERB,12372
erfrischungsgetränk,VERB,17202
ergebnis,VERB,13910
ergebnis-,VERB,13910
ergebnis0,VERB,13910
ergotherapeut,PREP,21591
ergotherapeuten,VERB,21591
ergotherapeutin,PREP,21591
ergotherapeutinnen,VERB,21591
ergotherapie,VERB,24200
ergotherapien,VERB,24200
ergotherapiezimmer,VERB,24201
ergänzung,VERB,12339
erhalten,PRON,14435
erhaltens,VERB,14435
erhaltung,VERB,14435
erhaltungen,VERB,14435
erhitze,VERB,14697
erhitzen,PRON,14697
erhitzend,VERB,14697
erhitzende,VERB,14697
erhitzendem,VERB,14697
erhitzenden,VERB,14697
erhitzender,VERB,14697
erhitzendes,VERB,14697
erhitzest,VERB,14697
erhitzt,VERB,14697
erhitzte,VERB,14697
erhitztem,VERB,14697
erhitzten,VERB,14697
erhitzter,VERB,14697
erhitztes,VERB,14697
erhitztest,VERB,14697
erhitztet,VERB,14697
erholung,VERB,16495
erhöhte wellenlinie,VERB,25600
erinnern,PRON,16485
erinnerns,VERB,16485
erinnerung,VERB,23589
erinnerungen,VERB,16485
erinnerungsverlust,VERB,24899
eris,VERB,24440
erkenntnis,VERB,21098
erkenntnisse,VERB,21098
erkenntnissen,VERB,21098
erklären,PRON,14130
erklärens,VERB,14130
erklärt,ADJ,25324
erklärung,VERB,25709
erklärungen,VERB,14130
erkältung,VERB,24065
erlaube,VERB,15196
erlauben,PRON,15196
erlaubend,VERB,15196
erlaubende,VERB,15196
erlaubendem,VERB,15196
erlaubenden,VERB,15196
erlaubender,VERB,15196
erlaubendes,VERB,15196
erlaubnis,VERB,24926
erlaubnisse,VERB,24926
erlaubnissen,VERB,24926
erlaubst,VERB,15196
erlaubt,VERB,15196
erlaubte,VERB,15196
erlaubtem,VERB,15196
erlaubten,VERB,15196
erlaubter,VERB,15196
erlaubtes,VERB,15196
erlaubtest,VERB,15196
erlaubtet,VERB,15196
erleide,VERB,14913
erleiden,PRON,14913
erleidend,VERB,14913
erleidende,VERB,14913
erleidendem,VERB,14913
erleidenden,VERB,14913
erleidender,VERB,14913
erleidendes,VERB,14913
erleidest,VERB,14913
erleidet,VERB,14913
erläutern,PRON,14130
erläuterns,VERB,14130
erläuterung,VERB,14130
erläuterungen,VERB,14130
erlösung,VERB,24253
ermittler,PREP,25045
ermittlerin,PREP,25045
ermittlerinnen,VERB,25045
ermittlern,VERB,25045
ermittlers,VERB,25045
ermorden,PRON,15148
ermordens,VERB,15148
ermordung,VERB,15148
ermordungen,VERB,15148
ermutigen,PRON,25053
ermutigens,VERB,25053
ermutigung,VERB,25054
ermutigungen,VERB,25053
ermächtigen,PRON,25997
ermächtigens,VERB,25997
ermächtigt,ADJ,24649
ermächtigung,VERB,24650
ermächtigungen,VERB,25997
ernte,VERB,14681
ernte-,VERB,14681
ernte0,VERB,14681
erntedankfest,VERB,17534
erntemaschine,VERB,25684
ernährungssonde,VERB,25450
errate,VERB,14651
erraten,PRON,14651
erratend,VERB,14651
erratende,VERB,14651
erratendem,VERB,14651
erratenden,VERB,14651
erratender,VERB,14651
erratendes,VERB,14651
erratene,VERB,14651
erratenem,VERB,14651
erratenen,VERB,14651
erratener,VERB,14651
erratenes,VERB,14651
erratet,VERB,14651
erregung,VERB,14120
erreichbar,ADJ,25003
erreichbarkeit,VERB,25002
erreichbarkeiten,VERB,25002
erreichen,PRON,24401
erreichens,VERB,24401
erreichung,VERB,24401
erreichungen,VERB,24401
errichten,PRON,24877
errichtens,VERB,24877
errichtung,VERB,24877
errichtungen,VERB,24877
erröte,VERB,24029
erröten,PRON,24029
errötend,VERB,24029
errötende,VERB,24029
errötendem,VERB,24029
errötenden,VERB,24029
errötender,VERB,24029
errötendes,VERB,24029
errötest,VERB,24029
errötet,VERB,24029
errötete,VERB,24029
errötetem,VERB,24029
erröteten,VERB,24029
erröteter,VERB,24029
errötetes,VERB,24029
errötetest,VERB,24029
errötetet,VERB,24029
ersatz,VERB,24759
ersatz-,VERB,24759
ersatz0,VERB,24759
ersatzfamilie,VERB,23513
erschaffen,PRON,13606
erschaffens,VERB,13606
erschaffung,VERB,13606
erschaffungen,VERB,13606
erscheinen,PRON,16750
erscheinens,VERB,16750
erscheinung,VERB,21078
erscheinungen,VERB,16750
erschrecke,VERB,17525
erschrecken,ADJ,17525
erschreckend,VERB,17525
erschreckende,VERB,17525
erschreckendem,VERB,17525
erschreckenden,VERB,17525
erschreckender,VERB,17525
erschreckendes,VERB,17525
erschreckst,VERB,17525
erschreckt,VERB,17525
erschreckte,VERB,17525
erschrecktem,VERB,17525
erschreckten,VERB,17525
erschreckter,VERB,17525
erschrecktes,VERB,17525
erschrecktest,VERB,17525
erschrecktet,VERB,17525
erschrocken,ADJ,12347
erschrockene,VERB,12347
erschrockenem,VERB,12347
erschrockenen,VERB,12347
erschrockener,VERB,12347
erschrockenes,VERB,12347
erschöpft,ADJ,17735
ersetzen,PRON,14118
ersetzens,VERB,14118
ersetzung,VERB,14118
ersetzungen,VERB,14118
erste,ADJ,14187
erste hilfe,VERB,25304
erster,ADJ,14187
erstere,VERB,14187
ersterem,VERB,14187
ersteren,VERB,14187
ersterer,VERB,14187
ersteres,VERB,14187
erstes,ADJ,14187
ersticken,PRON,13177
erstickens,VERB,13177
erstickung,VERB,13177
erstickungen,VERB,13177
erstrebenswert,ADJ,13662
erstrebenswerte,VERB,13662
erstrebenswertem,VERB,13662
erstrebenswerten,VERB,13662
erstrebenswerter,VERB,13662
erstrebenswertere,VERB,13662
erstrebenswerterem,VERB,13662
erstrebenswerteren,VERB,13662
erstrebenswerterer,VERB,13662
erstrebenswerteres,VERB,13662
erstrebenswertes,VERB,13662
erstrebenswertest,VERB,13662
erstrebenswerteste,VERB,13662
erstrebenswertestem,VERB,13662
erstrebenswertesten,VERB,13662
erstrebenswertester,VERB,13662
erstrebenswertestes,VERB,13662
ertrag,VERB,14913
ertragbar,VERB,14913
ertragbare,VERB,14913
ertragbarem,VERB,14913
ertragbaren,VERB,14913
ertragbarer,VERB,14913
ertragbares,VERB,14913
ertrage,VERB,14913
ertragen,PRON,14913
ertragend,VERB,14913
ertragende,VERB,14913
ertragendem,VERB,14913
ertragenden,VERB,14913
ertragender,VERB,14913
ertragendes,VERB,14913
ertragene,VERB,14913
ertragenem,VERB,14913
ertragenen,VERB,14913
ertragener,VERB,14913
ertragenes,VERB,14913
ertragt,VERB,14913
ertrinke,VERB,21348
ertrinken,PRON,21348
ertrinkend,VERB,21348
ertrinkende,VERB,21348
ertrinkendem,VERB,21348
ertrinkenden,VERB,21348
ertrinkender,VERB,21348
ertrinkendes,VERB,21348
ertrinkst,VERB,21348
ertrinkt,VERB,21348
ertränke,VERB,21349
ertränken,PRON,21349
ertränkend,VERB,21349
ertränkende,VERB,21349
ertränkendem,VERB,21349
ertränkenden,VERB,21349
ertränkender,VERB,21349
ertränkendes,VERB,21349
ertränkst,VERB,21349
ertränkt,VERB,21349
ertränkte,VERB,21349
ertränktem,VERB,21349
ertränkten,VERB,21349
ertränkter,VERB,21349
ertränktes,VERB,21349
ertränktest,VERB,21349
ertränktet,VERB,21349
eruption,VERB,24652
eruptionen,VERB,24652
erwachse,VERB,12342
erwachsen,ADJ,12342
erwachsend,VERB,12342
erwachsende,VERB,12342
erwachsendem,VERB,12342
erwachsenden,VERB,12342
erwachsender,VERB,12342
erwachsendes,VERB,12342
erwachsene,VERB,12342
erwachsenem,VERB,12342
erwachsenen,VERB,12342
erwachsener,PREP,12341
erwachsenes,VERB,12342
erwachst,VERB,12342
erwarten,PRON,14127
erwartens,VERB,14127
erwartung,VERB,14128
erwartungen,VERB,14127
erweitern,PRON,14936
erweiterns,VERB,14936
erweiterung,VERB,14936
erweiterungen,VERB,14936
erwiderung,VERB,12393
erwünscht,ADJ,13662
erwünschte,VERB,13662
erwünschtem,VERB,13662
erwünschten,VERB,13662
erwünschter,VERB,13662
erwünschtere,VERB,13662
erwünschterem,VERB,13662
erwünschteren,VERB,13662
erwünschterer,VERB,13662
erwünschteres,VERB,13662
erwünschtes,VERB,13662
erwünschtest,VERB,13662
erwünschteste,VERB,13662
erwünschtestem,VERB,13662
erwünschtesten,VERB,13662
erwünschtester,VERB,13662
erwünschtestes,VERB,13662
erziehung,VERB,13908
erziehungswissenschaftler,PREP,23606
erzielen,PRON,24401
erzielens,VERB,24401
erzielung,VERB,24401
erzielungen,VERB,24401
erzählen,PRON,16728
erzählens,VERB,16728
erzählung,VERB,17272
erzählungen,VERB,16728
es,NOUN,14960
es eilig haben,ADJ,24168
es sei denn,NOUN,17981
es tut mir leid,OTHER,17214
esel,VERB,13865
eselchen,VERB,13865
eselchens,VERB,13865
eselin,VERB,13865
eselinnen,VERB,13865
eseln,VERB,13865
esels,VERB,13865
essen,PRON,13906
essens,VERB,13906
essensdose,VERB,23573
essig,VERB,18013
essig-,VERB,18013
essig0,VERB,18013
essstörung,VERB,24439
esszimmer,VERB,13680
estland,VERB,24097
estlands,VERB,24097
estnisch,VERB,25295
estnische,VERB,25295
estnischem,VERB,25295
estnischen,VERB,25295
estnischer,VERB,25295
estnisches,VERB,25295
etage,VERB,23085
etagen,VERB,23085
etagenhaus,VERB,23022
etat,VERB,23427
etat-,VERB,23427
etat0,VERB,23427
etrog,VERB,13946
etui,VERB,25532
etwas,NOUN,12400
etwas beeinflussen,PRON,24466
etwas einsetzen,PRON,13940
etwas ungern tun,PRON,14683
euch,PREP,18298
euer,PREP,18298
eule,VERB,15949
eulen,VERB,15949
eure,PREP,18472
eurem,VERB,18298
euren,VERB,18298
eurer,VERB,18298
eures,VERB,18298
euro,VERB,21541
euro-,VERB,21541
euro0,VERB,21541
europa,VERB,22606
europa-,VERB,22606
europa0,VERB,22606
eva,PREP,21064
evaluieren,PRON,13947
evaluierens,VERB,13947
evaluierung,VERB,13947
evaluierungen,VERB,13947
evangelisiere,VERB,21347
evangelisieren,PRON,21347
evangelisierst,VERB,21347
evangelisiert,VERB,21347
evangelisierte,VERB,21347
evangelisierten,VERB,21347
evangelisiertest,VERB,21347
evangelisiertet,VERB,21347
evangelium,VERB,21076
evangeliums,VERB,21076
evas,VERB,21064
ewig,ADJ,21332
ewige,VERB,21332
ewigem,VERB,21332
ewigen,VERB,21332
ewiger,VERB,21332
ewiges,VERB,21332
ewiges leben,VERB,13945
ewigkeit,VERB,24892
ewigkeiten,VERB,24892
ewiglich,VERB,21332
ewigliche,VERB,21332
ewiglichem,VERB,21332
ewiglichen,VERB,21332
ewiglicher,VERB,21332
ewigliches,VERB,21332
exhibitionismus,VERB,14125
existenz,VERB,24098
existenz-,VERB,24098
existenz0,VERB,24098
existiere,VERB,12639
existieren,PRON,12639
existierend,VERB,12639
existierende,VERB,12639
existierendem,VERB,12639
existierenden,VERB,12639
existierender,VERB,12639
existierendes,VERB,12639
existierst,VERB,12639
existiert,VERB,12639
existierte,VERB,12639
existierten,VERB,12639
existiertest,VERB,12639
existiertet,VERB,12639
exkursion,VERB,15945
exkursionen,VERB,15945
experiment,VERB,24893
experimente,VERB,24893
experimenten,VERB,24893
experimentes,VERB,24893
experimentieren,PRON,24099
experimentierens,VERB,24099
experiments,VERB,24893
explodiere,VERB,14131
explodieren,PRON,14131
explodierend,VERB,14131
explodierende,VERB,14131
explodierendem,VERB,14131
explodierenden,VERB,14131
explodierender,VERB,14131
explodierendes,VERB,14131
explodierst,VERB,14131
explodiert,ADJ,24100
explodierte,VERB,14131
explodiertem,VERB,14131
explodierten,VERB,14131
explodierter,VERB,14131
explodiertes,VERB,14131
explodiertest,VERB,14131
explodiertet,VERB,14131
explosion,VERB,14132
explosionen,VERB,14132
explosiv,ADJ,24101
explosiv-,VERB,24101
explosiv0,VERB,24101
explosive,VERB,24101
explosivem,VERB,24101
explosiven,VERB,24101
explosiver,VERB,24101
explosivere,VERB,24101
explosiverem,VERB,24101
explosiveren,VERB,24101
explosiverer,VERB,24101
explosiveres,VERB,24101
explosives,VERB,24101
explosivst,VERB,24101
explosivste,VERB,24101
explosivstem,VERB,24101
explosivsten,VERB,24101
explosivster,VERB,24101
explosivstes,VERB,24101
export,VERB,23489
export-,VERB,23489
export0,VERB,23489
exportier,VERB,23490
exportierbar,VERB,23490
exportierbare,VERB,23490
exportierbarem,VERB,23490
exportierbaren,VERB,23490
exportierbarer,VERB,23490
exportierbares,VERB,23490
exportiere,VERB,23490
exportieren,PRON,23490
exportierend,VERB,23490
exportierende,VERB,23490
exportierendem,VERB,23490
exportierenden,VERB,23490
exportierender,VERB,23490
exportierendes,VERB,23490
exportierst,VERB,23490
exportiert,ADJ,23492
exportierte,VERB,23490
exportiertem,VERB,23490
exportierten,VERB,23490
exportierter,VERB,23490
exportiertes,VERB,23490
exportiertest,VERB,23490
exportiertet,VERB,23490
externes laufwerk,VERB,24654
eyeliner,VERB,15164
eβlöffel,VERB,22570
fabel,VERB,25876
fabeln,VERB,25876
fabrik,VERB,14140
fabrik-,VERB,14140
fabrik0,VERB,14140
fach,VERB,16953
fach-,VERB,16953
fach0,VERB,16953
fachgebiet,VERB,23669
faden,VERB,17276
fadens,VERB,17276
fagott,VERB,23812
fagotte,VERB,23812
fagotten,VERB,23812
fagottes,VERB,23812
fagotts,VERB,23812
fahren,PRON,13883
fahrens,VERB,13883
fahrer,PREP,13884
fahrer-,VERB,13884
fahrer0,VERB,13884
fahrerin,PREP,13884
fahrerinnen,VERB,13884
fahrerinnen-,VERB,13884
fahrgast,VERB,23605
fahrkarte,VERB,17729
fahrrad,VERB,12834
fahrrades,VERB,12834
fahrradhelm,VERB,21618
fahrradlampe,VERB,25848
fahrradlicht,VERB,25848
fahrradweg,VERB,24022
fahrstuhl,VERB,13924
fahrt,VERB,17779
fahrt-,VERB,17779
fahrt0,VERB,17779
fahrwerk,VERB,25334
fahrzeug,VERB,13121
fahrzeug-,VERB,13121
fahrzeug0,VERB,13121
fair,ADJ,23081
faire,VERB,23081
fairem,VERB,23081
fairen,VERB,23081
fairer,VERB,23081
fairere,VERB,23081
fairerem,VERB,23081
faireren,VERB,23081
fairerer,VERB,23081
faireres,VERB,23081
faires,VERB,23081
fairst,VERB,23081
fairste,VERB,23081
fairstem,VERB,23081
fairsten,VERB,23081
fairster,VERB,23081
fairstes,VERB,23081
falafel,VERB,14141
falafeln,VERB,14141
falke,VERB,14686
falken,VERB,14686
fall,VERB,24894
fall-,VERB,24894
fall0,VERB,24894
falle,VERB,25199
fallen,PRON,14142
fallen lassen,PRON,24686
fallens,VERB,14142
fallschirm,VERB,22105
fallschirmgurt,VERB,24205
fallschirmjäger,PREP,15965
fallschirmspringen,VERB,22106
falsch,ADJ,12615
falsch anwenden,PRON,24698
falsch gebrauchen,PRON,24698
falsch-,VERB,12615
falsch0,VERB,12615
falsche,VERB,12615
falsche anwendung,VERB,24697
falschem,VERB,12615
falschen,VERB,12615
falscher,VERB,12615
falsches,VERB,12615
falte,VERB,25564
falten,PRON,14375
falten-,VERB,14375
falten0,VERB,14375
faltung,VERB,25564
falz,VERB,25564
falze,VERB,25564
falzen,VERB,25564
falzes,VERB,25564
familie,PREP,13427
familien,VERB,13427
familienplanung,VERB,14147
familienplanungsberatungsstelle,VERB,14148
familientag,VERB,24103
fan,PREP,24083
fanatiker,PREP,24083
fanatikerin,PREP,24083
fanatikerinnen,VERB,24083
fanatikern,VERB,24083
fanatikers,VERB,24083
fanatisch,ADJ,24105
fanatische,VERB,24105
fanatischem,VERB,24105
fanatischen,VERB,24105
fanatischer,VERB,24105
fanatisches,VERB,24105
fanclub,VERB,24446
fanclub eines fussballvereins,VERB,24449
fanclubs,VERB,24446
fangen,PRON,13131
fangens,VERB,13131
fans,PREP,25183
fantasie,VERB,24895
fantasien,VERB,24895
fantasterei,VERB,24895
fantastereien,VERB,24895
farbe,VERB,13377
farben,VERB,13377
farbton,VERB,23928
farfalle,VERB,22131
farsi,VERB,25358
faschiertes,VERB,23591
faser,VERB,25878
faser-,VERB,25878
faser0,VERB,25878
fast,ADJ,15697
faste,VERB,21323
fasten,PRON,21323
fastend,VERB,21323
fastende,VERB,21323
fastendem,VERB,21323
fastenden,VERB,21323
fastender,VERB,21323
fastendes,VERB,21323
fastentag,VERB,14153
fastentage,VERB,14153
fastentagen,VERB,14153
fastentages,VERB,14153
fastentags,VERB,14153
fastenzeit,VERB,21322
fastenzeiten,VERB,21322
fastest,VERB,21323
fastet,VERB,21323
fastete,VERB,21323
fasteten,VERB,21323
fastetest,VERB,21323
fastetet,VERB,21323
fax,VERB,23497
faxe,VERB,23498
faxen,PRON,23498
faxend,VERB,23498
faxende,VERB,23498
faxendem,VERB,23498
faxenden,VERB,23498
faxender,VERB,23498
faxendes,VERB,23498
faxes,VERB,23497
faxest,VERB,23498
faxgerät,VERB,23499
faxgeräte,VERB,23499
faxgeräten,VERB,23499
faxgerätes,VERB,23499
faxgeräts,VERB,23499
faxt,VERB,23498
faxte,VERB,23498
faxten,VERB,23498
faxtest,VERB,23498
faxtet,VERB,23498
februar,VERB,14161
februar-,VERB,14161
februar0,VERB,14161
fechten,VERB,21837
fechtens,VERB,21837
feder,VERB,14160
feder-,VERB,14160
feder0,VERB,14160
federball,VERB,20588
federballspiel,VERB,12617
federkasten,VERB,23166
fee,PREP,23494
feen,VERB,23494
fege,VERB,12913
fegen,PRON,12913
fegend,VERB,12913
fegende,VERB,12913
fegendem,VERB,12913
fegenden,VERB,12913
fegender,VERB,12913
fegendes,VERB,12913
fegst,VERB,12913
fegt,VERB,12913
fegte,VERB,12913
fegten,VERB,12913
fegtest,VERB,12913
fegtet,VERB,12913
fehler,VERB,15479
fehler-,VERB,15479
fehler0,VERB,15479
fehlerhaft,ADJ,14935
fehlerhafte,VERB,14935
fehlerhaftem,VERB,14935
fehlerhaften,VERB,14935
fehlerhafter,VERB,14935
fehlerhaftere,VERB,14935
fehlerhafterem,VERB,14935
fehlerhafteren,VERB,14935
fehlerhafterer,VERB,14935
fehlerhafteres,VERB,14935
fehlerhaftes,VERB,14935
fehlerhaftest,VERB,14935
fehlerhafteste,VERB,14935
fehlerhaftestem,VERB,14935
fehlerhaftesten,VERB,14935
fehlerhaftester,VERB,14935
fehlerhaftestes,VERB,14935
fehlgeburt,VERB,15477
feier,VERB,15973
feier-,VERB,15973
feier0,VERB,15973
feiertag,VERB,14884
feiertage,VERB,14884
feig,ADJ,23463
feige,ADJ,23463
feigem,VERB,23463
feigen,VERB,23463
feiger,VERB,23463
feigere,VERB,23463
feigerem,VERB,23463
feigeren,VERB,23463
feigerer,VERB,23463
feigeres,VERB,23463
feiges,VERB,23463
feigheit,VERB,23462
feigheiten,VERB,23462
feigling,PREP,23461
feiglinge,VERB,23461
feiglingen,VERB,23461
feiglings,VERB,23461
feigst,VERB,23463
feigste,VERB,23463
feigstem,VERB,23463
feigsten,VERB,23463
feigster,VERB,23463
feigstes,VERB,23463
feigwarze,VERB,24334
feigwarzen,VERB,24334
feile,VERB,23500
feilen,VERB,23500
fein,ADJ,14463
fein-,VERB,14463
fein0,VERB,14463
feine,VERB,14463
feinem,VERB,14463
feinen,VERB,14463
feiner,VERB,14463
feinere,VERB,14463
feinerem,VERB,14463
feineren,VERB,14463
feinerer,VERB,14463
feineres,VERB,14463
feines,VERB,14463
feingebäck,VERB,22123
feinst,VERB,14463
feinste,VERB,14463
feinstem,VERB,14463
feinsten,VERB,14463
feinster,VERB,14463
feinstes,VERB,14463
feld,VERB,14173
feld-,VERB,14173
feld0,VERB,14173
feldhockey,VERB,14174
fell,VERB,12387
fell-,VERB,12387
fell0,VERB,12387
fels,VERB,17267
fels-,VERB,17267
fels0,VERB,17267
felsen,VERB,17267
felsen-,VERB,17267
felsen0,VERB,17267
fenster,VERB,18256
fenster-,VERB,18256
fenster0,VERB,18256
fenstergitter,VERB,18257
ferien,VERB,17995
ferienhaus,VERB,25949
ferienlager,VERB,13112
ferkel,VERB,25769
ferkelchen,VERB,25769
ferkelchens,VERB,25769
ferkeln,VERB,25769
ferkels,VERB,25769
fern,ADJ,14150
fern-,VERB,14150
fern0,VERB,14150
fernbedienung,VERB,24730
ferne,VERB,14150
fernem,VERB,14150
fernen,VERB,14150
ferner,VERB,14150
fernere,VERB,14150
fernerem,VERB,14150
ferneren,VERB,14150
fernerer,VERB,14150
ferneres,VERB,14150
fernes,VERB,14150
fernglas,VERB,24416
fernrohr,VERB,22635
fernschreiber,VERB,23679
fernsehapparat,VERB,17519
fernseher,VERB,17519
fernsehern,VERB,17519
fernsehers,VERB,17519
fernsehprogramm,VERB,24773
fernsehstudio,VERB,24774
fernst,VERB,14150
fernste,VERB,14150
fernstem,VERB,14150
fernsten,VERB,14150
fernster,VERB,14150
fernstes,VERB,14150
ferse,VERB,14700
fersen,VERB,14700
fertig,ADJ,16466
fertig-,VERB,16466
fertig0,VERB,16466
fertige,VERB,16466
fertigem,VERB,16466
fertigen,PRON,25722
fertigens,VERB,25722
fertiger,VERB,16466
fertigere,VERB,16466
fertigerem,VERB,16466
fertigeren,VERB,16466
fertigerer,VERB,16466
fertigeres,VERB,16466
fertiges,VERB,16466
fertigst,VERB,16466
fertigste,VERB,16466
fertigstellen,PRON,14181
fertigstellens,VERB,14181
fertigstellung,VERB,14181
fertigstellungen,VERB,14181
fertigstem,VERB,16466
fertigsten,VERB,16466
fertigster,VERB,16466
fertigstes,VERB,16466
fertigung,VERB,25722
fertigungen,VERB,25722
fest,VERB,15973
fest-,VERB,15973
fest0,VERB,15973
festbinde,VERB,24152
festbinden,PRON,24152
festbindend,VERB,24152
festbindende,VERB,24152
festbindendem,VERB,24152
festbindenden,VERB,24152
festbindender,VERB,24152
festbindendes,VERB,24152
festbindest,VERB,24152
festbindet,VERB,24152
festlichkeit,VERB,21096
festlichkeiten,VERB,21096
festnehme,VERB,23025
festnehmen,PRON,23025
festnehmend,VERB,23025
festnehmende,VERB,23025
festnehmendem,VERB,23025
festnehmenden,VERB,23025
festnehmender,VERB,23025
festnehmendes,VERB,23025
festnehmt,VERB,23025
fett,ADJ,14156
fett-,VERB,14156
fett0,VERB,14156
fetus,VERB,14170
fetzen,VERB,25148
fetzens,VERB,25148
feucht,ADJ,18226
feuchte,VERB,18226
feuchtem,VERB,18226
feuchten,VERB,18226
feuchter,VERB,18226
feuchtere,VERB,18226
feuchterem,VERB,18226
feuchteren,VERB,18226
feuchterer,VERB,18226
feuchteres,VERB,18226
feuchtes,VERB,18226
feuchtest,VERB,18226
feuchteste,VERB,18226
feuchtestem,VERB,18226
feuchtesten,VERB,18226
feuchtester,VERB,18226
feuchtestes,VERB,18226
feuer,VERB,14183
feuer-,VERB,14183
feuer0,VERB,14183
feuerbestattung,VERB,21285
feuere,VERB,25159
feuereinstellung,VERB,24424
feuerkunst,VERB,25303
feuerlöscher,VERB,25301
feuern,PRON,25159
feuernd,VERB,25159
feuernde,VERB,25159
feuerndem,VERB,25159
feuernden,VERB,25159
feuernder,VERB,25159
feuerndes,VERB,25159
feuerst,VERB,25159
feuerstelle,VERB,25302
feuert,VERB,25159
feuerte,VERB,25159
feuerten,VERB,25159
feuertest,VERB,25159
feuertet,VERB,25159
feuerwehr,VERB,14186
feuerwehrauto,VERB,14186
feuerwehrfrau,PREP,14184
feuerwehrmann,PREP,14184
feuerwerk,VERB,24655
feure,VERB,25159
fiber,VERB,25878
fieber,VERB,24112
fieber-,VERB,24112
fieber0,VERB,24112
film,VERB,14177
film-,VERB,14177
film0,VERB,14177
filtern,PRON,13872
filterns,VERB,13872
filtersieb,VERB,16976
filterung,VERB,13872
filterungen,VERB,13872
filzstift,VERB,13604
finanzhilfe,VERB,24113
finanzielle unterstützung,VERB,24113
finden,PRON,14179
findens,VERB,14179
findung,VERB,14179
findungen,VERB,14179
finger,VERB,14180
finger-,VERB,14180
finger0,VERB,14180
fingerabdruck,VERB,25298
fingeralphabet,VERB,23506
fingernagel,VERB,24114
fingersprache,VERB,23506
fingerzeig,VERB,16212
fingerzeige,VERB,16212
fingerzeigen,VERB,16212
fingerzeigs,VERB,16212
fink,VERB,17211
finken,VERB,17211
finnisch,VERB,25299
finnische,VERB,25299
finnischem,VERB,25299
finnischen,VERB,25299
finnischer,VERB,25299
finnisches,VERB,25299
finnland,VERB,14182
finnlands,VERB,14182
finsternis,VERB,25858
finsternisse,VERB,25858
finsternissen,VERB,25858
fisch,VERB,14188
fisch-,VERB,14188
fisch0,VERB,14188
fischball,VERB,22127
fischbrötchen,VERB,22120
fische,VERB,22648
fischen,PRON,14190
fischend,VERB,14190
fischende,VERB,14190
fischendem,VERB,14190
fischenden,VERB,14190
fischender,VERB,14190
fischendes,VERB,14190
fischer,PREP,23509
fischer-,VERB,23509
fischer0,VERB,23509
fischerei,VERB,14191
fischerin,PREP,23509
fischerinnen,VERB,23509
fischerinnen-,VERB,23509
fischest,VERB,14190
fischfang,VERB,14191
fischkasten,VERB,24656
fischnetz,VERB,21357
fischschwarm,VERB,23206
fischst,VERB,14190
fischstäbchen,VERB,23508
fischt,VERB,14190
fischte,VERB,14190
fischten,VERB,14190
fischtest,VERB,14190
fischtet,VERB,14190
fishburger,VERB,22120
fixierung,VERB,24898
fjord,VERB,22613
fjorde,VERB,22613
fjorden,VERB,22613
fjordes,VERB,22613
fjords,VERB,22613
flach,ADJ,14197
flach-,VERB,14197
flach0,VERB,14197
flachcomputer,VERB,23672
flache,VERB,14197
flache schale,VERB,13690
flachem,VERB,14197
flachen,VERB,14197
flacher,VERB,14197
flachere,VERB,14197
flacherem,VERB,14197
flacheren,VERB,14197
flacherer,VERB,14197
flacheres,VERB,14197
flaches,VERB,14197
flachs,VERB,23084
flachses,VERB,23084
flachst,VERB,14197
flachste,VERB,14197
flachstem,VERB,14197
flachsten,VERB,14197
flachster,VERB,14197
flachstes,VERB,14197
flagge,VERB,14193
flaggen,VERB,14193
flamme,VERB,14194
flammen,VERB,14194
flasche,VERB,12880
flaschen,VERB,12880
flaschenhals,VERB,25529
flaschenöffner,VERB,22395
flaschenöffnung,VERB,25529
flaute,ADJ,23829
flauten,VERB,23829
flechte,VERB,25023
flechten,PRON,25022
flechtens,VERB,25022
flechtung,VERB,25022
flechtungen,VERB,25022
fleck,VERB,17236
fleckchen,VERB,17236
fleckchens,VERB,17236
flecke,VERB,17236
fleckes,VERB,17236
flecks,VERB,17236
fledermaus,VERB,12636
fleisch,VERB,15444
fleisch-,VERB,15444
fleisch0,VERB,15444
fleischer,PREP,23428
fleischerei,VERB,23037
fleischereien,VERB,23037
fleischerin,PREP,23428
fleischerinnen,VERB,23428
fleischern,VERB,23428
fleischers,VERB,23428
fleischkloß,VERB,14378
fleischklößchen,VERB,15445
fleischklößchens,VERB,15445
fleischsoße,VERB,23586
fleischwürfel,VERB,23473
fliege,VERB,14371
fliegen,PRON,14372
fliegen-,VERB,14372
fliegen0,VERB,14372
fliegend,ADJ,14373
flieh,VERB,25056
fliehe,VERB,25056
fliehen,PRON,25056
fliehend,VERB,25056
fliehende,VERB,25056
fliehendem,VERB,25056
fliehenden,VERB,25056
fliehender,VERB,25056
fliehendes,VERB,25056
fliehst,VERB,25056
flieht,VERB,25056
fließender behälter,VERB,25562
flimmern,PRON,17960
flimmerns,VERB,17960
flitter,VERB,25490
flitters,VERB,25490
floh,VERB,14199
flohen,VERB,14199
flohst,VERB,14199
floht,VERB,14199
florist,VERB,23088
floristen,VERB,23088
floristin,VERB,23088
floristinnen,VERB,23088
fluch,VERB,24962
fluches,VERB,24962
fluchs,VERB,24962
flucht,VERB,25055
flugdeck,VERB,25307
flughafen,VERB,12358
flughafengebäude,VERB,25251
flugleitung,VERB,23045
flugsaurier,VERB,23625
flugsicherungslotse,PREP,25252
flugzeug,VERB,12357
flugzeug-,VERB,12357
flugzeug0,VERB,12357
flugzeugabsturz,VERB,13437
flugzeugarmatur,VERB,25306
flugzeugführer,PREP,16179
flugzeugführerin,PREP,16179
flugzeughalle,VERB,25317
flugzeugrumpf,VERB,25314
flunder,VERB,23083
flundern,VERB,23083
flur,VERB,23047
flur-,VERB,23047
flur0,VERB,23047
fluss,VERB,16677
fluss-,VERB,16677
fluss0,VERB,16677
flut,VERB,22626
flutwelle,VERB,22624
flyer,VERB,21340
flyern,VERB,21340
flyers,VERB,21340
fläche,VERB,23024
flächen,VERB,23024
flöte,VERB,23873
flöten,VERB,23873
flügel,VERB,18259
flügel-,VERB,18259
flügel0,VERB,18259
flüsschen,VERB,16677
flüssigkeit,VERB,18209
flüssigkeiten,VERB,18209
flüster,VERB,18240
flüstere,VERB,18240
flüstern,PRON,18240
flüsternd,VERB,18240
flüsternde,VERB,18240
flüsterndem,VERB,18240
flüsternden,VERB,18240
flüsternder,VERB,18240
flüsterndes,VERB,18240
flüsterst,VERB,18240
flüstert,VERB,18240
flüsterte,VERB,18240
flüsterten,VERB,18240
flüstertest,VERB,18240
flüstertet,VERB,18240
flüstre,VERB,18240
fohlen,VERB,24448
fohlens,VERB,24448
folge,VERB,13910
folge-,VERB,13910
folge0,VERB,13910
folgen,PRON,14376
folgend,VERB,14376
folgende,VERB,14376
folgendem,VERB,14376
folgenden,VERB,14376
folgender,VERB,14376
folgendes,VERB,14376
folgsamkeit,VERB,21309
folgst,VERB,14376
folgt,VERB,14376
folgte,VERB,14376
folgten,VERB,14376
folgtest,VERB,14376
folgtet,VERB,14376
folk,VERB,21611
folks,VERB,21611
fontäne,VERB,24900
fontänen,VERB,24900
football,VERB,20593
footballs,VERB,20593
fordern,PRON,21336
forderns,VERB,21336
forderung,VERB,21336
forderungen,VERB,21336
form,VERB,16940
formen,VERB,16940
formens,VERB,16940
formung,VERB,16940
formungen,VERB,16940
forschen,PRON,24935
forschens,VERB,24935
forscher,PREP,23652
forscher-,VERB,23652
forscher0,VERB,23652
forscherin,PREP,23652
forscherinnen,VERB,23652
forscherinnen-,VERB,23652
forschung,VERB,23635
forschungen,VERB,24935
forschungszentrum,VERB,25369
fort,NOUN,12361
fortbewegen,PRON,15667
fortbewegens,VERB,15667
fortbewegung,VERB,15667
fortbewegungen,VERB,15667
fortdauer,VERB,24881
fortführen,PRON,13404
fortführens,VERB,13404
fortführung,VERB,13404
fortführungen,VERB,13404
fortpflanzung,VERB,16488
forts,VERB,12361
fortsetzen,PRON,13404
fortsetzens,VERB,13404
fortsetzung,VERB,24881
fortsetzungen,VERB,13404
fossiler brennstoff,VERB,25062
foto,VERB,16169
foto-,VERB,16169
foto0,VERB,16169
fotoapparat,VERB,13111
fotometer,VERB,23142
foyer,VERB,15224
foyers,VERB,15224
fracht,VERB,25111
fracht-,VERB,25111
fracht0,VERB,25111
frachter,VERB,22069
frachtern,VERB,22069
frachters,VERB,22069
frachtschiff,VERB,22069
frag,VERB,12588
fragbar,VERB,12588
fragbare,VERB,12588
fragbarem,VERB,12588
fragbaren,VERB,12588
fragbarer,VERB,12588
fragbares,VERB,12588
frage,VERB,16445
frage-,VERB,16445
frage0,VERB,16445
fragen,PRON,12588
fragend,VERB,12588
fragende,VERB,12588
fragendem,VERB,12588
fragenden,VERB,12588
fragender,VERB,12588
fragendes,VERB,12588
fragezeichen,VERB,8485
fragil,ADJ,12897
fragile,VERB,12897
fragilem,VERB,12897
fragilen,VERB,12897
fragiler,VERB,12897
fragilere,VERB,12897
fragilerem,VERB,12897
fragileren,VERB,12897
fragilerer,VERB,12897
fragileres,VERB,12897
fragiles,VERB,12897
fragilst,VERB,12897
fragilste,VERB,12897
fragilstem,VERB,12897
fragilsten,VERB,12897
fragilster,VERB,12897
fragilstes,VERB,12897
fragst,VERB,12588
fragt,VERB,12588
fragte,VERB,12588
fragten,VERB,12588
fragtest,VERB,12588
fragtet,VERB,12588
fraktur,VERB,24852
frakturen,VERB,24852
frankfurter würstchen,VERB,14902
frankreich,VERB,25063
frankreichs,VERB,25063
französisch,VERB,25309
französische,VERB,25309
französischem,VERB,25309
französischen,VERB,25309
französischer,VERB,25309
französisches,VERB,25309
frau,VERB,14166
frauchen,VERB,14166
frauchens,VERB,14166
frauen,VERB,14166
frech,ADJ,15695
freche,VERB,15695
frechem,VERB,15695
frechen,VERB,15695
frecher,VERB,15695
frechere,VERB,15695
frecherem,VERB,15695
frecheren,VERB,15695
frecherer,VERB,15695
frecheres,VERB,15695
freches,VERB,15695
frechst,VERB,15695
frechste,VERB,15695
frechstem,VERB,15695
frechsten,VERB,15695
frechster,VERB,15695
frechstes,VERB,15695
frei,ADJ,14395
frei-,VERB,14395
frei0,VERB,14395
freia,PREP,22819
freie,VERB,14395
freiem,VERB,14395
freien,VERB,14395
freier,VERB,14395
freiere,VERB,14395
freierem,VERB,14395
freieren,VERB,14395
freierer,VERB,14395
freieres,VERB,14395
freies,VERB,14395
freiheit,VERB,14396
freiheiten,VERB,14396
freist,VERB,14395
freiste,VERB,14395
freistem,VERB,14395
freisten,VERB,14395
freister,VERB,14395
freistes,VERB,14395
freistilskilauf,VERB,21867
freitag,VERB,14400
freitag-,VERB,14400
freitag0,VERB,14400
freiwillig,ADJ,25825
freiwillige,VERB,25825
freiwilligem,VERB,25825
freiwilligen,VERB,25825
freiwilligenarbeit,VERB,25826
freiwilliger,VERB,25825
freiwilliger helfer,PREP,18021
freiwilliges,VERB,25825
freizeit,VERB,23141
freizeit-,VERB,23141
freizeit0,VERB,23141
freizeitraum,VERB,15482
frej,PREP,22818
fremd,ADJ,17274
fremd-,VERB,17274
fremd0,VERB,17274
fremde,PREP,24762
fremdem,VERB,17274
fremden,VERB,17274
fremder,PREP,17275
fremdes,VERB,17274
frequenz,VERB,25310
frequenz-,VERB,25310
frequenz0,VERB,25310
frequenzband,VERB,24606
freund,PREP,14401
freunde,VERB,14401
freunden,VERB,14401
freundes,VERB,14401
freundin,PREP,14401
freundinnen,VERB,14401
freundlich,ADJ,15149
freundliche,VERB,15149
freundlichem,VERB,15149
freundlichen,VERB,15149
freundlicher,VERB,15149
freundlichere,VERB,15149
freundlicherem,VERB,15149
freundlicheren,VERB,15149
freundlicherer,VERB,15149
freundlicheres,VERB,15149
freundliches,VERB,15149
freundlichst,VERB,15149
freundlichste,VERB,15149
freundlichstem,VERB,15149
freundlichsten,VERB,15149
freundlichster,VERB,15149
freundlichstes,VERB,15149
freunds,VERB,14401
freya,PREP,22819
freyja,PREP,22819
freyjas,VERB,22819
friede,VERB,15981
frieden,VERB,15980
friedens,VERB,15980
friedhof,VERB,13142
friedhofes,VERB,13142
friedhofs,VERB,13142
friedlich,ADJ,15982
friedliche,VERB,15982
friedlichem,VERB,15982
friedlichen,VERB,15982
friedlicher,VERB,15982
friedlichere,VERB,15982
friedlicherem,VERB,15982
friedlicheren,VERB,15982
friedlicherer,VERB,15982
friedlicheres,VERB,15982
friedliches,VERB,15982
friedlichst,VERB,15982
friedlichste,VERB,15982
friedlichstem,VERB,15982
friedlichsten,VERB,15982
friedlichster,VERB,15982
friedlichstes,VERB,15982
friere,VERB,23440
frieren,ADJ,23440
frierend,VERB,23440
frierende,VERB,23440
frierendem,VERB,23440
frierenden,VERB,23440
frierender,VERB,23440
frierendes,VERB,23440
frierst,VERB,23440
friert,VERB,23440
frigg,PREP,22651
frikadelle,VERB,15445
frikadellen,VERB,15445
frisch,ADJ,13411
frisch-,VERB,13411
frisch0,VERB,13411
frische,VERB,13411
frischem,VERB,13411
frischen,VERB,13411
frischer,VERB,13411
frischere,VERB,13411
frischerem,VERB,13411
frischeren,VERB,13411
frischerer,VERB,13411
frischeres,VERB,13411
frisches,VERB,13411
frischkäse,VERB,22359
frischst,VERB,13411
frischste,VERB,13411
frischstem,VERB,13411
frischsten,VERB,13411
frischster,VERB,13411
frischstes,VERB,13411
friseur,PREP,12628
friseur-,VERB,12628
friseur0,VERB,12628
friseurin,PREP,12628
friseurinnen,VERB,12628
friseurinnen-,VERB,12628
friseurladen,VERB,12629
frisiersalon,VERB,12629
frisiersalons,VERB,12629
friteuse,VERB,22585
fritieren,PRON,13653
fritierens,VERB,13653
froh,ADJ,14676
frohe,VERB,14676
frohem,VERB,14676
frohen,VERB,14676
froher,VERB,14676
frohere,VERB,14676
froherem,VERB,14676
froheren,VERB,14676
froherer,VERB,14676
froheres,VERB,14676
frohes,VERB,14676
frohst,VERB,14676
frohste,VERB,14676
frohstem,VERB,14676
frohsten,VERB,14676
frohster,VERB,14676
frohstes,VERB,14676
frontscheinwerfer,VERB,25888
frosch,VERB,14402
frosch-,VERB,14402
frosch0,VERB,14402
frucht,VERB,14405
fruchtbar,ADJ,14168
fruchtbare,VERB,14168
fruchtbarem,VERB,14168
fruchtbaren,VERB,14168
fruchtbarer,VERB,14168
fruchtbarere,VERB,14168
fruchtbarerem,VERB,14168
fruchtbareren,VERB,14168
fruchtbarerer,VERB,14168
fruchtbareres,VERB,14168
fruchtbares,VERB,14168
fruchtbarst,VERB,14168
fruchtbarste,VERB,14168
fruchtbarstem,VERB,14168
fruchtbarsten,VERB,14168
fruchtbarster,VERB,14168
fruchtbarstes,VERB,14168
fruchtjoghurt,VERB,14407
fruchtsaft,VERB,14406
frustration,VERB,14410
frustrationen,VERB,14410
frustrierend,ADJ,14409
frustriert,ADJ,14408
fröhlich,ADJ,14676
fröhliche,VERB,14676
fröhlichem,VERB,14676
fröhlichen,VERB,14676
fröhlicher,VERB,14676
fröhlichere,VERB,14676
fröhlicherem,VERB,14676
fröhlicheren,VERB,14676
fröhlicherer,VERB,14676
fröhlicheres,VERB,14676
fröhliches,VERB,14676
fröhlichst,VERB,14676
fröhlichste,VERB,14676
fröhlichstem,VERB,14676
fröhlichsten,VERB,14676
fröhlichster,VERB,14676
fröhlichstes,VERB,14676
früh,ADJ,13896
früh am morgen,VERB,15656
früh-,VERB,13896
früh0,VERB,13896
frühe,VERB,13896
frühem,VERB,13896
frühen,VERB,13896
früher,VERB,13896
früher als,NOUN,12656
frühere,VERB,13896
früherem,VERB,13896
früheren,VERB,13896
früherer,VERB,13896
früheres,VERB,13896
frühes,VERB,13896
frühgeburt,VERB,16243
frühling,VERB,17240
frühlinge,VERB,17240
frühlingen,VERB,17240
frühlings,VERB,17240
frühst,VERB,13896
frühste,VERB,13896
frühstem,VERB,13896
frühsten,VERB,13896
frühster,VERB,13896
frühstes,VERB,13896
frühstück,VERB,12898
fuchs,VERB,14394
fuchs-,VERB,14394
fuchs0,VERB,14394
fundament,VERB,23089
fundamental,ADJ,24122
fundamental-,VERB,24122
fundamental0,VERB,24122
fundamentale,VERB,24122
fundamentalem,VERB,24122
fundamentalen,VERB,24122
fundamentaler,VERB,24122
fundamentalere,VERB,24122
fundamentalerem,VERB,24122
fundamentaleren,VERB,24122
fundamentalerer,VERB,24122
fundamentaleres,VERB,24122
fundamentales,VERB,24122
fundamentalismus,VERB,24125
fundamentalist,PREP,24127
fundamentalisten,VERB,24127
fundamentalistin,PREP,24127
fundamentalistinnen,VERB,24127
fundamentalst,VERB,24122
fundamentalste,VERB,24122
fundamentalstem,VERB,24122
fundamentalsten,VERB,24122
fundamentalster,VERB,24122
fundamentalstes,VERB,24122
fundamente,VERB,23089
fundamenten,VERB,23089
fundamentes,VERB,23089
fundaments,VERB,23089
funke,VERB,24274
funkel,VERB,17960
funkele,VERB,17960
funkeln,PRON,17960
funkelnd,VERB,17960
funkelnde,VERB,17960
funkelndem,VERB,17960
funkelnden,VERB,17960
funkelnder,VERB,17960
funkelndes,VERB,17960
funkelst,VERB,17960
funkelt,VERB,17960
funkelte,VERB,17960
funkelten,VERB,17960
funkeltest,VERB,17960
funkeltet,VERB,17960
funken,VERB,24274
funkle,VERB,17960
funktionell,VERB,23516
funktionelle,VERB,23516
funktionellem,VERB,23516
funktionellen,VERB,23516
funktioneller,VERB,23516
funktionelles,VERB,23516
funktioniere,VERB,23517
funktionieren,PRON,23517
funktionierend,VERB,23517
funktionierende,VERB,23517
funktionierendem,VERB,23517
funktionierenden,VERB,23517
funktionierender,VERB,23517
funktionierendes,VERB,23517
funktionierst,VERB,23517
funktioniert,VERB,23517
funktionierte,VERB,23517
funktionierten,VERB,23517
funktioniertest,VERB,23517
funktioniertet,VERB,23517
funktionstüchtig,VERB,23516
funktionstüchtige,VERB,23516
funktionstüchtigem,VERB,23516
funktionstüchtigen,VERB,23516
funktionstüchtiger,VERB,23516
funktionstüchtiges,VERB,23516
furcht,VERB,22912
furchtbar,ADJ,21289
furchtbare,VERB,21289
furchtbarem,VERB,21289
furchtbaren,VERB,21289
furchtbarer,VERB,21289
furchtbarere,VERB,21289
furchtbarerem,VERB,21289
furchtbareren,VERB,21289
furchtbarerer,VERB,21289
furchtbareres,VERB,21289
furchtbares,VERB,21289
furchtbarst,VERB,21289
furchtbarste,VERB,21289
furchtbarstem,VERB,21289
furchtbarsten,VERB,21289
furchtbarster,VERB,21289
furchtbarstes,VERB,21289
furchterregend,ADJ,25192
furchterregende,VERB,25192
furchterregendem,VERB,25192
furchterregenden,VERB,25192
furchterregender,VERB,25192
furchterregendere,VERB,25192
furchterregenderem,VERB,25192
furchterregenderen,VERB,25192
furchterregenderer,VERB,25192
furchterregenderes,VERB,25192
furchterregendes,VERB,25192
furchterregendst,VERB,25192
furchterregendste,VERB,25192
furchterregendstem,VERB,25192
furchterregendsten,VERB,25192
furchterregendster,VERB,25192
furchterregendstes,VERB,25192
furchtlos,ADJ,23418
furchtlose,VERB,23418
furchtlosem,VERB,23418
furchtlosen,VERB,23418
furchtloser,VERB,23418
furchtlosere,VERB,23418
furchtloserem,VERB,23418
furchtloseren,VERB,23418
furchtloserer,VERB,23418
furchtloseres,VERB,23418
furchtloses,VERB,23418
furchtlosest,VERB,23418
furchtloseste,VERB,23418
furchtlosestem,VERB,23418
furchtlosesten,VERB,23418
furchtlosester,VERB,23418
furchtlosestes,VERB,23418
furz,VERB,25060
furzes,VERB,25060
fussballmannschaft,VERB,24450
futterhäuschen,VERB,25850
futterplatz für vögel,VERB,25850
fuß,VERB,14379
fuß-,VERB,14379
fuß0,VERB,14379
fußabdruck,VERB,25308
fußball,VERB,14380
fußball spielen,PRON,16201
fußballregeln,VERB,25880
fußknöchel,VERB,12391
fußpfleger,PREP,21596
fußpflegerin,PREP,21596
fußreflexzonenmasseur,PREP,21604
fußreflexzonenmasseurin,PREP,21604
fußspezialist,PREP,21596
fußspezialistin,PREP,21596
fußstapfen,VERB,25308
fußstapfens,VERB,25308
fußweg,VERB,24328
fächer,VERB,14149
fächer-,VERB,14149
fächer0,VERB,14149
fähigkeit,VERB,12322
fähigkeiten,VERB,12322
fähre,VERB,22083
fähren,VERB,22083
fährtensucher,PREP,25388
fährtensuchern,VERB,25388
fährtensuchers,VERB,25388
fälteln,VERB,25564
färbung,VERB,15956
fäserchen,VERB,25878
fäserchens,VERB,25878
föhn,VERB,24141
föhns,VERB,24141
förde,VERB,22613
förden,VERB,22613
fördern,PRON,17469
förderns,VERB,17469
förderung,VERB,12355
förderungen,VERB,17469
fötus,VERB,14170
fühl,VERB,14163
fühlbar,VERB,14163
fühlbare,VERB,14163
fühlbarem,VERB,14163
fühlbaren,VERB,14163
fühlbarer,VERB,14163
fühlbares,VERB,14163
fühle,VERB,14163
fühlen,PRON,14163
fühlend,VERB,14163
fühlende,VERB,14163
fühlendem,VERB,14163
fühlenden,VERB,14163
fühlender,VERB,14163
fühlendes,VERB,14163
fühlst,VERB,14163
fühlt,VERB,14163
fühlte,VERB,14163
fühlten,VERB,14163
fühltest,VERB,14163
fühltet,VERB,14163
führen,PRON,13883
führens,VERB,13883
führer,PREP,15182
führer-,VERB,15182
führer0,VERB,15182
führerin,PREP,15182
führerinnen,VERB,15182
führerinnen-,VERB,15182
führerschein,VERB,23853
führung,VERB,22913
führungen,VERB,13883
fülle,VERB,24897
füllen,PRON,14176
füllens,VERB,14176
füllstandsanzeige,VERB,23090
füllstandsanzeigen,VERB,23090
füllung,VERB,24897
füllungen,VERB,14176
fünf,NOUN,8501
fünf-,VERB,8501
fünf0,VERB,8501
für,NOUN,14381
fürchte,VERB,14159
fürchten,PRON,14159
fürchtend,VERB,14159
fürchtende,VERB,14159
fürchtendem,VERB,14159
fürchtenden,VERB,14159
fürchtender,VERB,14159
fürchtendes,VERB,14159
fürchterlich,ADJ,21289
fürchterliche,VERB,21289
fürchterliche angst haben,ADJ,17525
fürchterlichem,VERB,21289
fürchterlichen,VERB,21289
fürchterlicher,VERB,21289
fürchterlichere,VERB,21289
fürchterlicherem,VERB,21289
fürchterlicheren,VERB,21289
fürchterlicherer,VERB,21289
fürchterlicheres,VERB,21289
fürchterliches,VERB,21289
fürchterlichst,VERB,21289
fürchterlichste,VERB,21289
fürchterlichstem,VERB,21289
fürchterlichsten,VERB,21289
fürchterlichster,VERB,21289
fürchterlichstes,VERB,21289
fürchtest,VERB,14159
fürchtet,VERB,14159
fürchtete,VERB,14159
fürchteten,VERB,14159
fürchtetest,VERB,14159
fürchtetet,VERB,14159
fürs,VERB,14381
füttern,PRON,14162
fütterns,VERB,14162
fütterung,VERB,14162
fütterungen,VERB,14162
gabel,VERB,14389
gabel-,VERB,14389
gabel0,VERB,14389
galaxis,VERB,24451
galeere,VERB,24658
galeeren,VERB,24658
galerie,VERB,12582
galerie-,VERB,12582
galerie0,VERB,12582
galopp,VERB,24901
galopp-,VERB,24901
galopp0,VERB,24901
galoppiere,VERB,24129
galoppieren,PRON,24129
galoppierend,VERB,24129
galoppierende,VERB,24129
galoppierendem,VERB,24129
galoppierenden,VERB,24129
galoppierender,VERB,24129
galoppierendes,VERB,24129
galoppierst,VERB,24129
galoppiert,VERB,24129
galoppierte,VERB,24129
galoppierten,VERB,24129
galoppiertest,VERB,24129
galoppiertet,VERB,24129
gameboy,VERB,24659
gameboys,VERB,24659
ganesh,PREP,14419
gangster,PREP,25017
gangster-,VERB,25017
gangster0,VERB,25017
gans,VERB,14458
ganz,NOUN,12360
ganze,VERB,12360
ganzem,VERB,12360
ganzen,VERB,12360
ganzer,VERB,12360
ganzes,VERB,12360
garage,VERB,14420
garagen,VERB,14420
garderobe,VERB,24063
garderoben,VERB,24063
gardine,VERB,13626
gardinen,VERB,13626
garn,VERB,25956
garne,VERB,25956
garnele,VERB,23168
garnelen,VERB,23168
garnen,VERB,25956
garnes,VERB,25956
garns,VERB,25956
garten,VERB,14422
garten-,VERB,14422
garten0,VERB,14422
gas,VERB,14424
gas-,VERB,14424
gas0,VERB,14424
gasflasche,VERB,25315
gasplanet,VERB,24455
gasriese,VERB,24455
gast,PREP,18018
gast-,VERB,18018
gast0,VERB,18018
gaststätte,VERB,16498
gatte,PREP,17237
gatten,VERB,17237
gattin,PREP,17237
gattinnen,VERB,17237
gebeine  mit gelenk,VERB,25528
geben,PRON,14440
geben sie mir bitte  zeit,NOUN,24664
gebens,VERB,14440
gebet,VERB,12891
gebetbuch,VERB,16238
gebetbuches,VERB,16238
gebetbuchs,VERB,16238
gebete,VERB,12891
gebeten,VERB,12891
gebetes,VERB,12891
gebets,VERB,12891
gebeugter pfeil,VERB,15476
gebiss,VERB,24025
gebiss-,VERB,24025
gebiss0,VERB,24025
geborgen,ADJ,16704
geborgene,VERB,16704
geborgenem,VERB,16704
geborgenen,VERB,16704
geborgener,VERB,16704
geborgenes,VERB,16704
gebote,VERB,13388
gebraten,ADJ,22351
gebratene,VERB,22351
gebratenem,VERB,22351
gebratenen,VERB,22351
gebratener,VERB,22351
gebratenes,VERB,22351
gebrauch,VERB,24847
gebrauche,VERB,17991
gebrauchen,PRON,17991
gebrauchend,VERB,17991
gebrauchende,VERB,17991
gebrauchendem,VERB,17991
gebrauchenden,VERB,17991
gebrauchender,VERB,17991
gebrauchendes,VERB,17991
gebrauches,VERB,24847
gebrauchs,VERB,24847
gebrauchsanleitung,VERB,14946
gebrauchst,VERB,17991
gebraucht,ADJ,15915
gebraucht-,VERB,15915
gebraucht0,VERB,15915
gebrauchte,VERB,15915
gebrauchtem,VERB,15915
gebrauchten,VERB,15915
gebrauchter,VERB,15915
gebrauchtes,VERB,15915
gebrauchtest,VERB,17991
gebrauchtet,VERB,17991
gebrechlich,VERB,16167
gebrechliche,VERB,16167
gebrechlichem,VERB,16167
gebrechlichen,VERB,16167
gebrechlicher,VERB,16167
gebrechlichere,VERB,16167
gebrechlicherem,VERB,16167
gebrechlicheren,VERB,16167
gebrechlicherer,VERB,16167
gebrechlicheres,VERB,16167
gebrechliches,VERB,16167
gebrechlichst,VERB,16167
gebrechlichste,VERB,16167
gebrechlichstem,VERB,16167
gebrechlichsten,VERB,16167
gebrechlichster,VERB,16167
gebrechlichstes,VERB,16167
gebrochen,ADJ,12907
gebrochene,VERB,12907
gebrochenem,VERB,12907
gebrochenen,VERB,12907
gebrochener,VERB,12907
gebrochenes,VERB,12907
gebung,VERB,14440
gebungen,VERB,14440
geburt,VERB,12842
geburten,VERB,12842
geburtenkontrolle,VERB,12844
geburtenregelung,VERB,12844
geburtstag,VERB,12846
gebäck,VERB,22123
gebäcke,VERB,22123
gebäcken,VERB,22123
gebäcks,VERB,22123
gebärde,VERB,16978
gebärden,PRON,21537
gebärdend,VERB,21537
gebärdende,VERB,21537
gebärdendem,VERB,21537
gebärdenden,VERB,21537
gebärdender,VERB,21537
gebärdendes,VERB,21537
gebärdensprache,VERB,21538
gebärdest,VERB,21537
gebärdet,VERB,21537
gebärdete,VERB,21537
gebärdeten,VERB,21537
gebärdetest,VERB,21537
gebärdetet,VERB,21537
gebärmutter,VERB,17994
gebärmutterhals,VERB,13147
gebärmutteroperation,VERB,14915
gebäude mit mehreren stockwerken,VERB,23153
gebühr,VERB,24109
gebühren,VERB,24109
gebüsch,VERB,13092
gebüsche,VERB,13092
gebüschen,VERB,13092
gebüsches,VERB,13092
gebüschs,VERB,13092
gedicht,VERB,16210
gedichte,VERB,16210
gedichten,VERB,16210
gedichtes,VERB,16210
gedichts,VERB,16210
geduld,VERB,15976
geduldig,ADJ,25765
geduldig sein,PRON,15977
geduldige,VERB,25765
geduldigem,VERB,25765
geduldigen,VERB,25765
geduldiger,VERB,25765
geduldigere,VERB,25765
geduldigerem,VERB,25765
geduldigeren,VERB,25765
geduldigerer,VERB,25765
geduldigeres,VERB,25765
geduldiges,VERB,25765
geduldigst,VERB,25765
geduldigste,VERB,25765
geduldigstem,VERB,25765
geduldigsten,VERB,25765
geduldigster,VERB,25765
geduldigstes,VERB,25765
gedächtnis,VERB,16486
gedächtnis-,VERB,16486
gedächtnis0,VERB,16486
gefahr,VERB,13632
gefahren,VERB,13632
gefangener,PREP,25145
gefangenschaft,VERB,25132
gefangenschaften,VERB,25132
gefasst,ADJ,25177
gefasste,VERB,25177
gefasstem,VERB,25177
gefassten,VERB,25177
gefasster,VERB,25177
gefasstes,VERB,25177
gefecht,VERB,24855
gefechte,VERB,24855
gefechten,VERB,24855
gefechtes,VERB,24855
gefechts,VERB,24855
gefeuert,ADJ,25160
gefeuerte,VERB,25160
gefeuertem,VERB,25160
gefeuerten,VERB,25160
gefeuerter,VERB,25160
gefeuertes,VERB,25160
geflügeltes pferd,VERB,23608
gefrierbar,VERB,14397
gefrierbare,VERB,14397
gefrierbarem,VERB,14397
gefrierbaren,VERB,14397
gefrierbarer,VERB,14397
gefrierbares,VERB,14397
gefriere,VERB,14397
gefrieren,PRON,14397
gefrierend,VERB,14397
gefrierende,VERB,14397
gefrierendem,VERB,14397
gefrierenden,VERB,14397
gefrierender,VERB,14397
gefrierendes,VERB,14397
gefrierfisch,VERB,22356
gefrierfleisch,VERB,22355
gefrierschrank,VERB,23514
gefrierst,VERB,14397
gefriert,VERB,14397
gefährdet,ADJ,24094
gefährdete,VERB,24094
gefährdetem,VERB,24094
gefährdeten,VERB,24094
gefährdeter,VERB,24094
gefährdetere,VERB,24094
gefährdeterem,VERB,24094
gefährdeteren,VERB,24094
gefährdeterer,VERB,24094
gefährdeteres,VERB,24094
gefährdetes,VERB,24094
gefährdetst,VERB,24094
gefährdetste,VERB,24094
gefährdetstem,VERB,24094
gefährdetsten,VERB,24094
gefährdetster,VERB,24094
gefährdetstes,VERB,24094
gefährlich,ADJ,13633
gefährliche,VERB,13633
gefährlichem,VERB,13633
gefährlichen,VERB,13633
gefährlicher,VERB,13633
gefährlichere,VERB,13633
gefährlicherem,VERB,13633
gefährlicheren,VERB,13633
gefährlicherer,VERB,13633
gefährlicheres,VERB,13633
gefährliches,VERB,13633
gefährlichst,VERB,13633
gefährlichste,VERB,13633
gefährlichstem,VERB,13633
gefährlichsten,VERB,13633
gefährlichster,VERB,13633
gefährlichstes,VERB,13633
gefängnis,VERB,16250
gefängnis-,VERB,16250
gefängnis0,VERB,16250
gefängnisaufseher,PREP,25144
gefängnisaufseherin,PREP,25144
gefäßsystem,VERB,25508
gefühl,VERB,14164
gefühle,VERB,14164
gefühlen,VERB,14164
gefühles,VERB,14164
gefühls,VERB,14164
gefüllt,ADJ,23501
gefüllte,VERB,23501
gefülltem,VERB,23501
gefüllten,VERB,23501
gefüllter,VERB,23501
gefülltes,VERB,23501
gegen,NOUN,12351
gegen-,VERB,12351
gegen0,VERB,12351
gegend,VERB,13424
gegenden,VERB,13424
gegenkräfte,VERB,25589
gegenstand,VERB,17205
gegensätzliche bedeutung,OTHER,15927
gegensätzlichkeit,VERB,25692
gegensätzlichkeiten,VERB,25692
gegenteil,OTHER,15927
gegenwart,VERB,16246
gegenwirkung,VERB,25589
gegenüber,NOUN,12351
gegenüberstelle,VERB,13406
gegenüberstellen,PRON,13406
gegenüberstellend,VERB,13406
gegenüberstellende,VERB,13406
gegenüberstellendem,VERB,13406
gegenüberstellenden,VERB,13406
gegenüberstellender,VERB,13406
gegenüberstellendes,VERB,13406
gegenüberstellst,VERB,13406
gegenüberstellt,VERB,13406
gegenüberstellte,VERB,13406
gegenüberstellten,VERB,13406
gegenüberstelltest,VERB,13406
gegenüberstelltet,VERB,13406
gehalt,VERB,18027
gehalte,VERB,18027
gehalten,VERB,18027
gehaltes,VERB,18027
gehalts,VERB,18027
geheimagent,PREP,25175
geheimagentin,PREP,25175
geheimnis,VERB,16745
geheimnis-,VERB,16745
geheimnis0,VERB,16745
geheimschrift,VERB,25276
gehen,PRON,18031
gehens,VERB,18031
gehhilfe,VERB,18032
gehhilfen,VERB,13617
gehirn,VERB,12893
gehirn-,VERB,12893
gehirn0,VERB,12893
gehirnsignal,VERB,25434
gehorche,VERB,15907
gehorchen,PRON,15907
gehorchend,VERB,15907
gehorchende,VERB,15907
gehorchendem,VERB,15907
gehorchenden,VERB,15907
gehorchender,VERB,15907
gehorchendes,VERB,15907
gehorchst,VERB,15907
gehorcht,VERB,15907
gehorchte,VERB,15907
gehorchten,VERB,15907
gehorchtest,VERB,15907
gehorchtet,VERB,15907
gehorsam,VERB,21309
gehorsams,VERB,21309
gehsteig,VERB,24209
gehsteige,VERB,24209
gehsteigen,VERB,24209
gehsteiges,VERB,24209
gehsteigs,VERB,24209
gehweg,VERB,24328
gehwege,VERB,24328
gehwegen,VERB,24328
gehweges,VERB,24328
gehwegs,VERB,24328
gehäuse,VERB,25532
gehäuse-,VERB,25532
gehäuse0,VERB,25532
gehölz,VERB,14648
gehölze,VERB,14648
gehölzen,VERB,14648
gehölzes,VERB,14648
gehörschädigung,VERB,26008
gehört zu,OTHER,12663
geier,VERB,18024
geiern,VERB,18024
geiers,VERB,18024
geige,VERB,23983
geigen,VERB,23983
geisel,PREP,25084
geiseln,VERB,25084
geisir,VERB,24830
geist,VERB,21044
geiste,VERB,21044
geister,VERB,21044
geistern,VERB,21044
geistes,VERB,21044
geisteskrankheit,VERB,24482
geisteszustand,VERB,25379
geistig,ADJ,15456
geistig behindert,ADJ,15457
geistige,VERB,15456
geistige behinderung,VERB,26012
geistigem,VERB,15456
geistigen,VERB,15456
geistiger,VERB,15456
geistiges,VERB,15456
geists,VERB,21044
geknickter linienzug,NOUN,25972
gekochtes ei,VERB,22137
gekündigt,ADJ,25160
gekündigte,VERB,25160
gekündigtem,VERB,25160
gekündigten,VERB,25160
gekündigter,VERB,25160
gekündigtes,VERB,25160
gelage,VERB,21287
gelagen,VERB,21287
gelages,VERB,21287
gelassen,ADJ,15982
gelassene,VERB,15982
gelassenem,VERB,15982
gelassenen,VERB,15982
gelassener,VERB,15982
gelassenere,VERB,15982
gelassenerem,VERB,15982
gelasseneren,VERB,15982
gelassenerer,VERB,15982
gelasseneres,VERB,15982
gelassenes,VERB,15982
gelassenheit,VERB,15981
gelassenst,VERB,15982
gelassenste,VERB,15982
gelassenstem,VERB,15982
gelassensten,VERB,15982
gelassenster,VERB,15982
gelassenstes,VERB,15982
gelb,NOUN,18291
gelbe,VERB,18291
gelbem,VERB,18291
gelben,VERB,18291
gelber,VERB,18291
gelbes,VERB,18291
gelblich,VERB,18291
gelbliche,VERB,18291
gelblichem,VERB,18291
gelblichen,VERB,18291
gelblicher,VERB,18291
gelbliches,VERB,18291
geld,VERB,15484
geld-,VERB,15484
geld0,VERB,15484
geldautomat,VERB,23405
geldschein,VERB,23604
gelee,VERB,14965
gelees,VERB,14965
gelegentlich,ADJ,17208
gelenk,VERB,14973
gelenk-,VERB,14973
gelenk0,VERB,14973
gelingen,PRON,17450
gelingens,VERB,17450
gelächter,VERB,24824
gelächtern,VERB,24824
gelächters,VERB,24824
geländefahrrad,VERB,21818
gelöscht,ADJ,24968
gelöschte,VERB,24968
gelöschtem,VERB,24968
gelöschten,VERB,24968
gelöschter,VERB,24968
gelöschtes,VERB,24968
gemein,ADJ,15439
gemeinde,VERB,18012
gemeinde-,VERB,18012
gemeinde0,VERB,18012
gemeine,VERB,15439
gemeinem,VERB,15439
gemeinen,VERB,15439
gemeiner,VERB,15439
gemeinere,VERB,15439
gemeinerem,VERB,15439
gemeineren,VERB,15439
gemeinerer,VERB,15439
gemeineres,VERB,15439
gemeines,VERB,15439
gemeinsam,ADJ,17746
gemeinsame,VERB,17746
gemeinsamem,VERB,17746
gemeinsamen,VERB,17746
gemeinsamer,VERB,17746
gemeinsames,VERB,17746
gemeinschaftsraum,VERB,15482
gemeinst,VERB,15439
gemeinste,VERB,15439
gemeinstem,VERB,15439
gemeinsten,VERB,15439
gemeinster,VERB,15439
gemeinstes,VERB,15439
gemisch,VERB,22377
gemische,VERB,22377
gemischen,VERB,22377
gemisches,VERB,22377
gemischs,VERB,22377
gemälde,VERB,16172
gemälde-,VERB,16172
gemälde0,VERB,16172
gemüse,VERB,18004
gemüse-,VERB,18004
gemüse0,VERB,18004
gemüsehändler,VERB,23101
gemüsezwiebel,VERB,18006
gemütlich,ADJ,13386
gemütliche,VERB,13386
gemütlichem,VERB,13386
gemütlichen,VERB,13386
gemütlicher,VERB,13386
gemütlichere,VERB,13386
gemütlicherem,VERB,13386
gemütlicheren,VERB,13386
gemütlicherer,VERB,13386
gemütlicheres,VERB,13386
gemütliches,VERB,13386
gemütlichkeit,VERB,16495
gemütlichst,VERB,13386
gemütlichste,VERB,13386
gemütlichstem,VERB,13386
gemütlichsten,VERB,13386
gemütlichster,VERB,13386
gemütlichstes,VERB,13386
genannt werden,PRON,24874
genau,ADJ,13123
genaue,VERB,13123
genauem,VERB,13123
genauen,VERB,13123
genauer,VERB,13123
genauere,VERB,13123
genauerem,VERB,13123
genaueren,VERB,13123
genauerer,VERB,13123
genaueres,VERB,13123
genaues,VERB,13123
genauest,VERB,13123
genaueste,VERB,13123
genauestem,VERB,13123
genauesten,VERB,13123
genauester,VERB,13123
genauestes,VERB,13123
genauigkeit,VERB,21341
genauigkeiten,VERB,21341
genaust,VERB,13123
genauste,VERB,13123
genaustem,VERB,13123
genausten,VERB,13123
genauster,VERB,13123
genaustes,VERB,13123
genehmigen,PRON,12408
genehmigens,VERB,12408
genehmigung,VERB,24926
genehmigungen,VERB,12408
genick,VERB,15700
genicke,VERB,15700
genicken,VERB,15700
genickes,VERB,15700
genicks,VERB,15700
genießbar,VERB,13938
genießbare,VERB,13938
genießbarem,VERB,13938
genießbaren,VERB,13938
genießbarer,VERB,13938
genießbares,VERB,13938
genieße,VERB,13938
genießen,PRON,13938
genießend,VERB,13938
genießende,VERB,13938
genießendem,VERB,13938
genießenden,VERB,13938
genießender,VERB,13938
genießendes,VERB,13938
genießest,VERB,13938
genießt,VERB,13938
genozid,VERB,21612
genozide,VERB,21612
genoziden,VERB,21612
genozides,VERB,21612
genozids,VERB,21612
genug,ADJ,13939
genuss,VERB,17774
genuss-,VERB,17774
genuss0,VERB,17774
geodreieck,VERB,25792
geodreiecke,VERB,25792
geodreiecken,VERB,25792
geodreiecks,VERB,25792
geograph,PREP,24902
geographen,VERB,24902
geographie,VERB,23093
geographiestunde,VERB,23094
geographieunterricht,VERB,23094
geographin,PREP,24902
geographinnen,VERB,24902
geologe,PREP,21567
geologen,VERB,21567
geologie,VERB,21550
geologin,PREP,21567
geologinnen,VERB,21567
gepanzerter verband,VERB,25422
gepfeffert,ADJ,14901
gepfefferte,VERB,14901
gepfeffertem,VERB,14901
gepfefferten,VERB,14901
gepfefferter,VERB,14901
gepfeffertes,VERB,14901
gepunktet,ADJ,24087
gepunktete,VERB,24087
gepunktetem,VERB,24087
gepunkteten,VERB,24087
gepunkteter,VERB,24087
gepunktetes,VERB,24087
gepäck,VERB,12618
gepäck-,VERB,12618
gepäck0,VERB,12618
gerade,ADJ,15215
gerade jetzt,NOUN,15736
gerade zahl,VERB,25706
geradelinige sache,VERB,24180
geraden,VERB,15215
gerecht,ADJ,23081
gerechte,VERB,23081
gerechtem,VERB,23081
gerechten,VERB,23081
gerechter,VERB,23081
gerechtere,VERB,23081
gerechterem,VERB,23081
gerechteren,VERB,23081
gerechterer,VERB,23081
gerechteres,VERB,23081
gerechtes,VERB,23081
gerechtest,VERB,23081
gerechteste,VERB,23081
gerechtestem,VERB,23081
gerechtesten,VERB,23081
gerechtester,VERB,23081
gerechtestes,VERB,23081
gerechtigkeit,VERB,23130
gerechtigkeiten,VERB,23130
gerettet,ADJ,24223
gerettete,VERB,24223
gerettetem,VERB,24223
geretteten,VERB,24223
geretteter,VERB,24223
gerettetes,VERB,24223
gericht,VERB,23052
gerichte,VERB,23052
gerichten,VERB,23052
gerichtes,VERB,23052
gerichts,VERB,23052
gerichtshof,VERB,23052
gerichtsurteil,VERB,23127
gerichtsverhandlung,VERB,23242
geringer,ADJ,15195
gern geschehen,OTHER,18466
gern haben,PRON,15210
gerste,VERB,24608
geruch,VERB,17017
geruches,VERB,17017
geruchs,VERB,17017
geruchssinn,VERB,25940
gerät,VERB,15406
geräte,VERB,15406
geräten,VERB,15406
gerätes,VERB,15406
gerätetauchen,VERB,22057
geräts,VERB,15406
geräusch,VERB,17216
geräusch-,VERB,17216
geräusch0,VERB,17216
geräuschvoll,ADJ,15397
geräuschvolle,VERB,15397
geräuschvollem,VERB,15397
geräuschvollen,VERB,15397
geräuschvoller,VERB,15397
geräuschvollere,VERB,15397
geräuschvollerem,VERB,15397
geräuschvolleren,VERB,15397
geräuschvollerer,VERB,15397
geräuschvolleres,VERB,15397
geräuschvolles,VERB,15397
geräuschvollst,VERB,15397
geräuschvollste,VERB,15397
geräuschvollstem,VERB,15397
geräuschvollsten,VERB,15397
geräuschvollster,VERB,15397
geräuschvollstes,VERB,15397
geröstetes brot,VERB,17740
gerüst,VERB,17445
gerüste,VERB,17445
gerüsten,VERB,17445
gerüstes,VERB,17445
gerüsts,VERB,17445
gesamt,NOUN,12360
gesamt-,VERB,12360
gesamt0,VERB,12360
gesamte,VERB,12360
gesamtem,VERB,12360
gesamten,VERB,12360
gesamter,VERB,12360
gesamtes,VERB,12360
gesangbuch,VERB,21073
geschehen,PRON,14674
geschehens,VERB,14674
gescheit,ADJ,17015
gescheite,VERB,17015
gescheitem,VERB,17015
gescheiten,VERB,17015
gescheiter,VERB,17015
gescheitere,VERB,17015
gescheiterem,VERB,17015
gescheiteren,VERB,17015
gescheiterer,VERB,17015
gescheiteres,VERB,17015
gescheites,VERB,17015
gescheitest,VERB,17015
gescheiteste,VERB,17015
gescheitestem,VERB,17015
gescheitesten,VERB,17015
gescheitester,VERB,17015
gescheitestes,VERB,17015
geschenk,VERB,14437
geschenk-,VERB,14437
geschenk0,VERB,14437
geschenkeladen,VERB,23096
geschichtchen,VERB,17272
geschichtchens,VERB,17272
geschichte,VERB,17272
geschichten,VERB,17272
geschichtsforscher,PREP,21569
geschichtsforscherin,PREP,21569
geschichtslehrer,PREP,23113
geschichtslehrerin,PREP,23113
geschichtsunterricht,VERB,23112
geschirrtrockner,VERB,24431
geschlecht,VERB,14428
geschlechter,VERB,14428
geschlechtern,VERB,14428
geschlechtes,VERB,14428
geschlechts,VERB,14428
geschlechtskrankheit,VERB,24333
geschlechtsorgane,VERB,14431
geschlechtsreif,ADJ,24260
geschlechtsreife,VERB,16425
geschlechtsreifem,VERB,24260
geschlechtsreifen,VERB,24260
geschlechtsreifer,VERB,24260
geschlechtsreifes,VERB,24260
geschlechtsteile,VERB,14431
geschlechtstrieb,VERB,16765
geschlechtsverkehr,VERB,16931
geschlossen,ADJ,25277
geschlossene,VERB,25277
geschlossenem,VERB,25277
geschlossenen,VERB,25277
geschlossener,VERB,25277
geschlossenes,VERB,25277
geschmack,VERB,17506
geschmackes,VERB,17506
geschmacklos,ADJ,22353
geschmacklose,VERB,22353
geschmacklosem,VERB,22353
geschmacklosen,VERB,22353
geschmackloser,VERB,22353
geschmacklosere,VERB,22353
geschmackloserem,VERB,22353
geschmackloseren,VERB,22353
geschmackloserer,VERB,22353
geschmackloseres,VERB,22353
geschmackloses,VERB,22353
geschmacklosest,VERB,22353
geschmackloseste,VERB,22353
geschmacklosestem,VERB,22353
geschmacklosesten,VERB,22353
geschmacklosester,VERB,22353
geschmacklosestes,VERB,22353
geschmacks,VERB,17506
geschmackssinn,VERB,25952
geschmacksstoff,VERB,22309
geschnitten,ADJ,22383
geschnittene,VERB,22383
geschnittenem,VERB,22383
geschnittenen,VERB,22383
geschnittener,VERB,22383
geschnittenes,VERB,22383
geschnittenes brot,VERB,25664
geschoss,VERB,23085
geschoss-,VERB,23085
geschoss0,VERB,23085
geschunden,ADJ,25131
geschundene,VERB,25131
geschundenem,VERB,25131
geschundenen,VERB,25131
geschundener,VERB,25131
geschundenes,VERB,25131
geschwindigkeit,VERB,23216
geschwindigkeiten,VERB,23216
geschwindigkeitsanzeige,VERB,23217
geschwindigkeitsmesser,VERB,23217
geschwister,PREP,16972
geschwisterchen,VERB,16972
geschwisterchens,VERB,16972
geschwistern,VERB,16972
geschworene,VERB,23129
geschäft,VERB,17269
geschäftchen,VERB,17269
geschäftchens,VERB,17269
geschäfte,VERB,17269
geschäften,VERB,17269
geschäftes,VERB,17269
geschäfts,VERB,17269
geschäftsführer,PREP,15418
geschäftsführerin,PREP,15418
geschäftsidee,VERB,25673
geschäftsordnung,VERB,24603
geschöpf,VERB,13609
geschöpfe,VERB,13609
geschöpfen,VERB,13609
geschöpfes,VERB,13609
geschöpfs,VERB,13609
geschützt,ADJ,16704
geschützte,VERB,16704
geschütztem,VERB,16704
geschützten,VERB,16704
geschützter,VERB,16704
geschütztes,VERB,16704
gesellschaft,VERB,24270
gesellschaften,VERB,24270
gesellschaftspiel,VERB,17492
gesellschaftsspiel,VERB,23618
gesetz,VERB,23133
gesetze,VERB,23133
gesetzen,VERB,23133
gesetzes,VERB,23133
gesetzlich,ADJ,23138
gesetzliche,VERB,23138
gesetzlichem,VERB,23138
gesetzlichen,VERB,23138
gesetzlicher,VERB,23138
gesetzliches,VERB,23138
gesetzmäßig,ADJ,23138
gesetzmäßige,VERB,23138
gesetzmäßigem,VERB,23138
gesetzmäßigen,VERB,23138
gesetzmäßiger,VERB,23138
gesetzmäßiges,VERB,23138
gesicht,VERB,14138
gesichtchen,VERB,14138
gesichtchens,VERB,14138
gesichter,VERB,14138
gesichtern,VERB,14138
gesichtes,VERB,14138
gesichts,VERB,14138
gesichtsbehaarung,VERB,24102
gesichtssinn,VERB,25939
gespalten,ADJ,24888
gespaltene,VERB,24888
gespaltenem,VERB,24888
gespaltenen,VERB,24888
gespaltener,VERB,24888
gespaltenes,VERB,24888
gespannt,ADJ,14119
gespannte,VERB,14119
gespanntem,VERB,14119
gespannten,VERB,14119
gespannter,VERB,14119
gespanntere,VERB,14119
gespannterem,VERB,14119
gespannteren,VERB,14119
gespannterer,VERB,14119
gespannteres,VERB,14119
gespanntes,VERB,14119
gespanntest,VERB,14119
gespannteste,VERB,14119
gespanntestem,VERB,14119
gespanntesten,VERB,14119
gespanntester,VERB,14119
gespanntestes,VERB,14119
gespenst,PREP,14436
gespenster,VERB,14436
gespenstern,VERB,14436
gespenstes,VERB,14436
gespräch,VERB,13689
gespräche,VERB,13689
gesprächen,VERB,13689
gespräches,VERB,13689
gesprächs,VERB,13689
gestalt,VERB,16940
gestaltung,VERB,16940
gestaltungen,VERB,16940
gestank,VERB,24919
gestanke,VERB,24919
gestatten,PRON,15196
gestattens,VERB,15196
gestattung,VERB,15196
gestattungen,VERB,15196
geste,VERB,16978
gestehe,VERB,21099
gestehen,PRON,21099
gestehend,VERB,21099
gestehende,VERB,21099
gestehendem,VERB,21099
gestehenden,VERB,21099
gestehender,VERB,21099
gestehendes,VERB,21099
gestehst,VERB,21099
gesteht,VERB,21099
gesten,VERB,16978
gestern,VERB,18295
gestern abend,VERB,15174
gestreift,ADJ,24293
gestreifte,VERB,24293
gestreiftem,VERB,24293
gestreiften,VERB,24293
gestreifter,VERB,24293
gestreiftes,VERB,24293
gestresst,ADJ,23957
gestresste,VERB,23957
gestresstem,VERB,23957
gestressten,VERB,23957
gestresster,VERB,23957
gestresstes,VERB,23957
gesund,ADJ,14691
gesund werden,PRON,24148
gesunde,VERB,14691
gesundem,VERB,14691
gesunden,VERB,14691
gesunder,VERB,14691
gesundes,VERB,14691
gesundheit,VERB,14690
gesäuert,ADJ,22350
gesäuerte,VERB,22350
gesäuertem,VERB,22350
gesäuerten,VERB,22350
gesäuerter,VERB,22350
gesäuertes,VERB,22350
geteilt,ADJ,24888
geteilte,VERB,24888
geteiltem,VERB,24888
geteilten,VERB,24888
geteilter,VERB,24888
geteiltes,VERB,24888
getreide,VERB,14625
getreide-,VERB,14625
getreide0,VERB,14625
getrocknet,ADJ,23852
getrocknete,VERB,23852
getrocknete blume,VERB,24116
getrocknete bohne,VERB,13880
getrocknete frucht,VERB,24121
getrocknetem,VERB,23852
getrockneten,VERB,23852
getrockneter,VERB,23852
getrockneter fisch,VERB,24115
getrocknetes,VERB,23852
getrocknetes fleisch,VERB,24187
getränk,VERB,13881
getränke,VERB,13881
getränken,VERB,13881
getränkes,VERB,13881
getränkesirup,VERB,22333
getränks,VERB,13881
gewalt,VERB,12327
gewalt-,VERB,12327
gewalt0,VERB,12327
gewaltig,ADJ,21352
gewaltige,VERB,21352
gewaltigem,VERB,21352
gewaltigen,VERB,21352
gewaltiger,VERB,21352
gewaltigere,VERB,21352
gewaltigerem,VERB,21352
gewaltigeren,VERB,21352
gewaltigerer,VERB,21352
gewaltigeres,VERB,21352
gewaltiges,VERB,21352
gewaltigst,VERB,21352
gewaltigste,VERB,21352
gewaltigstem,VERB,21352
gewaltigsten,VERB,21352
gewaltigster,VERB,21352
gewaltigstes,VERB,21352
gewalttätig,ADJ,25365
gewalttätige,VERB,25365
gewalttätigem,VERB,25365
gewalttätigen,VERB,25365
gewalttätiger,VERB,25365
gewalttätigere,VERB,25365
gewalttätigerem,VERB,25365
gewalttätigeren,VERB,25365
gewalttätigerer,VERB,25365
gewalttätigeres,VERB,25365
gewalttätiges,VERB,25365
gewalttätigst,VERB,25365
gewalttätigste,VERB,25365
gewalttätigstem,VERB,25365
gewalttätigsten,VERB,25365
gewalttätigster,VERB,25365
gewalttätigstes,VERB,25365
gewebe,VERB,25504
gewebe-,VERB,25504
gewebe0,VERB,25504
gewebsflüssigkeit,VERB,25466
gewebsflüssigkeiten,VERB,25466
gewehr,VERB,14655
gewehr-,VERB,14655
gewehr0,VERB,14655
gewicht,VERB,18221
gewichte,VERB,18221
gewichtes,VERB,18221
gewichthebe,VERB,21859
gewichtheben,VERB,21859
gewichthebend,VERB,21859
gewichthebende,VERB,21859
gewichthebendem,VERB,21859
gewichthebenden,VERB,21859
gewichthebender,VERB,21859
gewichthebendes,VERB,21859
gewichthebt,VERB,21859
gewichts,VERB,18221
gewidmet,ADJ,24082
gewidmete,VERB,24082
gewidmetem,VERB,24082
gewidmeten,VERB,24082
gewidmeter,VERB,24082
gewidmetes,VERB,24082
gewinn,VERB,12339
gewinn-,VERB,12339
gewinn0,VERB,12339
gewinnen,PRON,18254
gewinnens,VERB,18254
gewinnung,VERB,18254
gewinnungen,VERB,18254
gewiss,ADJ,13146
gewisse,VERB,13146
gewissem,VERB,13146
gewissen,VERB,13401
gewissens,VERB,13401
gewisser,VERB,13146
gewisses,VERB,13146
gewohnheit,VERB,25072
gewohnheiten,VERB,25072
gewächshaus,VERB,14643
gewächshauses,VERB,14643
gewächshäuser,VERB,14643
gewächshäusern,VERB,14643
gewähren,PRON,15196
gewährens,VERB,15196
gewährung,VERB,15196
gewährungen,VERB,15196
gewöhnlich,VERB,25208
gewöhnliche,VERB,25208
gewöhnlichem,VERB,25208
gewöhnlichen,VERB,25208
gewöhnlicher,VERB,25208
gewöhnlichere,VERB,25208
gewöhnlicherem,VERB,25208
gewöhnlicheren,VERB,25208
gewöhnlicherer,VERB,25208
gewöhnlicheres,VERB,25208
gewöhnliches,VERB,25208
gewöhnlichst,VERB,25208
gewöhnlichste,VERB,25208
gewöhnlichstem,VERB,25208
gewöhnlichsten,VERB,25208
gewöhnlichster,VERB,25208
gewöhnlichstes,VERB,25208
gewölbe,VERB,23817
gewölben,VERB,23817
gewölbes,VERB,23817
gewürfelt,ADJ,24055
gewürfelte,VERB,24055
gewürfeltem,VERB,24055
gewürfelten,VERB,24055
gewürfelter,VERB,24055
gewürfeltes,VERB,24055
gewürz,VERB,14198
gewürz-,VERB,14198
gewürz0,VERB,14198
gewürzdose,VERB,17228
gezwungen,ADJ,14383
gezwungen werden,PRON,15685
gezwungene,VERB,14383
gezwungenem,VERB,14383
gezwungenen,VERB,14383
gezwungener,VERB,14383
gezwungenes,VERB,14383
gib mir bitte  zeit,NOUN,24664
gießen,PRON,24330
gießens,VERB,24330
gießkanne,VERB,24331
gieβlöffel,VERB,22573
gift,VERB,16215
gift-,VERB,16215
gift0,VERB,16215
giftschlange,VERB,25941
gigantisch,ADJ,21354
gigantische,VERB,21354
gigantischem,VERB,21354
gigantischen,VERB,21354
gigantischer,VERB,21354
gigantisches,VERB,21354
gips,VERB,13129
gipsverband,VERB,13129
giraffe,VERB,14438
giraffen,VERB,14438
gitarre,VERB,23879
gitarren,VERB,23879
gitter,VERB,24904
gitter-,VERB,24904
gitter0,VERB,24904
glanz,VERB,22386
glanz-,VERB,22386
glanz0,VERB,22386
glas,VERB,14441
glas-,VERB,14441
glas0,VERB,14441
glashandwerk,VERB,24134
glasur,VERB,25734
glasuren,VERB,25734
glasware,VERB,14444
glatt,ADJ,17186
glatte,VERB,17186
glattem,VERB,17186
glatten,VERB,17186
glatter,VERB,17186
glattere,VERB,17186
glatterem,VERB,17186
glatteren,VERB,17186
glatterer,VERB,17186
glatteres,VERB,17186
glattes,VERB,17186
glattest,VERB,17186
glatteste,VERB,17186
glattestem,VERB,17186
glattesten,VERB,17186
glattester,VERB,17186
glattestes,VERB,17186
glaube,VERB,12660
glauben,PRON,12661
glaubens,VERB,12661
gleich,NOUN,16713
gleich-,VERB,16713
gleich0,VERB,16713
gleichartig,OTHER,16984
gleichartige,VERB,16984
gleichartigem,VERB,16984
gleichartigen,VERB,16984
gleichartiger,VERB,16984
gleichartiges,VERB,16984
gleichberechtigt,ADJ,25368
gleichberechtigte,VERB,25368
gleichberechtigtem,VERB,25368
gleichberechtigten,VERB,25368
gleichberechtigter,VERB,25368
gleichberechtigtere,VERB,25368
gleichberechtigterem,VERB,25368
gleichberechtigteren,VERB,25368
gleichberechtigterer,VERB,25368
gleichberechtigteres,VERB,25368
gleichberechtigtes,VERB,25368
gleichberechtigtst,VERB,25368
gleichberechtigtste,VERB,25368
gleichberechtigtstem,VERB,25368
gleichberechtigtsten,VERB,25368
gleichberechtigtster,VERB,25368
gleichberechtigtstes,VERB,25368
gleiche,VERB,16713
gleichem,VERB,16713
gleichen,PRON,13943
gleichens,VERB,13943
gleicher,VERB,16713
gleiches,VERB,16713
gleichgestellte,PREP,23165
gleichgewicht,VERB,25842
gleichgewichtssinn,VERB,25842
gleichheit,NOUN,16713
gleichheiten,VERB,16713
gleichschenkliges dreieck,VERB,25744
gleichseitiges dreieck,VERB,25704
gleichstrom,VERB,25281
gleichung,VERB,13943
gleichungen,VERB,13943
gleite,VERB,25803
gleiten,PRON,25803
gleitend,VERB,25803
gleitende,VERB,25803
gleitendem,VERB,25803
gleitenden,VERB,25803
gleitender,VERB,25803
gleitendes,VERB,25803
gleitest,VERB,25803
gleitet,VERB,25803
gletscher,VERB,24133
gletscher-,VERB,24133
gletscher0,VERB,24133
glimmen,PRON,24136
glimmens,VERB,24136
glitter,VERB,25453
glitzere,VERB,17960
glitzern,PRON,17960
glitzernd,VERB,17960
glitzernde,VERB,17960
glitzerndem,VERB,17960
glitzernden,VERB,17960
glitzernder,VERB,17960
glitzerndes,VERB,17960
glitzerst,VERB,17960
glitzert,VERB,17960
glitzerte,VERB,17960
glitzerten,VERB,17960
glitzertest,VERB,17960
glitzertet,VERB,17960
glitzre,VERB,17960
globus,VERB,25885
glocke,VERB,12662
glocken,VERB,12662
glockenspiel,VERB,24802
glänzend,ADJ,12903
glänzendere,VERB,12903
glänzenderem,VERB,12903
glänzenderen,VERB,12903
glänzenderer,VERB,12903
glänzenderes,VERB,12903
glänzendst,VERB,12903
glänzendste,VERB,12903
glänzendstem,VERB,12903
glänzendsten,VERB,12903
glänzendster,VERB,12903
glänzendstes,VERB,12903
gläubige,PREP,20565
glück,VERB,14675
glückes,VERB,14675
glücklich,ADJ,14676
glückliche,VERB,14676
glücklichem,VERB,14676
glücklichen,VERB,14676
glücklicher,VERB,14676
glücklichere,VERB,14676
glücklicherem,VERB,14676
glücklicheren,VERB,14676
glücklicherer,VERB,14676
glücklicheres,VERB,14676
glücklicherweise,ADJ,15403
glückliches,VERB,14676
glücklichst,VERB,14676
glücklichste,VERB,14676
glücklichstem,VERB,14676
glücklichsten,VERB,14676
glücklichster,VERB,14676
glücklichstes,VERB,14676
glücks,VERB,14675
glücksspiel,VERB,24452
glücksspieler,PREP,24454
glückwunsch,OTHER,15487
glückwunsch-,VERB,15487
glückwunsch0,VERB,15487
glüh,VERB,24135
glühe,VERB,24135
glühen,VERB,24135
glühend,VERB,24135
glühende,VERB,24135
glühendem,VERB,24135
glühenden,VERB,24135
glühender,VERB,24135
glühendes,VERB,24135
glühst,VERB,24135
glüht,VERB,24135
glühte,VERB,24135
glühten,VERB,24135
glühtest,VERB,24135
glühtet,VERB,24135
gnade,VERB,21040
gnaden,VERB,21040
gnom,PREP,23481
gnomen,VERB,23481
gokart,VERB,21822
gokartrennen,VERB,21831
gokarts,VERB,21822
gold,VERB,23100
gold-,VERB,23100
gold0,VERB,23100
goldfisch,VERB,14452
goldschmied,PREP,24456
goldschmiedin,PREP,24456
golf,VERB,14453
golf-,VERB,14453
golf0,VERB,14453
gondel,VERB,24042
gondeln,VERB,24042
gong,VERB,23878
gongs,VERB,23878
goniometer,VERB,23180
goniometern,VERB,23180
goniometers,VERB,23180
gorilla,VERB,15485
gorillas,VERB,15485
gott,PREP,14451
gottes,VERB,14451
gottesdienst,VERB,23192
gps,VERB,24661
gps-empfänger,VERB,24660
grab,VERB,14638
grab-,VERB,14638
grab0,VERB,14638
graben,PRON,13677
graben-,VERB,13677
graben0,VERB,13677
grabhügel,VERB,25846
grabstein,VERB,21284
grapefruit,VERB,14634
grapefruits,VERB,14634
gras,VERB,14636
gras-,VERB,14636
gras0,VERB,14636
grasbüschel,VERB,25961
grase,VERB,25721
grasen,PRON,25721
grasend,VERB,25721
grasende,VERB,25721
grasendem,VERB,25721
grasenden,VERB,25721
grasender,VERB,25721
grasendes,VERB,25721
grasest,VERB,25721
grashüpfer,VERB,14637
grast,VERB,25721
graste,VERB,25721
grasten,VERB,25721
grastest,VERB,25721
grastet,VERB,25721
gratis,ADJ,25882
gratuliere,VERB,15437
gratulieren,PRON,15437
gratulierend,VERB,15437
gratulierende,VERB,15437
gratulierendem,VERB,15437
gratulierenden,VERB,15437
gratulierender,VERB,15437
gratulierendes,VERB,15437
gratulierst,VERB,15437
gratuliert,VERB,15437
gratulierte,VERB,15437
gratulierten,VERB,15437
gratuliertest,VERB,15437
gratuliertet,VERB,15437
grau,NOUN,14639
graue,VERB,14639
grauem,VERB,14639
grauen,VERB,14639
grauer,VERB,14639
graues,VERB,14639
grausam,ADJ,15439
grausame,VERB,15439
grausamem,VERB,15439
grausamen,VERB,15439
grausamer,VERB,15439
grausamere,VERB,15439
grausamerem,VERB,15439
grausameren,VERB,15439
grausamerer,VERB,15439
grausameres,VERB,15439
grausames,VERB,15439
grausamst,VERB,15439
grausamste,VERB,15439
grausamstem,VERB,15439
grausamsten,VERB,15439
grausamster,VERB,15439
grausamstes,VERB,15439
gravitation,VERB,25070
greifer,VERB,22567
greiferin,VERB,22567
greiferinnen,VERB,22567
greifern,VERB,22567
greifers,VERB,22567
grenze,VERB,25579
grenzen,VERB,25579
grenzenlosigkeit,VERB,24915
griechenland,VERB,25071
griechenlands,VERB,25071
griff,VERB,17487
griff-,VERB,17487
griff0,VERB,17487
griffelkasten,VERB,23166
griffelkastens,VERB,23166
griffen,VERB,17487
griffest,VERB,17487
griffst,VERB,17487
grifft,VERB,17487
grill,VERB,23945
grill-,VERB,23945
grill0,VERB,23945
grillbar,VERB,12906
grillbare,VERB,12906
grillbarem,VERB,12906
grillbaren,VERB,12906
grillbarer,VERB,12906
grillbares,VERB,12906
grille,VERB,12906
grillen,PRON,12906
grillend,VERB,12906
grillende,VERB,12906
grillendem,VERB,12906
grillenden,VERB,12906
grillender,VERB,12906
grillendes,VERB,12906
grillst,VERB,12906
grillt,VERB,12906
grillte,VERB,12906
grillten,VERB,12906
grilltest,VERB,12906
grilltet,VERB,12906
grinse,VERB,17021
grinsen,PRON,17021
grinsend,VERB,17021
grinsende,VERB,17021
grinsendem,VERB,17021
grinsenden,VERB,17021
grinsender,VERB,17021
grinsendes,VERB,17021
grinsest,VERB,17021
grinst,VERB,17021
grinste,VERB,17021
grinsten,VERB,17021
grinstest,VERB,17021
grinstet,VERB,17021
grippe,VERB,24117
grippe-,VERB,24117
grippe0,VERB,24117
grober slang,VERB,24962
groß,ADJ,12835
groß-,VERB,12835
groß0,VERB,12835
großbritannien,VERB,17979
große,VERB,12835
großeltern,PREP,14632
großem,VERB,12835
großen,VERB,12835
großer,VERB,12835
großes,VERB,12835
großmutter,PREP,14629
großstadt,VERB,23151
großvater,PREP,14626
groβ,ADJ,14711
grund,VERB,25709
grund-,VERB,25709
grund0,VERB,25709
grundgesetz,VERB,24072
grundierung,VERB,24120
grundlegend,ADJ,24122
grundlegende,VERB,24122
grundlegendem,VERB,24122
grundlegenden,VERB,24122
grundlegender,VERB,24122
grundlegendere,VERB,24122
grundlegenderem,VERB,24122
grundlegenderen,VERB,24122
grundlegenderer,VERB,24122
grundlegenderes,VERB,24122
grundlegendes,VERB,24122
grundlegendst,VERB,24122
grundlegendste,VERB,24122
grundlegendstem,VERB,24122
grundlegendsten,VERB,24122
grundlegendster,VERB,24122
grundlegendstes,VERB,24122
grundregel,VERB,24124
grundschule,VERB,23076
grundsteuer,VERB,23232
grundsätzlich,ADJ,24122
grundsätzliche,VERB,24122
grundsätzlichem,VERB,24122
grundsätzlichen,VERB,24122
grundsätzlicher,VERB,24122
grundsätzliches,VERB,24122
grunzen,PRON,24140
grunzens,VERB,24140
gruppe,PREP,14646
gruppe von,VERB,14647
gruppen,VERB,14647
gruppen-,VERB,14647
gruppen0,VERB,14647
gruppenarbeit,VERB,24305
gruselig,ADJ,25192
gräberfeld,VERB,25886
gräberfelder,VERB,25886
gräberfeldern,VERB,25886
gräberfeldes,VERB,25886
gräberfelds,VERB,25886
gräte,VERB,25305
gräten,VERB,25305
grösse,VERB,25259
grösser als,NOUN,16480
größe,VERB,23214
größen,VERB,23214
grün,NOUN,14641
grün-,VERB,14641
grün0,VERB,14641
grüne,VERB,14641
grünem,VERB,14641
grünen,VERB,14641
grüner,VERB,14641
grünere,VERB,14641
grünerem,VERB,14641
grüneren,VERB,14641
grünerer,VERB,14641
grüneres,VERB,14641
grünes,VERB,14641
grünschnabel,VERB,24447
grünst,VERB,14641
grünste,VERB,14641
grünstem,VERB,14641
grünsten,VERB,14641
grünster,VERB,14641
grünstes,VERB,14641
guineaschwein,VERB,14434
gullydeckel,VERB,25910
gullydeckeln,VERB,25910
gullydeckels,VERB,25910
gummiboot,VERB,22086
gummihandschuh,VERB,22597
gurke,VERB,13620
gurken,VERB,13620
gurt,VERB,12664
gurt-,VERB,12664
gurt0,VERB,12664
gut,ADJ,14463
gut aussehend,ADJ,12645
gute nacht,NOUN,24463
guten abend,NOUN,24459
guten morgen,NOUN,24461
guten tag,OTHER,14702
gutes,VERB,14463
gutmütigkeit,VERB,14456
guts,VERB,14463
gymnastik,VERB,21798
gymnastikhalle,VERB,14656
gymnastikmatte,VERB,14657
gynäkologe,PREP,21580
gynäkologen,VERB,21580
gynäkologin,PREP,21580
gynäkologinnen,VERB,21580
gähn,VERB,18288
gähne,VERB,18288
gähnen,PRON,18288
gähnend,VERB,18288
gähnende,VERB,18288
gähnendem,VERB,18288
gähnenden,VERB,18288
gähnender,VERB,18288
gähnendes,VERB,18288
gähnst,VERB,18288
gähnt,VERB,18288
gähnte,VERB,18288
gähnten,VERB,18288
gähntest,VERB,18288
gähntet,VERB,18288
gärtner,PREP,23519
gärtnerei,VERB,23091
gärtnereien,VERB,23091
gärtnerin,PREP,23519
gärtnerinnen,VERB,23519
gärtnern,VERB,23519
gärtners,VERB,23519
gästezimmer,VERB,24465
göttin,PREP,14451
göttinnen,VERB,14451
göttlich,ADJ,21041
göttliche,VERB,21041
göttlichem,VERB,21041
göttlichen,VERB,21041
göttlicher,VERB,21041
göttlichere,VERB,21041
göttlicherem,VERB,21041
göttlicheren,VERB,21041
göttlicherer,VERB,21041
göttlicheres,VERB,21041
göttliches,VERB,21041
göttlichst,VERB,21041
göttlichste,VERB,21041
göttlichstem,VERB,21041
göttlichsten,VERB,21041
göttlichster,VERB,21041
göttlichstes,VERB,21041
günstig,ADJ,15403
günstige,VERB,15403
günstigem,VERB,15403
günstigen,VERB,15403
günstiger,VERB,15403
günstigere,VERB,15403
günstigerem,VERB,15403
günstigeren,VERB,15403
günstigerer,VERB,15403
günstigeres,VERB,15403
günstiges,VERB,15403
günstigst,VERB,15403
günstigste,VERB,15403
günstigstem,VERB,15403
günstigsten,VERB,15403
günstigster,VERB,15403
günstigstes,VERB,15403
gürtel,VERB,12664
gürtel-,VERB,12664
gürtel0,VERB,12664
güte,VERB,21342
haar,VERB,14660
haar-,VERB,14660
haar0,VERB,14660
haarspray,VERB,23880
haartrockner,VERB,24141
haarwaschmittel,VERB,16938
haarzopf,VERB,25023
hab,VERB,14685
habdalah,VERB,14684
habe,VERB,14685
haben,PRON,14685
habend,VERB,14685
habende,VERB,14685
habendem,VERB,14685
habenden,VERB,14685
habender,VERB,14685
habendes,VERB,14685
habicht,VERB,14686
habichte,VERB,14686
habichten,VERB,14686
habichts,VERB,14686
habt,VERB,14685
hacke,VERB,13179
hacken,PRON,13179
hackend,VERB,13179
hackende,VERB,13179
hackendem,VERB,13179
hackenden,VERB,13179
hackender,VERB,13179
hackendes,VERB,13179
hackfleisch,VERB,23591
hackst,VERB,13179
hackt,VERB,13179
hackte,VERB,13179
hackten,VERB,13179
hacktest,VERB,13179
hacktet,VERB,13179
haderlumpen,VERB,25149
hafen,VERB,14678
hafen-,VERB,14678
hafen0,VERB,14678
hafer,VERB,24705
hafer-,VERB,24705
hafer0,VERB,24705
haferbrei,VERB,23621
haferbreies,VERB,23621
haferflocken,VERB,24705
haferflockenbrei,VERB,23621
hagel,VERB,14659
hagel-,VERB,14659
hagel0,VERB,14659
haggada,VERB,14658
hai,VERB,16942
haie,VERB,16942
haien,VERB,16942
haies,VERB,16942
haifisch,VERB,16942
haifische,VERB,16942
haifischen,VERB,16942
haifischs,VERB,16942
hais,VERB,16942
haken,VERB,14891
haken-,VERB,14891
haken0,VERB,14891
halbe stunde,VERB,23104
halbmond,VERB,13610
halboffen,ADJ,25009
halboffene,VERB,25009
halboffenem,VERB,25009
halboffenen,VERB,25009
halboffener,VERB,25009
halboffenes,VERB,25009
halfter,VERB,24038
halfters,VERB,24038
hallenbad,VERB,25817
hallenschwimmbad,VERB,25817
hallo,OTHER,14702
halloween,VERB,14662
halm,VERB,17259
halme,VERB,17259
halmen,VERB,17259
halmes,VERB,17259
halms,VERB,17259
hals,VERB,15699
hals-,VERB,15699
hals-nasen-ohren-arzt,PREP,21576
hals-nasen-ohren-ärztin,PREP,21576
hals0,VERB,15699
halskette,VERB,25470
halten,PRON,14882
haltens,VERB,14882
haltestelle,VERB,24290
haltung,VERB,14882
haltungen,VERB,14882
halvah,VERB,14663
hamantasch,VERB,14665
hamburger,VERB,14664
hamburgerin,VERB,14664
hamburgerinnen,VERB,14664
hamburgern,VERB,14664
hamburgers,VERB,14664
hammelfleisch,VERB,15170
hammer,VERB,14666
hammer-,VERB,14666
hammer0,VERB,14666
hammerwerfen,VERB,21848
hammerwerfens,VERB,21848
hand,VERB,14667
handarbeit,VERB,13431
handarbeitsladen,VERB,23106
handball,VERB,14669
handbike,VERB,21814
handbohrmaschine,VERB,25048
handel,VERB,13093
handels,VERB,13093
handgelenk,VERB,18284
handgelenkgurt,VERB,24142
handgelenkschutz,VERB,24340
handgemachte figur,VERB,25723
handlung,VERB,12334
handpuppe,VERB,16433
handschippe,VERB,16966
handschrift,VERB,23107
handschuh,VERB,14445
handtasche,VERB,14668
handtuch,VERB,17762
handwerk,VERB,25723
handwerkes,VERB,25723
handwerkliches produkt,VERB,14672
handwerks,VERB,25723
handy,VERB,23592
handy-,VERB,23592
handy0,VERB,23592
handzeichen,VERB,25938
handzettel,VERB,21340
hangar,VERB,25317
hangars,VERB,25317
hannuka,VERB,13153
harfe,VERB,23881
harfen,VERB,23881
harke,VERB,16461
harmonie,VERB,14680
harmonie-,VERB,14680
harmonie0,VERB,14680
harn,VERB,17990
harn-,VERB,17990
harn0,VERB,17990
harnröhre,VERB,17988
hart,ADJ,14679
hart-,VERB,14679
hart0,VERB,14679
harte,VERB,14679
hartem,VERB,14679
harten,VERB,14679
harter,VERB,14679
hartes,VERB,14679
hasardeur,PREP,24454
hasardeure,VERB,24454
hasardeuren,VERB,24454
hasardeurin,VERB,24454
hasardeurinnen,VERB,24454
hasardeurs,VERB,24454
hase,VERB,16448
haselmaus,VERB,25700
hasen,VERB,16448
hass,VERB,24908
hass-,VERB,24908
hass0,VERB,24908
hasse,VERB,14683
hassen,PRON,14683
hassend,VERB,14683
hassende,VERB,14683
hassendem,VERB,14683
hassenden,VERB,14683
hassender,VERB,14683
hassendes,VERB,14683
hassest,VERB,14683
hasst,VERB,14683
hasste,VERB,14683
hassten,VERB,14683
hasstest,VERB,14683
hasstet,VERB,14683
hatifnatten,PREP,25073
hau,VERB,14717
haue,VERB,14717
hauen,PRON,14717
hauend,VERB,14717
hauende,VERB,14717
hauendem,VERB,14717
hauenden,VERB,14717
hauender,VERB,14717
hauendes,VERB,14717
haufen,VERB,25033
haufens,VERB,25033
hauptaktivität,VERB,25687
hauptgericht,VERB,22119
hauptlager,VERB,12633
hauptmahlzeit,VERB,17468
hauptstadt,VERB,23151
haus,VERB,14905
haus-,VERB,14905
haus0,VERB,14905
hausanzug,VERB,13879
hausartzt,PREP,21581
hausaufgaben,VERB,23533
hausboot,VERB,22089
haushaltbar,VERB,25730
haushaltbare,VERB,25730
haushaltbarem,VERB,25730
haushaltbaren,VERB,25730
haushaltbarer,VERB,25730
haushaltbares,VERB,25730
haushalte,VERB,25730
haushalten,PRON,25730
haushaltend,VERB,25730
haushaltende,VERB,25730
haushaltendem,VERB,25730
haushaltenden,VERB,25730
haushaltender,VERB,25730
haushaltendes,VERB,25730
haushaltet,VERB,25730
haushaltsführung,VERB,23536
haushaltsplan,VERB,23427
haushälter,PREP,25731
haushälterin,PREP,25731
haushälterinnen,VERB,25731
haushältern,VERB,25731
haushälters,VERB,25731
hauskobold,PREP,23422
hausmantel,VERB,13879
hausmeister,PREP,24683
hausmeisterin,PREP,24683
hausschuh,VERB,17013
haust,VERB,14717
haustier,VERB,12382
hausvogel,VERB,12838
hauswirtschaftslehre,VERB,25698
hausärztin,PREP,21581
haut,VERB,17001
haute,VERB,14717
hauten,VERB,14717
hautest,VERB,14717
hautet,VERB,14717
hautjucken,VERB,24472
hautjuckens,VERB,24472
hautkrankheit,VERB,24266
hawaiigitarre,VERB,23979
hawaiigitarren,VERB,23979
hawdala,VERB,14684
hawdole,VERB,14684
heavy metal,VERB,24695
hebeapparat,VERB,14881
heben,PRON,15207
hebens,VERB,15207
hebräisch,VERB,23110
hebräische,VERB,23110
hebräischem,VERB,23110
hebräischen,VERB,23110
hebräischer,VERB,23110
hebräisches,VERB,23110
hebräischunterricht,VERB,23109
hebung,VERB,15207
hebungen,VERB,15207
heck,VERB,22063
heck-,VERB,22063
heck0,VERB,22063
hecke,VERB,14167
hefe,VERB,25830
hefen,VERB,25830
heft,VERB,15734
heft-,VERB,15734
heft0,VERB,15734
hehlerwaren,VERB,25178
heidelbeere,VERB,12866
heidelbeeren,VERB,12866
heilen,PRON,24077
heilens,VERB,24077
heilig,ADJ,21041
heiligabend,VERB,25441
heiligabende,VERB,25441
heiligabenden,VERB,25441
heiligabends,VERB,25441
heilige,PREP,21085
heilige familie,PREP,21089
heilige geist,PREP,23114
heilige jungfrau maria,PREP,21046
heilige sakramente,VERB,21109
heilige stadt,VERB,21088
heilige-drei-könige,VERB,24095
heiligem,VERB,21041
heiligen,PRON,21084
heiligens,VERB,21084
heiliger,VERB,21041
heiliger abend,VERB,25441
heiligere,VERB,21041
heiligerem,VERB,21041
heiligeren,VERB,21041
heiligerer,VERB,21041
heiligeres,VERB,21041
heiliges,VERB,21041
heiliges buch,VERB,21068
heiliges kind,PREP,21086
heiligkeit,VERB,21082
heiligkeiten,VERB,21082
heiligst,VERB,21041
heiligste,VERB,21041
heiligstem,VERB,21041
heiligsten,VERB,21041
heiligster,VERB,21041
heiligstes,VERB,21041
heiligung,VERB,21084
heiligungen,VERB,21084
heilkraut,VERB,22321
heilkunde,VERB,24920
heilung,VERB,24077
heilungen,VERB,24077
heim,VERB,14885
heim-,VERB,14885
heim0,VERB,14885
heimarbeiter,PREP,25729
heimisch,ADJ,24086
heimische,VERB,24086
heimischem,VERB,24086
heimischen,VERB,24086
heimischer,VERB,24086
heimisches,VERB,24086
heimwärts,ADJ,25891
heirate,VERB,15426
heiraten,PRON,15426
heiratend,VERB,15426
heiratende,VERB,15426
heiratendem,VERB,15426
heiratenden,VERB,15426
heiratender,VERB,15426
heiratendes,VERB,15426
heiratest,VERB,15426
heiratet,VERB,15426
heiratete,VERB,15426
heirateten,VERB,15426
heiratetest,VERB,15426
heiratetet,VERB,15426
heizen,PRON,14697
heizens,VERB,14697
heizgas,VERB,25067
heizung,VERB,14697
heizungen,VERB,14697
heiß,ADJ,14900
heiß-,VERB,14900
heiß0,VERB,14900
heiße,VERB,14900
heiße schokolade,VERB,20772
heißem,VERB,14900
heißen,PRON,24874
heißend,VERB,24874
heißende,VERB,24874
heißendem,VERB,24874
heißenden,VERB,24874
heißender,VERB,24874
heißendes,VERB,24874
heißer,VERB,14900
heißere,VERB,14900
heißerem,VERB,14900
heißeren,VERB,14900
heißerer,VERB,14900
heißeres,VERB,14900
heißes,VERB,14900
heißest,VERB,14900
heißeste,VERB,14900
heißestem,VERB,14900
heißesten,VERB,14900
heißester,VERB,14900
heißestes,VERB,14900
heißquelle,VERB,22632
heißt,VERB,24874
held,VERB,23528
helden,VERB,23528
heldenhaft,ADJ,23529
heldenhafte,VERB,23529
heldenhaftem,VERB,23529
heldenhaften,VERB,23529
heldenhafter,VERB,23529
heldenhaftere,VERB,23529
heldenhafterem,VERB,23529
heldenhafteren,VERB,23529
heldenhafterer,VERB,23529
heldenhafteres,VERB,23529
heldenhaftes,VERB,23529
heldenhaftest,VERB,23529
heldenhafteste,VERB,23529
heldenhaftestem,VERB,23529
heldenhaftesten,VERB,23529
heldenhaftester,VERB,23529
heldenhaftestes,VERB,23529
heldin,VERB,23528
heldinnen,VERB,23528
helds,VERB,23528
helfe,VERB,14705
helfen,PRON,14705
helfend,VERB,14705
helfende,VERB,14705
helfendem,VERB,14705
helfenden,VERB,14705
helfender,VERB,14705
helfendes,VERB,14705
helfer,PREP,14706
helferin,PREP,14706
helferinnen,VERB,14706
helfern,VERB,14706
helfers,VERB,14706
helft,VERB,14705
helicopter,VERB,14701
hell,ADJ,12903
helle,VERB,12903
hellem,VERB,12903
hellen,VERB,12903
heller,VERB,12903
hellere,VERB,12903
hellerem,VERB,12903
helleren,VERB,12903
hellerer,VERB,12903
helleres,VERB,12903
helles,VERB,12903
hellst,VERB,12903
hellste,VERB,12903
hellstem,VERB,12903
hellsten,VERB,12903
hellster,VERB,12903
hellstes,VERB,12903
helm,VERB,14703
helme,VERB,14703
helmen,VERB,14703
helmes,VERB,14703
helms,VERB,14703
hemd,VERB,16957
hemd-,VERB,16957
hemd0,VERB,16957
hemule,PREP,25074
hengst,VERB,24282
hengste,VERB,24282
hengsten,VERB,24282
hengstes,VERB,24282
hengsts,VERB,24282
henne,VERB,25727
hennen,VERB,25727
her,NOUN,12352
herab,NOUN,13871
herablassen,PRON,24688
herablassens,VERB,24688
herablassung,VERB,24688
herablassungen,VERB,24688
herabsetzen,PRON,13651
herabsetzens,VERB,13651
herangehen,PRON,13383
herangehens,VERB,13383
herangehensweise,VERB,12407
herangehensweisen,VERB,12407
heraus,NOUN,15943
herausforderung,VERB,24052
herausforderungen,VERB,24052
herausgeben,PRON,25775
herausgebens,VERB,25775
herausgeber,PREP,25776
herausgeberin,PREP,25776
herausgeberinnen,VERB,25776
herausgebern,VERB,25776
herausgebers,VERB,25776
herbst,VERB,12597
herbst-,VERB,12597
herbst0,VERB,12597
herein,NOUN,14952
hering,VERB,23530
heringe,VERB,23530
heringen,VERB,23530
herings,VERB,23530
heroisch,ADJ,23529
heroische,VERB,23529
heroischem,VERB,23529
heroischen,VERB,23529
heroischer,VERB,23529
heroischere,VERB,23529
heroischerem,VERB,23529
heroischeren,VERB,23529
heroischerer,VERB,23529
heroischeres,VERB,23529
heroisches,VERB,23529
heroischst,VERB,23529
heroischste,VERB,23529
heroischstem,VERB,23529
heroischsten,VERB,23529
heroischster,VERB,23529
heroischstes,VERB,23529
herrenanzug,VERB,17456
herstellen,PRON,15410
herstellens,VERB,15410
hersteller,PREP,15412
hersteller-,VERB,15412
hersteller0,VERB,15412
herstellerin,PREP,15412
herstellerinnen,VERB,15412
herstellerinnen-,VERB,15412
herstellung,VERB,23583
herstellungen,VERB,15410
herum,NOUN,12580
herumnörgele,VERB,21361
herumnörgeln,PRON,21361
herumnörgelnd,VERB,21361
herumnörgelnde,VERB,21361
herumnörgelndem,VERB,21361
herumnörgelnden,VERB,21361
herumnörgelnder,VERB,21361
herumnörgelndes,VERB,21361
herumnörgelst,VERB,21361
herumnörgelt,VERB,21361
herumnörgelte,VERB,21361
herumnörgelten,VERB,21361
herumnörgeltest,VERB,21361
herumnörgeltet,VERB,21361
herumnörgle,VERB,21361
herunter,NOUN,13869
heruntergehe,VERB,13660
heruntergehen,PRON,13660
heruntergehend,VERB,13660
heruntergehende,VERB,13660
heruntergehendem,VERB,13660
heruntergehenden,VERB,13660
heruntergehender,VERB,13660
heruntergehendes,VERB,13660
heruntergehst,VERB,13660
heruntergeht,VERB,13660
hervorragend,ADJ,21343
hervorragende,VERB,21343
hervorragendem,VERB,21343
hervorragenden,VERB,21343
hervorragender,VERB,21343
hervorragendere,VERB,21343
hervorragenderem,VERB,21343
hervorragenderen,VERB,21343
hervorragenderer,VERB,21343
hervorragenderes,VERB,21343
hervorragendes,VERB,21343
hervorragendst,VERB,21343
hervorragendste,VERB,21343
hervorragendstem,VERB,21343
hervorragendsten,VERB,21343
hervorragendster,VERB,21343
hervorragendstes,VERB,21343
herz,VERB,14695
herz-,VERB,14695
herz-kreislauf-system,VERB,25438
herz0,VERB,14695
herüber,NOUN,12333
heterosexualität,VERB,14709
heterosexuell,ADJ,24910
heterosexuelle,VERB,24910
heterosexuellem,VERB,24910
heterosexuellen,VERB,24910
heterosexueller,VERB,24910
heterosexuelles,VERB,24910
hetze,VERB,24943
hetzen,PRON,24943
hetzend,VERB,24943
hetzende,VERB,24943
hetzendem,VERB,24943
hetzenden,VERB,24943
hetzender,VERB,24943
hetzendes,VERB,24943
hetzest,VERB,24943
hetzt,VERB,24943
hetzte,VERB,24943
hetzten,VERB,24943
hetztest,VERB,24943
hetztet,VERB,24943
heuschrecke,VERB,14637
heuschrecken,VERB,14637
heute,VERB,17744
heute nacht,VERB,17753
hexe,PREP,23712
hexen,VERB,23712
hexenmeister,PREP,23713
hier,NOUN,14708
hilfe,VERB,14704
hilfe-,VERB,14704
hilfe0,VERB,14704
hilfsmittel,VERB,12355
himbeere,VERB,16463
himbeeren,VERB,16463
himmel,VERB,17006
himmel-,VERB,17006
himmel0,VERB,17006
himmelfahrt,VERB,24013
himmelfahrtstag,VERB,24014
hin und her,NOUN,12610
hinab,NOUN,13870
hinauf,NOUN,17983
hinaus,NOUN,15943
hinausgehe,VERB,14126
hinausgehen,PRON,14126
hinausgehend,VERB,14126
hinausgehende,VERB,14126
hinausgehendem,VERB,14126
hinausgehenden,VERB,14126
hinausgehender,VERB,14126
hinausgehendes,VERB,14126
hinausgehst,VERB,14126
hinausgeht,VERB,14126
hinein,NOUN,14952
hinfalle,VERB,13436
hinfallen,PRON,13436
hinfallend,VERB,13436
hinfallende,VERB,13436
hinfallendem,VERB,13436
hinfallenden,VERB,13436
hinfallender,VERB,13436
hinfallendes,VERB,13436
hinfallt,VERB,13436
hingebungsvoll,ADJ,24082
hingebungsvolle,VERB,24082
hingebungsvollem,VERB,24082
hingebungsvollen,VERB,24082
hingebungsvoller,VERB,24082
hingebungsvollere,VERB,24082
hingebungsvollerem,VERB,24082
hingebungsvolleren,VERB,24082
hingebungsvollerer,VERB,24082
hingebungsvolleres,VERB,24082
hingebungsvolles,VERB,24082
hingebungsvollst,VERB,24082
hingebungsvollste,VERB,24082
hingebungsvollstem,VERB,24082
hingebungsvollsten,VERB,24082
hingebungsvollster,VERB,24082
hingebungsvollstes,VERB,24082
hinter,NOUN,12348
hinter-,VERB,12348
hinter0,VERB,12348
hintere,VERB,12348
hinterem,VERB,12348
hinteren,VERB,12348
hinterer,VERB,12348
hinterer teil,NOUN,25364
hinteres,VERB,12348
hinterflügel,VERB,25382
hinterlasse,VERB,14449
hinterlassen,PRON,14449
hinterlassend,VERB,14449
hinterlassende,VERB,14449
hinterlassendem,VERB,14449
hinterlassenden,VERB,14449
hinterlassender,VERB,14449
hinterlassendes,VERB,14449
hinterlassene,VERB,14449
hinterlassenem,VERB,14449
hinterlassenen,VERB,14449
hinterlassener,VERB,14449
hinterlassenes,VERB,14449
hinterlasst,VERB,14449
hintern,VERB,13097
hintern  und geschlechtsorgane,VERB,25531
hintern-,VERB,13097
hintern0,VERB,13097
hinters,VERB,12348
hinterseite,NOUN,25364
hinunter,NOUN,13869
hinweise,VERB,16213
hinweisen,PRON,16213
hinweisend,VERB,16213
hinweisende,VERB,16213
hinweisendem,VERB,16213
hinweisenden,VERB,16213
hinweisender,VERB,16213
hinweisendes,VERB,16213
hinweisest,VERB,16213
hinweist,VERB,16213
hinzufügen,PRON,12338
hinzufügens,VERB,12338
hinzufügung,VERB,12338
hinzufügungen,VERB,12338
hinüber,NOUN,12333
hip-hop,VERB,23934
hirnschädel,VERB,25492
hirsch,VERB,12381
hirsch-,VERB,12381
hirsch0,VERB,12381
historiker,PREP,21569
historikerin,PREP,21569
historikerinnen,VERB,21569
historikern,VERB,21569
historikers,VERB,21569
hitze,VERB,14696
hobbit,PREP,23531
hobbits,VERB,23531
hobby,VERB,14718
hobby-,VERB,14718
hobby0,VERB,14718
hoch,ADJ,14711
hoch-,VERB,14711
hoch0,VERB,14711
hochflut,VERB,22628
hochhebe,VERB,15207
hochheben,PRON,15207
hochhebend,VERB,15207
hochhebende,VERB,15207
hochhebendem,VERB,15207
hochhebenden,VERB,15207
hochhebender,VERB,15207
hochhebendes,VERB,15207
hochhebst,VERB,15207
hochhebt,VERB,15207
hochmütig,ADJ,16422
hochmütige,VERB,16422
hochmütigem,VERB,16422
hochmütigen,VERB,16422
hochmütiger,VERB,16422
hochmütigere,VERB,16422
hochmütigerem,VERB,16422
hochmütigeren,VERB,16422
hochmütigerer,VERB,16422
hochmütigeres,VERB,16422
hochmütiges,VERB,16422
hochmütigst,VERB,16422
hochmütigste,VERB,16422
hochmütigstem,VERB,16422
hochmütigsten,VERB,16422
hochmütigster,VERB,16422
hochmütigstes,VERB,16422
hochsprung,VERB,21843
hochwasser,VERB,14201
hochzeit,VERB,15425
hochzeitstag,VERB,12392
hockey,VERB,14174
hockey-,VERB,14174
hockey0,VERB,14174
hockeyhelm,VERB,21617
hockeyschläger,VERB,25619
hoden,VERB,17529
hodens,VERB,17529
hodensack,VERB,16741
hodensacks,VERB,16741
hodometer,VERB,26019
hof,VERB,18287
hof-,VERB,18287
hof0,VERB,18287
hoffen,PRON,14893
hoffens,VERB,14893
hoffnung,VERB,21303
hoffnungen,VERB,21303
hoffnungsvoll,ADJ,23535
hoffnungsvolle,VERB,23535
hoffnungsvollem,VERB,23535
hoffnungsvollen,VERB,23535
hoffnungsvoller,VERB,23535
hoffnungsvollere,VERB,23535
hoffnungsvollerem,VERB,23535
hoffnungsvolleren,VERB,23535
hoffnungsvollerer,VERB,23535
hoffnungsvolleres,VERB,23535
hoffnungsvolles,VERB,23535
hoffnungsvollst,VERB,23535
hoffnungsvollste,VERB,23535
hoffnungsvollstem,VERB,23535
hoffnungsvollsten,VERB,23535
hoffnungsvollster,VERB,23535
hoffnungsvollstes,VERB,23535
holocaust,VERB,21612
holocausts,VERB,21612
holz,VERB,17263
holz-,VERB,17263
holz0,VERB,17263
holzarbeit,VERB,24339
holzblasinstrument,VERB,23985
holzbläser,VERB,23985
holzfäller,PREP,23572
holzfällerin,PREP,23572
holzfällerinnen,VERB,23572
holzfällern,VERB,23572
holzfällers,VERB,23572
home run,VERB,14886
homosexualität,VERB,14887
homosexualität schwulen,VERB,14888
homosexuell,ADJ,24153
homosexuelle,VERB,24153
homosexuellem,VERB,24153
homosexuellen,VERB,24153
homosexueller,VERB,24153
homosexuelles,VERB,24153
honig,VERB,14889
honig-,VERB,14889
honig0,VERB,14889
horizantal,ADJ,23116
horizont,VERB,14894
horizont-,VERB,14894
horizont0,VERB,14894
hormonsystem,VERB,25449
horn,VERB,23825
hornes,VERB,23825
hornhaut des auges,VERB,25855
horns,VERB,23825
hort,VERB,23558
horte,VERB,23558
horten,VERB,23558
hortes,VERB,23558
horts,VERB,23558
hose,VERB,15961
hosen,VERB,15961
hosentasche,VERB,16209
hospital,VERB,14899
hospitals,VERB,14899
hostie,VERB,21367
hostien,VERB,21367
hostienteller,VERB,21366
hostientellern,VERB,21366
hostientellers,VERB,21366
hot dog,VERB,14902
hotel,VERB,14903
hotel-,VERB,14903
hotel0,VERB,14903
hovercraft,VERB,22085
hubschrauber,VERB,14701
hubschrauber-,VERB,14701
hubschrauber0,VERB,14701
huf,VERB,24155
huf-,VERB,24155
huf0,VERB,24155
hufeisen,VERB,24163
hufkratzer,VERB,24156
hufnagel,VERB,24164
hufschmied,PREP,24107
hugin und munin,VERB,22823
huhn,VERB,13164
huhnes,VERB,13164
huhns,VERB,13164
humerus,VERB,25457
hummer,VERB,15226
hummern,VERB,15226
hummers,VERB,15226
hummus,VERB,14911
humorvoll,ADJ,14414
humorvolle,VERB,14414
humorvollem,VERB,14414
humorvollen,VERB,14414
humorvoller,VERB,14414
humorvolles,VERB,14414
hund,VERB,12380
hunde,VERB,12380
hunden,VERB,12380
hundes,VERB,12380
hundeschlitten,VERB,21874
hundeschlittensport,VERB,21877
hunds,VERB,12380
hunger,ADJ,14912
hunger-,VERB,14912
hunger0,VERB,14912
hungern,VERB,24283
hungerns,VERB,24283
hungertod,VERB,24283
hungrig,ADJ,14912
hungrige,VERB,14912
hungrigem,VERB,14912
hungrigen,VERB,14912
hungriger,VERB,14912
hungrigere,VERB,14912
hungrigerem,VERB,14912
hungrigeren,VERB,14912
hungrigerer,VERB,14912
hungrigeres,VERB,14912
hungriges,VERB,14912
hungrigst,VERB,14912
hungrigste,VERB,14912
hungrigstem,VERB,14912
hungrigsten,VERB,14912
hungrigster,VERB,14912
hungrigstes,VERB,14912
hurra rufen,OTHER,25026
hurrikan,VERB,23887
hurrikans,VERB,23887
huste,VERB,13420
husten,PRON,13420
husten-,VERB,13420
husten0,VERB,13420
hustend,VERB,13420
hustende,VERB,13420
hustendem,VERB,13420
hustenden,VERB,13420
hustender,VERB,13420
hustendes,VERB,13420
hustest,VERB,13420
hustet,VERB,13420
hustete,VERB,13420
husteten,VERB,13420
hustetest,VERB,13420
hustetet,VERB,13420
hut,VERB,14682
hut-,VERB,14682
hut0,VERB,14682
hydrant,VERB,25301
hydranten,VERB,25301
hydrotherapeut,PREP,21597
hydrotherapeutin,PREP,21597
hydrotherapie,VERB,24169
hydrotherapien,VERB,24169
hypothese,VERB,25574
hypothesen,VERB,25574
hysterectomie,VERB,14915
häftling,PREP,25145
häftlinge,VERB,25145
häftlingen,VERB,25145
häftlings,VERB,25145
häkel,VERB,13611
häkele,VERB,13611
häkeln,PRON,13611
häkelnd,VERB,13611
häkelnde,VERB,13611
häkelndem,VERB,13611
häkelnden,VERB,13611
häkelnder,VERB,13611
häkelndes,VERB,13611
häkelst,VERB,13611
häkelt,VERB,13611
häkelte,VERB,13611
häkelten,VERB,13611
häkeltest,VERB,13611
häkeltet,VERB,13611
häkle,VERB,13611
hälfte,NOUN,24906
hälften,VERB,24906
händeklatschen,VERB,25013
händeklatschens,VERB,25013
händler,PREP,25785
händler-,VERB,25785
händler0,VERB,25785
händlerin,PREP,25785
händlerinnen,VERB,25785
händlerinnen-,VERB,25785
hängematte,VERB,24662
hängen,PRON,14673
hängens,VERB,14673
hängung,VERB,14673
hängungen,VERB,14673
hänsel,VERB,17515
hänsele,VERB,17515
hänseln,PRON,17515
hänselnd,VERB,17515
hänselnde,VERB,17515
hänselndem,VERB,17515
hänselnden,VERB,17515
hänselnder,VERB,17515
hänselndes,VERB,17515
hänselst,VERB,17515
hänselt,VERB,17515
hänselte,VERB,17515
hänselten,VERB,17515
hänseltest,VERB,17515
hänseltet,VERB,17515
hänsle,VERB,17515
härten,VERB,25565
härtens,VERB,25565
härtung,VERB,25565
härtungen,VERB,25565
hässlich,ADJ,17964
hässliche,VERB,17964
hässlichem,VERB,17964
hässlichen,VERB,17964
hässlicher,VERB,17964
hässlichere,VERB,17964
hässlicherem,VERB,17964
hässlicheren,VERB,17964
hässlicherer,VERB,17964
hässlicheres,VERB,17964
hässliches,VERB,17964
hässlichst,VERB,17964
hässlichste,VERB,17964
hässlichstem,VERB,17964
hässlichsten,VERB,17964
hässlichster,VERB,17964
hässlichstes,VERB,17964
häuschen,VERB,13102
häuschens,VERB,13102
häuserblock,VERB,23815
häuserreihe,VERB,23815
höhe,VERB,24909
höhen,VERB,24909
höhenmesser,VERB,23018
höhepunkt,VERB,25726
höhepunkte,VERB,25726
höhepunkten,VERB,25726
höhepunktes,VERB,25726
höhepunkts,VERB,25726
höhle,VERB,13137
höhlen,VERB,13137
hölle,VERB,21062
höllen,VERB,21062
hörbehindert,ADJ,26009
hörbehinderte,VERB,26009
hörbehindertem,VERB,26009
hörbehinderten,VERB,26009
hörbehinderter,VERB,26009
hörbehindertes,VERB,26009
hörbehinderung,VERB,26008
hörempfindung,VERB,25890
hören,PRON,14692
hörens,VERB,14692
hörgerät,VERB,14693
hörgeschädigt,ADJ,14694
hörgeschädigte,VERB,14694
hörgeschädigtem,VERB,14694
hörgeschädigten,VERB,14694
hörgeschädigter,VERB,14694
hörgeschädigtes,VERB,14694
hörner,VERB,14896
hörnern,VERB,14896
hörsaal,VERB,24481
hört sich gleich an,OTHER,16714
hübsch,ADJ,12645
hübsche,VERB,12645
hübschem,VERB,12645
hübschen,VERB,12645
hübscher,VERB,12645
hübsches,VERB,12645
hüfte,VERB,14713
hüften,VERB,14713
hügel,VERB,14712
hügel-,VERB,14712
hügel0,VERB,14712
hühnerfleisch,VERB,13165
hühnerstall,VERB,25728
hülle,VERB,25532
hüllen,VERB,25532
hülse,VERB,22837
hülsen,VERB,22837
hüpfe,VERB,14892
hüpfen,PRON,14892
hüpfend,VERB,14892
hüpfende,VERB,14892
hüpfendem,VERB,14892
hüpfenden,VERB,14892
hüpfender,VERB,14892
hüpfendes,VERB,14892
hüpfst,VERB,14892
hüpft,VERB,14892
hüpfte,VERB,14892
hüpften,VERB,14892
hüpftest,VERB,14892
hüpftet,VERB,14892
hürdenlauf,VERB,21840
hüttchen,VERB,13102
hüttchens,VERB,13102
hütte,VERB,13102
hütten,VERB,13102
hüttenkäse,VERB,22364
ice,VERB,17767
ich,PREP,14916
ichbezogen,ADJ,16755
ichbezogene,VERB,16755
ichbezogenem,VERB,16755
ichbezogenen,VERB,16755
ichbezogener,VERB,16755
ichbezogenes,VERB,16755
idee,VERB,14926
ideen,VERB,14926
idiotisch,ADJ,17447
idiotische,VERB,17447
idiotischem,VERB,17447
idiotischen,VERB,17447
idiotischer,VERB,17447
idiotischere,VERB,17447
idiotischerem,VERB,17447
idiotischeren,VERB,17447
idiotischerer,VERB,17447
idiotischeres,VERB,17447
idiotisches,VERB,17447
idiotischst,VERB,17447
idiotischste,VERB,17447
idiotischstem,VERB,17447
idiotischsten,VERB,17447
idiotischster,VERB,17447
idiotischstes,VERB,17447
igel,VERB,14699
igelchen,VERB,14699
igelchens,VERB,14699
igeln,VERB,14699
igels,VERB,14699
igitt,OTHER,17963
ihm,PREP,14687
ihn,PREP,14687
ihnen,PREP,17713
ihr,PREP,14707
ihr selbst,PREP,16949
ihre,PREP,14707
ihrem,VERB,14707
ihren,NOUN,17702
ihrer,PREP,18468
ihres,PREP,18468
ijjar,VERB,14964
illegal,ADJ,23118
illegale,VERB,23118
illegalem,VERB,23118
illegalen,VERB,23118
illegaler,VERB,23118
illegales,VERB,23118
illustration,VERB,25325
illustrationen,VERB,25325
illustrieren,PRON,25323
illustrierens,VERB,25323
illustriert,ADJ,25324
illustrierte,VERB,15407
illustrierung,VERB,25323
illustrierungen,VERB,25323
im freien,VERB,25591
im gegensatz zu,NOUN,12351
im internet chatten,PRON,25676
im schritt reiten,PRON,24327
im stress sein,PRON,24943
im vorfeld,NOUN,12656
imaginär,ADJ,15411
imaginäre,VERB,15411
imaginärem,VERB,15411
imaginären,VERB,15411
imaginärer,VERB,15411
imaginäres,VERB,15411
imbiss,VERB,17187
imbiss-,VERB,17187
imbiss0,VERB,17187
immer,ADJ,12368
immer noch,ADJ,24285
immergrüner baum,VERB,14116
impfung,VERB,14941
importgut,VERB,23538
importiere,VERB,23539
importieren,PRON,23539
importierend,VERB,23539
importierende,VERB,23539
importierendem,VERB,23539
importierenden,VERB,23539
importierender,VERB,23539
importierendes,VERB,23539
importierst,VERB,23539
importiert,ADJ,23541
importierte,VERB,23539
importiertem,VERB,23539
importierten,VERB,23539
importierter,VERB,23539
importiertes,VERB,23539
importiertest,VERB,23539
importiertet,VERB,23539
in,NOUN,14932
in den ruhestand treten,PRON,25154
in der mikrowelle zubereiten,PRON,15462
in der pfanne,PRON,14411
in einer entfernung von,NOUN,25522
in frage stellen,PRON,25832
in gebärdensprache ausdrücken,PRON,21537
in panik,ADJ,17525
in pension gehen,PRON,25154
in pension sein,PRON,23033
in übereinstimmung sein,ADJ,24808
index,VERB,25089
index-,VERB,25089
index0,VERB,25089
indien,VERB,25090
indiens,VERB,25090
indigo,NOUN,14938
indigos,VERB,14938
indikator,OTHER,8993
indikatoren,VERB,8993
indikators,VERB,8993
individuum,PREP,16161
individuums,VERB,16161
infektion,VERB,24470
infektionen,VERB,24470
infinit,ADJ,14429
infinite,VERB,14429
infinitem,VERB,14429
infiniten,VERB,14429
infiniter,VERB,14429
infinites,VERB,14429
infizieren,PRON,24468
infizierens,VERB,24468
infiziert,ADJ,24469
infizierung,VERB,24468
infizierungen,VERB,24468
inflation,VERB,23119
inflationen,VERB,23119
information,VERB,23542
informationen,VERB,23542
ingredienz,VERB,22380
ingredienzen,VERB,22380
ingwer,VERB,22318
ingwers,VERB,22318
ingwersoße,VERB,22320
inhalator,VERB,25342
inhalatoren,VERB,25342
inhalators,VERB,25342
inhalierbar,VERB,25328
inhalierbare,VERB,25328
inhalierbarem,VERB,25328
inhalierbaren,VERB,25328
inhalierbarer,VERB,25328
inhalierbares,VERB,25328
inhaliere,VERB,25328
inhalieren,VERB,25328
inhalierend,VERB,25328
inhalierende,VERB,25328
inhalierendem,VERB,25328
inhalierenden,VERB,25328
inhalierender,VERB,25328
inhalierendes,VERB,25328
inhalierst,VERB,25328
inhaliert,VERB,25328
inhalierte,VERB,25328
inhaliertem,VERB,25328
inhalierten,VERB,25328
inhalierter,VERB,25328
inhaliertes,VERB,25328
inhaliertest,VERB,25328
inhaliertet,VERB,25328
inhalt,VERB,24485
inhalte,VERB,24485
inhalten,VERB,24485
inhaltes,VERB,24485
inhalts,VERB,24485
inhinein,NOUN,25894
injektion,VERB,14941
injektionen,VERB,14941
injektionsnadel,VERB,15704
injektionsnadeln,VERB,15704
injektionsnadelspitze,VERB,25573
inkorrektes denken,VERB,25539
inländisch,ADJ,24086
inländische,VERB,24086
inländischem,VERB,24086
inländischen,VERB,24086
inländischer,VERB,24086
inländisches,VERB,24086
inmitten,NOUN,25653
innen,NOUN,14932
innen-,VERB,14932
innen0,VERB,14932
innenfeld,VERB,13669
innenhof,VERB,23051
inneres organ,VERB,25480
innerhalb,NOUN,14932
innig,ADJ,14951
innige,VERB,14951
innigem,VERB,14951
innigen,VERB,14951
inniger,VERB,14951
innigere,VERB,14951
innigerem,VERB,14951
innigeren,VERB,14951
innigerer,VERB,14951
innigeres,VERB,14951
inniges,VERB,14951
innigst,VERB,14951
innigste,VERB,14951
innigstem,VERB,14951
innigsten,VERB,14951
innigster,VERB,14951
innigstes,VERB,14951
ins,VERB,14932
insekt,VERB,14943
insekten,VERB,14943
insektes,VERB,14943
insekts,VERB,14943
insel,VERB,14958
insel-,VERB,14958
insel0,VERB,14958
inselgruppe,VERB,23023
inserat,VERB,12344
inserate,VERB,12344
inseraten,VERB,12344
inserates,VERB,12344
inserats,VERB,12344
inspiration,VERB,25738
inspirationen,VERB,25738
inspiriere,VERB,25739
inspirieren,PRON,25739
inspirierend,VERB,25739
inspirierende,VERB,25739
inspirierendem,VERB,25739
inspirierenden,VERB,25739
inspirierender,VERB,25739
inspirierendes,VERB,25739
inspirierst,VERB,25739
inspiriert,ADJ,25740
inspirierte,VERB,25739
inspiriertem,VERB,25739
inspirierten,VERB,25739
inspirierter,VERB,25739
inspiriertes,VERB,25739
inspiriertest,VERB,25739
inspiriertet,VERB,25739
instruktion,VERB,14945
instruktionen,VERB,14945
insulin,VERB,25459
insulin-,VERB,25459
insulin0,VERB,25459
intellekt,VERB,15471
intellekte,VERB,15471
intellekten,VERB,15471
intellektes,VERB,15471
intellekts,VERB,15471
intellektuell,ADJ,15456
intellektuelle,VERB,15456
intellektuellem,VERB,15456
intellektuellen,VERB,15456
intellektueller,VERB,15456
intellektuellere,VERB,15456
intellektuellerem,VERB,15456
intellektuelleren,VERB,15456
intellektuellerer,VERB,15456
intellektuelleres,VERB,15456
intellektuelles,VERB,15456
intellektuellst,VERB,15456
intellektuellste,VERB,15456
intellektuellstem,VERB,15456
intellektuellsten,VERB,15456
intellektuellster,VERB,15456
intellektuellstes,VERB,15456
intelligent,ADJ,17015
intelligente,VERB,17015
intelligentem,VERB,17015
intelligenten,VERB,17015
intelligenter,VERB,17015
intelligentere,VERB,17015
intelligenterem,VERB,17015
intelligenteren,VERB,17015
intelligenterer,VERB,17015
intelligenteres,VERB,17015
intelligentes,VERB,17015
intelligentest,VERB,17015
intelligenteste,VERB,17015
intelligentestem,VERB,17015
intelligentesten,VERB,17015
intelligentester,VERB,17015
intelligentestes,VERB,17015
intensität,NOUN,14947
intensitäten,VERB,14947
interessant,ADJ,14948
interessante,VERB,14948
interessantem,VERB,14948
interessanten,VERB,14948
interessanter,VERB,14948
interessantere,VERB,14948
interessanterem,VERB,14948
interessanteren,VERB,14948
interessanterer,VERB,14948
interessanteres,VERB,14948
interessantes,VERB,14948
interessantest,VERB,14948
interessanteste,VERB,14948
interessantestem,VERB,14948
interessantesten,VERB,14948
interessantester,VERB,14948
interessantestes,VERB,14948
interesse,VERB,24916
interessen,VERB,24916
interesses,VERB,24916
interessiert,ADJ,14948
interessierte,VERB,14948
interessiertem,VERB,14948
interessierten,VERB,14948
interessierter,VERB,14948
interessiertes,VERB,14948
international,ADJ,14949
internationale,VERB,14949
internationalem,VERB,14949
internationalen,VERB,14949
internationaler,VERB,14949
internationales,VERB,14949
internet,VERB,23543
internet-,VERB,23543
internet0,VERB,23543
internetseite,VERB,23709
interview,VERB,21372
interviewer,PREP,21374
interviewerin,VERB,21374
interviewerinnen,VERB,21374
interviewern,VERB,21374
interviewers,VERB,21374
interviews,VERB,21372
intim,ADJ,14951
intime,VERB,14951
intimem,VERB,14951
intimen,VERB,14951
intimer,VERB,14951
intimere,VERB,14951
intimerem,VERB,14951
intimeren,VERB,14951
intimerer,VERB,14951
intimeres,VERB,14951
intimes,VERB,14951
intimität,VERB,14950
intimitäten,VERB,14950
intimst,VERB,14951
intimste,VERB,14951
intimstem,VERB,14951
intimsten,VERB,14951
intimster,VERB,14951
intimstes,VERB,14951
intranet,VERB,23545
intranets,VERB,23545
intrauterinspirale,VERB,14963
intuition,VERB,25743
intuitionen,VERB,25743
inzest,VERB,14933
ipod,VERB,23903
irak,VERB,25097
iraks,VERB,25097
iran,VERB,25330
irans,VERB,25330
irgendetwas,NOUN,12400
irgendjemand,PREP,12399
irgendjemanden,VERB,12399
irgendjemandes,VERB,12399
irgendwann,NOUN,12401
irgendwer,PREP,12399
irgendwo,NOUN,12402
iris,VERB,25897
irisch,VERB,25331
irische,VERB,25331
irischem,VERB,25331
irischen,VERB,25331
irischer,VERB,25331
irisches,VERB,25331
irland,VERB,14954
irlands,VERB,14954
irrgarten,VERB,25898
irrgartens,VERB,25898
islam,VERB,21029
islam-,VERB,21029
islam0,VERB,21029
islamisch,ADJ,15659
islamische,VERB,15659
islamischem,VERB,15659
islamischen,VERB,15659
islamischer,VERB,15659
islamisches,VERB,15659
island,VERB,14923
islands,VERB,14923
isländisch,VERB,25322
isländische,VERB,25322
isländischem,VERB,25322
isländischen,VERB,25322
isländischer,VERB,25322
isländisches,VERB,25322
isolation,VERB,25326
isolationen,VERB,25326
isoliermatte,VERB,25271
israel,VERB,14959
israels,VERB,14959
ist,PRON,12639
italien,VERB,25098
italienisch,VERB,25332
italienische,VERB,25332
italienischem,VERB,25332
italienischen,VERB,25332
italienischer,VERB,25332
italienisches,VERB,25332
italiens,VERB,25098
ja,OTHER,18294
jacke,VERB,13371
jacken,VERB,13371
jackfrucht,VERB,24682
jagd,VERB,24965
jagd-,VERB,24965
jagd0,VERB,24965
jagdgewehr,VERB,16510
jagdhorn,VERB,23825
jagen,PRON,23537
jagens,VERB,23537
jaguar,VERB,24175
jaguare,VERB,24175
jaguaren,VERB,24175
jaguars,VERB,24175
jahr,VERB,18289
jahre,VERB,18289
jahren,VERB,18289
jahres,VERB,18289
jahresbeginn,VERB,25431
jahresende,VERB,25448
jahrestag,VERB,12392
jahreszeit,VERB,23199
jahrhundert,VERB,13144
jahrhundert-,VERB,13144
jahrhundert0,VERB,13144
jahrs,VERB,18289
jahrzehnt,VERB,13646
jahrzehnte,VERB,13646
jahrzehnten,VERB,13646
jahrzehntes,VERB,13646
jahrzehnts,VERB,13646
januar,VERB,14966
januar-,VERB,14966
januar0,VERB,14966
japan,VERB,25099
japan-,VERB,25099
japan0,VERB,25099
jargong,VERB,24961
je,ADJ,14115
jeans,VERB,15961
jede,NOUN,13893
jedem,VERB,13893
jeden,VERB,13893
jeder,NOUN,14117
jederzeit,NOUN,12401
jedes,NOUN,13893
jemand,PREP,12399
jemanden,VERB,12399
jemandes,VERB,12399
jene,NOUN,17697
jenem,VERB,17697
jenen,VERB,17697
jener,NOUN,17697
jenes,NOUN,17697
jenseits,ADJ,12670
jesus,PREP,14969
jetboot,VERB,21884
jetzt,NOUN,15736
jmdm etwas reichen,PRON,13404
job,VERB,18273
job-,VERB,18273
job0,VERB,18273
jockey,PREP,22092
jockeys,VERB,22092
joghurt,VERB,18296
joghurt-,VERB,18296
joghurt0,VERB,18296
joghurteis,VERB,22357
johannisbeeren,VERB,13623
joseph,PREP,21047
josephs,VERB,21047
journal,VERB,15407
journal-,VERB,15407
journal0,VERB,15407
journalist,PREP,23548
journalisten,VERB,23548
journalistin,VERB,23548
journalistinnen,VERB,23548
joystick,VERB,23549
joysticks,VERB,23549
juckreiz,VERB,24472
juckreize,VERB,24472
juckreizen,VERB,24472
juckreizes,VERB,24472
jude,PREP,21032
juden,VERB,21032
judentum,VERB,21028
judentums,VERB,21028
judo,VERB,20595
judos,VERB,20595
jugend,VERB,12340
jugendalter,VERB,12340
jugendliche,PREP,17516
jugendlicher,PREP,17516
jugendzentrum,VERB,23011
juli,VERB,15137
juli-,VERB,15137
juli0,VERB,15137
jung,ADJ,18467
jung-,VERB,18467
jung0,VERB,18467
junge,PREP,12888
jungem,VERB,18467
jungen,VERB,12888
junger,VERB,18467
junger hahn,VERB,23043
junger hund,VERB,16434
junges,VERB,18467
junges tier,VERB,24525
jungfrau,VERB,22642
jungfräulichkeit,VERB,18015
jungfräulichkeiten,VERB,18015
juni,VERB,15140
juni-,VERB,15140
juni0,VERB,15140
jupiter,VERB,24473
jura,VERB,23132
juristisch,ADJ,23128
juristische,VERB,23128
juristischem,VERB,23128
juristischen,VERB,23128
juristischer,VERB,23128
juristisches,VERB,23128
justiz,VERB,23130
juwelen,VERB,14971
juwelen-,VERB,14971
juwelen0,VERB,14971
jäger,PREP,25086
jäger-,VERB,25086
jäger0,VERB,25086
jägerinnen,VERB,25086
jägerinnen-,VERB,25086
jüdin,PREP,21032
jüdinnen,VERB,21032
jüdisch,ADJ,14972
jüdische,VERB,14972
jüdischem,VERB,14972
jüdischen,VERB,14972
jüdischer,VERB,14972
jüdisches,VERB,14972
kabeljau,VERB,23044
kabeljaus,VERB,23044
kabine,VERB,25270
kabinen,VERB,25270
kabinenbesatzung,PREP,24636
kacke,VERB,12884
kadaver,VERB,21315
kadavern,VERB,21315
kadavers,VERB,21315
kaffee,VERB,13104
kaffee trinken,PRON,25454
kaffee-,VERB,13104
kaffee0,VERB,13104
kaffeepause,VERB,25502
kaffeetisch,VERB,17521
kaiserschnitt,VERB,13103
kajak,VERB,22077
kajaks,VERB,22077
kakao,VERB,13172
kakaopulver,VERB,13173
kakaopulvers,VERB,13173
kakaos,VERB,13172
kakaotrunk,VERB,13172
kaktus,VERB,25674
kalbfleisch,VERB,18003
kalbfleisches,VERB,18003
kalender,VERB,13109
kalender-,VERB,13109
kalender0,VERB,13109
kali,PREP,15142
kalis,VERB,15142
kalot,VERB,17004
kalt,ADJ,13375
kalt-,VERB,13375
kalt0,VERB,13375
kalte,VERB,13375
kaltem,VERB,13375
kalten,VERB,13375
kalter,VERB,13375
kaltes,VERB,13375
kamel,VERB,13110
kamel-,VERB,13110
kamel0,VERB,13110
kamera,VERB,13111
kamera-,VERB,13111
kamera0,VERB,13111
kamin,VERB,13168
kamin-,VERB,13168
kamin0,VERB,13168
kaminfeuer,VERB,14185
kamm,VERB,13378
kammes,VERB,13378
kamms,VERB,13378
kampf,VERB,24855
kampf-,VERB,24855
kampf0,VERB,24855
kampfsportart,VERB,21838
kampfstier,VERB,12921
kampkunst,VERB,21838
kanada,VERB,13116
kanadas,VERB,13116
kanal,VERB,24619
kanal-,VERB,24619
kanal0,VERB,24619
kanaldeckel,VERB,25910
kaninchen,VERB,16448
kaninchen-,VERB,16448
kaninchen0,VERB,16448
kanne,VERB,16191
kannen,VERB,16191
kanone,VERB,13120
kante,VERB,16975
kanten,VERB,16975
kanu,VERB,22075
kanus,VERB,22075
kanüle,VERB,25437
kanülen,VERB,25437
kapitän,VERB,24744
kapitäne,VERB,24744
kapitänen,VERB,24744
kapitänin,VERB,24744
kapitäninnen,VERB,24744
kapitäns,VERB,24744
kappe,VERB,21623
kappen,VERB,21623
kaputt,ADJ,12907
kaputte,VERB,12907
kaputtem,VERB,12907
kaputten,VERB,12907
kaputter,VERB,12907
kaputtes,VERB,12907
karaffe,VERB,16191
karaffen,VERB,16191
kardiologe,PREP,21582
kardiologen,VERB,21582
kardiologin,PREP,21582
kardiologinnen,VERB,21582
kardiovaskuläres system,VERB,25438
kardätsche,VERB,24158
kardätschen,VERB,24158
karfreitag,VERB,14455
karfreitage,VERB,14455
karfreitagen,VERB,14455
karfreitages,VERB,14455
karfreitags,VERB,14455
kariert,ADJ,24055
karies,VERB,13138
karotte,VERB,13124
karotten,VERB,13124
karre,VERB,13127
karree,VERB,23815
karren,VERB,13127
karrend,VERB,13127
karrende,VERB,13127
karrendem,VERB,13127
karrenden,VERB,13127
karrender,VERB,13127
karrendes,VERB,13127
karrst,VERB,13127
karrt,VERB,13127
karrte,VERB,13127
karrten,VERB,13127
karrtest,VERB,13127
karrtet,VERB,13127
karte,VERB,16227
karte lesen,PRON,25350
karten,VERB,13122
karten-,VERB,13122
karten0,VERB,13122
kartenlesen,VERB,25352
kartenzeichner,PREP,23433
kartoffel,VERB,16230
kartoffel-,VERB,16230
kartoffel0,VERB,16230
kartoffelchip,VERB,16231
kartographie,VERB,23434
karton,VERB,25851
karton-,VERB,25851
karton0,VERB,25851
karussell,VERB,15458
karusselle,VERB,15458
karussellen,VERB,15458
karussells,VERB,15458
kasakstan,VERB,23551
kasperlepuppe,VERB,16433
kasperlepuppen,VERB,16433
kasserolle,VERB,23436
kasserollen,VERB,23436
kassette,VERB,13128
kassetten,VERB,13128
kassettenrecorder,VERB,17505
kastagnette,VERB,23830
kastagnetten,VERB,23830
kasten,VERB,12886
kasten-,VERB,12886
kasten0,VERB,12886
kastilisch,VERB,25377
kastilische,VERB,25377
kastilischem,VERB,25377
kastilischen,VERB,25377
kastilischer,VERB,25377
kastilisches,VERB,25377
kastriertes tier,VERB,24130
katamaran,VERB,22087
katastrophe,VERB,23846
katastrophen,VERB,23846
katheter,VERB,25439
kathetern,VERB,25439
katheters,VERB,25439
katze,VERB,12383
kau,VERB,13163
kaubar,VERB,13163
kaubare,VERB,13163
kaubarem,VERB,13163
kaubaren,VERB,13163
kaubarer,VERB,13163
kaubares,VERB,13163
kaue,VERB,13163
kauen,PRON,13163
kauend,VERB,13163
kauende,VERB,13163
kauendem,VERB,13163
kauenden,VERB,13163
kauender,VERB,13163
kauendes,VERB,13163
kauf,VERB,13099
kaufbar,VERB,13099
kaufbare,VERB,13099
kaufbarem,VERB,13099
kaufbaren,VERB,13099
kaufbarer,VERB,13099
kaufbares,VERB,13099
kaufe,VERB,13099
kaufen,PRON,13099
kaufend,VERB,13099
kaufende,VERB,13099
kaufendem,VERB,13099
kaufenden,VERB,13099
kaufender,VERB,13099
kaufendes,VERB,13099
kaufhaus,VERB,23067
kaufst,VERB,13099
kauft,VERB,13099
kaufte,VERB,13099
kauften,VERB,13099
kauftest,VERB,13099
kauftet,VERB,13099
kaugummi,VERB,25853
kaugummis,VERB,25853
kaulquappe,VERB,24302
kaulquappen,VERB,24302
kausalität,VERB,23439
kausalitäten,VERB,23439
kausalzusammenhang,VERB,23439
kaust,VERB,13163
kaut,VERB,13163
kaute,VERB,13163
kauten,VERB,13163
kautest,VERB,13163
kautet,VERB,13163
kazoo,VERB,23888
kebab,VERB,23889
kebabs,VERB,23889
kegel,VERB,13400
kegel-,VERB,13400
kegel0,VERB,13400
kegelsport,VERB,20587
kehren,PRON,12913
kehrens,VERB,12913
kehrung,VERB,12913
kehrungen,VERB,12913
keiler,VERB,25662
keilern,VERB,25662
keilers,VERB,25662
keimen,PRON,25946
keimens,VERB,25946
keimung,VERB,25946
keimungen,VERB,25946
kein,NOUN,15474
keine,VERB,15474
keine lautsprache,VERB,25588
keinem,VERB,15474
keinen,VERB,15474
keiner,PREP,15723
keines,VERB,15474
keins,VERB,15474
keks,VERB,13409
keksdose,VERB,22591
keksdosen,VERB,22591
kekse,VERB,13409
keksen,VERB,13409
kekses,VERB,13409
kelch,VERB,21364
kelch-,VERB,21364
kelch0,VERB,21364
kelle,VERB,22571
kellen,VERB,22571
keller,VERB,23029
keller-,VERB,23029
keller0,VERB,23029
kellner,PREP,24777
kellnerin,PREP,24777
kellnerinnen,VERB,24777
kellnern,VERB,24777
kellners,VERB,24777
kennen,PRON,15161
kennens,VERB,15161
kennung,VERB,15161
kennungen,VERB,15161
kennwort,VERB,25032
kennzahl,VERB,25032
keramik,VERB,24048
keramik-,VERB,24048
keramik0,VERB,24048
kern,VERB,16188
kern-,VERB,16188
kern0,VERB,16188
kernaktivität,VERB,25687
kernbrennstoff,VERB,25126
kernenergie,VERB,15738
kernkraft,VERB,15738
kerzchen,VERB,13117
kerzchens,VERB,13117
kerze,VERB,13117
kerzen,VERB,13117
ketchup,VERB,23552
ketchups,VERB,23552
kettchen,VERB,21849
kettchens,VERB,21849
kette,VERB,21849
ketten,VERB,21849
keyboard,VERB,23892
keyboards,VERB,23892
kibbutz,VERB,15145
kick,VERB,15146
kicke,VERB,15146
kicken,PRON,15146
kickend,VERB,15146
kickende,VERB,15146
kickendem,VERB,15146
kickenden,VERB,15146
kickender,VERB,15146
kickendes,VERB,15146
kickst,VERB,15146
kickt,VERB,15146
kickte,VERB,15146
kickten,VERB,15146
kicktest,VERB,15146
kicktet,VERB,15146
kiddush,VERB,15147
kidnappe,VERB,25100
kidnappen,PRON,25100
kidnappend,VERB,25100
kidnappende,VERB,25100
kidnappendem,VERB,25100
kidnappenden,VERB,25100
kidnappender,VERB,25100
kidnappendes,VERB,25100
kidnapper,PREP,25101
kidnapperin,VERB,25101
kidnapperinnen,VERB,25101
kidnappern,VERB,25101
kidnappers,VERB,25101
kidnappst,VERB,25100
kidnappt,VERB,25100
kidnappte,VERB,25100
kidnappten,VERB,25100
kidnapptest,VERB,25100
kidnapptet,VERB,25100
kiel,VERB,22064
kiel-,VERB,22064
kiel0,VERB,22064
killer,PREP,25103
killerin,VERB,25103
killerinnen,VERB,25103
killern,VERB,25103
killers,VERB,25103
kilometerzähler,VERB,23161
kind,PREP,13166
kindchen,VERB,13166
kindchens,VERB,13166
kinder,VERB,13166
kinderarzt,PREP,21574
kinderfürsorge,VERB,24057
kindergarten,VERB,23558
kinderklinik,VERB,12606
kinderkrippe,VERB,23558
kinderlied,VERB,23835
kindern,VERB,13166
kindertag,VERB,24059
kindertagesstätte,VERB,23558
kinderwagen,VERB,12605
kinderzimmer,VERB,24841
kinderärztin,PREP,21574
kindes,VERB,13166
kindesmissbrauch,VERB,13167
kinds,VERB,13166
kinn,VERB,13169
kinn-,VERB,13169
kinn0,VERB,13169
kino,VERB,15670
kino-,VERB,15670
kino0,VERB,15670
kippen,PRON,25921
kippens,VERB,25921
kipper,VERB,13890
kippern,VERB,13890
kippers,VERB,13890
kippung,VERB,25921
kippungen,VERB,25921
kirche,VERB,13345
kirchen,VERB,13345
kirchenlied,VERB,21074
kirchenruine,VERB,24966
kirsche,VERB,13159
kirschen,VERB,13159
kislev,VERB,15151
kissen,VERB,16177
kissen-,VERB,16177
kissen0,VERB,16177
kissenbezug,VERB,16178
kistchen,VERB,12886
kistchens,VERB,12886
kiste,VERB,12886
kisten,VERB,12886
klamotten,VERB,25149
klang,OTHER,16714
klang-,VERB,16714
klang0,VERB,16714
klangen,VERB,16714
klangst,VERB,16714
klangstab,VERB,24802
klangt,VERB,16714
klappe,VERB,25904
klappen,VERB,25904
klar,ADJ,13358
klare,VERB,13358
klarem,VERB,13358
klaren,VERB,13358
klarer,VERB,13358
klarere,VERB,13358
klarerem,VERB,13358
klareren,VERB,13358
klarerer,VERB,13358
klareres,VERB,13358
klares,VERB,13358
klarheit,VERB,24878
klarinette,VERB,23837
klarinetten,VERB,23837
klarst,VERB,13358
klarste,VERB,13358
klarstem,VERB,13358
klarsten,VERB,13358
klarster,VERB,13358
klarstes,VERB,13358
klasse,VERB,13352
klassen,VERB,13352
klassenkamerad,PREP,25680
klassenkameradin,PREP,25680
klassenzimmer,VERB,13353
klatsch,VERB,25012
klatsche,VERB,25012
klatschen,PRON,25012
klatschend,VERB,25012
klatschende,VERB,25012
klatschendem,VERB,25012
klatschenden,VERB,25012
klatschender,VERB,25012
klatschendes,VERB,25012
klatschest,VERB,25012
klatschst,VERB,25012
klatscht,VERB,25012
klatschte,VERB,25012
klatschten,VERB,25012
klatschtest,VERB,25012
klatschtet,VERB,25012
klau,VERB,23667
klaue,VERB,13355
klauen,PRON,23667
klauend,VERB,23667
klauende,VERB,23667
klauendem,VERB,23667
klauenden,VERB,23667
klauender,VERB,23667
klauendes,VERB,23667
klaust,VERB,23667
klausur,VERB,17528
klausur-,VERB,17528
klausur0,VERB,17528
klaut,VERB,23667
klaute,VERB,23667
klauten,VERB,23667
klautest,VERB,23667
klautet,VERB,23667
klavier,VERB,23922
klavier-,VERB,23922
klavier0,VERB,23922
kleben,PRON,14448
klebens,VERB,14448
klebstoff,VERB,14447
klebung,VERB,14448
klebungen,VERB,14448
kleeblatt,VERB,16939
kleeblattes,VERB,16939
kleeblatts,VERB,16939
kleid,VERB,13876
kleidchen,VERB,13876
kleidchens,VERB,13876
kleider,VERB,13366
kleider-,VERB,13366
kleider0,VERB,13366
kleiderbügel,VERB,14891
kleiderladen,VERB,23042
kleidern,VERB,13876
kleides,VERB,13876
kleids,VERB,13876
kleidung,VERB,13366
kleidungen,VERB,13876
klein,ADJ,15221
klein-,VERB,15221
klein0,VERB,15221
kleinbuchstaben,VERB,12366
kleine,VERB,15221
kleine my,PREP,25110
kleine pfannkuchen,VERB,23949
kleinem,VERB,15221
kleinen,VERB,15221
kleiner,VERB,15221
kleinere,VERB,15221
kleinerem,VERB,15221
kleineren,VERB,15221
kleinerer,VERB,15221
kleineres,VERB,15221
kleines,VERB,15221
kleinheit,VERB,24917
kleinigkeit zu essen,VERB,17187
kleinkind,PREP,12603
kleinst,VERB,15221
kleinstadt,VERB,13351
kleinste,VERB,15221
kleinstem,VERB,15221
kleinsten,VERB,15221
kleinster,VERB,15221
kleinstes,VERB,15221
kleintransporter,VERB,18000
kleister,VERB,14447
kleistern,VERB,14447
kleisters,VERB,14447
klettern,PRON,13360
kletterns,VERB,13360
klettverschluss,VERB,14155
klettverschlusses,VERB,14155
klettverschlüsse,VERB,14155
klettverschlüssen,VERB,14155
klient,PREP,25682
klienten,VERB,25682
klientin,PREP,25682
klientinnen,VERB,25682
klima,VERB,25031
klima-,VERB,25031
klima0,VERB,25031
klingel,VERB,12662
klingen,PRON,17217
klingens,VERB,17217
klingt ähnlich wie,OTHER,16986
klinik,VERB,13361
klinik-,VERB,13361
klinik0,VERB,13361
klitoris,VERB,13362
klopapier,VERB,17748
klopapiers,VERB,17748
klopf,VERB,25105
klopfe,VERB,25105
klopfen,PRON,25105
klopfend,VERB,25105
klopfende,VERB,25105
klopfendem,VERB,25105
klopfenden,VERB,25105
klopfender,VERB,25105
klopfendes,VERB,25105
klopflaut,VERB,25107
klopfst,VERB,25105
klopft,VERB,25105
klopfte,VERB,25105
klopften,VERB,25105
klopftest,VERB,25105
klopftet,VERB,25105
klotz,VERB,12860
klotzes,VERB,12860
kloß,VERB,14378
kloßes,VERB,14378
klub,VERB,13369
klub-,VERB,13369
klub0,VERB,13369
klug,ADJ,17015
kluge,VERB,17015
klugem,VERB,17015
klugen,VERB,17015
kluger,VERB,17015
kluges,VERB,17015
klumpen,VERB,22362
klumpens,VERB,22362
klumpig,ADJ,22363
klumpige,VERB,22363
klumpigem,VERB,22363
klumpigen,VERB,22363
klumpiger,VERB,22363
klumpiges,VERB,22363
klöpfer,VERB,14666
klöße,VERB,14378
klößen,VERB,14378
knabe,PREP,12888
knaben,VERB,12888
knarre,VERB,23936
knaus-ogino-methode,VERB,16503
kneifzange,VERB,16205
kneifzangen,VERB,16205
kneipe,VERB,12627
kneipen,VERB,12627
knie,VERB,15157
knie-,VERB,15157
knie0,VERB,15157
knieende person,PREP,16162
knien,PRON,15158
kniend,VERB,15158
kniende,VERB,15158
kniendem,VERB,15158
knienden,VERB,15158
kniender,VERB,15158
kniendes,VERB,15158
knieschoner,VERB,21619
knieschützer,VERB,21619
kniest,VERB,15158
kniestrumpf,VERB,17264
kniet,VERB,15158
kniete,VERB,15158
knieten,VERB,15158
knietest,VERB,15158
knietet,VERB,15158
knoblauch,VERB,14423
knoblauches,VERB,14423
knoblauchs,VERB,14423
knochen,VERB,12873
knochen-,VERB,12873
knochen0,VERB,12873
knopf,VERB,13098
knopf-,VERB,13098
knopf0,VERB,13098
knoten,VERB,24177
knoten-,VERB,24177
knoten0,VERB,24177
knuddele,VERB,24076
knuddeln,PRON,24076
knuddelnd,VERB,24076
knuddelnde,VERB,24076
knuddelndem,VERB,24076
knuddelnden,VERB,24076
knuddelnder,VERB,24076
knuddelndes,VERB,24076
knuddelst,VERB,24076
knuddelt,VERB,24076
knuddelte,VERB,24076
knuddelten,VERB,24076
knuddeltest,VERB,24076
knuddeltet,VERB,24076
knuddle,VERB,24076
knurr,VERB,24139
knurre,VERB,24139
knurren,PRON,24139
knurrend,VERB,24139
knurrende,VERB,24139
knurrendem,VERB,24139
knurrenden,VERB,24139
knurrender,VERB,24139
knurrendes,VERB,24139
knurrst,VERB,24139
knurrt,VERB,24139
knurrte,VERB,24139
knurrten,VERB,24139
knurrtest,VERB,24139
knurrtet,VERB,24139
koala,VERB,15163
koalas,VERB,15163
kobold,PREP,23525
kobolde,VERB,23525
kobolden,VERB,23525
kobolds,VERB,23525
koch,PREP,22907
koch-,VERB,22907
koch0,VERB,22907
kochen,PRON,12871
kochens,VERB,12871
kocher,VERB,25272
kochern,VERB,25272
kochers,VERB,25272
kochfeld,VERB,22577
kochgerät,VERB,17993
kochherd,VERB,17273
kochlöffel,VERB,22572
kochrezept,VERB,16469
kochtopf,VERB,16229
kochutensil,VERB,17993
kode,VERB,25032
kodes,VERB,25032
koffer,VERB,12618
koffer-,VERB,12618
koffer0,VERB,12618
kofferraum,VERB,24613
kognitive beeinträchtigung,VERB,26012
kohl,VERB,13101
kohle,VERB,25062
kohle-,VERB,25062
kohle0,VERB,25062
kohlrübe,VERB,17958
kohlrüben,VERB,17958
kohls,VERB,13101
koka,VERB,25495
kokosnuss,VERB,13372
kokosnüsse,VERB,13372
kokosnüssen,VERB,13372
kolam,VERB,12365
kollege,PREP,25683
kollegin,PREP,25683
kombination,VERB,13380
kombinationen,VERB,13380
kombine,VERB,25684
komet,VERB,13384
kometen,VERB,13384
komisch,ADJ,14414
komische,VERB,14414
komischem,VERB,14414
komischen,VERB,14414
komischer,VERB,14414
komischere,VERB,14414
komischerem,VERB,14414
komischeren,VERB,14414
komischerer,VERB,14414
komischeres,VERB,14414
komisches,VERB,14414
komischst,VERB,14414
komischste,VERB,14414
komischstem,VERB,14414
komischsten,VERB,14414
komischster,VERB,14414
komischstes,VERB,14414
komma,NOUN,8487
kommas,VERB,8487
kommen,PRON,13383
kommens,VERB,13383
kommode,VERB,13162
kommoden,VERB,13162
kommunikation,VERB,13390
kommunikationen,VERB,13390
kommunikationssatellit,VERB,24624
kommunikationstherapeut,PREP,21595
kommunikationstherapeutin,PREP,21595
kommunion,VERB,21105
kommunionen,VERB,21105
kommuniziere,VERB,13389
kommunizieren,PRON,13389
kommunizierend,VERB,13389
kommunizierende,VERB,13389
kommunizierendem,VERB,13389
kommunizierenden,VERB,13389
kommunizierender,VERB,13389
kommunizierendes,VERB,13389
kommunizierst,VERB,13389
kommuniziert,VERB,13389
kommunizierte,VERB,13389
kommunizierten,VERB,13389
kommuniziertest,VERB,13389
kommuniziertet,VERB,13389
kompakt,ADJ,25860
kompakt-,VERB,25860
kompakt0,VERB,25860
kompaktdisk,VERB,24621
kompakte,VERB,25860
kompaktem,VERB,25860
kompakten,VERB,25860
kompakter,VERB,25860
kompaktere,VERB,25860
kompakterem,VERB,25860
kompakteren,VERB,25860
kompakterer,VERB,25860
kompakteres,VERB,25860
kompaktes,VERB,25860
kompaktest,VERB,25860
kompakteste,VERB,25860
kompaktestem,VERB,25860
kompaktesten,VERB,25860
kompaktester,VERB,25860
kompaktestes,VERB,25860
kompass,VERB,24626
kompass-,VERB,24626
kompass0,VERB,24626
komponist,PREP,13393
komponisten,VERB,13393
komponistin,PREP,13393
komponistinnen,VERB,13393
kompott,VERB,23515
komprimieren,PRON,23840
komprimierens,VERB,23840
komprimierung,VERB,23840
komprimierung pressen quetschen,VERB,25534
komprimierungen,VERB,23840
komödie,VERB,23445
komödien,VERB,23445
kondensation,VERB,23839
kondensiere,VERB,23840
kondensieren,PRON,23840
kondensierend,VERB,23840
kondensierende,VERB,23840
kondensierendem,VERB,23840
kondensierenden,VERB,23840
kondensierender,VERB,23840
kondensierendes,VERB,23840
kondensierst,VERB,23840
kondensiert,VERB,23840
kondensierte,VERB,23840
kondensiertem,VERB,23840
kondensierten,VERB,23840
kondensierter,VERB,23840
kondensiertes,VERB,23840
kondensiertest,VERB,23840
kondensiertet,VERB,23840
kondom,VERB,13398
kondom-,VERB,13398
kondom0,VERB,13398
konduktive förderung nach petö,VERB,24068
konduktor,PREP,24069
konduktoren,VERB,24069
konduktors,VERB,24069
kondylom,VERB,24334
konferenz,VERB,15450
konferenz-,VERB,15450
konferenz0,VERB,15450
konferenzraum,VERB,24481
konfirmation,VERB,21104
konfirmationen,VERB,21104
konfitüre,VERB,14965
konfitüren,VERB,14965
konifere,VERB,25686
koniferen,VERB,25686
konservenglas,VERB,22588
konstellation,VERB,22633
konstellationen,VERB,22633
konstrukteur,PREP,23469
konstrukteure,VERB,23469
konstrukteuren,VERB,23469
konstrukteurin,PREP,23469
konstrukteurinnen,VERB,23469
konstrukteurs,VERB,23469
konstruktion,VERB,17445
konstruktionen,VERB,17445
konstruktionsspielzeug,VERB,23455
kontaktsport,VERB,21627
kontaktsportarten,VERB,21627
kontinent,VERB,22601
kontinentaldrift,VERB,22621
kontinente,VERB,22601
kontinenten,VERB,22601
kontinentes,VERB,22601
kontinents,VERB,22601
konto,VERB,12330
konto-,VERB,12330
konto0,VERB,12330
kontrabass,VERB,23849
kontrabasses,VERB,23849
kontrabässe,VERB,23849
kontrabässen,VERB,23849
kontrafagott,VERB,23850
kontrafagotts,VERB,23850
kontrastier,VERB,13406
kontrastiere,VERB,13406
kontrastieren,PRON,13406
kontrastierend,VERB,13406
kontrastierende,VERB,13406
kontrastierendem,VERB,13406
kontrastierenden,VERB,13406
kontrastierender,VERB,13406
kontrastierendes,VERB,13406
kontrastierst,VERB,13406
kontrastiert,VERB,13406
kontrastierte,VERB,13406
kontrastierten,VERB,13406
kontrastiertest,VERB,13406
kontrastiertet,VERB,13406
kontrolle,VERB,24428
kontrollen,VERB,24428
kontrollturm,VERB,23045
konus,VERB,13400
konusse,VERB,13400
konussen,VERB,13400
konversion,VERB,21321
konversionen,VERB,21321
konvertieren,PRON,21320
konvertierens,VERB,21320
konvertierung,VERB,21320
konvertierungen,VERB,21320
konzentration,VERB,25861
konzentrationen,VERB,25861
konzert,VERB,23452
konzert-,VERB,23452
konzert0,VERB,23452
konzertsaal,VERB,13396
kopf,VERB,14689
kopf-,VERB,14689
kopf0,VERB,14689
kopfhaar,VERB,14661
kopfhörer,VERB,13899
kopfkissen,VERB,16177
kopfkissenbezug,VERB,16178
kopflaus,VERB,25318
kopfmaus,VERB,23526
kopfsprung,VERB,22055
kopftuch,VERB,16730
kopie,VERB,13412
kopien,VERB,13412
kopierbar,VERB,16487
kopierbare,VERB,16487
kopierbarem,VERB,16487
kopierbaren,VERB,16487
kopierbarer,VERB,16487
kopierbares,VERB,16487
kopiere,VERB,16487
kopieren,PRON,16487
kopierend,VERB,16487
kopierende,VERB,16487
kopierendem,VERB,16487
kopierenden,VERB,16487
kopierender,VERB,16487
kopierendes,VERB,16487
kopiergerät,VERB,23456
kopierst,VERB,16487
kopiert,VERB,16487
kopierte,VERB,16487
kopiertem,VERB,16487
kopierten,VERB,16487
kopierter,VERB,16487
kopiertes,VERB,16487
kopiertest,VERB,16487
kopiertet,VERB,16487
koppel,VERB,24203
koppel-,VERB,24203
koppel0,VERB,24203
koralle,VERB,23457
korallen,VERB,23457
koran,VERB,21072
korane,VERB,21072
koranen,VERB,21072
korans,VERB,21072
korb,VERB,13403
korb-,VERB,13403
korb0,VERB,13403
kordel,VERB,17276
kordeln,VERB,17276
korkenzieher,VERB,22564
korkenziehern,VERB,22564
korkenziehers,VERB,22564
korn,VERB,14625
korn-,VERB,14625
korn0,VERB,14625
kornett,VERB,14895
kornette,VERB,14895
kornetten,VERB,14895
kornettes,VERB,14895
kornetts,VERB,14895
korrekt,ADJ,13416
korrekte,VERB,13416
korrektem,VERB,13416
korrekten,VERB,13416
korrekter,VERB,13416
korrektere,VERB,13416
korrekterem,VERB,13416
korrekteren,VERB,13416
korrekterer,VERB,13416
korrekteres,VERB,13416
korrektes,VERB,13416
korrektes denken,VERB,25538
korrektest,VERB,13416
korrekteste,VERB,13416
korrektestem,VERB,13416
korrektesten,VERB,13416
korrektester,VERB,13416
korrektestes,VERB,13416
korrektheit,VERB,21341
korridor,VERB,23047
korridore,VERB,23047
korridoren,VERB,23047
korridors,VERB,23047
korruption,VERB,24629
kosmonaut,PREP,12590
kosmonauten,VERB,12590
kosmonautin,VERB,12590
kosmonautinnen,VERB,12590
kostbar,ADJ,25142
kostbare,VERB,25142
kostbarem,VERB,25142
kostbaren,VERB,25142
kostbarer,VERB,25142
kostbarere,VERB,25142
kostbarerem,VERB,25142
kostbareren,VERB,25142
kostbarerer,VERB,25142
kostbareres,VERB,25142
kostbares,VERB,25143
kostbarst,VERB,25142
kostbarste,VERB,25142
kostbarstem,VERB,25142
kostbarsten,VERB,25142
kostbarster,VERB,25142
kostbarstes,VERB,25142
kosten,VERB,13417
kostenlos,ADJ,25882
kostenlose,VERB,25882
kostenlosem,VERB,25882
kostenlosen,VERB,25882
kostenloser,VERB,25882
kostenloses,VERB,25882
kostüm,VERB,13418
kostüm-,VERB,13418
kostüm0,VERB,13418
krabbe,VERB,15226
krabben,VERB,15226
krabblen,PRON,13603
krach,VERB,24922
kraches,VERB,24922
krachs,VERB,24922
kraft,VERB,16234
kraftfeld,VERB,25290
kraftstoff,VERB,14412
kraftvoll,ADJ,26023
kraftvolle,VERB,26023
kraftvollem,VERB,26023
kraftvollen,VERB,26023
kraftvoller,VERB,26023
kraftvollere,VERB,26023
kraftvollerem,VERB,26023
kraftvolleren,VERB,26023
kraftvollerer,VERB,26023
kraftvolleres,VERB,26023
kraftvolles,VERB,26023
kraftvollst,VERB,26023
kraftvollste,VERB,26023
kraftvollstem,VERB,26023
kraftvollsten,VERB,26023
kraftvollster,VERB,26023
kraftvollstes,VERB,26023
kraftwerk,VERB,25141
krage,VERB,25854
kragen,VERB,25854
kragst,VERB,25854
kragt,VERB,25854
kragte,VERB,25854
kragten,VERB,25854
kragtest,VERB,25854
kragtet,VERB,25854
kralle,VERB,13355
krallen,VERB,13355
krampf,VERB,13432
krampfes,VERB,13432
krampfs,VERB,13432
kran,VERB,13434
kran-,VERB,13434
kran0,VERB,13434
krank,ADJ,16973
kranke,VERB,16973
krankem,VERB,16973
kranken,VERB,16973
krankengeld,VERB,24430
krankenhaus,VERB,14899
krankenpflegerin,PREP,15905
krankenschwester,PREP,15905
krankenversicherung,VERB,15447
krankenwagen,VERB,12369
krankenzuschuss,VERB,24430
kranker,VERB,16973
krankes,VERB,16973
krankheit,VERB,16164
krankheiten,VERB,16164
krater,VERB,24631
kratern,VERB,24631
kraters,VERB,24631
kratz,VERB,24506
kratze,VERB,24506
kratzen,VERB,24506
kratzend,VERB,24506
kratzende,VERB,24506
kratzendem,VERB,24506
kratzenden,VERB,24506
kratzender,VERB,24506
kratzendes,VERB,24506
kratzest,VERB,24506
kratzt,VERB,24506
kratzte,VERB,24506
kratzten,VERB,24506
kratztest,VERB,24506
kratztet,VERB,24506
kraut,VERB,23111
krautes,VERB,23111
krautwickel,VERB,23502
krautwickeln,VERB,23502
krautwickels,VERB,23502
krawatte,VERB,17730
krawatten,VERB,17730
kreativ,ADJ,13608
kreative,VERB,13608
kreativem,VERB,13608
kreativen,VERB,13608
kreativer,VERB,13608
kreativere,VERB,13608
kreativerem,VERB,13608
kreativeren,VERB,13608
kreativerer,VERB,13608
kreativeres,VERB,13608
kreatives,VERB,13608
kreativst,VERB,13608
kreativste,VERB,13608
kreativstem,VERB,13608
kreativsten,VERB,13608
kreativster,VERB,13608
kreativstes,VERB,13608
krebs,VERB,15226
krebs-,VERB,15226
krebs0,VERB,15226
krebserkrankung,VERB,24043
krebstier,VERB,23660
kredit,VERB,24632
kredit-,VERB,24632
kredit0,VERB,24632
kreditkarte,VERB,23415
kreis,VERB,13347
kreis-,VERB,13347
kreis0,VERB,13347
kreisausschnitt,VERB,25594
kreise,VERB,16690
kreisel,VERB,17759
kreiseln,VERB,17759
kreisels,VERB,17759
kreisen,PRON,16690
kreisend,VERB,16690
kreisende,VERB,16690
kreisendem,VERB,16690
kreisenden,VERB,16690
kreisender,VERB,16690
kreisendes,VERB,16690
kreisest,VERB,16690
kreislauf,VERB,24249
kreislaufsystem,VERB,25443
kreist,VERB,16690
kreiste,VERB,16690
kreisten,VERB,16690
kreistest,VERB,16690
kreistet,VERB,16690
kreuz,VERB,13613
kreuz-,VERB,13613
kreuz0,VERB,13613
kreuzfahrtschiff,VERB,22082
kricket,VERB,21808
krieche,VERB,13603
kriechen,PRON,13603
kriechend,VERB,13603
kriechende,VERB,13603
kriechendem,VERB,13603
kriechenden,VERB,13603
kriechender,VERB,13603
kriechendes,VERB,13603
kriechst,VERB,13603
kriecht,VERB,13603
kriechtier,VERB,12388
kriechtiere,VERB,12388
kriechtieren,VERB,12388
kriechtieres,VERB,12388
kriechtiers,VERB,12388
krieg,VERB,18036
kriege,VERB,14435
kriegen,PRON,14435
kriegend,VERB,14435
kriegende,VERB,14435
kriegendem,VERB,14435
kriegenden,VERB,14435
kriegender,VERB,14435
kriegendes,VERB,14435
krieges,VERB,18036
kriegs,VERB,18036
kriegst,VERB,14435
kriegt,VERB,14435
kriegte,VERB,14435
kriegten,VERB,14435
kriegtest,VERB,14435
kriegtet,VERB,14435
kriminalität,VERB,25038
kriminelle,PREP,25037
kriminellen,VERB,25037
krimineller,VERB,25037
kristall,VERB,13619
kristall-,VERB,13619
kristall0,VERB,13619
kritisch,ADJ,25787
kritische,VERB,25787
kritischem,VERB,25787
kritischen,VERB,25787
kritischer,VERB,25787
kritischere,VERB,25787
kritischerem,VERB,25787
kritischeren,VERB,25787
kritischerer,VERB,25787
kritischeres,VERB,25787
kritisches,VERB,25787
kritischst,VERB,25787
kritischste,VERB,25787
kritischstem,VERB,25787
kritischsten,VERB,25787
kritischster,VERB,25787
kritischstes,VERB,25787
krocketspiel,VERB,13612
krokodil,VERB,12362
krokodile,VERB,12362
krokodilen,VERB,12362
krokodils,VERB,12362
krone,VERB,22618
kronen,VERB,22618
kronprinz,PREP,24074
kronprinzessin,PREP,24075
krug,VERB,16191
kruges,VERB,16191
krugs,VERB,16191
kruste,VERB,16954
krusten,VERB,16954
krächze,VERB,24073
krächzen,PRON,24073
krächzend,VERB,24073
krächzende,VERB,24073
krächzendem,VERB,24073
krächzenden,VERB,24073
krächzender,VERB,24073
krächzendes,VERB,24073
krächzest,VERB,24073
krächzt,VERB,24073
krächzte,VERB,24073
krächzten,VERB,24073
krächztest,VERB,24073
krächztet,VERB,24073
kräftig,ADJ,17444
kräftige,VERB,17444
kräftigem,VERB,17444
kräftigen,VERB,17444
kräftiger,VERB,17444
kräftigere,VERB,17444
kräftigerem,VERB,17444
kräftigeren,VERB,17444
kräftigerer,VERB,17444
kräftigeres,VERB,17444
kräftiges,VERB,17444
kräftigst,VERB,17444
kräftigste,VERB,17444
kräftigstem,VERB,17444
kräftigsten,VERB,17444
kräftigster,VERB,17444
kräftigstes,VERB,17444
krähe,VERB,12851
krähen,VERB,12851
krämpfe,VERB,13432
krämpfen,VERB,13432
krätze,VERB,24254
kräuter,VERB,22321
kräuter-,VERB,22321
kräuter0,VERB,22321
kräutersoße,VERB,22323
kröte,VERB,14402
kröten,VERB,14402
krücken,VERB,13617
krüge,VERB,16191
krügen,VERB,16191
kuchen,VERB,13106
kuchen-,VERB,13106
kuchen0,VERB,13106
kuchenform,VERB,22576
kuchenglasur,VERB,25734
kugel,VERB,23640
kugelbecken,VERB,23413
kugele,VERB,23640
kugeln,PRON,23640
kugelnd,VERB,23640
kugelnde,VERB,23640
kugelndem,VERB,23640
kugelnden,VERB,23640
kugelnder,VERB,23640
kugelndes,VERB,23640
kugelschreiber,VERB,15991
kugelst,VERB,23640
kugelstoßen,VERB,21846
kugelt,VERB,23640
kugelte,VERB,23640
kugelten,VERB,23640
kugeltest,VERB,23640
kugeltet,VERB,23640
kugle,VERB,23640
kuh,VERB,12379
kuhstall,VERB,25688
kultur,VERB,21608
kultur-,VERB,21608
kultur0,VERB,21608
kummer,VERB,17780
kummers,VERB,17780
kunde,PREP,25682
kunde-,VERB,25682
kunde0,VERB,25682
kundin,PREP,25682
kunst,VERB,12581
kunstarbeit,VERB,18275
kunstgalerie,VERB,12582
kunsthandwerksladen,VERB,23106
kunstmaler,PREP,15958
kunstmuseum,VERB,12582
kunstobjekt,VERB,18275
kunststoff,VERB,23229
kunstvoll fertigen,PRON,25722
kupfer,VERB,23046
kupfer-,VERB,23046
kupfer0,VERB,23046
kurve,VERB,13627
kurven,VERB,13627
kurvenlinie,VERB,13627
kurz,ADJ,15401
kurz-,VERB,15401
kurz0,VERB,15401
kurze,VERB,15401
kurze hose,VERB,16963
kurzem,VERB,15401
kurzen,VERB,15401
kurzer,VERB,15401
kurzes,VERB,15401
kurzzeitwecker,VERB,23238
kuschel,VERB,24076
kuschele,VERB,24076
kuscheln,PRON,24076
kuschelnd,VERB,24076
kuschelnde,VERB,24076
kuschelndem,VERB,24076
kuschelnden,VERB,24076
kuschelnder,VERB,24076
kuschelndes,VERB,24076
kuschelst,VERB,24076
kuschelt,VERB,24076
kuschelte,VERB,24076
kuschelten,VERB,24076
kuscheltest,VERB,24076
kuscheltet,VERB,24076
kuschle,VERB,24076
kuss,VERB,15152
kusses,VERB,15152
kutschrennen,VERB,22095
käfer,VERB,12655
käfern,VERB,12655
käfers,VERB,12655
käfig,VERB,13105
käfig-,VERB,13105
käfig0,VERB,13105
kälte,VERB,25533
kämm,VERB,13379
kämmbar,VERB,13379
kämmbare,VERB,13379
kämmbarem,VERB,13379
kämmbaren,VERB,13379
kämmbarer,VERB,13379
kämmbares,VERB,13379
kämme,VERB,13379
kämmen,PRON,13379
kämmend,VERB,13379
kämmende,VERB,13379
kämmendem,VERB,13379
kämmenden,VERB,13379
kämmender,VERB,13379
kämmendes,VERB,13379
kämmst,VERB,13379
kämmt,VERB,13379
kämmte,VERB,13379
kämmten,VERB,13379
kämmtest,VERB,13379
kämmtet,VERB,13379
kämpfe,VERB,14175
kämpfen,PRON,14175
kämpfend,VERB,14175
kämpfende,VERB,14175
kämpfendem,VERB,14175
kämpfenden,VERB,14175
kämpfender,VERB,14175
kämpfendes,VERB,14175
kämpfst,VERB,14175
kämpft,VERB,14175
kämpfte,VERB,14175
kämpften,VERB,14175
kämpftest,VERB,14175
kämpftet,VERB,14175
känguru,VERB,12384
kängurus,VERB,12384
käse,VERB,13157
käse-,VERB,13157
käse0,VERB,13157
käsen,PRON,25751
käsend,VERB,25751
käsende,VERB,25751
käsendem,VERB,25751
käsenden,VERB,25751
käsender,VERB,25751
käsendes,VERB,25751
käsest,VERB,25751
käst,VERB,25751
käste,VERB,25751
kästen,VERB,25751
kästest,VERB,25751
kästet,VERB,25751
kätzchen,VERB,15156
kätzchens,VERB,15156
könig,PREP,23559
könige,VERB,23559
königen,VERB,23559
königin,PREP,23626
königinnen,VERB,23559
königlich,ADJ,24250
königliche,VERB,24250
königlichem,VERB,24250
königlichen,VERB,24250
königlicher,VERB,24250
königliches,VERB,24250
königs,VERB,23559
könne,VERB,12322
können,VERB,12322
könnend,VERB,12322
könnende,VERB,12322
könnendem,VERB,12322
könnenden,VERB,12322
könnender,VERB,12322
könnendes,VERB,12322
könnt,VERB,12322
könnte,VERB,12322
könnten,VERB,12322
könntest,VERB,12322
könntet,VERB,12322
körper,VERB,12870
körper-,VERB,12870
körper0,VERB,12870
körperbehaarung,VERB,24032
körperbehindert,ADJ,16170
körperbehinderte,VERB,16170
körperbehindertem,VERB,16170
körperbehinderten,VERB,16170
körperbehinderter,VERB,16170
körperbehindertes,VERB,16170
körperbehinderung,VERB,13684
körperflüssigkeit,VERB,24031
körperhaar,VERB,24032
körperlicher beeinträchtigung,VERB,26020
körperseite,VERB,16974
körperteil,VERB,24033
körpertemperatur,VERB,24034
körperumfang,VERB,24132
körperzelle,VERB,21540
küche,VERB,15154
küchen,VERB,15154
küchenchef,PREP,22907
küchenhandschuh,VERB,22596
küchenmaschine,VERB,22393
küchensieb,VERB,16976
küchentimer,VERB,23238
küchenutensilien,VERB,22561
küchenzange,VERB,22565
kühl,ADJ,13410
kühl-,VERB,13410
kühl0,VERB,13410
kühle,VERB,13410
kühlem,VERB,13410
kühlen,VERB,13410
kühler,VERB,13410
kühlere,VERB,13410
kühlerem,VERB,13410
kühleren,VERB,13410
kühlerer,VERB,13410
kühleres,VERB,13410
kühles,VERB,13410
kühlschrank,VERB,16476
kühlst,VERB,13410
kühlste,VERB,13410
kühlstem,VERB,13410
kühlsten,VERB,13410
kühlster,VERB,13410
kühlstes,VERB,13410
küken,VERB,25679
kükens,VERB,25679
kümmer,VERB,23059
kümmere,VERB,23059
kümmern,PRON,23059
kümmernd,VERB,23059
kümmernde,VERB,23059
kümmerndem,VERB,23059
kümmernden,VERB,23059
kümmernder,VERB,23059
kümmerndes,VERB,23059
kümmerst,VERB,23059
kümmert,VERB,23059
kümmerte,VERB,23059
kümmerten,VERB,23059
kümmertest,VERB,23059
kümmertet,VERB,23059
kümmre,VERB,23059
kündigen,PRON,25150
kündigens,VERB,25150
kündigung,VERB,25161
kündigungen,VERB,25150
künstler,PREP,25654
künstler-,VERB,25654
künstler0,VERB,25654
künstlerin,PREP,25654
künstlerinnen,VERB,25654
künstlerinnen-,VERB,25654
künstlich,ADJ,15420
künstliche,VERB,15420
künstliche beatmung,VERB,12584
künstliche beatmung geben,PRON,12585
künstliche befruchtung,VERB,12583
künstlichem,VERB,15420
künstlichen,VERB,15420
künstlicher,VERB,15420
künstlicher gegenstand,VERB,24803
künstlichere,VERB,15420
künstlicherem,VERB,15420
künstlicheren,VERB,15420
künstlicherer,VERB,15420
künstlicheres,VERB,15420
künstliches,VERB,15420
künstlichst,VERB,15420
künstlichste,VERB,15420
künstlichstem,VERB,15420
künstlichsten,VERB,15420
künstlichster,VERB,15420
künstlichstes,VERB,15420
kürbis,VERB,17244
kürbisse,VERB,17244
kürbissen,VERB,17244
kürbisses,VERB,17244
kürze,VERB,24938
kürzlich,ADJ,16468
kürzliche,VERB,16468
kürzlichem,VERB,16468
kürzlichen,VERB,16468
kürzlicher,VERB,16468
kürzliches,VERB,16468
küss,VERB,15153
küsschen,VERB,15152
küsschens,VERB,15152
küsse,VERB,15152
küssen,PRON,15153
küssend,VERB,15153
küssende,VERB,15153
küssendem,VERB,15153
küssenden,VERB,15153
küssender,VERB,15153
küssendes,VERB,15153
küssest,VERB,15153
küsst,VERB,15153
küsste,VERB,15153
küssten,VERB,15153
küsstest,VERB,15153
küsstet,VERB,15153
küste,VERB,12640
küsten,VERB,12640
labyrinth,VERB,25898
labyrinthe,VERB,25898
labyrinthen,VERB,25898
labyrinthes,VERB,25898
labyrinths,VERB,25898
lach,VERB,15178
lache,VERB,15178
lachen,PRON,15178
lachend,VERB,15178
lachende,VERB,15178
lachendem,VERB,15178
lachenden,VERB,15178
lachender,VERB,15178
lachendes,VERB,15178
lachs,VERB,23195
lachse,VERB,23195
lachsen,VERB,23195
lachses,VERB,23195
lachst,VERB,15178
lacht,VERB,15178
lachte,VERB,15178
lachten,VERB,15178
lachtest,VERB,15178
lachtet,VERB,15178
lacrosse,VERB,22102
laden,VERB,17269
laden-,VERB,17269
laden0,VERB,17269
ladung,VERB,25111
lag b'omer,VERB,15167
lage,VERB,25748
lagen,VERB,25748
lagerfeuer,VERB,12874
lagerraum,VERB,17270
laib,VERB,12895
laibchen,VERB,12895
laibchens,VERB,12895
laibe,VERB,12895
laibes,VERB,12895
laibs,VERB,12895
laken,VERB,16951
lakens,VERB,16951
lakshmi,PREP,15169
lamm,VERB,24475
lammen,PRON,25899
lammes,VERB,24475
lammfleisch,VERB,15170
lammfleisches,VERB,15170
lammfleischs,VERB,15170
lamms,VERB,24475
lampe,VERB,13919
lampen,VERB,13919
land,VERB,13423
land trockenlegen,PRON,24233
land wieder kulturfähig machen,PRON,24233
land-,VERB,13423
land0,VERB,13423
landen,PRON,25108
landens,VERB,25108
landkarte,VERB,15421
lands chaftsplaner,PREP,23561
landschaft,VERB,13424
landschaftsplanerin,PREP,23561
landschaftsplanung,VERB,23560
landstraße,VERB,16678
landung,VERB,15171
landungen,VERB,25108
landungsgestell,VERB,25334
lang,VERB,15193
lang-,VERB,15193
lang0,VERB,15193
lange,ADJ,24181
langem,VERB,15193
langen,VERB,15193
langer,VERB,15193
langes,VERB,15193
langjährig,ADJ,24181
langjährige,VERB,24181
langjährigem,VERB,24181
langjährigen,VERB,24181
langjähriger,VERB,24181
langjähriges,VERB,24181
langsam,ADJ,17014
langsam-,VERB,17014
langsam0,VERB,17014
langsame,VERB,17014
langsamem,VERB,17014
langsamen,VERB,17014
langsamer,VERB,17014
langsamere,VERB,17014
langsamerem,VERB,17014
langsameren,VERB,17014
langsamerer,VERB,17014
langsameres,VERB,17014
langsames,VERB,17014
langsamst,VERB,17014
langsamste,VERB,17014
langsamstem,VERB,17014
langsamsten,VERB,17014
langsamster,VERB,17014
langsamstes,VERB,17014
languste,VERB,23053
langusten,VERB,23053
langweilig,ADJ,24827
langweilige,VERB,24827
langweiligem,VERB,24827
langweiligen,VERB,24827
langweiliger,VERB,24827
langweiligere,VERB,24827
langweiligerem,VERB,24827
langweiligeren,VERB,24827
langweiligerer,VERB,24827
langweiligeres,VERB,24827
langweiliges,VERB,24827
langweiligst,VERB,24827
langweiligste,VERB,24827
langweiligstem,VERB,24827
langweiligsten,VERB,24827
langweiligster,VERB,24827
langweiligstes,VERB,24827
lappen,VERB,25148
lappens,VERB,25148
lappländer,VERB,25900
lappländern,VERB,25900
lappländers,VERB,25900
lasagne,VERB,22133
lasagnen,VERB,22133
lasche,VERB,25904
laschen,VERB,25904
lassen,PRON,15196
lassens,VERB,15196
lasst uns,PRON,15197
lassung,VERB,15196
lassungen,VERB,15196
lastkahn,VERB,22072
lastwagen,VERB,17781
latte,VERB,13944
latten,VERB,13944
latz,VERB,12833
latzes,VERB,12833
lauch,VERB,24476
lauches,VERB,24476
lauchzwiebel,VERB,14644
lauchzwiebeln,VERB,14644
lauf,VERB,16699
laufe,VERB,16699
laufen,PRON,16699
laufend,VERB,16699
laufende,VERB,16699
laufendem,VERB,16699
laufenden,VERB,16699
laufender,VERB,16699
laufendes,VERB,16699
laufgurt,VERB,24143
laufleine,VERB,24058
lauflernhilfe,VERB,24058
lauft,VERB,16699
laufvogel,VERB,16679
laune,VERB,15650
launen,VERB,15650
laus,VERB,26018
laut,ADJ,15397
laut rufen,PRON,16965
laute,VERB,15397
lauten,VERB,15397
lautes,VERB,15397
lauts,VERB,15397
lautsprecher,VERB,23898
lautsprecherbox,VERB,23898
lautsprecherboxen,VERB,23898
lautsprechern,VERB,23898
lautsprechers,VERB,23898
lava,VERB,24684
lawine,VERB,24019
lawinen,VERB,24019
leben,VERB,15206
lebens,VERB,15206
lebensauffassung,VERB,21607
lebensmittelgeschäft,VERB,14645
lebensmittelladen,VERB,14645
leber,VERB,25462
leber-,VERB,25462
leber0,VERB,25462
lebewesen,VERB,13609
lebewesens,VERB,13609
lecken,PRON,25905
leckens,VERB,25905
lecker,ADJ,20526
leckere,VERB,20526
leckerei,VERB,17774
leckereien,VERB,17774
leckerem,VERB,20526
leckeren,VERB,20526
leckerer,VERB,20526
leckeres,VERB,20526
leder,VERB,15186
leder-,VERB,15186
leder0,VERB,15186
lee,VERB,24685
leer,ADJ,13932
leer-,VERB,13932
leer0,VERB,13932
leere,VERB,13932
leerem,VERB,13932
leeren,PRON,13933
leerens,VERB,13933
leerer,VERB,13932
leerere,VERB,13932
leererem,VERB,13932
leereren,VERB,13932
leererer,VERB,13932
leereres,VERB,13932
leeres,VERB,13932
leermache,VERB,24891
leermachen,VERB,24891
leermachend,VERB,24891
leermachende,VERB,24891
leermachendem,VERB,24891
leermachenden,VERB,24891
leermachender,VERB,24891
leermachendes,VERB,24891
leermachst,VERB,24891
leermacht,VERB,24891
leermachte,VERB,24891
leermachten,VERB,24891
leermachtest,VERB,24891
leermachtet,VERB,24891
leerst,VERB,13932
leerste,VERB,13932
leerstem,VERB,13932
leersten,VERB,13932
leerster,VERB,13932
leerstes,VERB,13932
leerung,VERB,13933
leerungen,VERB,13933
lees,VERB,24685
legal,ADJ,23138
legale,VERB,23138
legalem,VERB,23138
legalen,VERB,23138
legaler,VERB,23138
legalere,VERB,23138
legalerem,VERB,23138
legaleren,VERB,23138
legalerer,VERB,23138
legaleres,VERB,23138
legales,VERB,23138
legalst,VERB,23138
legalste,VERB,23138
legalstem,VERB,23138
legalsten,VERB,23138
legalster,VERB,23138
legalstes,VERB,23138
legen,PRON,16440
legende,VERB,25879
legenden,VERB,25879
legens,VERB,16440
lego,VERB,23454
legobaustein,VERB,23454
legos,VERB,23454
legung,VERB,16440
legungen,VERB,16440
lehnstuhl,VERB,12578
lehre,VERB,17512
lehren,PRON,17512
lehrend,VERB,17512
lehrende,VERB,17512
lehrendem,VERB,17512
lehrenden,VERB,17512
lehrender,VERB,17512
lehrendes,VERB,17512
lehrer,PREP,17513
lehrer-,VERB,17513
lehrer0,VERB,17513
lehrerin,PREP,17513
lehrerinnen,VERB,17513
lehrerinnen-,VERB,17513
lehrst,VERB,17512
lehrt,VERB,17512
lehrte,VERB,17512
lehrten,VERB,17512
lehrtest,VERB,17512
lehrtet,VERB,17512
leiche,VERB,21315
leichen,VERB,21315
leichnam,VERB,21315
leichname,VERB,21315
leichnamen,VERB,21315
leichnames,VERB,21315
leichnams,VERB,21315
leicht,ADJ,13905
leicht galoppieren,PRON,24044
leicht-,VERB,13905
leicht0,VERB,13905
leichtathletik,VERB,21628
leichte,VERB,13905
leichtem,VERB,13905
leichten,VERB,13905
leichter,VERB,13905
leichtere,VERB,13905
leichterem,VERB,13905
leichteren,VERB,13905
leichterer,VERB,13905
leichteres,VERB,13905
leichtes,VERB,13905
leichtest,VERB,13905
leichteste,VERB,13905
leichtestem,VERB,13905
leichtesten,VERB,13905
leichtester,VERB,13905
leichtestes,VERB,13905
leichtigkeit,VERB,24890
leiden,PRON,14913
leidens,VERB,14913
leihen,PRON,12877
leihens,VERB,12877
leine,VERB,17276
leinen,VERB,23144
leinens,VERB,23144
leise,ADJ,16447
leisem,VERB,16447
leisen,VERB,16447
leiser,VERB,16447
leisere,VERB,16447
leiserem,VERB,16447
leiseren,VERB,16447
leiserer,VERB,16447
leiseres,VERB,16447
leises,VERB,16447
leisest,VERB,16447
leiseste,VERB,16447
leisestem,VERB,16447
leisesten,VERB,16447
leisester,VERB,16447
leisestes,VERB,16447
leistung,VERB,24402
leiten,PRON,15181
leitens,VERB,15181
leiter,VERB,15166
leiter für boote,VERB,24612
leiter-,VERB,15166
leiter0,VERB,15166
leiterin,PREP,15182
leitung,VERB,22913
leitungen,VERB,15181
lektion,VERB,23567
lektionen,VERB,23567
lenken,PRON,13883
lenkens,VERB,13883
lenkung,VERB,13883
lenkungen,VERB,13883
leopard,VERB,15194
leoparden,VERB,15194
leopardin,VERB,15194
leopardinnen,VERB,15194
lernen,PRON,15184
lernens,VERB,15184
lesbentum,VERB,14887
lesen,PRON,16465
lesens,VERB,16465
leseraum,VERB,15202
leseunterricht,VERB,23187
lesung,VERB,16465
lesungen,VERB,16465
lettisch,VERB,25902
lettische,VERB,25902
lettischem,VERB,25902
lettischen,VERB,25902
lettischer,VERB,25902
lettisches,VERB,25902
lettistik,VERB,25902
lettland,VERB,25901
lettlands,VERB,25901
letzte nacht,VERB,15174
letzte woche,VERB,15175
letzten monat,VERB,24835
letzter,ADJ,15173
letztes jahr,VERB,15176
leuchte,VERB,16956
leuchten,PRON,16956
leuchtend,VERB,16956
leuchtende,VERB,16956
leuchtendem,VERB,16956
leuchtenden,VERB,16956
leuchtender,VERB,16956
leuchtendes,VERB,16956
leuchtest,VERB,16956
leuchtet,VERB,16956
leuchtete,VERB,16956
leuchteten,VERB,16956
leuchtetest,VERB,16956
leuchtetet,VERB,16956
leuchtturm,VERB,23143
licht,VERB,15208
licht-,VERB,15208
licht0,VERB,15208
lichtjahr,VERB,22634
lichtschalter,VERB,23569
lid,VERB,14136
lider,VERB,14136
lidern,VERB,14136
lides,VERB,14136
lids,VERB,14136
lidschatten,VERB,14137
lidschattens,VERB,14137
lieb,ADJ,15717
liebchen,VERB,13644
liebchens,VERB,13644
liebe,OTHER,13644
liebem,VERB,15717
lieben,PRON,15400
liebens,VERB,15400
liebenswürdig,ADJ,15398
liebenswürdige,VERB,15398
liebenswürdigem,VERB,15398
liebenswürdigen,VERB,15398
liebenswürdiger,VERB,15398
liebenswürdigere,VERB,15398
liebenswürdigerem,VERB,15398
liebenswürdigeren,VERB,15398
liebenswürdigerer,VERB,15398
liebenswürdigeres,VERB,15398
liebenswürdiges,VERB,15398
liebenswürdigst,VERB,15398
liebenswürdigste,VERB,15398
liebenswürdigstem,VERB,15398
liebenswürdigsten,VERB,15398
liebenswürdigster,VERB,15398
liebenswürdigstes,VERB,15398
lieber,OTHER,13644
liebere,VERB,15717
lieberem,VERB,15717
lieberen,VERB,15717
lieberer,VERB,15717
lieberes,VERB,15717
liebes,VERB,15717
liebling,PREP,17481
lieblinge,VERB,17481
lieblingen,VERB,17481
lieblings,VERB,14158
lieblings-,ADJ,14158
lieblings0,VERB,14158
liebst,VERB,15717
liebste,PREP,17481
liebstem,VERB,15717
liebsten,VERB,15717
liebster,PREP,17481
liebstes,VERB,15717
lied,VERB,17210
liedchen,VERB,17210
liedchens,VERB,17210
lieder,VERB,17210
lieder zum mitsingen,VERB,24754
liedern,VERB,17210
liedes,VERB,17210
lieds,VERB,17210
lieferwagen,VERB,18000
liege,VERB,24764
liege-,VERB,24764
liege0,VERB,24764
liegen,PRON,15205
liegend,VERB,15205
liegende,VERB,15205
liegende person,PREP,16163
liegendem,VERB,15205
liegenden,VERB,15205
liegender,VERB,15205
liegendes,VERB,15205
liegeplatz,VERB,24610
liegerad,VERB,21815
liegestuhl,VERB,24764
liegst,VERB,15205
liegt,VERB,15205
lift,VERB,13924
lifte,VERB,13924
liften,VERB,13924
liftes,VERB,13924
lifts,VERB,13924
lila,NOUN,16436
lillan,PREP,25196
limit,VERB,25579
limitiert,ADJ,26015
limits,VERB,25579
limo,VERB,17202
limonade,VERB,15191
limonaden,VERB,15191
limone,VERB,15211
limonen,VERB,15211
limos,VERB,17202
lineal,VERB,16698
lineale,VERB,16698
linealen,VERB,16698
lineals,VERB,16698
lineare,VERB,24180
linguist,PREP,21572
linguisten,VERB,21572
linguistik,VERB,21557
linguistin,PREP,21572
linguistinnen,VERB,21572
linie,VERB,15214
linien,VERB,15214
links,ADJ,15187
links-,VERB,15187
links0,VERB,15187
linksabbieger,VERB,25577
linksdrehend,VERB,25577
linksdrehende,VERB,25577
linksdrehendem,VERB,25577
linksdrehenden,VERB,25577
linksdrehender,VERB,25577
linksdrehendes,VERB,25577
lippe,VERB,15218
lippen,VERB,15218
lippenstift,VERB,15219
liste,VERB,15220
lkw,VERB,13890
lkws,VERB,13890
loch,VERB,14883
loch im zahn,VERB,13138
loch-,VERB,14883
loch0,VERB,14883
lochbillard,VERB,22100
lohn,VERB,18027
lohn-,VERB,18027
lohn0,VERB,18027
loki,PREP,22822
lokis,VERB,22822
lotrecht,VERB,15998
lotrechte,VERB,15998
lotrechtem,VERB,15998
lotrechten,VERB,15998
lotrechter,VERB,15998
lotrechtes,VERB,15998
lotsenboot,VERB,22079
lotsenboote,VERB,22079
lotsenbooten,VERB,22079
lotsenbootes,VERB,22079
lotterie,VERB,24477
lotterie-,VERB,24477
lotterie0,VERB,24477
lotteriespiel,VERB,24452
loyalität,VERB,14172
loyalitäten,VERB,14172
luft,VERB,12356
luftballon,VERB,12622
luftdruckmesser,VERB,23028
luftfeuchtigkeit,VERB,23886
luftkissenboot,VERB,22085
luftröhre,VERB,25505
luftwaffe,PREP,25250
lulav,VERB,15404
lumpen,VERB,25148
lunch,VERB,15405
lunchbox,VERB,23573
lunches,VERB,15405
lunchs,VERB,15405
lunge,VERB,25465
lungen,VERB,25465
lungen-,VERB,25465
lungen0,VERB,25465
lupe,VERB,24478
lupen,VERB,24478
lustig,ADJ,14414
lustige,VERB,14414
lustigem,VERB,14414
lustigen,VERB,14414
lustiger,VERB,14414
lustigere,VERB,14414
lustigerem,VERB,14414
lustigeren,VERB,14414
lustigerer,VERB,14414
lustigeres,VERB,14414
lustiges,VERB,14414
lustigst,VERB,14414
lustigste,VERB,14414
lustigstem,VERB,14414
lustigsten,VERB,14414
lustigster,VERB,14414
lustigstes,VERB,14414
lutscher,VERB,22365
lutschern,VERB,22365
lutschers,VERB,22365
lutschtabak,VERB,25495
lymphatisches system,VERB,25468
lymphdrüse,VERB,25467
lymphe,VERB,25466
lymphgefäßsystem,VERB,25468
lymphknoten,VERB,25467
lyrik,VERB,16211
lächeln,PRON,17021
lächelns,VERB,17021
länger,ADJ,15230
längere,VERB,15230
längerem,VERB,15230
längeren,VERB,15230
längerer,VERB,15230
längeres,VERB,15230
lärm,VERB,24922
lärm-,VERB,24922
lärm0,VERB,24922
lästig,ADJ,24821
lästige,VERB,24821
lästigem,VERB,24821
lästigen,VERB,24821
lästiger,VERB,24821
lästigere,VERB,24821
lästigerem,VERB,24821
lästigeren,VERB,24821
lästigerer,VERB,24821
lästigeres,VERB,24821
lästiges,VERB,24821
lästigst,VERB,24821
lästigste,VERB,24821
lästigstem,VERB,24821
lästigsten,VERB,24821
lästigster,VERB,24821
lästigstes,VERB,24821
lätzchen,VERB,12833
lätzchens,VERB,12833
läufer,VERB,16696
läuferin,VERB,16696
läuferinnen,VERB,16696
läufern,VERB,16696
läufers,VERB,16696
löffel,VERB,17233
löffel-,VERB,17233
löffel0,VERB,17233
löschen,PRON,23411
löschens,VERB,23411
löschung,VERB,24883
löschungen,VERB,23411
lösen,PRON,17206
lösens,VERB,17206
lösung,VERB,17206
lösungen,VERB,17206
löwe,VERB,15217
löwen,VERB,15217
löwin,VERB,15217
löwinnen,VERB,15217
lücke,VERB,24630
lücken,VERB,24630
lüge,VERB,15203
lügen,PRON,15204
lügen-,VERB,15204
lügen0,VERB,15204
lügend,VERB,15204
lügende,VERB,15204
lügendem,VERB,15204
lügenden,VERB,15204
lügender,VERB,15204
lügendes,VERB,15204
lügst,VERB,15204
lügt,VERB,15204
mach,VERB,15410
machbar,VERB,15410
machbare,VERB,15410
machbarem,VERB,15410
machbaren,VERB,15410
machbarer,VERB,15410
machbares,VERB,15410
mache,VERB,15410
machen,PRON,15410
machend,VERB,15410
machende,VERB,15410
machendem,VERB,15410
machenden,VERB,15410
machender,VERB,15410
machendes,VERB,15410
machst,VERB,15410
macht,VERB,24718
machte,VERB,15410
machten,VERB,15410
machtest,VERB,15410
machtet,VERB,15410
magazin,VERB,15407
magazine,VERB,15407
magazinen,VERB,15407
magazins,VERB,15407
magen,VERB,17265
magen-,VERB,17265
magen-darm-grippe,VERB,24288
magen-darm-system,VERB,25451
magen0,VERB,17265
magenkrankheit,VERB,24289
magerkeit,VERB,25622
magie,ADJ,25909
magier,PREP,23574
magierin,VERB,23574
magierinnen,VERB,23574
magiern,VERB,23574
magiers,VERB,23574
magisch,VERB,25908
magische,VERB,25908
magischem,VERB,25908
magischen,VERB,25908
magischer,VERB,25908
magisches,VERB,25908
magma,VERB,24684
magmas,VERB,24684
magnet,VERB,25338
magnet-,VERB,25338
magnet0,VERB,25338
magnetfeld,VERB,25339
magnetischer pol,VERB,25407
magnetismus,VERB,25340
magnetpol,VERB,25407
mahl,VERB,15438
mahles,VERB,15438
mahls,VERB,15438
mahlwerk,VERB,22562
mahlwerke,VERB,22562
mahlwerken,VERB,22562
mahlwerkes,VERB,22562
mahlwerks,VERB,22562
mahlzeit,VERB,15438
mahlzeiten,VERB,15438
mahnung,VERB,25211
mai,VERB,15435
mai-,VERB,15435
mai0,VERB,15435
mais,VERB,13413
maises,VERB,13413
maismehl,VERB,13415
maismehls,VERB,13415
maissirup,VERB,22339
makeup,VERB,15413
makkaroni,VERB,22130
male,VERB,15957
malen,PRON,15957
malend,VERB,15957
malende,VERB,15957
malendem,VERB,15957
malenden,VERB,15957
malender,VERB,15957
malendes,VERB,15957
maler,PREP,15958
malerin,VERB,15958
malerinnen,VERB,15958
malermeister,PREP,15958
malermeisterin,PREP,15958
malermeisterinnen,VERB,15958
malermeistern,VERB,15958
malermeisters,VERB,15958
malern,VERB,15958
malers,VERB,15958
malst,VERB,15957
malt,VERB,15957
malte,VERB,15957
malten,VERB,15957
maltest,VERB,15957
maltet,VERB,15957
manager,PREP,15418
manager-,VERB,15418
manager0,VERB,15418
managerin,PREP,15418
manch,ADJ,17207
manche,VERB,17207
manchem,VERB,17207
manchen,VERB,17207
mancher,VERB,17207
manches,VERB,17207
manchmal,ADJ,17208
mandarine,VERB,17503
mandarinen,VERB,17503
mandoline,VERB,23899
mandolinen,VERB,23899
manege,VERB,24246
manegen,VERB,24246
mangel,VERB,21306
mangel-,VERB,21306
mangel0,VERB,21306
mango,VERB,15419
mangos,VERB,15419
mann,PREP,15416
manna,VERB,21355
mannas,VERB,21355
manne,VERB,15416
mannen,VERB,15416
mannes,VERB,15416
manns,VERB,15416
mannschaft,PREP,17514
mannschaften,VERB,17514
manometer,VERB,23028
manometern,VERB,23028
manometers,VERB,23028
mantel,VERB,13371
mantel-,VERB,13371
mantel0,VERB,13371
maraca,VERB,23900
marcheschwan,VERB,13160
margarine,VERB,15424
marienkäfer,VERB,25333
marienkäfern,VERB,25333
marienkäfers,VERB,25333
marine,VERB,15696
marine-,VERB,15696
marine0,VERB,15696
mark,VERB,25581
marke,VERB,17236
marken,VERB,25581
markes,VERB,25581
markieren,PRON,23659
markierens,VERB,23659
markierung,VERB,23659
markierungen,VERB,23659
markt,VERB,23147
markt-,VERB,23147
markt0,VERB,23147
marktplatz,VERB,24281
marmelade,VERB,14965
marmeladen,VERB,14965
mars,VERB,24479
maschinchen,VERB,15406
maschinchens,VERB,15406
maschine,VERB,15406
maschinen,VERB,15406
maschinenbauingenieur,PREP,23588
maschinenbauingenieurin,PREP,23588
maske,VERB,15428
masken,VERB,15428
massage,VERB,21606
massage-,VERB,21606
massage0,VERB,21606
masseur,PREP,21602
masseure,VERB,21602
masseuren,VERB,21602
masseurin,PREP,21602
masseurinnen,VERB,21602
masseurs,VERB,21602
massieren,PRON,16695
massierens,VERB,16695
massierung,VERB,16695
massierungen,VERB,16695
mast,VERB,22059
mast-,VERB,22059
mast0,VERB,22059
mastdarm,VERB,25485
masturbation,VERB,15429
matching-spiel zb memory,VERB,23584
material,VERB,15431
material-,VERB,15431
material0,VERB,15431
mathe,VERB,15432
mathematik,VERB,15432
mathematiker,PREP,21573
mathematikerin,PREP,21573
mathematikerinnen,VERB,21573
mathematikern,VERB,21573
mathematikers,VERB,21573
matrix,VERB,24904
matrose,PREP,16708
matrosen,VERB,16708
matze,VERB,15434
mauer,VERB,14167
mauer-,VERB,14167
mauer0,VERB,14167
maul,VERB,24196
maul-,VERB,24196
maul0,VERB,24196
maurer,PREP,23419
maurerin,VERB,23419
maurerinnen,VERB,23419
maurern,VERB,23419
maurers,VERB,23419
maus,VERB,15665
mausoleum,VERB,21117
maßband,VERB,16698
maßstab,VERB,16698
maβeinheit,VERB,24806
maβstab,VERB,24806
mechaniker,PREP,23429
mechanikerin,PREP,23429
mechanikerinnen,VERB,23429
mechanikern,VERB,23429
mechanikers,VERB,23429
mecker,VERB,21361
meckere,VERB,21361
meckern,PRON,21361
meckernd,VERB,21361
meckernde,VERB,21361
meckerndem,VERB,21361
meckernden,VERB,21361
meckernder,VERB,21361
meckerndes,VERB,21361
meckerst,VERB,21361
meckert,VERB,21361
meckerte,VERB,21361
meckerten,VERB,21361
meckertest,VERB,21361
meckertet,VERB,21361
meckre,VERB,21361
media player,VERB,24691
medikament,VERB,15448
medikamente,VERB,15448
medikamenten,VERB,15448
medikamentes,VERB,15448
medikaments,VERB,15448
meditiere,VERB,21097
meditieren,PRON,21097
meditierend,VERB,21097
meditierende,VERB,21097
meditierendem,VERB,21097
meditierenden,VERB,21097
meditierender,VERB,21097
meditierendes,VERB,21097
meditierst,VERB,21097
meditiert,VERB,21097
meditierte,VERB,21097
meditierten,VERB,21097
meditiertest,VERB,21097
meditiertet,VERB,21097
medizin,VERB,15448
medizinisch,ADJ,15446
medizinisch behandeln,PRON,24317
medizinische,VERB,15446
medizinische behandlung,VERB,24188
medizinische untersuchung,VERB,24480
medizinischem,VERB,15446
medizinischen,VERB,15446
medizinischer,VERB,15446
medizinisches,VERB,15446
meer,VERB,15909
meere,VERB,15909
meeren,VERB,15909
meeres,VERB,15909
meeresarm,VERB,22625
meeresfrüchtesalat,VERB,22305
meeresjungfrau,PREP,23590
meerrettich,VERB,14898
meerrettichs,VERB,14898
meers,VERB,15909
meerschweinchen,VERB,14434
meerschweinchens,VERB,14434
mehl,VERB,14204
mehl-,VERB,14204
mehl0,VERB,14204
mehr,ADJ,15654
mehr-,VERB,15654
mehr0,VERB,15654
mehrere,NOUN,16762
mehreren,VERB,16762
mehrkampfwettbewerb,VERB,21857
mehrstöckiges zuhause,VERB,23154
mehrwertsteuer,VERB,23233
mein,PREP,15686
meine,PREP,15686
meinem,VERB,15686
meinen,PRON,25269
meinens,VERB,25269
meiner,VERB,15686
meines,VERB,15686
meins,VERB,15686
meinung,VERB,15925
meinungen,VERB,25269
meinungsverschiedenheit,VERB,25864
meistens,ADJ,17992
melasse,VERB,25756
melkerin,PREP,25912
melodica,VERB,23901
melodie,VERB,17953
melodien,VERB,17953
melone,VERB,15452
melonen,VERB,15452
memorial day,VERB,16486
memory,VERB,25343
memorystick,VERB,24694
menge,VERB,15675
mengen,VERB,15675
menopause,VERB,15453
menopausen,VERB,15453
menorah,VERB,15454
mensch,PREP,16161
menschen,VERB,16161
menschenkunde,VERB,21548
menstruation,VERB,15455
menstruationsblut,VERB,24189
merkur,VERB,24483
merkurs,VERB,24483
messbecher,VERB,25754
messbuch,VERB,21075
messehalle,VERB,16970
messen,PRON,15442
messens,VERB,15442
messer,VERB,15159
messer-,VERB,15159
messer0,VERB,15159
messgerät,VERB,23092
messgewand,VERB,21370
messisas,PREP,21043
messlöffel,VERB,22568
messung,VERB,15442
messungen,VERB,15442
metal,VERB,24695
metall,VERB,15459
metall-,VERB,15459
metall0,VERB,15459
metallbearbeitung,VERB,24190
metapher,VERB,15460
metaphern,VERB,15460
metereologe,PREP,21571
metereologie,VERB,21555
metereologin,PREP,21571
methode,VERB,16194
methoden,VERB,16194
metropole,VERB,23151
metropolen,VERB,23151
metzger,PREP,23428
metzgerei,VERB,23037
metzgereien,VERB,23037
metzgerin,PREP,23428
metzgerinnen,VERB,23428
metzgern,VERB,23428
metzgers,VERB,23428
mezuzah,VERB,15461
miaue,VERB,24191
miauen,PRON,24191
miauend,VERB,24191
miauende,VERB,24191
miauendem,VERB,24191
miauenden,VERB,24191
miauender,VERB,24191
miauendes,VERB,24191
miaust,VERB,24191
miaut,VERB,24191
miaute,VERB,24191
miauten,VERB,24191
miautest,VERB,24191
miautet,VERB,24191
mich,PREP,14916
midgardsormen midgardschlange,VERB,22826
miete,VERB,24731
mieten,PRON,24733
mietens,VERB,24733
mietung,VERB,24733
mietungen,VERB,24733
mikrofon,VERB,23902
mikrofone,VERB,23902
mikrofonen,VERB,23902
mikrofons,VERB,23902
mikroorganismus,VERB,24486
mikroskop,VERB,24487
mikroskops,VERB,24487
mikrowelle,VERB,15463
mikrowellenherd,VERB,15463
milbe,VERB,15480
milben,VERB,15480
milch,VERB,15468
milchmann,PREP,15469
milchmixgetränk,VERB,15470
milchmädchen,PREP,25912
milchshake,VERB,15470
milchshakes,VERB,15470
milchstraβe,VERB,24451
militär,VERB,12579
militär-,VERB,12579
militär0,VERB,12579
militärflugzeug,VERB,15466
milz,VERB,25496
milzen,VERB,25496
minister,PREP,24192
minister-,VERB,24192
minister0,VERB,24192
ministerin,PREP,24192
ministerinnen,VERB,24192
ministerinnen-,VERB,24192
ministerpräsident,PREP,24221
ministerpräsidentin,PREP,24221
minitastatur,VERB,23557
minus,NOUN,25595
minute,VERB,15475
minuten,VERB,15475
mir,PREP,14916
mischen,PRON,15481
mischens,VERB,15481
mischung,VERB,22377
mischungen,VERB,15481
missbrauch,VERB,24697
missbrauchbar,VERB,24698
missbrauchbare,VERB,24698
missbrauchbarem,VERB,24698
missbrauchbaren,VERB,24698
missbrauchbarer,VERB,24698
missbrauchbares,VERB,24698
missbrauche,VERB,24698
missbrauchen,PRON,24698
missbrauchend,VERB,24698
missbrauchende,VERB,24698
missbrauchendem,VERB,24698
missbrauchenden,VERB,24698
missbrauchender,VERB,24698
missbrauchendes,VERB,24698
missbrauches,VERB,24697
missbrauchs,VERB,24697
missbrauchst,VERB,24698
missbraucht,VERB,24698
missbrauchte,VERB,24698
missbrauchtem,VERB,24698
missbrauchten,VERB,24698
missbrauchter,VERB,24698
missbrauchtes,VERB,24698
missbrauchtest,VERB,24698
missbrauchtet,VERB,24698
misserfolg,VERB,24445
misserfolge,VERB,24445
misserfolgen,VERB,24445
misserfolges,VERB,24445
misserfolgs,VERB,24445
missgechick,VERB,25545
missgeschick,VERB,12329
missgeschicke,VERB,12329
missgeschicken,VERB,12329
missgeschickes,VERB,12329
missgeschicks,VERB,12329
missgünstig,ADJ,13941
missgünstige,VERB,13941
missgünstigem,VERB,13941
missgünstigen,VERB,13941
missgünstiger,VERB,13941
missgünstigere,VERB,13941
missgünstigerem,VERB,13941
missgünstigeren,VERB,13941
missgünstigerer,VERB,13941
missgünstigeres,VERB,13941
missgünstiges,VERB,13941
missgünstigst,VERB,13941
missgünstigste,VERB,13941
missgünstigstem,VERB,13941
missgünstigsten,VERB,13941
missgünstigster,VERB,13941
missgünstigstes,VERB,13941
misshandlung,VERB,12327
missionar,PREP,21060
missionare,VERB,21060
missionaren,VERB,21060
missionarin,PREP,21060
missionarinnen,VERB,21060
missionars,VERB,21060
missionieren,PRON,21346
missionierens,VERB,21346
missionierung,VERB,21346
missionierungen,VERB,21346
mist,VERB,24009
mistes,VERB,24009
mists,VERB,24009
mit,NOUN,18267
mit backpulver gemischtes mehl,VERB,25791
mit dem auto fahren,PRON,21833
mit dem flugzeug fliegen,PRON,21834
mit eis bedeckt,ADJ,25892
mit hilfe von,NOUN,18267
mit-,VERB,18267
mit0,VERB,18267
mitbewohner,PREP,17237
mitbewohnerin,PREP,17237
miteinander,ADJ,17746
miteinanders,VERB,17746
mitfahre,VERB,16509
mitfahren,PRON,16509
mitfahrend,VERB,16509
mitfahrende,VERB,16509
mitfahrendem,VERB,16509
mitfahrenden,VERB,16509
mitfahrender,VERB,16509
mitfahrendes,VERB,16509
mitfahrt,VERB,25603
mitfiebere,VERB,25025
mitfiebern,PRON,25025
mitfiebernd,VERB,25025
mitfiebernde,VERB,25025
mitfieberndem,VERB,25025
mitfiebernden,VERB,25025
mitfiebernder,VERB,25025
mitfieberndes,VERB,25025
mitfieberst,VERB,25025
mitfiebert,VERB,25025
mitfieberte,VERB,25025
mitfieberten,VERB,25025
mitfiebertest,VERB,25025
mitfiebertet,VERB,25025
mitfiebre,VERB,25025
mitglied,PREP,24692
mitschüler,PREP,25680
mitschülerin,PREP,25680
mittag,VERB,23157
mittagessen,VERB,15405
mittagessens,VERB,15405
mittags,VERB,23157
mittagsstunde,VERB,23157
mitte,VERB,15464
mitteilung,VERB,24484
mittels,NOUN,18267
mitten unter,NOUN,25653
mitternacht,VERB,23152
mitternachtssonne,VERB,25911
mittlerer teil,VERB,15464
mittsommer,VERB,15465
mittsommern,VERB,15465
mittsommers,VERB,15465
mittwoch,VERB,18216
mittwoch-,VERB,18216
mittwoch0,VERB,18216
mixe,VERB,15481
mixen,PRON,15481
mixend,VERB,15481
mixende,VERB,15481
mixendem,VERB,15481
mixenden,VERB,15481
mixender,VERB,15481
mixendes,VERB,15481
mixer,VERB,22392
mixerin,VERB,22392
mixerinnen,VERB,22392
mixern,VERB,22392
mixers,VERB,22392
mixest,VERB,15481
mixt,VERB,15481
mixte,VERB,15481
mixten,VERB,15481
mixtest,VERB,15481
mixtet,VERB,15481
mjölner,PREP,22654
mms,VERB,24699
mobiltelefon,VERB,23592
modedisigner,PREP,23496
modedisignerin,PREP,23496
mogel,VERB,25677
mogele,VERB,25677
mogelei,VERB,25678
mogeleien,VERB,25678
mogeln,PRON,25677
mogelnd,VERB,25677
mogelnde,VERB,25677
mogelndem,VERB,25677
mogelnden,VERB,25677
mogelnder,VERB,25677
mogelndes,VERB,25677
mogelst,VERB,25677
mogelt,VERB,25677
mogelte,VERB,25677
mogelten,VERB,25677
mogeltest,VERB,25677
mogeltet,VERB,25677
mogle,VERB,25677
mohammed,PREP,21034
mohammeds,VERB,21034
mohrrübe,VERB,13124
mohrrüben,VERB,13124
mole,VERB,16174
molen,VERB,16174
molkerei,VERB,25857
molkerei-,VERB,25857
molkerei0,VERB,25857
moltebeere,VERB,24064
moltebeeren,VERB,24064
monarchie,VERB,24193
monarchien,VERB,24193
monat,VERB,15649
monate,VERB,15649
monaten,VERB,15649
monates,VERB,15649
monats,VERB,15649
monatsbinde,VERB,16719
mond,VERB,15651
mond-,VERB,15651
mond0,VERB,15651
mondfinsternis,VERB,24690
mondsichel,VERB,13610
monitor,VERB,23451
monitor-,VERB,23451
monitor0,VERB,23451
monotheismus,VERB,21025
monster,VERB,15486
monster-,VERB,15486
monster0,VERB,15486
montag,VERB,15483
montag-,VERB,15483
montag0,VERB,15483
monument,VERB,24700
monumente,VERB,24700
monumenten,VERB,24700
monumentes,VERB,24700
monuments,VERB,24700
moosbeere,VERB,13433
moosbeeren,VERB,13433
morast,VERB,15672
moraste,VERB,15672
morasten,VERB,15672
morastes,VERB,15672
morasts,VERB,15672
mord,VERB,25104
mord-,VERB,25104
mord0,VERB,25104
morgen,VERB,15655
morgen abend,VERB,17751
morgen-,VERB,15655
morgen0,VERB,15655
morgens,VERB,15655
morra,PREP,25190
moschee,VERB,13345
moscheen,VERB,13345
moses,PREP,21067
moshav,VERB,15658
moskito,VERB,15660
moskitos,VERB,15660
most,VERB,22347
mostes,VERB,22347
mosts,VERB,22347
motarradrennen,VERB,21826
motel,VERB,14903
motels,VERB,14903
motivation,VERB,25760
motivationen,VERB,25760
motivieren,PRON,25758
motivierens,VERB,25758
motiviert,ADJ,25759
motivierung,VERB,25758
motivierungen,VERB,25758
motor,VERB,15406
motor-,VERB,15406
motor0,VERB,15406
motorboot,VERB,22074
motorbootsport,VERB,22052
motorcross,VERB,21826
motorrad,VERB,21810
motorradgespannsport,VERB,21828
motorradrennen,VERB,21827
motorsport,VERB,21794
motte,VERB,13096
motten,VERB,13096
mountainbike,VERB,21817
mountainbike fahren,VERB,21825
mountainbikes,VERB,21817
mousse,VERB,23875
mousses,VERB,23875
mp3-player,VERB,23903
muffin,VERB,22122
muffins,VERB,22122
muhe,VERB,24194
muhen,PRON,24194
muhend,VERB,24194
muhende,VERB,24194
muhendem,VERB,24194
muhenden,VERB,24194
muhender,VERB,24194
muhendes,VERB,24194
muhst,VERB,24194
muht,VERB,24194
muhte,VERB,24194
muhten,VERB,24194
muhtest,VERB,24194
muhtet,VERB,24194
multebeere,VERB,16463
multiplikation,VERB,15673
multiplikationen,VERB,15673
multiplizieren,PRON,15674
multiplizierens,VERB,15674
mumie,VERB,25120
mumien,VERB,25120
muminmama,PREP,25116
muminpapa,PREP,25117
mumintroll,PREP,25118
mund,VERB,15666
mund-,VERB,15666
mund0,VERB,15666
muschel,VERB,15952
muschel-,VERB,15952
muschel0,VERB,15952
museum,VERB,15677
museums,VERB,15677
musical,VERB,23594
musicals,VERB,23594
musik,VERB,15679
musiker,PREP,15683
musikerin,PREP,15683
musikerinnen,VERB,15683
musikern,VERB,15683
musikers,VERB,15683
musikgruppe,PREP,15680
musikinstrument,VERB,15681
musikkassette,VERB,13128
musikspielzeug,VERB,23596
musiktherapeut,PREP,21598
musiktherapeutin,PREP,21598
muskel,VERB,15676
muskel-,VERB,15676
muskel0,VERB,15676
muslim,PREP,21033
muslime,VERB,21033
muslimen,VERB,21033
muslimin,PREP,21033
musliminnen,VERB,21033
muslimisch,ADJ,15659
muslimische,VERB,15659
muslimischem,VERB,15659
muslimischen,VERB,15659
muslimischer,VERB,15659
muslimisches,VERB,15659
muslims,VERB,21033
mutig,ADJ,23418
mutige,VERB,23418
mutigem,VERB,23418
mutigen,VERB,23418
mutiger,VERB,23418
mutigere,VERB,23418
mutigerem,VERB,23418
mutigeren,VERB,23418
mutigerer,VERB,23418
mutigeres,VERB,23418
mutiges,VERB,23418
mutigst,VERB,23418
mutigste,VERB,23418
mutigstem,VERB,23418
mutigsten,VERB,23418
mutigster,VERB,23418
mutigstes,VERB,23418
mutmaßung,VERB,26004
mutter,PREP,15662
mutter-,VERB,15662
mutter0,VERB,15662
mutterkuchen,VERB,24213
muttermilch,VERB,25914
mutterschaf,VERB,25705
muttertag,VERB,24195
mysterium,VERB,21297
mysteriums,VERB,21297
mysteriös,ADJ,21298
mysteriöse,VERB,21298
mysteriösem,VERB,21298
mysteriösen,VERB,21298
mysteriöser,VERB,21298
mysteriösere,VERB,21298
mysteriöserem,VERB,21298
mysteriöseren,VERB,21298
mysteriöserer,VERB,21298
mysteriöseres,VERB,21298
mysteriöses,VERB,21298
mysteriösest,VERB,21298
mysteriöseste,VERB,21298
mysteriösestem,VERB,21298
mysteriösesten,VERB,21298
mysteriösester,VERB,21298
mysteriösestes,VERB,21298
mythe,VERB,25876
mythos,VERB,25917
mächtig,ADJ,24719
mächtige,VERB,24719
mächtigem,VERB,24719
mächtigen,VERB,24719
mächtiger,VERB,24719
mächtigere,VERB,24719
mächtigerem,VERB,24719
mächtigeren,VERB,24719
mächtigerer,VERB,24719
mächtigeres,VERB,24719
mächtiges,VERB,24719
mächtigst,VERB,24719
mächtigste,VERB,24719
mächtigstem,VERB,24719
mächtigsten,VERB,24719
mächtigster,VERB,24719
mächtigstes,VERB,24719
mädchen,PREP,14439
mädchen-,VERB,14439
mädchen0,VERB,14439
mähdrescher,VERB,25684
mähdreschern,VERB,25684
mähdreschers,VERB,25684
mähne,VERB,24184
mähnen,VERB,24184
männlich,ADJ,15414
männliche,VERB,15414
männlichem,VERB,15414
männlichen,VERB,15414
männlicher,VERB,15414
männlichere,VERB,15414
männlicherem,VERB,15414
männlicheren,VERB,15414
männlicherer,VERB,15414
männlicheres,VERB,15414
männliches,VERB,15414
männliches geschlecht,VERB,12335
männlichst,VERB,15414
männlichste,VERB,15414
männlichstem,VERB,15414
männlichsten,VERB,15414
männlichster,VERB,15414
männlichstes,VERB,15414
märchen,VERB,17272
märchen-,VERB,17272
märchen0,VERB,17272
märz,VERB,15423
möbel,VERB,14416
möbel-,VERB,14416
möbel0,VERB,14416
möchte,VERB,15210
möchten,PRON,15210
möchtest,VERB,15210
möchtet,VERB,15210
möge,VERB,15210
mögen,PRON,15210
mögend,VERB,15210
mögende,VERB,15210
mögendem,VERB,15210
mögenden,VERB,15210
mögender,VERB,15210
mögendes,VERB,15210
möglich,ADJ,25831
mögliche,VERB,25831
möglichem,VERB,25831
möglichen,VERB,25831
möglicher,VERB,25831
möglichere,VERB,25831
möglicherem,VERB,25831
möglicheren,VERB,25831
möglicherer,VERB,25831
möglicheres,VERB,25831
möglicherweise,ADJ,16226
mögliches,VERB,25831
möglichkeit,VERB,15436
möglichkeiten,VERB,15436
möglichst,VERB,25831
möglichste,VERB,25831
möglichstem,VERB,25831
möglichsten,VERB,25831
möglichster,VERB,25831
möglichstes,VERB,25831
mögt,VERB,15210
möhrchen,VERB,13124
möhrchens,VERB,13124
möhre,VERB,13124
möhren,VERB,13124
mörder,PREP,25103
mörderin,PREP,25124
mörderinnen,VERB,25103
mördern,VERB,25103
mörders,VERB,25103
möwe,VERB,14654
möwen,VERB,14654
mücke,VERB,15660
mücken,VERB,15660
müde,ADJ,17735
müdem,VERB,17735
müden,VERB,17735
müder,VERB,17735
müdere,VERB,17735
müderem,VERB,17735
müderen,VERB,17735
müderer,VERB,17735
müderes,VERB,17735
müdes,VERB,17735
müdest,VERB,17735
müdeste,VERB,17735
müdestem,VERB,17735
müdesten,VERB,17735
müdester,VERB,17735
müdestes,VERB,17735
mühe,VERB,17780
müll,VERB,18043
müll-,VERB,18043
müll0,VERB,18043
münze,VERB,13374
münzen,VERB,13374
müsli,VERB,13145
müslis,VERB,13145
müsse,VERB,15685
müssen,PRON,15685
müssend,VERB,15685
müssende,VERB,15685
müssendem,VERB,15685
müssenden,VERB,15685
müssender,VERB,15685
müssendes,VERB,15685
müssest,VERB,15685
müsst,VERB,15685
müsste,VERB,15685
müssten,VERB,15685
müsstest,VERB,15685
müsstet,VERB,15685
mützchen,VERB,21623
mützchens,VERB,21623
mütze,VERB,21623
mützen,VERB,21623
nabelschnur,VERB,17965
nach,NOUN,12348
nach norden,ADJ,25918
nach süden gerichtet,ADJ,25944
nachbar,PREP,15705
nachbar-,VERB,15705
nachbar0,VERB,15705
nachbarin,PREP,15705
nachdenke,VERB,22374
nachdenken,PRON,22374
nachdenkend,VERB,22374
nachdenkende,VERB,22374
nachdenkendem,VERB,22374
nachdenkenden,VERB,22374
nachdenkender,VERB,22374
nachdenkendes,VERB,22374
nachdenkst,VERB,22374
nachdenkt,VERB,22374
nachkommen,PREP,15912
nachkommens,VERB,15912
nachmittag,VERB,12349
nachmittage,VERB,12349
nachmittagen,VERB,12349
nachmittags,VERB,12349
nachmittags essenpause,VERB,14393
nachricht,VERB,24484
nachrichten,VERB,15712
nachrichten-,VERB,15712
nachrichten0,VERB,15712
nachrichtensendung,VERB,15712
nachschulische betreuung,VERB,23010
nachspeise,VERB,13664
nachspeisen,VERB,13664
nacht,VERB,15719
nachthemd,VERB,16442
nachtisch,VERB,13664
nachttopf,VERB,24717
nacken,VERB,15700
nackens,VERB,15700
nagel,VERB,15689
nagel-,VERB,15689
nagel0,VERB,15689
nagellack,VERB,15690
nagetier,VERB,12386
nagetiere,VERB,12386
nagetieren,VERB,12386
nagetiers,VERB,12386
nahrung,VERB,14377
nahrungen,VERB,14377
name,VERB,15691
namensgebung,VERB,23155
nase,VERB,15732
nasen,VERB,15732
naseweis,ADJ,25125
naseweise,VERB,25125
naseweisem,VERB,25125
naseweisen,VERB,25125
naseweiser,VERB,25125
naseweises,VERB,25125
nashorn,VERB,16501
nashorns,VERB,16501
nass,ADJ,18226
nasse,VERB,18226
nassem,VERB,18226
nassen,VERB,18226
nasser,VERB,18226
nassere,VERB,18226
nasserem,VERB,18226
nasseren,VERB,18226
nasserer,VERB,18226
nasseres,VERB,18226
nasses,VERB,18226
nassest,VERB,18226
nasseste,VERB,18226
nassestem,VERB,18226
nassesten,VERB,18226
nassester,VERB,18226
nassestes,VERB,18226
nation,VERB,21610
national,ADJ,25344
national-,VERB,25344
national0,VERB,25344
nationale,VERB,25344
nationalem,VERB,25344
nationalen,VERB,25344
nationaler,VERB,25344
nationales,VERB,25344
nationalfeiertag,VERB,25345
nationen,VERB,21610
natur,VERB,13607
natur-,VERB,13607
natur0,VERB,13607
naturalismus,VERB,20563
naturhandwerk,VERB,24197
naturwissenschaft,VERB,16735
navigier,VERB,25346
navigierbar,VERB,25346
navigierbare,VERB,25346
navigierbarem,VERB,25346
navigierbaren,VERB,25346
navigierbarer,VERB,25346
navigierbares,VERB,25346
navigiere,VERB,25346
navigieren,PRON,25346
navigierend,VERB,25346
navigierende,VERB,25346
navigierendem,VERB,25346
navigierenden,VERB,25346
navigierender,VERB,25346
navigierendes,VERB,25346
navigierst,VERB,25346
navigiert,VERB,25346
navigierte,VERB,25346
navigierten,VERB,25346
navigiertest,VERB,25346
navigiertet,VERB,25346
nebel,VERB,14374
nebel-,VERB,14374
nebel0,VERB,14374
necke,VERB,17515
necken,PRON,17515
neckend,VERB,17515
neckende,VERB,17515
neckendem,VERB,17515
neckenden,VERB,17515
neckender,VERB,17515
neckendes,VERB,17515
neckst,VERB,17515
neckt,VERB,17515
neckte,VERB,17515
neckten,VERB,17515
necktest,VERB,17515
necktet,VERB,17515
neffe,PREP,15707
neffen,VERB,15707
negativ,NOUN,15733
negativ-,VERB,15733
negativ0,VERB,15733
nehmen,PRON,17497
nehmens,VERB,17497
neidisch,ADJ,13941
neidische,VERB,13941
neidischem,VERB,13941
neidischen,VERB,13941
neidischer,VERB,13941
neidischere,VERB,13941
neidischerem,VERB,13941
neidischeren,VERB,13941
neidischerer,VERB,13941
neidischeres,VERB,13941
neidisches,VERB,13941
neidischst,VERB,13941
neidischste,VERB,13941
neidischstem,VERB,13941
neidischsten,VERB,13941
neidischster,VERB,13941
neidischstes,VERB,13941
nein,OTHER,15722
neins,VERB,15722
nektarine,VERB,15983
nektarinen,VERB,15983
neptun,VERB,24492
neptuns,VERB,24492
nerv,VERB,25471
nerven,VERB,25471
nervensystem,VERB,25472
nervs,VERB,25471
nett,ADJ,15717
nette,VERB,15717
nettem,VERB,15717
netten,VERB,15717
netter,VERB,15717
nettere,VERB,15717
netterem,VERB,15717
netteren,VERB,15717
netterer,VERB,15717
netteres,VERB,15717
nettes,VERB,15717
nettest,VERB,15717
netteste,VERB,15717
nettestem,VERB,15717
nettesten,VERB,15717
nettester,VERB,15717
nettestes,VERB,15717
netz,VERB,23595
netz-,VERB,23595
netz0,VERB,23595
neu,ADJ,15710
neu-,VERB,15710
neu0,VERB,15710
neue,VERB,15710
neuem,VERB,15710
neuen,VERB,15710
neuer,VERB,15710
neuere,VERB,15710
neuerem,VERB,15710
neueren,VERB,15710
neuerer,VERB,15710
neueres,VERB,15710
neues,VERB,15710
neues testament,VERB,21071
neuest,VERB,15710
neueste,VERB,15710
neuestem,VERB,15710
neuesten,VERB,15710
neuester,VERB,15710
neuestes,VERB,15710
neugier,VERB,25039
neugierig,ADJ,25040
neugierige,VERB,25040
neugierigem,VERB,25040
neugierigen,VERB,25040
neugieriger,VERB,25040
neugierigere,VERB,25040
neugierigerem,VERB,25040
neugierigeren,VERB,25040
neugierigerer,VERB,25040
neugierigeres,VERB,25040
neugieriges,VERB,25040
neugierigst,VERB,25040
neugierigste,VERB,25040
neugierigstem,VERB,25040
neugierigsten,VERB,25040
neugierigster,VERB,25040
neugierigstes,VERB,25040
neuheit,VERB,25587
neuheiten,VERB,25587
neuigkeit,VERB,25587
neuigkeiten,VERB,13625
neujahr,VERB,25474
neujahrstag,VERB,15711
neulich,ADJ,16468
neuling,VERB,24447
neulinge,VERB,24447
neulingen,VERB,24447
neulings,VERB,24447
neun,NOUN,8505
neun-,VERB,8505
neun0,VERB,8505
neurologe,PREP,21583
neurologen,VERB,21583
neurologin,PREP,21583
neurologinnen,VERB,21583
neuron,VERB,25473
neuronen,VERB,25473
neust,VERB,15710
neuste,VERB,15710
neustem,VERB,15710
neusten,VERB,15710
neuster,VERB,15710
neustes,VERB,15710
nicht,NOUN,15733
nicht gern haben,PRON,13692
nicht leiden können,PRON,13692
nicht schwierig,ADJ,13905
nicht-,VERB,15733
nicht0,VERB,15733
nichte,PREP,15718
nichte oder neffe,PREP,24817
nichten,VERB,15718
nichts,NOUN,15725
nichtsprechend,ADJ,15728
nie,ADJ,15709
niederlande,VERB,15708
niederlanden,VERB,15708
niederschlagsmesser,VERB,23186
niederschrift,VERB,24696
niedlich,ADJ,17477
niedliche,VERB,17477
niedlichem,VERB,17477
niedlichen,VERB,17477
niedlicher,VERB,17477
niedlichere,VERB,17477
niedlicherem,VERB,17477
niedlicheren,VERB,17477
niedlicherer,VERB,17477
niedlicheres,VERB,17477
niedliches,VERB,17477
niedlichst,VERB,17477
niedlichste,VERB,17477
niedlichstem,VERB,17477
niedlichsten,VERB,17477
niedlichster,VERB,17477
niedlichstes,VERB,17477
niedrig,ADJ,15401
niedrige,VERB,15401
niedrigem,VERB,15401
niedrigen,VERB,15401
niedriger,VERB,15401
niedrigere,VERB,15401
niedrigerem,VERB,15401
niedrigeren,VERB,15401
niedrigerer,VERB,15401
niedrigeres,VERB,15401
niedriges,VERB,15401
niedrigkeit,VERB,24918
niedrigst,VERB,15401
niedrigste,VERB,15401
niedrigstem,VERB,15401
niedrigsten,VERB,15401
niedrigster,VERB,15401
niedrigstes,VERB,15401
niedrigwasser,VERB,22629
niemals,ADJ,15709
niemand,PREP,15723
niemanden,VERB,15723
niemandes,VERB,15723
niemands,VERB,15723
niere,VERB,24176
nieren,VERB,24176
niesen,PRON,17191
niesens,VERB,17191
nikotinabhängigkeit,VERB,24512
nilpferd,VERB,14714
nilpferde,VERB,14714
nilpferden,VERB,14714
nilpferdes,VERB,14714
nilpferds,VERB,14714
nimm dir deine zeit nehmen sie ihre zeit,NOUN,24769
nirgends,NOUN,15737
nirgendwo,NOUN,15737
nissan,VERB,15721
nissans,VERB,15721
noah,PREP,21065
noahs,VERB,21065
noch,NOUN,15729
noch einmal,NOUN,12350
nochmals,NOUN,12350
nord,VERB,15730
nord-,VERB,15730
nord0,VERB,15730
nordamerika,VERB,22607
nordamerikanisches erdhörnchen,VERB,13170
nordamerikas,VERB,22607
norden,VERB,15730
nordens,VERB,15730
nordpol,VERB,22600
nordwärts,ADJ,25918
normalerweise,ADJ,17992
norwegen,VERB,22612
norwegens,VERB,22612
norwegisch,VERB,25347
norwegische,VERB,25347
norwegischem,VERB,25347
norwegischen,VERB,25347
norwegischer,VERB,25347
norwegisches,VERB,25347
not,VERB,15701
not-,VERB,15701
not0,VERB,15701
notar,PREP,23158
notar-,VERB,23158
notar0,VERB,23158
notarin,PREP,23158
note,VERB,15682
notebook-computer,VERB,23562
notenlinien,VERB,23955
notensystem,VERB,23955
notfall,VERB,13930
notiz,VERB,24693
notizbuch,VERB,15734
notizbuches,VERB,15734
notizbuchs,VERB,15734
notizen,VERB,24693
notizzettel,VERB,24693
notizzetteln,VERB,24693
notizzettels,VERB,24693
notruf,VERB,13930
notwendig,ADJ,15698
notwendige,VERB,15698
notwendigem,VERB,15698
notwendigen,VERB,15698
notwendiger,VERB,15698
notwendigere,VERB,15698
notwendigerem,VERB,15698
notwendigeren,VERB,15698
notwendigerer,VERB,15698
notwendigeres,VERB,15698
notwendiges,VERB,15698
notwendigst,VERB,15698
notwendigste,VERB,15698
notwendigstem,VERB,15698
notwendigsten,VERB,15698
notwendigster,VERB,15698
notwendigstes,VERB,15698
november,VERB,15735
nuckel,VERB,24496
nuckelflasche,VERB,24409
nudelholz,VERB,22592
nudeln,VERB,22129
nudelrad,VERB,22132
nudelrädchen,VERB,22132
nudelsalat,VERB,22306
null,NOUN,8496
null-,VERB,8496
null0,VERB,8496
nummer,VERB,15742
nummern,VERB,15742
nun,NOUN,15736
nur,ADJ,12363
nuss,VERB,15906
nussknacker,VERB,22566
nussknackern,VERB,22566
nussknackers,VERB,22566
nutzen,VERB,13949
nutzens,VERB,13949
nutzung,VERB,13949
nutzungen,VERB,13949
nächste,ADJ,15714
nächste woche,VERB,15715
nächstem,VERB,15714
nächsten,VERB,15714
nächsten monat,VERB,24921
nächster,ADJ,15714
nächstes,ADJ,15714
nächstes jahr,VERB,15716
nächtlicher samenerguss,VERB,15724
nähe,VERB,25586
nähen,PRON,16763
nähend,VERB,16763
nähende,VERB,16763
nähendem,VERB,16763
nähenden,VERB,16763
nähender,VERB,16763
nähendes,VERB,16763
näher kommen,PRON,13383
nähmaschine,VERB,16764
nähnadel,VERB,15703
nähst,VERB,16763
näht,VERB,16763
nähte,VERB,16763
nähten,VERB,16763
nähtest,VERB,16763
nähtet,VERB,16763
nördlich,ADJ,15731
nördliche,VERB,15731
nördlichem,VERB,15731
nördlichen,VERB,15731
nördlicher,VERB,15731
nördlichere,VERB,15731
nördlicherem,VERB,15731
nördlicheren,VERB,15731
nördlicherer,VERB,15731
nördlicheres,VERB,15731
nördliches,VERB,15731
nördlichst,VERB,15731
nördlichste,VERB,15731
nördlichstem,VERB,15731
nördlichsten,VERB,15731
nördlichster,VERB,15731
nördlichstes,VERB,15731
nörgel,VERB,21361
nörgele,VERB,21361
nörgeln,PRON,21361
nörgelnd,VERB,21361
nörgelnde,VERB,21361
nörgelndem,VERB,21361
nörgelnden,VERB,21361
nörgelnder,VERB,21361
nörgelndes,VERB,21361
nörgelst,VERB,21361
nörgelt,VERB,21361
nörgelte,VERB,21361
nörgelten,VERB,21361
nörgeltest,VERB,21361
nörgeltet,VERB,21361
nörgle,VERB,21361
nötig,ADJ,15698
nötige,VERB,15698
nötigem,VERB,15698
nötigen,VERB,15698
nötiger,VERB,15698
nötigere,VERB,15698
nötigerem,VERB,15698
nötigeren,VERB,15698
nötigerer,VERB,15698
nötigeres,VERB,15698
nötiges,VERB,15698
nötigst,VERB,15698
nötigste,VERB,15698
nötigstem,VERB,15698
nötigsten,VERB,15698
nötigster,VERB,15698
nötigstes,VERB,15698
nüsschen,VERB,15906
nüsschens,VERB,15906
nüsse,VERB,15906
nüssen,VERB,15906
ob,NOUN,14927
oben,VERB,17758
ober,PREP,24777
ober-,VERB,24777
ober0,VERB,24777
oberarm,VERB,25507
oberarmknochen,VERB,25457
obere seite,VERB,17758
oberflächlichkeit,VERB,25606
oberflächlichkeiten,VERB,25606
oberhalb,NOUN,15948
oberkante,VERB,17758
oberkörper,VERB,24325
oberleitungsomnibus,VERB,24318
oberschenkel,VERB,25955
oberseite,NOUN,25387
oberteil,VERB,17758
oboe,VERB,23908
oboen,VERB,23908
obst,VERB,14405
obst-,VERB,14405
obst0,VERB,14405
obstgarten,VERB,15934
obstkuchen,VERB,16173
obstsalat,VERB,22142
obus,VERB,24318
obusse,VERB,24318
obussen,VERB,24318
obwohl,NOUN,12367
ochse,VERB,15951
oder,NOUN,15929
odin,PREP,22650
odins,VERB,22650
ofen,VERB,17273
ofen-,VERB,17273
ofen0,VERB,17273
offen,ADJ,15921
offenbarung,VERB,21078
offene,VERB,15921
offenem,VERB,15921
offenen,VERB,15921
offener,VERB,15921
offener kamin,VERB,14185
offener mund,VERB,25916
offenere,VERB,15921
offenerem,VERB,15921
offeneren,VERB,15921
offenerer,VERB,15921
offeneres,VERB,15921
offenes,VERB,15921
offensichtlich,ADJ,14961
offensichtliche,VERB,14961
offensichtlichem,VERB,14961
offensichtlichen,VERB,14961
offensichtlicher,VERB,14961
offensichtlichere,VERB,14961
offensichtlicherem,VERB,14961
offensichtlicheren,VERB,14961
offensichtlicherer,VERB,14961
offensichtlicheres,VERB,14961
offensichtliches,VERB,14961
offensichtlichst,VERB,14961
offensichtlichste,VERB,14961
offensichtlichstem,VERB,14961
offensichtlichsten,VERB,14961
offensichtlichster,VERB,14961
offensichtlichstes,VERB,14961
offenst,VERB,15921
offenste,VERB,15921
offenstem,VERB,15921
offensten,VERB,15921
offenster,VERB,15921
offenstes,VERB,15921
oft,ADJ,15913
ohne,NOUN,15474
ohr,VERB,13894
ohr-,VERB,13894
ohr0,VERB,13894
ohrenschützer,VERB,13897
ohrmuschel,VERB,13895
ohrring,VERB,25447
ok,ADJ,14463
okay,ADJ,25129
okraschote,VERB,24706
oktober,VERB,15910
oktober-,VERB,15910
oktober0,VERB,15910
oktopus,VERB,23160
oktopusse,VERB,23160
oktopussen,VERB,23160
oktopusses,VERB,23160
olive,VERB,15917
oliven,VERB,15917
olympische spiele,VERB,25130
oma,PREP,14629
omas,VERB,14629
omelett,VERB,22139
omelette,VERB,22139
omeletten,VERB,22139
omelettes,VERB,22139
omeletts,VERB,22139
onanie,VERB,15429
onkel,PREP,17967
onkelchen,VERB,17967
onkelchens,VERB,17967
onkeln,VERB,17967
onkels,VERB,17967
opa,PREP,14626
opas,VERB,14626
oper,VERB,23597
operation,VERB,15924
operationen,VERB,15924
opern,VERB,23597
opfer,VERB,22832
opfer-,VERB,22832
opfer0,VERB,22832
opfergabe,VERB,22832
opossum,VERB,15926
opossums,VERB,15926
optiker,PREP,23598
optikerin,VERB,23598
optikerinnen,VERB,23598
optikern,VERB,23598
optikers,VERB,23598
optimierung,VERB,24856
oralsex,VERB,15930
oralverkehr,VERB,15930
orange,NOUN,15931
orangen,VERB,15931
orchester,PREP,12624
orchester-,VERB,12624
orchester0,VERB,12624
ordinationsritus,VERB,21107
ordner,VERB,23511
ordner-,VERB,23511
ordner0,VERB,23511
ordnung,VERB,25348
organ,VERB,25480
organ-,VERB,25480
organ0,VERB,25480
organe,VERB,24202
organisation,VERB,25348
organisationen,VERB,25348
organische verbindung,VERB,25525
organisier,VERB,15935
organisierbar,VERB,15935
organisierbare,VERB,15935
organisierbarem,VERB,15935
organisierbaren,VERB,15935
organisierbarer,VERB,15935
organisierbares,VERB,15935
organisiere,VERB,15935
organisieren,PRON,15935
organisierend,VERB,15935
organisierende,VERB,15935
organisierendem,VERB,15935
organisierenden,VERB,15935
organisierender,VERB,15935
organisierendes,VERB,15935
organisierst,VERB,15935
organisiert,VERB,15935
organisierte,VERB,15935
organisierten,VERB,15935
organisiertest,VERB,15935
organisiertet,VERB,15935
organismus,VERB,24494
orgasmus,VERB,15936
orgel,VERB,23911
orgel-,VERB,23911
orgel0,VERB,23911
orientierungslauf,PRON,25349
orkan,VERB,23887
orkanes,VERB,23887
orthodoxe kirche,VERB,21030
orthoptist,PREP,21594
orthoptistin,PREP,21594
orthopäde,PREP,21577
orthopäden,VERB,21577
orthopädin,PREP,21577
orthopädinnen,VERB,21577
ost,VERB,13902
osten,VERB,13902
ostens,VERB,13902
osteopath,PREP,21600
osteopathen,VERB,21600
osteopathin,PREP,21600
ostern,VERB,13903
ostwärts,ADJ,25874
otter,VERB,25941
ottern,VERB,25941
otters,VERB,25941
oval,VERB,15946
ovale,VERB,15946
ovalem,VERB,15946
ovalen,VERB,15946
ovaler,VERB,15946
ovales,VERB,15946
overall,VERB,12411
overalls,VERB,12411
overlay,VERB,23600
ozean,VERB,15909
ozean-,VERB,15909
ozean0,VERB,15909
paar,PREP,13426
paare,VERB,13426
paaren,VERB,13426
paares,VERB,13426
paars,VERB,13426
paddel,VERB,22067
paddele,VERB,22050
paddeln,VERB,22050
paddelnd,VERB,22050
paddelnde,VERB,22050
paddelndem,VERB,22050
paddelnden,VERB,22050
paddelnder,VERB,22050
paddelndes,VERB,22050
paddels,VERB,22067
paddelst,VERB,22050
paddelt,VERB,22050
paddelte,VERB,22050
paddelten,VERB,22050
paddeltest,VERB,22050
paddeltet,VERB,22050
paddle,VERB,22050
paillette,VERB,25490
pailletten,VERB,25490
paket,VERB,15966
paket-,VERB,15966
paket0,VERB,15966
palme,VERB,15960
palmen,VERB,15960
palmtop,VERB,23602
pampelmuse,VERB,14634
pampelmusen,VERB,14634
panflöte,VERB,23912
panflöten,VERB,23912
panik,VERB,24831
panik-,VERB,24831
panik0,VERB,24831
pantoffel,VERB,17013
pantoffeln,VERB,17013
pantoffels,VERB,17013
panzer,VERB,17504
panzer-,VERB,17504
panzer0,VERB,17504
panzereinheit,VERB,25422
panzerverband,VERB,25422
papagei,VERB,15970
papageien,VERB,15970
papageis,VERB,15970
papier,VERB,15962
papier-,VERB,15962
papier0,VERB,15962
papierhandwerk,VERB,24204
papiertaschentuch,VERB,17738
papillom,VERB,24329
papillome,VERB,24329
papillomen,VERB,24329
papilloms,VERB,24329
pappe,VERB,25851
pappen,VERB,25851
paprika,VERB,15995
papst,PREP,21057
papst-,VERB,21057
papst0,VERB,21057
parabolantenne,VERB,24726
parabolantennen,VERB,24726
parallel,VERB,15964
parallel-,VERB,15964
parallel0,VERB,15964
parallele,VERB,15964
parallelem,VERB,15964
parallelen,VERB,15964
paralleler,VERB,15964
paralleles,VERB,15964
parasailing,VERB,22112
paraskiing,VERB,22113
parfüm,VERB,15997
parfüms,VERB,15997
park,VERB,15969
park-,VERB,15969
park0,VERB,15969
parkausweis,VERB,23914
parkbank,VERB,12665
parke,VERB,23913
parken,PRON,23913
parkend,VERB,23913
parkende,VERB,23913
parkendem,VERB,23913
parkenden,VERB,23913
parkender,VERB,23913
parkendes,VERB,23913
parkerlaubnis,VERB,23914
parkplatz,VERB,24206
parkschein,VERB,23915
parkst,VERB,23913
parkt,VERB,23913
parkte,VERB,23913
parkten,VERB,23913
parktest,VERB,23913
parktet,VERB,23913
parkticket,VERB,23915
partner,PREP,17237
partner-,VERB,17237
partner0,VERB,17237
partnerin,PREP,17237
partnerinnen,VERB,17237
partnerinnen-,VERB,17237
party,VERB,15973
partys,VERB,15973
pascha,VERB,15974
pass,VERB,24207
pass-,VERB,24207
pass0,VERB,24207
passagier,VERB,23605
passagier-,VERB,23605
passagier0,VERB,23605
passagierin,VERB,23605
passah,VERB,15974
passahs,VERB,15974
passiv,ADJ,25136
passive,VERB,25136
passivem,VERB,25136
passiven,VERB,25136
passiver,VERB,25136
passivere,VERB,25136
passiverem,VERB,25136
passiveren,VERB,25136
passiverer,VERB,25136
passiveres,VERB,25136
passives,VERB,25136
passivität,VERB,25137
passivst,VERB,25136
passivste,VERB,25136
passivstem,VERB,25136
passivsten,VERB,25136
passivster,VERB,25136
passivstes,VERB,25136
pasta,VERB,22129
pastete,VERB,16173
pasteten,VERB,16173
pastinak,VERB,15971
pastinake,VERB,15971
pastinaken,VERB,15971
pastinaks,VERB,15971
patene,VERB,21366
patient,PREP,25766
patienten,VERB,25766
patientin,PREP,25766
patientinnen,VERB,25766
pause,VERB,16497
pausen,VERB,16497
pc,VERB,13394
pegasus,VERB,23608
peinlich,ADJ,13926
peinliche,VERB,13926
peinlichem,VERB,13926
peinlichen,VERB,13926
peinlicher,VERB,13926
peinlichere,VERB,13926
peinlicherem,VERB,13926
peinlicheren,VERB,13926
peinlicherer,VERB,13926
peinlicheres,VERB,13926
peinliches,VERB,13926
peinlichkeit,VERB,13928
peinlichkeiten,VERB,13928
peinlichst,VERB,13926
peinlichste,VERB,13926
peinlichstem,VERB,13926
peinlichsten,VERB,13926
peinlichster,VERB,13926
peinlichstes,VERB,13926
pelikan,VERB,15990
pelikane,VERB,15990
pelikanen,VERB,15990
pelikans,VERB,15990
pelz,VERB,12387
pelz-,VERB,12387
pelz0,VERB,12387
pendelzug,VERB,24067
penis,VERB,15994
penis-,VERB,15994
penis0,VERB,15994
pension,VERB,24493
pensionen,VERB,24493
pensioniert,ADJ,25155
pensionierung,VERB,25156
pentateuch,VERB,13182
pentateuchs,VERB,13182
pep_maske,VERB,25354
perfekt,ADJ,21345
perfekte,VERB,21345
perfektem,VERB,21345
perfekten,VERB,21345
perfekter,VERB,21345
perfektere,VERB,21345
perfekterem,VERB,21345
perfekteren,VERB,21345
perfekterer,VERB,21345
perfekteres,VERB,21345
perfektes,VERB,21345
perfektest,VERB,21345
perfekteste,VERB,21345
perfektestem,VERB,21345
perfektesten,VERB,21345
perfektester,VERB,21345
perfektestes,VERB,21345
perfektion,VERB,21344
perforiere,VERB,16432
perforieren,PRON,16432
perforierend,VERB,16432
perforierende,VERB,16432
perforierendem,VERB,16432
perforierenden,VERB,16432
perforierender,VERB,16432
perforierendes,VERB,16432
perforierst,VERB,16432
perforiert,VERB,16432
perforierte,VERB,16432
perforiertem,VERB,16432
perforierten,VERB,16432
perforierter,VERB,16432
perforiertes,VERB,16432
perforiertest,VERB,16432
perforiertet,VERB,16432
periode,VERB,15455
perioden,VERB,15455
perkussion,VERB,23921
persisch,VERB,25358
persische,VERB,25358
persischem,VERB,25358
persischen,VERB,25358
persischer,VERB,25358
persisches,VERB,25358
person,PREP,16161
personbezogene grösse,VERB,25359
personen,VERB,16161
persönlich,ADJ,16251
persönliche,VERB,16251
persönlichem,VERB,16251
persönlichen,VERB,16251
persönlicher,VERB,16251
persönlichere,VERB,16251
persönlicherem,VERB,16251
persönlicheren,VERB,16251
persönlicherer,VERB,16251
persönlicheres,VERB,16251
persönliches,VERB,16251
persönlichkeit,VERB,24210
persönlichkeiten,VERB,24210
persönlichst,VERB,16251
persönlichste,VERB,16251
persönlichstem,VERB,16251
persönlichsten,VERB,16251
persönlichster,VERB,16251
persönlichstes,VERB,16251
pessach,VERB,15974
petö-therapie,VERB,24068
pfadfinder,PREP,25370
pfadfindertreffen,VERB,25316
pfadfindertreffens,VERB,25316
pfanne,VERB,16229
pfannen,VERB,16229
pfannkuchen,VERB,23603
pfannkuchenteig,VERB,22379
pfarrer,PREP,15473
pfarrerin,PREP,15473
pfarrerinnen,VERB,15473
pfarrern,VERB,15473
pfarrers,VERB,15473
pfau,VERB,15984
pfaue,VERB,15984
pfauen,VERB,15984
pfaus,VERB,15984
pfeffer,VERB,15995
pfeffer-,VERB,15995
pfeffer0,VERB,15995
pfeffersoße,VERB,22326
pfeife,VERB,16186
pfeifen,PRON,18241
pfeifend,VERB,18241
pfeifende,VERB,18241
pfeifendem,VERB,18241
pfeifenden,VERB,18241
pfeifender,VERB,18241
pfeifendes,VERB,18241
pfeifst,VERB,18241
pfeift,VERB,18241
pfeil,VERB,21852
pfeil und bogen,VERB,21855
pfeil-,VERB,21852
pfeil0,VERB,21852
pferd,VERB,14897
pferdchen,VERB,14897
pferdchens,VERB,14897
pferde,VERB,14897
pferdebox,VERB,24157
pferdedecke,VERB,24159
pferdegeschirr,VERB,24145
pferdehaar,VERB,24162
pferdekarre,VERB,24161
pferden,VERB,14897
pferderennen,VERB,22094
pferdes,VERB,14897
pferdeschlitten,VERB,21873
pferdeschlittensport,VERB,21875
pferdesport,VERB,21629
pferdestall,VERB,20600
pferdewagen,VERB,20601
pferdeäpfel,VERB,24160
pferds,VERB,14897
pfirsich,VERB,15983
pfirsiche,VERB,15983
pfirsichen,VERB,15983
pfirsichs,VERB,15983
pflanze,VERB,16196
pflanzenkunde,VERB,21547
pflanzensaft,VERB,22336
pflaster,VERB,12625
pflastern,VERB,12625
pflasters,VERB,12625
pflaume,VERB,16208
pflaumen,VERB,16208
pflege,VERB,23056
pflegeeltern,PREP,14392
pflegefamilie,VERB,23513
pflegeheim,VERB,23038
pflegemanager,PREP,24620
pflegemanagerin,PREP,24620
pflegemutter,PREP,14391
pflegevater,PREP,14392
pflug,VERB,16206
pfluges,VERB,16206
pflugs,VERB,16206
pflüge,VERB,16206
pflügen,VERB,16206
pfote,VERB,13354
pfoten,VERB,13354
pfui,OTHER,17963
pfund sterling,VERB,16232
pfütze,VERB,25777
pfützen,VERB,25777
phantasiewesen,PREP,23570
phantasiewesens,VERB,23570
phantastisch,OTHER,18282
phantastische,VERB,18282
phantastischem,VERB,18282
phantastischen,VERB,18282
phantastischer,VERB,18282
phantastischere,VERB,18282
phantastischerem,VERB,18282
phantastischeren,VERB,18282
phantastischerer,VERB,18282
phantastischeres,VERB,18282
phantastisches,VERB,18282
phantastischst,VERB,18282
phantastischste,VERB,18282
phantastischstem,VERB,18282
phantastischsten,VERB,18282
phantastischster,VERB,18282
phantastischstes,VERB,18282
philosoph,PREP,23612
philosophen,VERB,23612
philosophie,VERB,23614
philosophie-unterricht,VERB,23615
philosophien,VERB,23614
philosophin,PREP,23612
philosophinnen,VERB,23612
phiole,VERB,21365
phiolen,VERB,21365
phrase,VERB,16760
phrasen,VERB,16760
physik,VERB,21556
physiker,PREP,24928
physikerin,PREP,24928
physikerinnen,VERB,24928
physikern,VERB,24928
physikers,VERB,24928
physikunterricht,VERB,23167
physiotherapeut,PREP,21592
physiotherapeuten,VERB,21592
physiotherapeutin,PREP,21592
physiotherapeutinnen,VERB,21592
physiotherapie,VERB,24211
physiotherapien,VERB,24211
physiotherpieraum,VERB,24212
piccoloflöte,VERB,23924
piccoloflöten,VERB,23924
pickel,VERB,12332
pickel-,VERB,12332
pickel0,VERB,12332
picknick,VERB,16171
picknicks,VERB,16171
pier,VERB,16174
piercing,VERB,25484
piercings,VERB,25484
piere,VERB,16174
pieren,VERB,16174
pieres,VERB,16174
piers,VERB,16174
pille,VERB,12845
pillen,VERB,16176
pilot,PREP,16179
piloten,VERB,16179
pilotin,PREP,16179
pilotinnen,VERB,16179
pilz,VERB,15678
pilz-,VERB,15678
pilz0,VERB,15678
ping pong,VERB,16183
pinguin,VERB,15993
pinguine,VERB,15993
pinguinen,VERB,15993
pinguins,VERB,15993
pink,NOUN,16184
pinke,VERB,16184
pinkem,VERB,16184
pinken,VERB,16184
pinker,VERB,16184
pinkes,VERB,16184
pirat,PREP,23616
piraten,VERB,23616
piratin,PREP,23616
piratinnen,VERB,23616
pistole,VERB,14670
pistolen,VERB,14670
pita,VERB,16190
pitasandwich,VERB,16190
pizza,VERB,16192
pizzas,VERB,16192
pizzastück,VERB,25594
pizzastücke,VERB,25594
pizzastücken,VERB,25594
pizzastücks,VERB,25594
plan,VERB,16194
plane,VERB,16194
planen,PRON,16195
planens,VERB,16195
planer,PREP,23469
planerin,PREP,23469
planerinnen,VERB,23469
planern,VERB,23469
planers,VERB,23469
planes,VERB,16194
planet,VERB,22834
planeten,VERB,22834
plans,VERB,16194
planschbecken,VERB,18026
planschbeckens,VERB,18026
plansche,VERB,17232
planschen,PRON,17232
planschend,VERB,17232
planschende,VERB,17232
planschendem,VERB,17232
planschenden,VERB,17232
planschender,VERB,17232
planschendes,VERB,17232
planschest,VERB,17232
planschst,VERB,17232
planscht,VERB,17232
planschte,VERB,17232
planschten,VERB,17232
planschtest,VERB,17232
planschtet,VERB,17232
planung,VERB,16195
planungen,VERB,16195
planwagen,VERB,20601
plastik,VERB,16197
plastik-,VERB,16197
plastik0,VERB,16197
platte,VERB,13690
platten,VERB,13690
plattenspieler,VERB,16471
plattfisch,VERB,23083
plattfische,VERB,23083
plattfischen,VERB,23083
plattfisches,VERB,23083
plattfischs,VERB,23083
platz,VERB,13148
platz-,VERB,13148
platz0,VERB,13148
platze,VERB,14131
platzen,PRON,14131
platzend,VERB,14131
platzende,VERB,14131
platzendem,VERB,14131
platzenden,VERB,14131
platzender,VERB,14131
platzendes,VERB,14131
platzest,VERB,14131
platzt,VERB,14131
platzte,VERB,14131
platzten,VERB,14131
platztest,VERB,14131
platztet,VERB,14131
plazenta,VERB,26021
plissiere,VERB,14375
plissieren,PRON,14375
plissierend,VERB,14375
plissierende,VERB,14375
plissierendem,VERB,14375
plissierenden,VERB,14375
plissierender,VERB,14375
plissierendes,VERB,14375
plissierst,VERB,14375
plissiert,VERB,14375
plissierte,VERB,14375
plissiertem,VERB,14375
plissierten,VERB,14375
plissierter,VERB,14375
plissiertes,VERB,14375
plissiertest,VERB,14375
plissiertet,VERB,14375
plus,NOUN,12374
pluszeichen,VERB,25596
pluszeichens,VERB,25596
pluto,VERB,24498
plutos,VERB,24498
plädiere,VERB,23015
plädieren,PRON,23015
plädierend,VERB,23015
plädierende,VERB,23015
plädierendem,VERB,23015
plädierenden,VERB,23015
plädierender,VERB,23015
plädierendes,VERB,23015
plädierst,VERB,23015
plädiert,VERB,23015
plädierte,VERB,23015
plädierten,VERB,23015
plädiertest,VERB,23015
plädiertet,VERB,23015
plätzchen,VERB,13409
plätzchens,VERB,13409
plötzlich,ADJ,17452
plötzliche,VERB,17452
plötzlichem,VERB,17452
plötzlichen,VERB,17452
plötzlicher,VERB,17452
plötzliches,VERB,17452
po,VERB,13097
pochiertes ei,VERB,22141
podium,VERB,24214
podiums,VERB,24214
pointer,VERB,23619
pokal,VERB,25773
pokal-,VERB,25773
pokal0,VERB,25773
pol,VERB,15216
pol-,VERB,15216
pol0,VERB,15216
polarbär,VERB,25926
polarnacht,VERB,25927
polder,VERB,21539
poldern,VERB,21539
polders,VERB,21539
polen,VERB,25139
polens,VERB,25139
polenta,VERB,16216
polieren,PRON,22389
polierens,VERB,22389
poliermaschine,VERB,22390
polierung,VERB,22389
polierungen,VERB,22389
politik,VERB,24216
politik-,VERB,24216
politik0,VERB,24216
politiker,PREP,24215
politikerin,PREP,24215
politikerinnen,VERB,24215
politikern,VERB,24215
politikers,VERB,24215
polizei,PREP,14146
polizeikräfte,PREP,14146
polizeitruppe,PREP,14146
polizist,PREP,16217
polizisten,VERB,16217
polizistin,PREP,16217
polizistinnen,VERB,16217
polo,VERB,22098
polos,VERB,22098
polung,VERB,25139
polungen,VERB,25139
polytheismus,VERB,21026
pommes,VERB,14398
pommes frites,VERB,14398
poolbillard,VERB,22099
poolbillards,VERB,22099
popcorn,VERB,16221
popcorns,VERB,16221
popmusik,VERB,23931
porree,VERB,24476
porrees,VERB,24476
portion,OTHER,15972
portionen,VERB,15972
portugal,VERB,25140
portugals,VERB,25140
pos,VERB,13097
posaune,VERB,23970
posaunen,VERB,23970
position,VERB,16224
positionen,VERB,16224
positiv,NOUN,16225
positiv-,VERB,16225
positiv0,VERB,16225
positive,VERB,16225
positivem,VERB,16225
positiven,VERB,16225
positiver,VERB,16225
positivere,VERB,16225
positiverem,VERB,16225
positiveren,VERB,16225
positiverer,VERB,16225
positiveres,VERB,16225
positives,VERB,16225
positivst,VERB,16225
positivste,VERB,16225
positivstem,VERB,16225
positivsten,VERB,16225
positivster,VERB,16225
positivstes,VERB,16225
postamt,VERB,16228
postbote,PREP,15199
postbotin,PREP,15199
postkarte,VERB,16227
prassen,PRON,24758
prassens,VERB,24758
prasserei,VERB,21287
prassereien,VERB,21287
predige,VERB,21310
predigen,PRON,21310
predigend,VERB,21310
predigende,VERB,21310
predigendem,VERB,21310
predigenden,VERB,21310
predigender,VERB,21310
predigendes,VERB,21310
predigst,VERB,21310
predigt,VERB,21310
predigte,VERB,21310
predigten,VERB,21310
predigtest,VERB,21310
predigtet,VERB,21310
preis,VERB,13417
preis-,VERB,13417
preis0,VERB,13417
preisanstieg,VERB,23119
preiselbeere,VERB,15664
preiselbeeren,VERB,15664
preiserhöhung,VERB,23171
preissteigerung,VERB,23171
prellung,VERB,24420
presse,VERB,24422
pressen,VERB,24422
pressens,VERB,24422
pressung,VERB,24422
pressungen,VERB,24422
priester,PREP,15473
priester-,VERB,15473
priester0,VERB,15473
priesterin,PREP,15473
primat,VERB,15485
primate,VERB,15485
primaten,VERB,15485
primats,VERB,15485
prinz,PREP,23622
prinzen,VERB,23622
prinzessin,PREP,23623
prinzessinnen,VERB,23623
privat,ADJ,16251
privat-,VERB,16251
privat0,VERB,16251
private,VERB,16251
privatem,VERB,16251
privaten,VERB,16251
privater,VERB,16251
privatere,VERB,16251
privaterem,VERB,16251
privateren,VERB,16251
privaterer,VERB,16251
privateres,VERB,16251
privates,VERB,16251
privatest,VERB,16251
privateste,VERB,16251
privatestem,VERB,16251
privatesten,VERB,16251
privatester,VERB,16251
privatestes,VERB,16251
probe,VERB,17978
probe-,VERB,17978
probe0,VERB,17978
proben,PRON,16235
proben-,VERB,16235
proben0,VERB,16235
probend,VERB,16235
probende,VERB,16235
probendem,VERB,16235
probenden,VERB,16235
probender,VERB,16235
probendes,VERB,16235
problem,VERB,16253
problem-,VERB,16253
problem0,VERB,16253
probst,VERB,16235
probt,VERB,16235
probte,VERB,16235
probten,VERB,16235
probtest,VERB,16235
probtet,VERB,16235
produkt,VERB,24803
produkt-,VERB,24803
produkt0,VERB,24803
produktion,VERB,23583
produktionen,VERB,23583
profession,VERB,21360
professionen,VERB,21360
programm,VERB,24222
programm-,VERB,24222
programm0,VERB,24222
projektil,VERB,25614
projektile,VERB,25614
projektilen,VERB,25614
projektils,VERB,25614
propeller,VERB,25362
propellern,VERB,25362
propellers,VERB,25362
prophet,PREP,21050
propheten,VERB,21050
prophetin,VERB,21050
prophetinnen,VERB,21050
prophezeien,PRON,21049
prophezeiens,VERB,21049
prophezeiung,VERB,21048
prophezeiungen,VERB,21049
prost,OTHER,25028
prostitution,VERB,16418
protest,VERB,23066
protest-,VERB,23066
protest0,VERB,23066
protestantismus,VERB,21039
protestiere,VERB,16421
protestieren,PRON,16421
protestierend,VERB,16421
protestierende,VERB,16421
protestierendem,VERB,16421
protestierenden,VERB,16421
protestierender,VERB,16421
protestierendes,VERB,16421
protestierst,VERB,16421
protestiert,VERB,16421
protestierte,VERB,16421
protestierten,VERB,16421
protestiertest,VERB,16421
protestiertet,VERB,16421
protokoll,VERB,24696
protokoll-,VERB,24696
protokoll0,VERB,24696
protze,VERB,24758
protzen,PRON,24758
protzend,VERB,24758
protzende,VERB,24758
protzendem,VERB,24758
protzenden,VERB,24758
protzender,VERB,24758
protzendes,VERB,24758
protzest,VERB,24758
protzt,VERB,24758
protzte,VERB,24758
protzten,VERB,24758
protztest,VERB,24758
protztet,VERB,24758
provinz,VERB,16423
provinz-,VERB,16423
provinz0,VERB,16423
prozent,VERB,8484
prozente,VERB,8484
prozenten,VERB,8484
prozentes,VERB,8484
prozents,VERB,8484
prozesskostenhilfe,PREP,23139
präsentation,VERB,24499
präsentationen,VERB,24499
präsident,PREP,24220
präsidenten,VERB,24220
präsidentin,VERB,24220
präsidentinnen,VERB,24220
prüfung,VERB,17528
prüfungsraum,VERB,24016
prüfungszimmer,VERB,24016
psalm,VERB,21074
psalmen,VERB,21074
psalms,VERB,21074
psychiater,PREP,21584
psychiaterin,VERB,21584
psychiaterinnen,VERB,21584
psychiatern,VERB,21584
psychiaters,VERB,21584
psychologe,PREP,21586
psychologen,VERB,21586
psychologenraum,VERB,24226
psychologie,VERB,21552
psychologielehrer,PREP,21588
psychologielehrerin,PREP,21588
psychologin,PREP,21586
psychologinnen,VERB,21586
pteranodon,VERB,23625
pterodactylus,VERB,23625
pterosaurier,VERB,23625
pubertät,VERB,16425
publikation,VERB,25774
publikationen,VERB,25774
pudding,VERB,22307
puddings,VERB,22307
puderzucker,VERB,25771
pullover,VERB,13371
pullover-,VERB,13371
pullover0,VERB,13371
pulpe,VERB,25581
pulpen,VERB,25581
pulver,VERB,16233
pulvern,VERB,16233
pulvers,VERB,16233
pump,VERB,25147
pumpe,VERB,25146
pumpen,PRON,25147
pumpen-,VERB,25147
pumpen0,VERB,25147
pumpend,VERB,25147
pumpende,VERB,25147
pumpendem,VERB,25147
pumpenden,VERB,25147
pumpender,VERB,25147
pumpendes,VERB,25147
pumpst,VERB,25147
pumpt,VERB,25147
pumpte,VERB,25147
pumpten,VERB,25147
pumptest,VERB,25147
pumptet,VERB,25147
punkrock,VERB,23932
punkrocks,VERB,23932
punkt,NOUN,8486
punkt-,VERB,8486
punkt0,VERB,8486
punktzahl,VERB,16737
pupille,VERB,25928
pupillen,VERB,25928
puppe,VERB,13862
puppen,VERB,13862
puppenhaus,VERB,25697
puppenstube,VERB,25697
puppenwagen,VERB,25696
purim,VERB,16435
purimfest,VERB,16435
purimfeste,VERB,16435
purimfesten,VERB,16435
purimfestes,VERB,16435
purimfests,VERB,16435
purzelbaum,VERB,24272
purzelbaumes,VERB,24272
purzelbaums,VERB,24272
purzelbäume,VERB,24272
purzelbäumen,VERB,24272
puste,VERB,12863
pustel,VERB,16180
pusteln,VERB,16180
pustels,VERB,16180
pusten,PRON,12863
pustend,VERB,12863
pustende,VERB,12863
pustendem,VERB,12863
pustenden,VERB,12863
pustender,VERB,12863
pustendes,VERB,12863
pustest,VERB,12863
pustet,VERB,12863
pustete,VERB,12863
pusteten,VERB,12863
pustetest,VERB,12863
pustetet,VERB,12863
pute,VERB,17955
puten,VERB,17955
putenfleisch,VERB,17955
putenfleisches,VERB,17955
putenfleischs,VERB,17955
putsch,VERB,25034
putsche,VERB,25034
putschen,PRON,25081
putschend,VERB,25081
putschende,VERB,25081
putschendem,VERB,25081
putschenden,VERB,25081
putschender,VERB,25081
putschendes,VERB,25081
putsches,VERB,25034
putschest,VERB,25081
putschist,PREP,25082
putschisten,VERB,25082
putschistin,VERB,25082
putschistinnen,VERB,25082
putschs,VERB,25034
putschst,VERB,25081
putscht,VERB,25081
putschte,VERB,25081
putschten,VERB,25081
putschtest,VERB,25081
putschtet,VERB,25081
putz,VERB,13357
putze,VERB,13357
putzen,PRON,13357
putzend,VERB,13357
putzende,VERB,13357
putzendem,VERB,13357
putzenden,VERB,13357
putzender,VERB,13357
putzendes,VERB,13357
putzest,VERB,13357
putzlappen,VERB,22398
putzt,VERB,13357
putzte,VERB,13357
putzten,VERB,13357
putztest,VERB,13357
putztet,VERB,13357
puzzle,VERB,16441
puzzles,VERB,16441
pyramide,VERB,16443
pyramiden,VERB,16443
pädagoge,PREP,23606
pädagogen,VERB,23606
pädagogik,VERB,23607
pädagogin,PREP,23606
pädagoginnen,VERB,23606
pädiater,PREP,21574
pärchen,PREP,13425
pärchens,VERB,13425
qat,VERB,25495
quadrat,VERB,17242
quadrat-,VERB,17242
quadrat0,VERB,17242
quadratisch,ADJ,17243
quadratische,VERB,17243
quadratischem,VERB,17243
quadratischen,VERB,17243
quadratischer,VERB,17243
quadratisches,VERB,17243
quake,VERB,24073
quaken,PRON,24073
quakend,VERB,24073
quakende,VERB,24073
quakendem,VERB,24073
quakenden,VERB,24073
quakender,VERB,24073
quakendes,VERB,24073
quakst,VERB,24073
quakt,VERB,24073
quakte,VERB,24073
quakten,VERB,24073
quaktest,VERB,24073
quaktet,VERB,24073
qualität,VERB,24720
qualitäten,VERB,24720
qualle,VERB,23124
quallen,VERB,23124
quantität,VERB,24722
quark,VERB,22359
quarks,VERB,22359
quatsch,VERB,15726
quatsches,VERB,15726
quatschs,VERB,15726
quecksilber,VERB,23149
quecksilbers,VERB,23149
quelle,VERB,22632
quellen,VERB,22632
querflöte,VERB,23872
quetschen,PRON,13616
quetschens,VERB,13616
quetschung,VERB,13616
quetschungen,VERB,13616
quittung,VERB,24724
quittungen,VERB,24724
rabatt,VERB,23068
rabatt-,VERB,23068
rabatt0,VERB,23068
rabe,VERB,12851
raben,VERB,12851
rachen,VERB,25916
rachens,VERB,25916
racket,VERB,16452
rackets,VERB,16452
rad,VERB,18232
rad von dharma,VERB,23472
rad-,VERB,18232
rad0,VERB,18232
radfahren,VERB,21823
radieschen,VERB,16454
radieschens,VERB,16454
radio,VERB,16453
radio-,VERB,16453
radio0,VERB,16453
radioaktive strahlung,VERB,15740
radioaktiver niederschlag,VERB,15739
radioprogramm,VERB,24773
radrennsport,VERB,21824
radweg,VERB,24022
rakete,VERB,16680
raketen,VERB,16680
raketenstart,VERB,25187
ramadan,VERB,21324
ramadans,VERB,21324
rampe,VERB,23629
rampen,VERB,23629
rand,VERB,13907
rand-,VERB,13907
rand0,VERB,13907
rangoli,VERB,12365
rap,VERB,23934
rase,VERB,15180
rasen,VERB,15180
rasen-,VERB,15180
rasen0,VERB,15180
rasenbowling,VERB,22835
rasend,VERB,15180
rasende,VERB,15180
rasendem,VERB,15180
rasenden,VERB,15180
rasender,VERB,15180
rasendes,VERB,15180
rasenmäher,VERB,25747
rasest,VERB,15180
rasierapparat,VERB,16946
rasiercreme,VERB,16947
rasiere,VERB,16945
rasieren,PRON,16945
rasierend,VERB,16945
rasierende,VERB,16945
rasierendem,VERB,16945
rasierenden,VERB,16945
rasierender,VERB,16945
rasierendes,VERB,16945
rasierer,VERB,16946
rasierern,VERB,16946
rasierers,VERB,16946
rasierschaum,VERB,16947
rasierseife,VERB,16947
rasierst,VERB,16945
rasiert,VERB,16945
rasierte,VERB,16945
rasiertem,VERB,16945
rasierten,VERB,16945
rasierter,VERB,16945
rasiertes,VERB,16945
rasiertest,VERB,16945
rasiertet,VERB,16945
rassel,VERB,23935
rasseln,VERB,23935
rast,VERB,16495
raste,VERB,15180
rasten,VERB,15180
rastermuster,VERB,24904
rastest,VERB,15180
rastet,VERB,15180
rat,VERB,12345
rate,VERB,12345
raten,PRON,14651
ratend,VERB,14651
ratende,VERB,14651
ratendem,VERB,14651
ratenden,VERB,14651
ratender,VERB,14651
ratendes,VERB,14651
rates,VERB,12345
ratet,VERB,14651
ratgeber,PREP,13421
ratgeberin,PREP,13421
ratgeberinnen,VERB,13421
ratgebern,VERB,13421
ratgebers,VERB,13421
rathaus,VERB,23446
rathauses,VERB,23446
rathäuser,VERB,23446
rathäusern,VERB,23446
rational,ADJ,15456
rationale,VERB,15456
rationalem,VERB,15456
rationalen,VERB,15456
rationaler,VERB,15456
rationalere,VERB,15456
rationalerem,VERB,15456
rationaleren,VERB,15456
rationalerer,VERB,15456
rationaleres,VERB,15456
rationales,VERB,15456
rationalst,VERB,15456
rationalste,VERB,15456
rationalstem,VERB,15456
rationalsten,VERB,15456
rationalster,VERB,15456
rationalstes,VERB,15456
rats,VERB,12345
ratschlag,VERB,12345
ratschlags,VERB,12345
ratschläge,VERB,12345
ratschlägen,VERB,12345
ratte,VERB,12386
ratten,VERB,12386
raube,VERB,23637
rauben,PRON,23637
raubend,VERB,23637
raubende,VERB,23637
raubendem,VERB,23637
raubenden,VERB,23637
raubender,VERB,23637
raubendes,VERB,23637
raubst,VERB,23637
raubt,VERB,23637
raubte,VERB,23637
raubten,VERB,23637
raubtest,VERB,23637
raubtet,VERB,23637
raubvogel,VERB,25267
rauch,VERB,17022
rauch-,VERB,17022
rauch0,VERB,17022
rauchen,PRON,17185
rauchens,VERB,17185
rauflustig,ADJ,25365
rauflustige,VERB,25365
rauflustigem,VERB,25365
rauflustigen,VERB,25365
rauflustiger,VERB,25365
rauflustiges,VERB,25365
raum,VERB,16687
raum-,VERB,16687
raum0,VERB,16687
raumfahrt,VERB,25173
raumschiff,VERB,16680
raupe,VERB,13132
raupen,VERB,13132
rausgehe,VERB,14126
rausgehen,PRON,14126
rausgehst,VERB,14126
rausgeht,VERB,14126
raute,VERB,13669
ravioli,VERB,22134
reaktion,VERB,24501
reaktionen,VERB,24501
reaktorbrennstoff,VERB,25126
realität,VERB,25779
realitäten,VERB,25779
rechen,VERB,16461
rechen-,VERB,16461
rechen0,VERB,16461
rechnen,PRON,13107
rechnens,VERB,13107
rechnung,VERB,24681
rechnungen,VERB,13107
rechnungsprüfer,PREP,24018
rechnungsprüferin,PREP,24018
rechteck,VERB,16472
rechteck-,VERB,16472
rechteck0,VERB,16472
rechteckig,ADJ,16473
rechteckige,VERB,16473
rechteckigem,VERB,16473
rechteckigen,VERB,16473
rechteckiger,VERB,16473
rechteckiges,VERB,16473
rechtlich,ADJ,23128
rechtliche,VERB,23128
rechtlichem,VERB,23128
rechtlichen,VERB,23128
rechtlicher,VERB,23128
rechtliches,VERB,23128
rechts,ADJ,16673
rechts-,VERB,16673
rechts0,VERB,16673
rechtsabbieger,VERB,25604
rechtsanwalt,PREP,23012
rechtsanwältin,PREP,23012
rechtsbeistand,PREP,23041
rechtsdrehend,VERB,25604
rechtsdrehende,VERB,25604
rechtsdrehendem,VERB,25604
rechtsdrehenden,VERB,25604
rechtsdrehender,VERB,25604
rechtsdrehendes,VERB,25604
rechtshilfe,PREP,23139
rechtwinkelig,VERB,16674
rechtwinkelige,VERB,17243
rechtwinkeligem,VERB,17243
rechtwinkeligen,VERB,17243
rechtwinkeliger,VERB,17243
rechtwinkeliges,VERB,17243
rechtwinklig,ADJ,17243
rechtwinklige,VERB,17243
rechtwinkligem,VERB,17243
rechtwinkligen,VERB,17243
rechtwinkliger,VERB,17243
rechtwinkliges,VERB,17243
rechtwinkliges dreieck,VERB,25782
rede,VERB,24756
reden,PRON,16728
redens,VERB,16728
redner,PREP,25807
rednerin,PREP,25807
rednerinnen,VERB,25807
rednern,VERB,25807
redners,VERB,25807
reduzieren,PRON,13651
reduzierens,VERB,13651
reduzierung,VERB,13651
reduzierungen,VERB,13651
referendar,PREP,23159
referendare,VERB,23159
referendaren,VERB,23159
referendarin,PREP,23159
referendarinnen,VERB,23159
referendars,VERB,23159
reffe,VERB,24728
reffen,PRON,24728
reffst,VERB,24728
refft,VERB,24728
reffte,VERB,24728
refften,VERB,24728
refftest,VERB,24728
refftet,VERB,24728
reflektier,VERB,22374
reflektiere,VERB,22374
reflektieren,PRON,22374
reflektierend,VERB,22374
reflektierende,VERB,22374
reflektierendem,VERB,22374
reflektierenden,VERB,22374
reflektierender,VERB,22374
reflektierendes,VERB,22374
reflektierst,VERB,22374
reflektiert,VERB,22374
reflektierte,VERB,22374
reflektierten,VERB,22374
reflektiertest,VERB,22374
reflektiertet,VERB,22374
reflektierung,VERB,25602
reflektor,VERB,22385
reflektoren,VERB,22385
reflexion,VERB,25602
reflexionen,VERB,25602
reflexzonenmasseur,PREP,21604
reflexzonenmasseurin,PREP,21604
regal,VERB,16953
regale,VERB,16953
regalen,VERB,16953
regals,VERB,16953
regel,VERB,15455
regel-,VERB,15455
regel0,VERB,15455
regen,VERB,16455
regen-,VERB,16455
regen0,VERB,16455
regenbogen,VERB,23933
regenmantel,VERB,16457
regenmesser,VERB,23186
regenschirm,VERB,17966
regentropfen,VERB,25929
regieren,PRON,14461
regierens,VERB,14461
regierung,VERB,14462
regierungen,VERB,14461
register,VERB,25089
register-,VERB,25089
register0,VERB,25089
regne,VERB,16456
regnen,PRON,16456
regnend,VERB,16456
regnende,VERB,16456
regnendem,VERB,16456
regnenden,VERB,16456
regnender,VERB,16456
regnendes,VERB,16456
regnerisch,ADJ,16458
regnerische,VERB,16458
regnerischem,VERB,16458
regnerischen,VERB,16458
regnerischer,VERB,16458
regnerisches,VERB,16458
regnest,VERB,16456
regnet,VERB,16456
regnete,VERB,16456
regneten,VERB,16456
regnetest,VERB,16456
regnetet,VERB,16456
reh,VERB,23944
rehabilitationsarzt,PREP,21579
rehabilitationszentrum,VERB,23682
rehabilitationsärztin,PREP,21579
rehe,VERB,23944
rehen,VERB,23944
rehs,VERB,23944
rehwild,VERB,23944
rehwildes,VERB,23944
rehwilds,VERB,23944
reibe,VERB,22562
reiben,PRON,16695
reibens,VERB,16695
reibung,VERB,16695
reibungen,VERB,16695
reich,ADJ,16507
reiche,VERB,16507
reichen,VERB,16507
reichs,VERB,16507
reif,ADJ,12342
reife,VERB,12342
reifen,VERB,17734
reifen-,VERB,17734
reifen0,VERB,17734
reifs,VERB,12342
reifung,VERB,15433
reihenhaus,VERB,23193
reim,VERB,16502
reimes,VERB,16502
reims,VERB,16502
reingehe,VERB,13940
reingehen,PRON,13940
reingehend,VERB,13940
reingehende,VERB,13940
reingehendem,VERB,13940
reingehenden,VERB,13940
reingehender,VERB,13940
reingehendes,VERB,13940
reingehst,VERB,13940
reingeht,VERB,13940
reinigen,PRON,13357
reinigens,VERB,13357
reinigung,VERB,13357
reinigungen,VERB,13357
reinigungsutensil,VERB,22397
reisbrei,VERB,23636
reisbreies,VERB,23636
reisbreis,VERB,23636
reise,VERB,17779
reise-,VERB,17779
reise0,VERB,17779
reiseführer,PREP,15182
reiseführerin,PREP,15182
reisen,PRON,17772
reisende,PREP,23693
reisenden,VERB,23693
reisender,VERB,23693
reisens,VERB,17772
reisepass,VERB,24207
reismehl,VERB,22135
reismehls,VERB,22135
reisnudeln,VERB,22136
reispflanze,VERB,16505
reispflanzen,VERB,16505
reispudding,VERB,23636
reitbekleidung,VERB,24244
reiten,PRON,16509
reitens,VERB,16509
reiter,PREP,22091
reiter-,VERB,22091
reiter0,VERB,22091
reiterin,PREP,22091
reiterinnen,VERB,22091
reiterinnen-,VERB,22091
reithelm,VERB,21616
reitlehrer,PREP,24245
reitlehrerin,PREP,24245
reitschule,VERB,24246
reitsport,VERB,21629
reitstiefel,VERB,24243
reittherapie,VERB,24310
reiz,VERB,24053
reiz-,VERB,24053
reiz0,VERB,24053
reizend,ADJ,24054
reizende,VERB,24054
reizendem,VERB,24054
reizenden,VERB,24054
reizender,VERB,24054
reizendere,VERB,24054
reizenderem,VERB,24054
reizenderen,VERB,24054
reizenderer,VERB,24054
reizenderes,VERB,24054
reizendes,VERB,24054
reizendst,VERB,24054
reizendste,VERB,24054
reizendstem,VERB,24054
reizendsten,VERB,24054
reizendster,VERB,24054
reizendstes,VERB,24054
reiß,VERB,12896
reiße,VERB,12896
reißen,PRON,12896
reißend,VERB,12896
reißende,VERB,12896
reißendem,VERB,12896
reißenden,VERB,12896
reißender,VERB,12896
reißendes,VERB,12896
reißest,VERB,12896
reißt,VERB,12896
reißverschluss,VERB,14155
reißverschlusses,VERB,14155
reißverschlüsse,VERB,14155
reißverschlüssen,VERB,14155
rektum,VERB,25485
rektums,VERB,25485
religion,VERB,16483
religionen,VERB,16483
religionslehrer,PREP,23191
religionslehrerin,PREP,23191
religionsunterricht,VERB,23189
religiös,ADJ,16484
religiöse,VERB,16484
religiöse zeremonie,VERB,20573
religiösem,VERB,16484
religiösen,VERB,16484
religiöser,VERB,16484
religiöser führer,PREP,21055
religiöses,VERB,16484
religiöses ereignis,VERB,21095
relish,VERB,16723
rempel,VERB,24423
rempele,VERB,24423
rempeln,PRON,24423
rempelst,VERB,24423
rempelt,VERB,24423
rempelte,VERB,24423
rempelten,VERB,24423
rempeltest,VERB,24423
rempeltet,VERB,24423
remple,VERB,24423
ren,VERB,16478
rendezvous,VERB,13635
rennen,VERB,16451
rennens,VERB,16451
rens,VERB,16478
rente,VERB,24503
renten,VERB,24503
rentier,VERB,16478
rentiere,VERB,16478
rentieren,VERB,16478
rentieres,VERB,16478
rentiers,VERB,16478
rentner,PREP,24497
rentner-,VERB,24497
rentner0,VERB,24497
rentnerin,PREP,24497
rentnerinnen,VERB,24497
rentnerinnen-,VERB,24497
reparatur,VERB,24898
reparatur-,VERB,24898
reparatur0,VERB,24898
reparierbar,VERB,14192
reparierbare,VERB,14192
reparierbarem,VERB,14192
reparierbaren,VERB,14192
reparierbarer,VERB,14192
reparierbares,VERB,14192
repariere,VERB,14192
reparieren,PRON,14192
reparierend,VERB,14192
reparierende,VERB,14192
reparierendem,VERB,14192
reparierenden,VERB,14192
reparierender,VERB,14192
reparierendes,VERB,14192
reparierst,VERB,14192
repariert,VERB,14192
reparierte,VERB,14192
repariertem,VERB,14192
reparierten,VERB,14192
reparierter,VERB,14192
repariertes,VERB,14192
repariertest,VERB,14192
repariertet,VERB,14192
repräsentiere,VERB,23006
repräsentieren,PRON,23006
repräsentierend,VERB,23006
repräsentierende,VERB,23006
repräsentierendem,VERB,23006
repräsentierenden,VERB,23006
repräsentierender,VERB,23006
repräsentierendes,VERB,23006
repräsentierst,VERB,23006
repräsentiert,VERB,23006
repräsentierte,VERB,23006
repräsentiertem,VERB,23006
repräsentierten,VERB,23006
repräsentierter,VERB,23006
repräsentiertes,VERB,23006
repräsentiertest,VERB,23006
repräsentiertet,VERB,23006
reptil,VERB,12388
reptils,VERB,12388
republik,VERB,24238
republiken,VERB,24238
residiere,VERB,15223
residieren,PRON,15223
residierend,VERB,15223
residierende,VERB,15223
residierendem,VERB,15223
residierenden,VERB,15223
residierender,VERB,15223
residierendes,VERB,15223
residierst,VERB,15223
residiert,VERB,15223
residierte,VERB,15223
residierten,VERB,15223
residiertest,VERB,15223
residiertet,VERB,15223
respekt,VERB,16494
respektes,VERB,16494
respekts,VERB,16494
respirator,VERB,24239
ressourcenzenter,VERB,16493
restaurant,VERB,16498
restaurants,VERB,16498
resultat,VERB,24495
resultate,VERB,24495
resultaten,VERB,24495
resultates,VERB,24495
resultats,VERB,24495
retten,PRON,25781
rettens,VERB,25781
rettung,VERB,25780
rettungen,VERB,25781
rettungsboot,VERB,22078
rettungsleine,VERB,25335
rettungswagen,VERB,12369
rettungsweste,VERB,24687
rezept,VERB,24219
rezepte,VERB,24219
rezepten,VERB,24219
rezeptes,VERB,24219
rezeption,VERB,24502
rezeptionen,VERB,24502
rezepts,VERB,24219
rhinozeros,VERB,16501
rhombus,VERB,13669
rhytmusinstrument,VERB,23943
richter,PREP,23125
richter-,VERB,23125
richter0,VERB,23125
richterin,PREP,23125
richterinnen,VERB,23125
richterinnen-,VERB,23125
richterspruch,VERB,23127
richtig,ADJ,13416
richtige,VERB,13416
richtigem,VERB,13416
richtigen,VERB,13416
richtiger,VERB,13416
richtigere,VERB,13416
richtigerem,VERB,13416
richtigeren,VERB,13416
richtigerer,VERB,13416
richtigeres,VERB,13416
richtiges,VERB,13416
richtigkeit,VERB,21341
richtigst,VERB,13416
richtigste,VERB,13416
richtigstem,VERB,13416
richtigsten,VERB,13416
richtigster,VERB,13416
richtigstes,VERB,13416
richtung,VERB,13682
rieche,VERB,17018
riechen,PRON,17018
riechend,VERB,17018
riechende,VERB,17018
riechendem,VERB,17018
riechenden,VERB,17018
riechender,VERB,17018
riechendes,VERB,17018
riechst,VERB,17018
riecht,VERB,17018
ried,VERB,23942
riedes,VERB,23942
rieds,VERB,23942
riemen,VERB,22067
riemen-,VERB,22067
riemen0,VERB,22067
riese,PREP,23521
riesen,VERB,23521
riesig,ADJ,21353
riesige,VERB,21353
riesigem,VERB,21353
riesigen,VERB,21353
riesiger,VERB,21353
riesigere,VERB,21353
riesigerem,VERB,21353
riesigeren,VERB,21353
riesigerer,VERB,21353
riesigeres,VERB,21353
riesiges,VERB,21353
riesigst,VERB,21353
riesigste,VERB,21353
riesigstem,VERB,21353
riesigsten,VERB,21353
riesigster,VERB,21353
riesigstes,VERB,21353
riesin,VERB,23521
riesinnen,VERB,23521
riff,VERB,23458
riffe,VERB,23458
riffen,VERB,23458
riffes,VERB,23458
riffs,VERB,23458
rikscha,VERB,16508
rikschas,VERB,16508
rind,VERB,12379
rinder,VERB,12379
rindern,VERB,12379
rindes,VERB,12379
rindfleisch,VERB,12652
rinds,VERB,12379
ring,VERB,16675
ring-,VERB,16675
ring0,VERB,16675
ringe,VERB,18283
ringelnatter etc,VERB,25942
ringen,VERB,18283
ringend,VERB,18283
ringende,VERB,18283
ringendem,VERB,18283
ringenden,VERB,18283
ringender,VERB,18283
ringendes,VERB,18283
ringst,VERB,18283
ringt,VERB,18283
rippen,VERB,25487
rippen-,VERB,25487
rippen0,VERB,25487
risiken eingehen,PRON,24453
risiko,VERB,24426
risiko-,VERB,24426
risiko0,VERB,24426
riskiere,VERB,23466
riskieren,PRON,23466
riskierend,VERB,23466
riskierende,VERB,23466
riskierendem,VERB,23466
riskierenden,VERB,23466
riskierender,VERB,23466
riskierendes,VERB,23466
riskierst,VERB,23466
riskiert,VERB,23466
riskierte,VERB,23466
riskiertem,VERB,23466
riskierten,VERB,23466
riskierter,VERB,23466
riskiertes,VERB,23466
riskiertest,VERB,23466
riskiertet,VERB,23466
riss,VERB,24630
riss-,VERB,24630
riss0,VERB,24630
rissen,VERB,24630
rissest,VERB,24630
risst,VERB,24630
ritter,PREP,25746
ritter-,VERB,25746
ritter0,VERB,25746
ritterinnen,VERB,25746
ritterinnen-,VERB,25746
ritual,VERB,21317
rituale,VERB,21317
ritualen,VERB,21317
rituals,VERB,21317
robbe,VERB,23657
robben,VERB,23657
robe,VERB,21370
roben,VERB,21370
roboter,VERB,23639
roboter-,VERB,23639
roboter0,VERB,23639
rock,VERB,17002
rock-,VERB,17002
rock0,VERB,17002
rockmusik,VERB,24663
rodelschlitten,VERB,17007
roggen,VERB,24738
roggens,VERB,24738
roh,ADJ,16464
roh-,VERB,16464
roh0,VERB,16464
rohe,VERB,16464
rohem,VERB,16464
rohen,VERB,16464
roher,VERB,16464
rohes,VERB,16464
rohr,VERB,16187
rohr-,VERB,16187
rohr0,VERB,16187
rohrblattinstrument,VERB,23837
roll,VERB,16690
rollator,VERB,18032
rollatoren,VERB,18032
rollators,VERB,18032
rollbrett,VERB,21813
rolle,VERB,25672
rollen,PRON,16690
rollen-,VERB,16690
rollen0,VERB,16690
rollend,VERB,16690
rollende,VERB,16690
rollendem,VERB,16690
rollenden,VERB,16690
rollender,VERB,16690
rollendes,VERB,16690
roller,VERB,21811
rollern,VERB,21811
rollers,VERB,21811
rolli-bike,VERB,21819
rollschuh laufen,PRON,16684
rollschuhe,VERB,16685
rollst,VERB,16690
rollstuhl,VERB,18233
rollstuhl mit drei rädern,VERB,25966
rollstuhl-dreirad,VERB,25966
rollstuhlbike,VERB,21814
rollstuhlbremse,VERB,23821
rollstuhlfahrrad,VERB,21819
rollstuhlgurt,VERB,24335
rollt,VERB,16690
rollte,VERB,16690
rollten,VERB,16690
rolltest,VERB,16690
rolltet,VERB,16690
rolltreppe,VERB,24096
rosa,NOUN,16184
rose,VERB,22611
rosen,VERB,22611
rosenkohl,VERB,12915
rosh hashana,VERB,16689
rosh hashanah,VERB,16689
rosine,VERB,16460
rosinen,VERB,16460
rosshaar,VERB,24162
rosshaars,VERB,24162
rostbraten,VERB,25157
rot,NOUN,16474
rot anlaufen,PRON,24029
rot-,VERB,16474
rot0,VERB,16474
rote,VERB,16474
rote beete,VERB,12654
rotem,VERB,16474
roten,VERB,16474
roter,VERB,16474
rotes,VERB,16474
roti,VERB,16691
rotiere,VERB,16690
rotieren,PRON,16690
rotierend,VERB,16690
rotierende,VERB,16690
rotierendem,VERB,16690
rotierenden,VERB,16690
rotierender,VERB,16690
rotierendes,VERB,16690
rotierst,VERB,16690
rotiert,VERB,16690
rotierte,VERB,16690
rotiertem,VERB,16690
rotierten,VERB,16690
rotierter,VERB,16690
rotiertes,VERB,16690
rotiertest,VERB,16690
rotiertet,VERB,16690
rotorblatt,VERB,25362
rotorblattes,VERB,25362
rotorblatts,VERB,25362
rouge,VERB,16692
rouges,VERB,16692
rucksack,VERB,12611
rucksacks,VERB,12611
ruder,VERB,22066
ruder-,VERB,22066
ruder0,VERB,22066
ruderboot,VERB,22076
rudere,VERB,22051
rudern,VERB,22051
rudernd,VERB,22051
rudernde,VERB,22051
ruderndem,VERB,22051
rudernden,VERB,22051
rudernder,VERB,22051
ruderndes,VERB,22051
ruderst,VERB,22051
rudert,VERB,22051
ruderte,VERB,22051
ruderten,VERB,22051
rudertest,VERB,22051
rudertet,VERB,22051
rudre,VERB,22051
ruf,VERB,16965
rufe,VERB,16965
rufen,PRON,16965
rufend,VERB,16965
rufende,VERB,16965
rufendem,VERB,16965
rufenden,VERB,16965
rufender,VERB,16965
rufendes,VERB,16965
rufst,VERB,16965
ruft,VERB,16965
rugby,VERB,20593
rugbyball,VERB,21807
rugbys,VERB,20593
ruhe,VERB,15981
ruhelosigkeit,VERB,25553
ruhen,PRON,16496
ruhend,VERB,16496
ruhende,VERB,16496
ruhendem,VERB,16496
ruhenden,VERB,16496
ruhender,VERB,16496
ruhendes,VERB,16496
ruhepause,VERB,16497
ruhestand,VERB,25156
ruhetag,VERB,16700
ruhig,ADJ,15982
ruhige,VERB,15982
ruhigem,VERB,15982
ruhigen,VERB,15982
ruhiger,VERB,15982
ruhigere,VERB,15982
ruhigerem,VERB,15982
ruhigeren,VERB,15982
ruhigerer,VERB,15982
ruhigeres,VERB,15982
ruhiges,VERB,15982
ruhigst,VERB,15982
ruhigste,VERB,15982
ruhigstem,VERB,15982
ruhigsten,VERB,15982
ruhigster,VERB,15982
ruhigstes,VERB,15982
ruhst,VERB,16496
ruht,VERB,16496
ruhte,VERB,16496
ruhten,VERB,16496
ruhtest,VERB,16496
ruhtet,VERB,16496
ruine,VERB,23641
ruiniert,ADJ,24968
rumpf,VERB,22065
rumpf-,VERB,22065
rumpf0,VERB,22065
rumänien,VERB,25417
rumäniens,VERB,25417
rumänisch,VERB,25420
rumänische,VERB,25420
rumänischem,VERB,25420
rumänischen,VERB,25420
rumänischer,VERB,25420
rumänisches,VERB,25420
rund,ADJ,16693
rund-,VERB,16693
rund0,VERB,16693
runde,VERB,14418
rundem,VERB,16693
runden,VERB,16693
runder,VERB,16693
rundere,VERB,16693
runderem,VERB,16693
runderen,VERB,16693
runderer,VERB,16693
runderes,VERB,16693
rundes,VERB,16693
rundfahrt,VERB,25198
rundfunkstudio,VERB,24774
rundst,VERB,16693
rundste,VERB,16693
rundstem,VERB,16693
rundsten,VERB,16693
rundster,VERB,16693
rundstes,VERB,16693
rundstück,VERB,25672
rune,VERB,22830
runen,VERB,22830
russisch,VERB,25367
russische,VERB,25367
russische föderation,VERB,23642
russischem,VERB,25367
russischen,VERB,25367
russischer,VERB,25367
russisches,VERB,25367
russland,VERB,23642
russlands,VERB,23642
rutsch,VERB,25803
rutschbahn,VERB,17011
rutschbahnen,VERB,17011
rutsche,VERB,17011
rutschen,PRON,25803
rutschend,VERB,25803
rutschende,VERB,25803
rutschendem,VERB,25803
rutschenden,VERB,25803
rutschender,VERB,25803
rutschendes,VERB,25803
rutschest,VERB,25803
rutschst,VERB,25803
rutscht,VERB,25803
rutschte,VERB,25803
rutschten,VERB,25803
rutschtest,VERB,25803
rutschtet,VERB,25803
räuber,PREP,23638
räuberin,PREP,23638
räuberinnen,VERB,23638
räubern,VERB,23638
räubers,VERB,23638
röhrchen,VERB,16187
röhrchens,VERB,16187
röhre,VERB,16187
röhren,VERB,16187
römisch katholische kirche,VERB,21038
rübe,VERB,17958
rüben,VERB,17958
rücken,VERB,12609
rücken-,VERB,12609
rücken0,VERB,12609
rückhalt,VERB,23224
rückkehr,VERB,16499
rückschlag,VERB,25545
rücksicht,VERB,24880
rücksichtsvoll,ADJ,13402
rücksichtsvolle,VERB,13402
rücksichtsvollem,VERB,13402
rücksichtsvollen,VERB,13402
rücksichtsvoller,VERB,13402
rücksichtsvollere,VERB,13402
rücksichtsvollerem,VERB,13402
rücksichtsvolleren,VERB,13402
rücksichtsvollerer,VERB,13402
rücksichtsvolleres,VERB,13402
rücksichtsvolles,VERB,13402
rücksichtsvollst,VERB,13402
rücksichtsvollste,VERB,13402
rücksichtsvollstem,VERB,13402
rücksichtsvollsten,VERB,13402
rücksichtsvollster,VERB,13402
rücksichtsvollstes,VERB,13402
rücktritt,VERB,25152
rückwärts,NOUN,12613
rückwärts und vorwärts,NOUN,12610
rührei,VERB,22140
rühreier,VERB,22140
rühreiern,VERB,22140
rühreies,VERB,22140
rühreis,VERB,22140
rülps,VERB,12925
rülpse,VERB,12925
rülpsen,PRON,12925
rülpsend,VERB,12925
rülpsende,VERB,12925
rülpsendem,VERB,12925
rülpsenden,VERB,12925
rülpsender,VERB,12925
rülpsendes,VERB,12925
rülpsest,VERB,12925
rülpst,VERB,12925
rülpste,VERB,12925
rülpsten,VERB,12925
rülpstest,VERB,12925
rülpstet,VERB,12925
rüstung,VERB,21622
sabber,VERB,24433
sabbere,VERB,24433
sabbern,PRON,24433
sabbernd,VERB,24433
sabbernde,VERB,24433
sabberndem,VERB,24433
sabbernden,VERB,24433
sabbernder,VERB,24433
sabberndes,VERB,24433
sabberst,VERB,24433
sabbert,VERB,24433
sabberte,VERB,24433
sabberten,VERB,24433
sabbertest,VERB,24433
sabbertet,VERB,24433
sabbre,VERB,24433
sache,VERB,17717
sachen,VERB,13366
sack,VERB,16701
sackes,VERB,16701
sackpfeife,VERB,23807
sackpfeifen,VERB,23807
sacks,VERB,16701
safari,VERB,25162
saft,VERB,14406
saft-,VERB,14406
saft0,VERB,14406
saftig,ADJ,22349
saftige,VERB,22349
saftigem,VERB,22349
saftigen,VERB,22349
saftiger,VERB,22349
saftiges,VERB,22349
saftkonzentrat,VERB,22333
sag,VERB,16728
sage,VERB,16728
sagen,PRON,16728
sagend,VERB,16728
sagende,VERB,16728
sagendem,VERB,16728
sagenden,VERB,16728
sagender,VERB,16728
sagendes,VERB,16728
sagst,VERB,16728
sagt,VERB,16728
sagte,VERB,16728
sagten,VERB,16728
sagtest,VERB,16728
sagtet,VERB,16728
sahne,VERB,13605
saite,VERB,23958
saiten,VERB,23958
sakrament,VERB,21102
sakramente,VERB,21102
sakramenten,VERB,21102
sakramentes,VERB,21102
sakraments,VERB,21102
salat,VERB,16709
salat-,VERB,16709
salat0,VERB,16709
salatdressing,VERB,22324
salatkopf,VERB,15200
salatsoße,VERB,22324
salto,VERB,24272
saltos,VERB,24272
salz,VERB,16711
salz und pfeffer,VERB,22310
salz-,VERB,16711
salz0,VERB,16711
salzig,ADJ,16712
salzige,VERB,16712
salzigem,VERB,16712
salzigen,VERB,16712
salziger,VERB,16712
salzigere,VERB,16712
salzigerem,VERB,16712
salzigeren,VERB,16712
salzigerer,VERB,16712
salzigeres,VERB,16712
salziges,VERB,16712
salzigst,VERB,16712
salzigste,VERB,16712
salzigstem,VERB,16712
salzigsten,VERB,16712
salzigster,VERB,16712
salzigstes,VERB,16712
samen,VERB,16749
samen-,VERB,16749
samen0,VERB,16749
samenblase,VERB,16758
samenflüssigkeit,VERB,16757
samenleiter,VERB,18001
samenleiterunterbrechung,VERB,18002
samentötendes mittel,VERB,17227
sammlung,VERB,25143
samosa,VERB,23643
samstag,VERB,16722
samstag-,VERB,16722
samstag0,VERB,16722
sand,VERB,16715
sand-,VERB,16715
sand0,VERB,16715
sandale,VERB,16716
sandalen,VERB,16716
sandhaufen,VERB,25889
sandkasten,VERB,16717
sandmännchen,PREP,23646
sandspielzeug,VERB,23645
sandsturm,VERB,25934
sandwich,VERB,16718
sandwichs,VERB,16718
sankt nikolaus glauben,PREP,23647
sarg,VERB,21116
sarg-,VERB,21116
sarg0,VERB,21116
sari,VERB,16720
saris,VERB,16720
satellit,VERB,24739
satelliten,VERB,24739
satellitenschüssel,VERB,24740
satellitensignal,VERB,24742
sattel,VERB,22839
satteldecke,VERB,24252
sattelgurt,VERB,24132
sattelkammer,VERB,24301
saturn,VERB,24505
satz,VERB,16760
satz-,VERB,16760
satz0,VERB,16760
sau,VERB,25806
sauber,ADJ,13356
saubere,VERB,13356
sauberem,VERB,13356
sauberen,VERB,13356
sauberer,VERB,13356
sauberere,VERB,13356
saubererem,VERB,13356
saubereren,VERB,13356
saubererer,VERB,13356
saubereres,VERB,13356
sauberes,VERB,13356
sauberst,VERB,13356
sauberste,VERB,13356
sauberstem,VERB,13356
saubersten,VERB,13356
sauberster,VERB,13356
sauberstes,VERB,13356
sauer,ADJ,16944
sauer-,VERB,16944
sauer0,VERB,16944
sauerkraut,VERB,16724
sauerst,VERB,16944
sauerste,VERB,16944
sauerstem,VERB,16944
sauersten,VERB,16944
sauerster,VERB,16944
sauerstes,VERB,16944
sauerstoffmaske,VERB,25282
sauna,VERB,16725
sauna-,VERB,16725
sauna0,VERB,16725
saure,VERB,16944
saurem,VERB,16944
sauren,VERB,16944
saurer,VERB,16944
saurere,VERB,16944
saurerem,VERB,16944
saureren,VERB,16944
saurerer,VERB,16944
saureres,VERB,16944
saures,VERB,16944
saxophon,VERB,23946
saxophone,VERB,23946
saxophonen,VERB,23946
saxophons,VERB,23946
schabbat,NOUN,15141
schabbat-brot,VERB,13149
schabbate,VERB,15141
schabbaten,VERB,15141
schabbats,VERB,15141
schach,VERB,16732
schach-,VERB,16732
schach0,VERB,16732
schachtdeckel,VERB,25910
schachtdeckeln,VERB,25910
schachtdeckels,VERB,25910
schachtel,VERB,12886
schachteln,VERB,12886
schachtelung,VERB,12886
schachtelungen,VERB,12886
schachtlung,VERB,12886
schachtlungen,VERB,12886
schaden,PRON,14942
schaden-,VERB,14942
schaden0,VERB,14942
schaf,VERB,16950
schaf-,VERB,16950
schaf0,VERB,16950
schafbock,VERB,25778
schaffen,PRON,13606
schaffens,VERB,13606
schaffung,VERB,13606
schaffungen,VERB,13606
schafstall,VERB,25794
schaft,VERB,25907
schafte,VERB,25907
schaften,VERB,25907
schaftes,VERB,25907
schafts,VERB,25907
schal,VERB,16730
schale,VERB,13403
schalen,VERB,13403
schalentier,VERB,15226
schalentier ohne klauen,VERB,23204
schalentiere,VERB,15226
schalentieren,VERB,15226
schalentieres,VERB,15226
schalentiers,VERB,15226
schallplatte,VERB,16470
schallplattenaufnahme,VERB,25601
schallplattenspieler,VERB,16471
schalotte,VERB,14644
schalotten,VERB,14644
schals,VERB,16730
schalten,PRON,17488
schaltens,VERB,17488
schalter,VERB,23569
schaltern,VERB,23569
schalters,VERB,23569
schaltkreis,VERB,25287
schaltung,VERB,17488
schaltungen,VERB,17488
schalung,VERB,16730
schalungen,VERB,16730
scham,VERB,16937
schamgefühl,VERB,16937
schamgefühle,VERB,16937
schamgefühlen,VERB,16937
schamgefühles,VERB,16937
schamhaar,VERB,16426
schamhaare,VERB,16426
schamhaaren,VERB,16426
schamhaares,VERB,16426
schamhaars,VERB,16426
schamlippe,VERB,18025
schamlippen,VERB,18025
schande,VERB,16937
schanden,VERB,16937
scharf,ADJ,14901
scharfe,VERB,14901
scharfem,VERB,14901
scharfen,VERB,14901
scharfer,VERB,14901
scharfes,VERB,14901
scharfkantig,ADJ,16943
scharfkantige,VERB,16943
scharfkantigem,VERB,16943
scharfkantigen,VERB,16943
scharfkantiger,VERB,16943
scharfkantiges,VERB,16943
schatten,VERB,24746
schatten-,VERB,24746
schatten0,VERB,24746
schattierung,VERB,24746
schatz,VERB,25143
schatz-,VERB,25143
schatz0,VERB,25143
schau,VERB,16747
schaue,VERB,16747
schauen,PRON,16747
schauend,VERB,16747
schauende,VERB,16747
schauendem,VERB,16747
schauenden,VERB,16747
schauender,VERB,16747
schauendes,VERB,16747
schaufel,VERB,16966
schaukel,VERB,17485
schaukelbrett,VERB,16751
schaukele,VERB,17486
schaukeln,PRON,17486
schaukelnd,VERB,17486
schaukelnde,VERB,17486
schaukelndem,VERB,17486
schaukelnden,VERB,17486
schaukelnder,VERB,17486
schaukelndes,VERB,17486
schaukelpferd,VERB,16682
schaukelst,VERB,17486
schaukelstuhl,VERB,16681
schaukelt,VERB,17486
schaukelte,VERB,17486
schaukelten,VERB,17486
schaukeltest,VERB,17486
schaukeltet,VERB,17486
schaukle,VERB,17486
schaum,VERB,23875
schaum-,VERB,23875
schaum0,VERB,23875
schaumschläger,VERB,22563
schaumwein,VERB,22345
schauspiel,VERB,23617
schauspieler,PREP,25650
schauspielerin,PREP,25650
schauspielhaus,VERB,23237
schaust,VERB,16747
schaut,VERB,16747
schaute,VERB,16747
schauten,VERB,16747
schautest,VERB,16747
schautet,VERB,16747
scheckel,VERB,16952
scheibchen,VERB,13685
scheibchens,VERB,13685
scheibe,VERB,13685
scheibe brot,VERB,25802
scheiben,VERB,13685
scheide,VERB,17996
scheiden,VERB,25592
scheidenausfluss,VERB,24326
scheidens,VERB,25592
scheidung,VERB,13858
scheidungen,VERB,25592
schein,VERB,22386
schein-,VERB,22386
schein0,VERB,22386
scheine,VERB,16750
scheinen,PRON,16750
scheinend,ADJ,12903
scheinende,VERB,16750
scheinendem,VERB,16750
scheinenden,VERB,16750
scheinender,VERB,16750
scheinendes,VERB,16750
scheinst,VERB,16750
scheint,VERB,16750
scheitern,PRON,24444
scheiterns,VERB,24444
scheiße,VERB,12884
schellenring,VERB,23814
schenkel,VERB,25955
schenkel-,VERB,25955
schenkel0,VERB,25955
schere,VERB,16736
scheren,VERB,16736
scherze,VERB,14974
scherzen,PRON,14974
scherzend,VERB,14974
scherzende,VERB,14974
scherzendem,VERB,14974
scherzenden,VERB,14974
scherzender,VERB,14974
scherzendes,VERB,14974
scherzest,VERB,14974
scherzt,VERB,14974
scherzte,VERB,14974
scherzten,VERB,14974
scherztest,VERB,14974
scherztet,VERB,14974
scheune,VERB,12630
scheunen,VERB,12630
schicht,VERB,25748
schicht-,VERB,25748
schicht0,VERB,25748
schicken,PRON,16759
schickens,VERB,16759
schickung,VERB,16759
schickungen,VERB,16759
schieben,PRON,16439
schiebens,VERB,16439
schiebung,VERB,16439
schiebungen,VERB,16439
schienbein,VERB,25907
schienbeine,VERB,25907
schienbeinen,VERB,25907
schienbeines,VERB,25907
schienbeins,VERB,25907
schiene,VERB,23628
schienen,VERB,23628
schießen,PRON,15146
schießens,VERB,15146
schießsport,VERB,21797
schiff,VERB,12869
schiffbaum,VERB,22060
schiffbruch,VERB,25400
schiffbruchs,VERB,25400
schiffchen,VERB,12869
schiffchens,VERB,12869
schiffe,VERB,12869
schiffen,VERB,12869
schiffer,VERB,24744
schiffer-,VERB,24744
schiffer0,VERB,24744
schifferklavier,VERB,23802
schiffes,VERB,12869
schifffahrtszeichen,VERB,24704
schiffs,VERB,12869
schiffsdeck,VERB,22061
schiffskiel,VERB,22064
schiffsküche,VERB,24658
schiffsrumpf,VERB,22065
schikane,VERB,14677
schikanen,VERB,14677
schild,VERB,12616
schild-,VERB,12616
schild0,VERB,12616
schildkröte,VERB,17959
schilfrohr,VERB,23942
schilfrohre,VERB,23942
schilfrohren,VERB,23942
schilfrohrs,VERB,23942
schirokko,VERB,25872
schirokkos,VERB,25872
schlacht,VERB,25798
schlacht-,VERB,25798
schlacht0,VERB,25798
schlachten,PRON,25799
schlachtens,VERB,25799
schlachter,PREP,25800
schlachterei,VERB,25801
schlachtereien,VERB,25801
schlachterin,VERB,25800
schlachterinnen,VERB,25800
schlachtern,VERB,25800
schlachters,VERB,25800
schlachthaus,VERB,25801
schlachthof,VERB,25801
schlachtung,VERB,25798
schlachtungen,VERB,25799
schlaf,VERB,17008
schlaf-,VERB,17008
schlaf0,VERB,17008
schlafanzug,VERB,16442
schlafe,VERB,12589
schlafen,ADJ,12589
schlafend,ADJ,12589
schlafende,VERB,12589
schlafendem,VERB,12589
schlafenden,VERB,12589
schlafender,VERB,12589
schlafendes,VERB,12589
schlafkoje,VERB,24610
schlaflied,VERB,24689
schlaflos,ADJ,25412
schlaflose,VERB,25412
schlaflosem,VERB,25412
schlaflosen,VERB,25412
schlafloser,VERB,25412
schlafloses,VERB,25412
schlafmatte,VERB,25271
schlafmaus,VERB,25700
schlafsack,VERB,17010
schlafstörung,VERB,25329
schlaft,VERB,12589
schlafzimmer,VERB,12650
schlagen,PRON,14717
schlagens,VERB,14717
schlaginstrument,VERB,23921
schlagung,VERB,14717
schlagungen,VERB,14717
schlamm,VERB,15672
schlamm-,VERB,15672
schlamm0,VERB,15672
schlange,VERB,17189
schlangen,VERB,17189
schlank,ADJ,17716
schlanke,VERB,17716
schlankem,VERB,17716
schlanken,VERB,17716
schlanker,VERB,17716
schlankere,VERB,17716
schlankerem,VERB,17716
schlankeren,VERB,17716
schlankerer,VERB,17716
schlankeres,VERB,17716
schlankes,VERB,17716
schlankest,VERB,17716
schlankeste,VERB,17716
schlankestem,VERB,17716
schlankesten,VERB,17716
schlankester,VERB,17716
schlankestes,VERB,17716
schlau,ADJ,17015
schlauchboot,VERB,22086
schlaue,VERB,17015
schlauem,VERB,17015
schlauen,VERB,17015
schlauer,VERB,17015
schlauere,VERB,17015
schlauerem,VERB,17015
schlaueren,VERB,17015
schlauerer,VERB,17015
schlaueres,VERB,17015
schlaues,VERB,17015
schlauest,VERB,17015
schlaueste,VERB,17015
schlauestem,VERB,17015
schlauesten,VERB,17015
schlauester,VERB,17015
schlauestes,VERB,17015
schlaust,VERB,17015
schlauste,VERB,17015
schlaustem,VERB,17015
schlausten,VERB,17015
schlauster,VERB,17015
schlaustes,VERB,17015
schlecht,ADJ,12615
schlechte,VERB,12615
schlechtem,VERB,12615
schlechten,VERB,12615
schlechter,VERB,12615
schlechtere,VERB,12615
schlechterem,VERB,12615
schlechteren,VERB,12615
schlechterer,VERB,12615
schlechteres,VERB,12615
schlechtes,VERB,12615
schlechtes gewissen,VERB,25523
schlechtest,VERB,12615
schlechteste,VERB,12615
schlechtestem,VERB,12615
schlechtesten,VERB,12615
schlechtester,VERB,12615
schlechtestes,VERB,12615
schleier,VERB,21614
schleiern,VERB,21614
schleiers,VERB,21614
schleifchen,VERB,12882
schleifchens,VERB,12882
schleife,VERB,12882
schleifen,VERB,12882
schleppdampfer,VERB,22080
schlepper,VERB,22080
schlepper-,VERB,22080
schlepper0,VERB,22080
schleppkahn,VERB,22072
schleudern,PRON,17725
schleuderns,VERB,17725
schleuderung,VERB,17725
schleuderungen,VERB,17725
schließen,PRON,13364
schließens,VERB,13364
schließlich,ADJ,14178
schließung,VERB,13364
schließungen,VERB,13364
schlinge,VERB,25398
schlingen,PRON,25398
schlingend,VERB,25398
schlingende,VERB,25398
schlingendem,VERB,25398
schlingenden,VERB,25398
schlingender,VERB,25398
schlingendes,VERB,25398
schlingst,VERB,25398
schlingt,VERB,25398
schlips,VERB,17730
schlipse,VERB,17730
schlipsen,VERB,17730
schlipses,VERB,17730
schlitten,VERB,17007
schlitten-,VERB,17007
schlitten0,VERB,17007
schlittenhund,VERB,21878
schlittensport,VERB,21870
schlittschuh,VERB,14924
schlittschuhe,VERB,14924
schlittschuhen,VERB,14924
schlittschuhs,VERB,14924
schloss,VERB,23437
schloss-,VERB,23437
schloss0,VERB,23437
schlossen,VERB,23437
schlossest,VERB,23437
schlossruine,VERB,25784
schlosst,VERB,23437
schluckauf,VERB,25075
schlucke,VERB,17471
schlucken,PRON,17471
schluckend,VERB,17471
schluckende,VERB,17471
schluckendem,VERB,17471
schluckenden,VERB,17471
schluckender,VERB,17471
schluckendes,VERB,17471
schluckst,VERB,17471
schluckt,VERB,17471
schluckte,VERB,17471
schluckten,VERB,17471
schlucktest,VERB,17471
schlucktet,VERB,17471
schlund,VERB,25916
schlundes,VERB,25916
schlächter,PREP,25800
schlächterin,VERB,25800
schlächterinnen,VERB,25800
schlächtern,VERB,25800
schlächters,VERB,25800
schläfrig,ADJ,25373
schläfrige,VERB,25373
schläfrigem,VERB,25373
schläfrigen,VERB,25373
schläfriger,VERB,25373
schläfrigere,VERB,25373
schläfrigerem,VERB,25373
schläfrigeren,VERB,25373
schläfrigerer,VERB,25373
schläfrigeres,VERB,25373
schläfriges,VERB,25373
schläfrigst,VERB,25373
schläfrigste,VERB,25373
schläfrigstem,VERB,25373
schläfrigsten,VERB,25373
schläfrigster,VERB,25373
schläfrigstes,VERB,25373
schläger,VERB,17235
schläger gekreuzt,VERB,25542
schläger und ball,VERB,25618
schläger und puck,VERB,25619
schlägern,VERB,17235
schlägers,VERB,17235
schlängel,VERB,18252
schlängele,VERB,18252
schlängeln,PRON,18252
schlängelnd,VERB,18252
schlängelnde,VERB,18252
schlängelndem,VERB,18252
schlängelnden,VERB,18252
schlängelnder,VERB,18252
schlängelndes,VERB,18252
schlängelst,VERB,18252
schlängelt,VERB,18252
schlängelte,VERB,18252
schlängelten,VERB,18252
schlängeltest,VERB,18252
schlängeltet,VERB,18252
schlängle,VERB,18252
schlüpfe,VERB,25803
schlüpfen,PRON,25803
schlüpfend,VERB,25803
schlüpfende,VERB,25803
schlüpfendem,VERB,25803
schlüpfenden,VERB,25803
schlüpfender,VERB,25803
schlüpfendes,VERB,25803
schlüpfst,VERB,25803
schlüpft,VERB,25803
schlüpfte,VERB,25803
schlüpften,VERB,25803
schlüpftest,VERB,25803
schlüpftet,VERB,25803
schlüssel,VERB,15144
schlüssel-,VERB,15144
schlüssel0,VERB,15144
schlüsselbein,VERB,25444
schmackhaft,ADJ,20526
schmackhafte,VERB,20526
schmackhaftem,VERB,20526
schmackhaften,VERB,20526
schmackhafter,VERB,20526
schmackhaftere,VERB,20526
schmackhafterem,VERB,20526
schmackhafteren,VERB,20526
schmackhafterer,VERB,20526
schmackhafteres,VERB,20526
schmackhaftes,VERB,20526
schmackhaftest,VERB,20526
schmackhafteste,VERB,20526
schmackhaftestem,VERB,20526
schmackhaftesten,VERB,20526
schmackhaftester,VERB,20526
schmackhaftestes,VERB,20526
schmal,ADJ,15693
schmal-,VERB,15693
schmal0,VERB,15693
schmale,VERB,15693
schmalem,VERB,15693
schmalen,VERB,15693
schmaler,VERB,15693
schmalere,VERB,15693
schmalerem,VERB,15693
schmaleren,VERB,15693
schmalerer,VERB,15693
schmaleres,VERB,15693
schmales,VERB,15693
schmalst,VERB,15693
schmalste,VERB,15693
schmalstem,VERB,15693
schmalsten,VERB,15693
schmalster,VERB,15693
schmalstes,VERB,15693
schmeckbar,VERB,17507
schmeckbare,VERB,17507
schmeckbarem,VERB,17507
schmeckbaren,VERB,17507
schmeckbarer,VERB,17507
schmeckbares,VERB,17507
schmecke,VERB,17507
schmecken,PRON,17507
schmeckend,VERB,17507
schmeckende,VERB,17507
schmeckendem,VERB,17507
schmeckenden,VERB,17507
schmeckender,VERB,17507
schmeckendes,VERB,17507
schmeckst,VERB,17507
schmeckt,VERB,17507
schmeckte,VERB,17507
schmeckten,VERB,17507
schmecktest,VERB,17507
schmecktet,VERB,17507
schmelzen,PRON,17699
schmelzens,VERB,17699
schmelzung,VERB,17699
schmelzungen,VERB,17699
schmerz,VERB,12331
schmerz-,VERB,12331
schmerz0,VERB,12331
schmerzhaft,ADJ,15955
schmerzhafte,VERB,15955
schmerzhaftem,VERB,15955
schmerzhaften,VERB,15955
schmerzhafter,VERB,15955
schmerzhaftere,VERB,15955
schmerzhafterem,VERB,15955
schmerzhafteren,VERB,15955
schmerzhafterer,VERB,15955
schmerzhafteres,VERB,15955
schmerzhaftes,VERB,15955
schmerzhaftest,VERB,15955
schmerzhafteste,VERB,15955
schmerzhaftestem,VERB,15955
schmerzhaftesten,VERB,15955
schmerzhaftester,VERB,15955
schmerzhaftestes,VERB,15955
schmetterling,VERB,13096
schmetterlinge,VERB,13096
schmetterlingen,VERB,13096
schmetterlings,VERB,13096
schmetterlingsnudeln,VERB,22131
schmied,PREP,24417
schmiede,VERB,24417
schmieden,VERB,24417
schmiedes,VERB,24417
schmiedin,PREP,24417
schmiedinnen,VERB,24417
schmieds,VERB,24417
schmieren,PRON,17239
schmierens,VERB,17239
schmierkäse,VERB,22360
schmierung,VERB,17239
schmierungen,VERB,17239
schminke,VERB,15413
schmortopf,VERB,23436
schmuck,VERB,14971
schmuck-,VERB,14971
schmuck0,VERB,14971
schmuse,VERB,24076
schmusen,PRON,24076
schmusend,VERB,24076
schmusende,VERB,24076
schmusendem,VERB,24076
schmusenden,VERB,24076
schmusender,VERB,24076
schmusendes,VERB,24076
schmusest,VERB,24076
schmust,VERB,24076
schmuste,VERB,24076
schmusten,VERB,24076
schmustest,VERB,24076
schmustet,VERB,24076
schmutz,VERB,15672
schmutz-,VERB,15672
schmutz0,VERB,15672
schmutzig,ADJ,13683
schmutzige,VERB,13683
schmutzigem,VERB,13683
schmutzigen,VERB,13683
schmutziger,VERB,13683
schmutzigere,VERB,13683
schmutzigerem,VERB,13683
schmutzigeren,VERB,13683
schmutzigerer,VERB,13683
schmutzigeres,VERB,13683
schmutziges,VERB,13683
schmutzigst,VERB,13683
schmutzigste,VERB,13683
schmutzigstem,VERB,13683
schmutzigsten,VERB,13683
schmutzigster,VERB,13683
schmutzigstes,VERB,13683
schnauze,VERB,24196
schnauzen,VERB,24196
schneckchen,VERB,17188
schneckchens,VERB,17188
schnecke,VERB,17188
schnecken,VERB,17188
schnee,VERB,17192
schnee-,VERB,17192
schnee0,VERB,17192
schneeball,VERB,17194
schneebesen,VERB,22563
schneeflocke,VERB,17195
schneemann,VERB,17196
schneepflug,VERB,23951
schneeschuh,VERB,17197
schneescooter,VERB,23950
schneesturm,VERB,17198
schneiden,PRON,13628
schneidens,VERB,13628
schneider,PREP,23674
schneiderin,PREP,23674
schneiderinnen,VERB,23674
schneidern,VERB,23674
schneiders,VERB,23674
schneidung,VERB,13628
schneidungen,VERB,13628
schneie,VERB,17193
schneien,PRON,17193
schneiend,VERB,17193
schneiende,VERB,17193
schneiendem,VERB,17193
schneienden,VERB,17193
schneiender,VERB,17193
schneiendes,VERB,17193
schneist,VERB,17193
schneit,VERB,17193
schneite,VERB,17193
schneiten,VERB,17193
schneitest,VERB,17193
schneitet,VERB,17193
schnell,ADJ,16446
schnell-,VERB,16446
schnell0,VERB,16446
schnelle,VERB,16446
schnellem,VERB,16446
schnellen,VERB,16446
schneller,VERB,16446
schnellere,VERB,16446
schnellerem,VERB,16446
schnelleren,VERB,16446
schnellerer,VERB,16446
schnelleres,VERB,16446
schnelles,VERB,16446
schnelligkeit,VERB,23216
schnellst,VERB,16446
schnellste,VERB,16446
schnellstem,VERB,16446
schnellsten,VERB,16446
schnellster,VERB,16446
schnellstes,VERB,16446
schnittlauch,VERB,24427
schnittlauchs,VERB,24427
schnitze,VERB,25273
schnitzen,PRON,25273
schnitzend,VERB,25273
schnitzende,VERB,25273
schnitzendem,VERB,25273
schnitzenden,VERB,25273
schnitzender,VERB,25273
schnitzendes,VERB,25273
schnitzest,VERB,25273
schnitzt,VERB,25273
schnitzte,VERB,25273
schnitzten,VERB,25273
schnitztest,VERB,25273
schnitztet,VERB,25273
schnorchel,VERB,22057
schnorchele,VERB,22057
schnorcheln,VERB,22057
schnorchelnd,VERB,22057
schnorchelnde,VERB,22057
schnorchelndem,VERB,22057
schnorchelnden,VERB,22057
schnorchelnder,VERB,22057
schnorchelndes,VERB,22057
schnorchelst,VERB,22057
schnorchelt,VERB,22057
schnorchelte,VERB,22057
schnorchelten,VERB,22057
schnorcheltest,VERB,22057
schnorcheltet,VERB,22057
schnorchle,VERB,22057
schnuller,VERB,24496
schnullern,VERB,24496
schnullers,VERB,24496
schnupfen,VERB,24065
schnupfens,VERB,24065
schnupftabak,VERB,25494
schnur,VERB,17276
schnurlostelefon,VERB,23459
schnurre,VERB,24228
schnurren,PRON,24228
schnurrend,VERB,24228
schnurrende,VERB,24228
schnurrendem,VERB,24228
schnurrenden,VERB,24228
schnurrender,VERB,24228
schnurrendes,VERB,24228
schnurrst,VERB,24228
schnurrt,VERB,24228
schnurrte,VERB,24228
schnurrten,VERB,24228
schnurrtest,VERB,24228
schnurrtet,VERB,24228
schnüferl,PREP,25168
schokolade,VERB,13171
schokoladen,VERB,13171
schokoladenaufstrich,VERB,13174
schokoladencreme,VERB,13174
schokoladenmilch,VERB,13172
schokoladenpulver,VERB,13173
schokoladenriegel,VERB,22372
schokoladensoße,VERB,22342
schokoladenstreusel,VERB,22343
schokoladentafel,VERB,22373
schokoriegel,VERB,22373
schokoriegeln,VERB,22373
schokoriegels,VERB,22373
schoner,VERB,22073
schonern,VERB,22073
schoners,VERB,22073
schornstein,VERB,13168
schornstein-,VERB,13168
schornstein0,VERB,13168
schottland,VERB,22614
schottlands,VERB,22614
schoß,VERB,13615
schoße,VERB,13615
schoßes,VERB,13615
schrank,VERB,13622
schrank-,VERB,13622
schrank0,VERB,13622
schraube,VERB,16739
schraubenzieher,VERB,16740
schreck,VERB,22912
schreck-,VERB,22912
schreck0,VERB,22912
schrecklich,ADJ,21289
schreckliche,VERB,21289
schrecklichem,VERB,21289
schrecklichen,VERB,21289
schrecklicher,VERB,21289
schrecklichere,VERB,21289
schrecklicherem,VERB,21289
schrecklicheren,VERB,21289
schrecklicherer,VERB,21289
schrecklicheres,VERB,21289
schreckliches,VERB,21289
schrecklichst,VERB,21289
schrecklichste,VERB,21289
schrecklichstem,VERB,21289
schrecklichsten,VERB,21289
schrecklichster,VERB,21289
schrecklichstes,VERB,21289
schreiben,PRON,18285
schreibens,VERB,18285
schreiber,PREP,23716
schreiberin,PREP,23716
schreiberinnen,VERB,23716
schreibern,VERB,23716
schreibers,VERB,23716
schreibmaschine schreiben,PRON,23698
schreibtisch,VERB,13663
schreibung,VERB,18285
schreibungen,VERB,18285
schreibunterricht,VERB,23253
schreien,PRON,16965
schreiens,VERB,16965
schriftzeichen,VERB,12366
schrippe,VERB,25672
schritt,VERB,13615
schritt-,VERB,13615
schritt0,VERB,13615
schritte,VERB,13615
schritten,VERB,13615
schrittest,VERB,13615
schrittet,VERB,13615
schrittst,VERB,13615
schub,VERB,12593
schub-,VERB,12593
schub0,VERB,12593
schubkarre,VERB,23416
schublade,VERB,13874
schubladen,VERB,13874
schubs,VERB,24825
schubschiff,VERB,22081
schubse,VERB,16439
schubsen,PRON,16439
schubsend,VERB,16439
schubsende,VERB,16439
schubsendem,VERB,16439
schubsenden,VERB,16439
schubsender,VERB,16439
schubsendes,VERB,16439
schubsest,VERB,16439
schubst,VERB,16439
schubste,VERB,16439
schubsten,VERB,16439
schubstest,VERB,16439
schubstet,VERB,16439
schuft,PREP,25166
schufts,VERB,25166
schuh,VERB,16959
schuh-,VERB,16959
schuh0,VERB,16959
schuhsohle,VERB,25943
schuld,VERB,14652
schuldig,ADJ,14653
schuldige,VERB,14653
schuldigem,VERB,14653
schuldigen,VERB,14653
schuldiger,VERB,14653
schuldigere,VERB,14653
schuldigerem,VERB,14653
schuldigeren,VERB,14653
schuldigerer,VERB,14653
schuldigeres,VERB,14653
schuldiges,VERB,14653
schuldigst,VERB,14653
schuldigste,VERB,14653
schuldigstem,VERB,14653
schuldigsten,VERB,14653
schuldigster,VERB,14653
schuldigstes,VERB,14653
schule,VERB,16734
schulfreund,PREP,25789
schulfreundin,PREP,25789
schulleiter,PREP,25772
schulleiterin,PREP,25772
schultafel,VERB,12852
schultasche,VERB,23650
schulter,VERB,16964
schulter-,VERB,16964
schulter0,VERB,16964
schulterblatt,VERB,25491
schulung,VERB,14945
schuluniform,VERB,24743
schulweg,VERB,25935
schummel,VERB,25677
schummele,VERB,25677
schummeln,PRON,25677
schummelnd,VERB,25677
schummelnde,VERB,25677
schummelndem,VERB,25677
schummelnden,VERB,25677
schummelnder,VERB,25677
schummelndes,VERB,25677
schummelst,VERB,25677
schummelt,VERB,25677
schummelte,VERB,25677
schummelten,VERB,25677
schummeltest,VERB,25677
schummeltet,VERB,25677
schummle,VERB,25677
schurke,PREP,25166
schurken,VERB,25166
schurkin,PREP,25166
schutz,VERB,16420
schutz mit zeiger,VERB,25598
schutz-,VERB,16420
schutz0,VERB,16420
schutzkeller,VERB,17970
schutzmaske,VERB,21621
schutzort,VERB,16955
schwach,VERB,16167
schwache,VERB,16167
schwachem,VERB,16167
schwachen,VERB,16167
schwacher,VERB,16167
schwaches,VERB,16167
schwager,PREP,25669
schwagern,VERB,25669
schwagers,VERB,25669
schwan,VERB,17473
schwanes,VERB,17473
schwanger,ADJ,16241
schwangere,VERB,16241
schwangere frau,ADJ,16241
schwangerem,VERB,16241
schwangeren,VERB,16241
schwangerer,VERB,16241
schwangeres,VERB,16241
schwangerschaft,VERB,16240
schwangerschaften,VERB,16240
schwangerschaftsberatung,VERB,14169
schwans,VERB,17473
schwanz,VERB,17496
schwanz-,VERB,17496
schwanz0,VERB,17496
schwarz,NOUN,12849
schwarz-,VERB,12849
schwarz0,VERB,12849
schwarze,VERB,12849
schwarzem,VERB,12849
schwarzen,VERB,12849
schwarzer,VERB,12849
schwarzer rübensirup,VERB,25756
schwarzes,VERB,12849
schweden,VERB,22617
schweden-snus,VERB,25495
schwedens,VERB,22617
schwedisch,VERB,23227
schwedische,VERB,23227
schwedischem,VERB,23227
schwedischen,VERB,23227
schwedischer,VERB,23227
schwedisches,VERB,23227
schwedischunterricht,VERB,23226
schweigsam,ADJ,16982
schweigsame,VERB,16982
schweigsamem,VERB,16982
schweigsamen,VERB,16982
schweigsamer,VERB,16982
schweigsames,VERB,16982
schwein,VERB,16175
schweinchen,VERB,25769
schweinchens,VERB,16175
schweine,VERB,16175
schweinefleisch,VERB,16223
schweinekotelett,VERB,16223
schweinen,VERB,16175
schweines,VERB,16175
schweinestall,VERB,25768
schweinezucht,VERB,25768
schweins,VERB,16175
schweiz,VERB,25184
schweiß,VERB,17475
schweiß-,VERB,17475
schweiß0,VERB,17475
schwer,ADJ,13676
schwer-,VERB,13676
schwer0,VERB,13676
schwerbehintertenrente,VERB,25993
schwere,VERB,13676
schwerem,VERB,13676
schweren,VERB,13676
schwerer,VERB,13676
schwerere,VERB,13676
schwererem,VERB,13676
schwereren,VERB,13676
schwererer,VERB,13676
schwereres,VERB,13676
schweres,VERB,13676
schwerhörig,ADJ,14694
schwerhörige,VERB,14694
schwerhörigem,VERB,14694
schwerhörigen,VERB,14694
schwerhöriger,VERB,14694
schwerhöriges,VERB,14694
schwerst,VERB,13676
schwerste,VERB,13676
schwerstem,VERB,13676
schwersten,VERB,13676
schwerster,VERB,13676
schwerstes,VERB,13676
schwertfisch,VERB,23671
schwester,PREP,16994
schwester-,VERB,16994
schwester0,VERB,16994
schwiegermutter,PREP,25757
schwiegersohn,PREP,25805
schwiegersohne,VERB,25805
schwiegersohnes,VERB,25805
schwiegersohns,VERB,25805
schwiegertochter,PREP,25689
schwiegervater,PREP,25715
schwiegervaters,VERB,25715
schwierig,ADJ,13676
schwierige,VERB,13676
schwierigem,VERB,13676
schwierigen,VERB,13676
schwieriger,VERB,13676
schwierigere,VERB,13676
schwierigerem,VERB,13676
schwierigeren,VERB,13676
schwierigerer,VERB,13676
schwierigeres,VERB,13676
schwieriges,VERB,13676
schwierigkeit,VERB,17780
schwierigkeiten,VERB,17780
schwierigst,VERB,13676
schwierigste,VERB,13676
schwierigstem,VERB,13676
schwierigsten,VERB,13676
schwierigster,VERB,13676
schwierigstes,VERB,13676
schwimmbad,VERB,17483
schwimmbades,VERB,17483
schwimmbads,VERB,17483
schwimmen,PRON,17482
schwimmens,VERB,17482
schwimmhalle,VERB,25818
schwimmregeln,VERB,25950
schwimmsport,VERB,22053
schwimmweste,VERB,24687
schwindelig,VERB,24642
schwindelige,VERB,24642
schwindeligem,VERB,24642
schwindeligen,VERB,24642
schwindeliger,VERB,24642
schwindeliges,VERB,24642
schwindlig,ADJ,24642
schwindlige,VERB,24642
schwindligem,VERB,24642
schwindligen,VERB,24642
schwindliger,VERB,24642
schwindliges,VERB,24642
schwingen,PRON,17486
schwingens,VERB,17486
schwingung,VERB,17486
schwingungen,VERB,17486
schwitz,VERB,17474
schwitze,VERB,17474
schwitzen,PRON,17474
schwitzend,VERB,17474
schwitzende,VERB,17474
schwitzendem,VERB,17474
schwitzenden,VERB,17474
schwitzender,VERB,17474
schwitzendes,VERB,17474
schwitzest,VERB,17474
schwitzt,VERB,17474
schwitzte,VERB,17474
schwitzten,VERB,17474
schwitztest,VERB,17474
schwitztet,VERB,17474
schwung,VERB,25406
schwung-,VERB,25406
schwung0,VERB,25406
schwägerin,PREP,25795
schwägerinnen,VERB,25795
schädel,VERB,25492
schädel-,VERB,25492
schädel0,VERB,25492
schädigen,PRON,14942
schädigens,VERB,14942
schädigung,VERB,14942
schädigungen,VERB,14942
schädling,VERB,14944
schädlinge,VERB,14944
schädlingen,VERB,14944
schädlings,VERB,14944
schäfer,PREP,23661
schäferin,PREP,23661
schäferinnen,VERB,23661
schäfern,VERB,23661
schäfers,VERB,23661
schäle,VERB,15989
schälen,PRON,15989
schälend,VERB,15989
schälende,VERB,15989
schälendem,VERB,15989
schälenden,VERB,15989
schälender,VERB,15989
schälendes,VERB,15989
schälst,VERB,15989
schält,VERB,15989
schälte,VERB,15989
schälten,VERB,15989
schältest,VERB,15989
schältet,VERB,15989
schäme,VERB,24029
schämen,PRON,24029
schämend,VERB,24029
schämende,VERB,24029
schämendem,VERB,24029
schämenden,VERB,24029
schämender,VERB,24029
schämendes,VERB,24029
schämst,VERB,24029
schämt,VERB,24029
schämte,VERB,24029
schämten,VERB,24029
schämtest,VERB,24029
schämtet,VERB,24029
schätzen,PRON,13948
schätzens,VERB,13948
schätzung,VERB,26004
schätzungen,VERB,13948
schöffe,VERB,23129
schöffen,VERB,23129
schöffin,VERB,23129
schöffinnen,VERB,23129
schön,ADJ,12645
schön-,VERB,12645
schön0,VERB,12645
schöne,VERB,12645
schönem,VERB,12645
schönen,VERB,12645
schöner,VERB,12645
schönere,VERB,12645
schönerem,VERB,12645
schöneren,VERB,12645
schönerer,VERB,12645
schöneres,VERB,12645
schönes,VERB,12645
schönheit,VERB,22903
schönheiten,VERB,22903
schönst,VERB,12645
schönste,VERB,12645
schönstem,VERB,12645
schönsten,VERB,12645
schönster,VERB,12645
schönstes,VERB,12645
schöpferisch,ADJ,13608
schöpferische,VERB,13608
schöpferischem,VERB,13608
schöpferischen,VERB,13608
schöpferischer,VERB,13608
schöpferisches,VERB,13608
schöpflöffel,VERB,22571
schöpflöffeln,VERB,22571
schöpflöffels,VERB,22571
schöpfung,VERB,13607
schüler,PREP,17446
schüler-,VERB,17446
schüler0,VERB,17446
schülerin,PREP,17446
schülerinnen,VERB,17446
schülerinnen-,VERB,17446
schüssel,VERB,13403
schüsselchen,VERB,13403
schüsselchens,VERB,13403
schüsseln,VERB,13403
schütteln,PRON,16934
schüttelns,VERB,16934
schütze,VERB,22645
schützen,VERB,22645
schützin,VERB,22645
schützinnen,VERB,22645
scooter,VERB,21812
sechs,NOUN,8502
sechs-,VERB,8502
sechs0,VERB,8502
see,VERB,15168
see-,VERB,15168
see0,VERB,15168
seeanemone,VERB,23653
seeblume,VERB,24778
seegang,VERB,24737
seegurke,VERB,23654
seehund,VERB,23657
seeigel,VERB,23656
seekarte,VERB,24745
seele,VERB,21045
seelen,VERB,21045
seelenheil,VERB,24253
seelenheile,VERB,24253
seelenheilen,VERB,24253
seelenheils,VERB,24253
seelisch,ADJ,15456
seelische,VERB,15456
seelischem,VERB,15456
seelischen,VERB,15456
seelischer,VERB,15456
seelisches,VERB,15456
seelöwe,VERB,23655
seemann,PREP,16708
seerose,VERB,24778
seestern,VERB,17253
seewetterbericht,VERB,24747
seezeichen,VERB,24704
segel,VERB,16706
segel-,VERB,16706
segel0,VERB,16706
segelboot,VERB,16707
segele,VERB,22049
segelflugzeug,VERB,22103
segeln,VERB,22049
segelnd,VERB,22049
segelnde,VERB,22049
segelndem,VERB,22049
segelnden,VERB,22049
segelnder,VERB,22049
segelndes,VERB,22049
segelschoner,VERB,22073
segelst,VERB,22049
segelt,VERB,22049
segelte,VERB,22049
segelten,VERB,22049
segeltest,VERB,22049
segeltet,VERB,22049
segle,VERB,22049
segnen,PRON,25268
segnens,VERB,25268
segnung,VERB,25268
segnungen,VERB,25268
sehbehindert,ADJ,18019
sehbehinderte,VERB,18019
sehbehindertem,VERB,18019
sehbehinderten,VERB,18019
sehbehinderter,VERB,18019
sehbehindertes,VERB,18019
sehbehinderung,VERB,26032
sehen,PRON,16747
sehens,VERB,16747
sehne,VERB,25503
sehnsucht,VERB,24833
sehnsucht haben,PRON,25749
sehr groß,ADJ,21352
sehr viel,ADJ,25964
seicht,ADJ,16935
seichte,VERB,16935
seichtem,VERB,16935
seichten,VERB,16935
seichter,VERB,16935
seichtere,VERB,16935
seichterem,VERB,16935
seichteren,VERB,16935
seichterer,VERB,16935
seichteres,VERB,16935
seichtes,VERB,16935
seichtest,VERB,16935
seichteste,VERB,16935
seichtestem,VERB,16935
seichtesten,VERB,16935
seichtester,VERB,16935
seichtestes,VERB,16935
seichtheit,VERB,25606
seichtheiten,VERB,25606
seide,VERB,23211
seidengewebe,VERB,23212
seidenstoff,VERB,23211
seife,VERB,17200
seifen,VERB,17200
seil,VERB,17276
seil-,VERB,17276
seil0,VERB,17276
seilbahn,VERB,24042
seilchen,VERB,15138
sein,PRON,12639
seine,PREP,14715
seins,VERB,12639
seite,VERB,15962
seiten,VERB,15962
sekretär,PREP,16746
sekretäre,VERB,16746
sekretären,VERB,16746
sekretärin,PREP,16746
sekretärinnen,VERB,16746
sekretärs,VERB,16746
sekt,VERB,22345
sekt-,VERB,22345
sekt0,VERB,22345
sektor,VERB,25594
sektor-,VERB,25594
sektor0,VERB,25594
sekunde,VERB,16743
sekunden,VERB,16743
selbst,PREP,16752
selbst-,VERB,16752
selbst0,VERB,16752
selbstbefriedigung,VERB,15429
selbstbeherrschung,VERB,16754
selbstbeschädigung,VERB,16753
selbstlosigkeit,VERB,25652
selbstmord,VERB,25380
selbstverletzend,ADJ,22916
selbstverletzende,VERB,22916
selbstverletzendem,VERB,22916
selbstverletzenden,VERB,22916
selbstverletzender,VERB,22916
selbstverletzendes,VERB,22916
selbstverletzendes verhalten,VERB,16753
selbstverletzung,VERB,16753
selbstzucht,VERB,24937
selbständig,ADJ,24172
selbständige,VERB,24172
selbständigem,VERB,24172
selbständigen,VERB,24172
selbständiger,VERB,24172
selbständigere,VERB,24172
selbständigerem,VERB,24172
selbständigeren,VERB,24172
selbständigerer,VERB,24172
selbständigeres,VERB,24172
selbständiges,VERB,24172
selbständigst,VERB,24172
selbständigste,VERB,24172
selbständigstem,VERB,24172
selbständigsten,VERB,24172
selbständigster,VERB,24172
selbständigstes,VERB,24172
sellerie,VERB,13140
seltsam,ADJ,17274
seltsame,VERB,17274
seltsamem,VERB,17274
seltsamen,VERB,17274
seltsamer,VERB,17274
seltsamere,VERB,17274
seltsamerem,VERB,17274
seltsameren,VERB,17274
seltsamerer,VERB,17274
seltsameres,VERB,17274
seltsames,VERB,17274
seltsamst,VERB,17274
seltsamste,VERB,17274
seltsamstem,VERB,17274
seltsamsten,VERB,17274
seltsamster,VERB,17274
seltsamstes,VERB,17274
semmel,VERB,25672
semmel-,VERB,25672
semmel0,VERB,25672
senden,PRON,15408
sendens,VERB,15408
sendung,PRON,24615
sendungen,VERB,15408
senf,VERB,22330
senf-,VERB,22330
senf0,VERB,22330
senfpulver,VERB,22331
senfsoße,VERB,22332
senken,PRON,24688
senkens,VERB,24688
senkrecht,VERB,15998
senkrechte,VERB,15998
senkrechtem,VERB,15998
senkrechten,VERB,15998
senkrechter,VERB,15998
senkrechtes,VERB,15998
senkung,VERB,24688
senkungen,VERB,24688
september,VERB,16761
september-,VERB,16761
september0,VERB,16761
service,VERB,23203
service-,VERB,23203
service0,VERB,23203
serviette,VERB,15692
servietten,VERB,15692
sesampaste,VERB,17495
sessel,VERB,12578
sessel-,VERB,12578
sessel0,VERB,12578
sessellift,VERB,24050
setzen,PRON,16440
setzens,VERB,16440
setzung,VERB,16440
setzungen,VERB,16440
sex,VERB,14428
sex-hilfsmittel,VERB,24258
sexes,VERB,14428
sexspiel,VERB,24259
sexualität,VERB,16933
sexualtrieb,VERB,16765
sexuelle aktivität,VERB,24257
sexuelle belästigung,VERB,16930
sexueller missbrauch,VERB,16766
sexuelles vergnügen,VERB,16932
shabbat,NOUN,15141
shalom,VERB,16936
shampoo,VERB,16938
shampoos,VERB,16938
shavuot,VERB,16948
shiva,PREP,16958
shofar,VERB,16960
shorts,VERB,16963
shvat,VERB,16971
sich,PREP,16752
sich amüsieren,PRON,12372
sich auskennen,PRON,15161
sich beeilen,PRON,25954
sich begegnen,PRON,15449
sich beherrschen,PRON,13407
sich bessern,PRON,14931
sich entblöβen,PRON,24843
sich entscheiden,PRON,13648
sich erbrechen,VERB,24950
sich erfreuen,PRON,13938
sich erinnern,PRON,16485
sich gut unterhalten,PRON,13938
sich hinlegen,PRON,15205
sich klar machen,PRON,17718
sich kostümieren,PRON,13878
sich nach etwas sehnen,PRON,25749
sich rücken,PRON,15667
sich scheiden,PRON,13859
sich selbst,PREP,16752
sich sonnen,PRON,24765
sich sorgen,PRON,18281
sich stellen,ADJ,15411
sich streiten,PRON,12413
sich treffen,PRON,15449
sich treffen und sich trennen,VERB,25584
sich unterhalten,PRON,13688
sich verbessern,PRON,14931
sich verlassen,PRON,17784
sich verletzen,PRON,14913
sich verloben,PRON,25718
sich versammeln,PRON,14426
sich verstellen,PRON,16247
sich vorwärtsbewegen,PRON,25954
sich wehtun,PRON,14913
sich wiegen,PRON,17486
sich ärgern über,PRON,16490
sich übergeben,PRON,18022
sicher,ADJ,13146
sichere,VERB,13146
sicherem,VERB,13146
sicheren,VERB,13146
sicherer,VERB,13146
sicherere,VERB,13146
sichererem,VERB,13146
sichereren,VERB,13146
sichererer,VERB,13146
sichereres,VERB,13146
sicheres,VERB,13146
sicherheit,VERB,16705
sicherheiten,VERB,16705
sicherheitsgurt,VERB,24255
sicherheitsgurt für den kinderwagen,VERB,24217
sichern,PRON,23648
sicherns,VERB,23648
sicherst,VERB,13146
sicherste,VERB,13146
sicherstem,VERB,13146
sichersten,VERB,13146
sicherster,VERB,13146
sicherstes,VERB,13146
sicherung,VERB,25313
sicherungen,VERB,23648
sicht,VERB,25939
sicht-,VERB,25939
sicht0,VERB,25939
sie,PREP,14688
sieb,VERB,16976
siebe,VERB,8503
sieben,NOUN,8503
sieben-,VERB,8503
sieben0,VERB,8503
siebend,VERB,8503
siebende,VERB,8503
siebendem,VERB,8503
siebenden,VERB,8503
siebender,VERB,8503
siebendes,VERB,8503
siebes,VERB,16976
siebs,VERB,16976
siebst,VERB,8503
siebt,VERB,8503
siebte,VERB,8503
siebten,VERB,8503
siebtest,VERB,8503
siebtet,VERB,8503
siede,VERB,12872
sieden,PRON,12872
siedend,VERB,12872
siedende,VERB,12872
siedendem,VERB,12872
siedenden,VERB,12872
siedender,VERB,12872
siedendes,VERB,12872
siedest,VERB,12872
siedet,VERB,12872
siedete,VERB,12872
siedeten,VERB,12872
siedetest,VERB,12872
siedetet,VERB,12872
siege,VERB,18254
siegen,PRON,18254
siegend,VERB,18254
siegende,VERB,18254
siegendem,VERB,18254
siegenden,VERB,18254
siegender,VERB,18254
siegendes,VERB,18254
siegst,VERB,18254
siegt,VERB,18254
siegte,VERB,18254
siegten,VERB,18254
siegtest,VERB,18254
siegtet,VERB,18254
sieht ähnlich aus wie,OTHER,16985
sightseeing,VERB,25198
signal,VERB,24749
signal an das,VERB,25434
signal-,VERB,24749
signal0,VERB,24749
signalempfang,VERB,24753
signalempfänger,VERB,24751
signalhorn,VERB,23825
signalstärkenmesser,VERB,25372
signifikanz,VERB,15441
silber,VERB,23213
silber-,VERB,23213
silber0,VERB,23213
silvester,VERB,25475
silvester-,VERB,25475
silvester0,VERB,25475
simchat torah,VERB,16983
simmern,PRON,16987
simplizität,VERB,24890
simplizitäten,VERB,24890
sind,PRON,12639
sing,VERB,16990
singe,VERB,16990
singen,PRON,16990
singend,VERB,16990
singende,VERB,16990
singendem,VERB,16990
singenden,VERB,16990
singender,VERB,16990
singendes,VERB,16990
singst,VERB,16990
singt,VERB,16990
singvogel,VERB,17211
sinn,VERB,15441
sinne,VERB,15441
sinnen,VERB,15441
sinnes,VERB,15441
sinngehalt,VERB,15441
sinngehalte,VERB,15441
sinngehalten,VERB,15441
sinngehaltes,VERB,15441
sinngehalts,VERB,15441
sinns,VERB,15441
sippe,VERB,21609
sippen,VERB,21609
sirene des waldes,PREP,23663
sirup,VERB,25756
sirups,VERB,25756
sit-ski,VERB,23948
sitte,VERB,25072
sitten,VERB,25072
sittich,VERB,15963
sittiche,VERB,15963
sittichen,VERB,15963
sittichs,VERB,15963
sitzbank,VERB,12665
sitze,VERB,16995
sitzen,PRON,16995
sitzend,VERB,16995
sitzende,VERB,16995
sitzendem,VERB,16995
sitzenden,VERB,16995
sitzender,VERB,16995
sitzendes,VERB,16995
sitzest,VERB,16995
sitzfläche,VERB,16165
sitzkissen,VERB,25042
sitzmatte,VERB,25410
sitzski,VERB,23948
sitzt,VERB,16995
sitzungsprotokoll,VERB,24696
siv,PREP,22653
sivan,VERB,16996
sjofar,VERB,16960
skabies,VERB,24254
skateboard,VERB,16997
skateboards,VERB,16997
skelett,VERB,16998
skelette,VERB,16998
skeletten,VERB,16998
skelettes,VERB,16998
skeletts,VERB,16998
skepsis,VERB,25788
skeptisch,ADJ,25787
skeptisch sein,PRON,25832
skeptische,VERB,25787
skeptischem,VERB,25787
skeptischen,VERB,25787
skeptischer,VERB,25787
skeptisches,VERB,25787
skeptizismus,VERB,25788
ski,VERB,25610
ski-,VERB,25610
ski0,VERB,25610
skianzug,VERB,17199
skier,VERB,17003
skifahren,VERB,20597
skilanglauf,VERB,21865
skilauf,VERB,21867
skiläufer,VERB,25610
skischlitten,VERB,23948
skischuh,VERB,16999
skisport,VERB,21796
skisportes,VERB,21796
skispringen,VERB,21866
skistiefel,VERB,16999
skistock,VERB,17000
sklaverei,VERB,25132
sklavereien,VERB,25132
skorpion,VERB,16738
skorpione,VERB,16738
skorpionen,VERB,16738
skorpions,VERB,16738
skulptur,VERB,25790
skulpturen,VERB,25790
slalom,VERB,21863
slaloms,VERB,21863
slang,VERB,24961
sleipner,VERB,22824
smartphone,VERB,25804
smartphones,VERB,25804
snack,VERB,17187
snacks,VERB,17187
sniff,PREP,25168
snooker,VERB,22100
snork,PREP,25169
snorkfräulein,PREP,25170
snowboard,VERB,21869
snowboarden,VERB,21868
snowboards,VERB,21869
snufkin,PREP,25171
so tun als ob,PRON,16247
socke,VERB,17264
socken,VERB,17264
sodass,NOUN,17708
sofa,VERB,13419
sofakissen,VERB,25041
sofakissens,VERB,25041
sofas,VERB,13419
software,VERB,23664
sohn,PREP,17209
sohne,VERB,17209
sohnes,VERB,17209
sohns,VERB,17209
soldat,PREP,17204
soldaten,VERB,17204
soldatin,PREP,17204
soldatinnen,VERB,17204
solidarität,VERB,14172
solidaritäten,VERB,14172
sommer,VERB,17459
sommer-,VERB,17459
sommer0,VERB,17459
sommercamp,VERB,17461
sommerhaus,VERB,25949
sommerlager,VERB,17461
sommerresidenz,VERB,25949
sommertag,VERB,25948
sonde,VERB,25469
sonden,VERB,25469
sondertastatur,VERB,23601
sonnabend,VERB,16722
sonnabende,VERB,16722
sonnabenden,VERB,16722
sonnabends,VERB,16722
sonne,VERB,17462
sonnen,VERB,17462
sonnenaufgang,VERB,17466
sonnenblume,VERB,24297
sonnenbrand,VERB,24766
sonnenbrille,VERB,24767
sonnencreme,VERB,17463
sonnenenergie,VERB,25172
sonnenfinsternis,VERB,24755
sonnenschutzmittel,VERB,17463
sonnensystem,VERB,22836
sonnenuntergang,VERB,17467
sonnig,ADJ,17465
sonnige,VERB,17465
sonnigem,VERB,17465
sonnigen,VERB,17465
sonniger,VERB,17465
sonnigere,VERB,17465
sonnigerem,VERB,17465
sonnigeren,VERB,17465
sonnigerer,VERB,17465
sonnigeres,VERB,17465
sonniges,VERB,17465
sonnigst,VERB,17465
sonnigste,VERB,17465
sonnigstem,VERB,17465
sonnigsten,VERB,17465
sonnigster,VERB,17465
sonnigstes,VERB,17465
sonntag,VERB,17464
sonntag-,VERB,17464
sonntag0,VERB,17464
sopran,VERB,23952
soprane,VERB,23952
sopranen,VERB,23952
soprans,VERB,23952
sorbet,VERB,22369
sorbets,VERB,22369
sorge,VERB,12397
sorgen,PRON,18281
sorgend,VERB,18281
sorgende,VERB,18281
sorgendem,VERB,18281
sorgenden,VERB,18281
sorgender,VERB,18281
sorgendes,VERB,18281
sorgfältig,ADJ,13123
sorgfältige,VERB,13123
sorgfältigem,VERB,13123
sorgfältigen,VERB,13123
sorgfältiger,VERB,13123
sorgfältigere,VERB,13123
sorgfältigerem,VERB,13123
sorgfältigeren,VERB,13123
sorgfältigerer,VERB,13123
sorgfältigeres,VERB,13123
sorgfältiges,VERB,13123
sorgfältigst,VERB,13123
sorgfältigste,VERB,13123
sorgfältigstem,VERB,13123
sorgfältigsten,VERB,13123
sorgfältigster,VERB,13123
sorgfältigstes,VERB,13123
sorgst,VERB,18281
sorgt,VERB,18281
sorgte,VERB,18281
sorgten,VERB,18281
sorgtest,VERB,18281
sorgtet,VERB,18281
sorte,VERB,17961
sorten,VERB,17961
soufganiya,VERB,17215
sozial,ADJ,24269
sozial-,VERB,24269
sozial0,VERB,24269
sozialarbeiter,PREP,17201
sozialarbeiterin,PREP,17201
soziale,VERB,24269
sozialem,VERB,24269
sozialen,VERB,24269
sozialer,VERB,24269
sozialere,VERB,24269
sozialerem,VERB,24269
sozialeren,VERB,24269
sozialerer,VERB,24269
sozialeres,VERB,24269
soziales,VERB,24269
soziales netzwerk wie zb facebook,VERB,25375
sozialst,VERB,24269
sozialste,VERB,24269
sozialstem,VERB,24269
sozialsten,VERB,24269
sozialster,VERB,24269
sozialstes,VERB,24269
soziologe,PREP,21568
soziologen,VERB,21568
soziologie,VERB,21551
soziologin,PREP,21568
soziologinnen,VERB,21568
soße,VERB,16723
soßen,VERB,16723
spagetti,VERB,17222
spaghetti,VERB,17222
spaltöffnung,VERB,25497
spanien,VERB,25376
spaniens,VERB,25376
spanisch,VERB,25377
spanische,VERB,25377
spanischem,VERB,25377
spanischen,VERB,25377
spanischer,VERB,25377
spanisches,VERB,25377
spannend,ADJ,25192
spannende,VERB,25192
spannendem,VERB,25192
spannenden,VERB,25192
spannender,VERB,25192
spannendere,VERB,25192
spannenderem,VERB,25192
spannenderen,VERB,25192
spannenderer,VERB,25192
spannenderes,VERB,25192
spannendes,VERB,25192
spannendst,VERB,25192
spannendste,VERB,25192
spannendstem,VERB,25192
spannendsten,VERB,25192
spannendster,VERB,25192
spannendstes,VERB,25192
spannung,VERB,25396
spannungsmesser,VERB,23075
sparen,PRON,15143
sparens,VERB,15143
spargel,VERB,24015
spargeln,VERB,24015
spaten,VERB,16966
spatens,VERB,16966
spaziergang,VERB,15945
spazierstock,VERB,13119
spaß machen,PRON,14974
spaßig,ADJ,14414
spaßige,VERB,14414
spaßigem,VERB,14414
spaßigen,VERB,14414
spaßiger,VERB,14414
spaßigere,VERB,14414
spaßigerem,VERB,14414
spaßigeren,VERB,14414
spaßigerer,VERB,14414
spaßigeres,VERB,14414
spaßiges,VERB,14414
spaßigst,VERB,14414
spaßigste,VERB,14414
spaßigstem,VERB,14414
spaßigsten,VERB,14414
spaßigster,VERB,14414
spaßigstes,VERB,14414
specher,PREP,25807
specht,VERB,25969
spechte,VERB,25969
spechten,VERB,25969
spechtes,VERB,25969
spechts,VERB,25969
speck,VERB,12614
speer,VERB,21854
speere,VERB,21854
speeren,VERB,21854
speeres,VERB,21854
speers,VERB,21854
speerwurf,VERB,21851
speichel,VERB,16710
speichel-,VERB,16710
speichel0,VERB,16710
speicheldrüse,VERB,25489
speichelschutz,VERB,23554
speichern,PRON,23649
speicherns,VERB,23649
speicherstift,VERB,24694
speicherung,VERB,23649
speicherungen,VERB,23649
speise,VERB,23503
speise-,VERB,23503
speise0,VERB,23503
speiseröhre,VERB,25479
speisewärmer,VERB,22593
speisezwiebel,VERB,18006
sperma,VERB,17226
spermas,VERB,17226
spermizid,VERB,17227
spermizide,VERB,17227
spermiziden,VERB,17227
spermizids,VERB,17227
speziell,ADJ,17223
spezielle,VERB,17223
speziellem,VERB,17223
speziellen,VERB,17223
spezieller,VERB,17223
speziellere,VERB,17223
speziellerem,VERB,17223
spezielleren,VERB,17223
speziellerer,VERB,17223
spezielleres,VERB,17223
spezielles,VERB,17223
speziellst,VERB,17223
speziellste,VERB,17223
speziellstem,VERB,17223
speziellsten,VERB,17223
speziellster,VERB,17223
speziellstes,VERB,17223
spezifisch,ADJ,17224
spezifische,VERB,17224
spezifischem,VERB,17224
spezifischen,VERB,17224
spezifischer,VERB,17224
spezifischere,VERB,17224
spezifischerem,VERB,17224
spezifischeren,VERB,17224
spezifischerer,VERB,17224
spezifischeres,VERB,17224
spezifisches,VERB,17224
spezifischst,VERB,17224
spezifischste,VERB,17224
spezifischstem,VERB,17224
spezifischsten,VERB,17224
spezifischster,VERB,17224
spezifischstes,VERB,17224
spiderman,PREP,25378
spiegel,VERB,20527
spiegel-,VERB,20527
spiegel0,VERB,20527
spiegelbild,VERB,22384
spiegelei,VERB,22138
spiegelung,VERB,22384
spiel,VERB,14418
spiel-,VERB,14418
spiel0,VERB,14418
spielbar,VERB,16200
spielbare,VERB,16200
spielbarem,VERB,16200
spielbaren,VERB,16200
spielbarer,VERB,16200
spielbares,VERB,16200
spielcomputer,VERB,24659
spiele,VERB,16200
spielen,PRON,16200
spielend,VERB,16200
spielende,VERB,16200
spielendem,VERB,16200
spielenden,VERB,16200
spielender,VERB,16200
spielendes,VERB,16200
spielfeld,VERB,13428
spielfilm,VERB,15669
spielhäuschen,VERB,25770
spielkarte,VERB,13122
spielplatz,VERB,16202
spielregeln,VERB,25883
spielrunde,VERB,14418
spielst,VERB,16200
spielstand,VERB,16737
spielstein,VERB,24518
spielt,VERB,16200
spielte,VERB,16200
spielten,VERB,16200
spieltest,VERB,16200
spieltet,VERB,16200
spielwarengeschäft,VERB,23241
spielwürfel,VERB,25691
spielzeug,VERB,17763
spielzeugtier,VERB,17764
spielzimmer,VERB,16203
spieβ,VERB,23945
spinnchen,VERB,17229
spinnchens,VERB,17229
spinne,VERB,17229
spinnen,VERB,17229
spinnennetz,VERB,25809
spinnfaden,VERB,25878
spinngewebe,VERB,25809
spion,PREP,25175
spionage,VERB,25057
spione,VERB,25175
spionen,VERB,25175
spionensatellit,VERB,24779
spionin,PREP,25175
spioninnen,VERB,25175
spions,VERB,25175
spirale,VERB,17230
spiralen,VERB,17230
spirituelles erwachen,VERB,24278
spirituslampe,VERB,21362
spitz,ADJ,16943
spitz-,VERB,16943
spitz0,VERB,16943
spitze,VERB,16212
spitzen,VERB,16212
spitzenleistung,VERB,21342
spitzere,VERB,16943
spitzerem,VERB,16943
spitzeren,VERB,16943
spitzerer,VERB,16943
spitzeres,VERB,16943
spitzest,VERB,16943
spitzeste,VERB,16943
spitzestem,VERB,16943
spitzesten,VERB,16943
spitzester,VERB,16943
spitzestes,VERB,16943
spitzzange,VERB,16205
sport,VERB,17234
sport treiben,PRON,14124
sport-,VERB,17234
sport0,VERB,17234
sportelfe,PREP,23666
sportfanatiker,PREP,24280
sportfanatikerin,PREP,24280
sportgelände,VERB,25810
sportgeländen,VERB,25810
sportgeländes,VERB,25810
sportgeschäft,VERB,23219
sportplatz,VERB,13428
sporttauchen,VERB,22057
sportunterricht,VERB,23218
sportzentrum,VERB,25810
spotart,VERB,14418
sprachanalyse,VERB,25808
sprachbehindert,ADJ,26025
sprachbehinderte,VERB,26025
sprachbehindertem,VERB,26025
sprachbehinderten,VERB,26025
sprachbehinderter,VERB,26025
sprachbehindertes,VERB,26025
sprachbehinderung,VERB,26026
sprache,VERB,15172
sprachen,VERB,15172
sprachenklasse,VERB,23131
spracherkennung,VERB,25808
sprachgeschädigt,ADJ,17225
sprachstörung,VERB,26026
sprachtherapeut,PREP,21590
sprachtherapie,VERB,24276
sprachtherapiezimmer,VERB,24277
spray,VERB,24940
sprays,VERB,24940
sprechen,PRON,16728
sprechens,VERB,16728
sprecherin,PREP,25807
sprieße,VERB,25946
sprießen,PRON,25946
sprießend,VERB,25946
sprießende,VERB,25946
sprießendem,VERB,25946
sprießenden,VERB,25946
sprießender,VERB,25946
sprießendes,VERB,25946
sprießest,VERB,25946
sprießt,VERB,25946
sprießte,VERB,25946
sprießten,VERB,25946
sprießtest,VERB,25946
sprießtet,VERB,25946
springbock,VERB,22616
springbrunnen,VERB,24900
springen,PRON,15139
springens,VERB,15139
springer,PREP,25867
springerin,VERB,25867
springerinnen,VERB,25867
springern,VERB,25867
springers,VERB,25867
springflut,VERB,22624
springreiten,VERB,22096
springseil,VERB,15138
spritz,VERB,17232
spritze,VERB,14941
spritzen,PRON,17232
spritzend,VERB,17232
spritzende,VERB,17232
spritzendem,VERB,17232
spritzenden,VERB,17232
spritzender,VERB,17232
spritzendes,VERB,17232
spritzest,VERB,17232
spritzt,VERB,17232
spritzte,VERB,17232
spritzten,VERB,17232
spritztest,VERB,17232
spritztet,VERB,17232
sprung,VERB,23550
sprung-,VERB,23550
sprung0,VERB,23550
sprunggelenkschiene,VERB,24010
sprüh,VERB,23953
sprühdose,VERB,23954
sprühe,VERB,23953
sprühen,PRON,23953
sprühend,VERB,23953
sprühende,VERB,23953
sprühendem,VERB,23953
sprühenden,VERB,23953
sprühender,VERB,23953
sprühendes,VERB,23953
sprühst,VERB,23953
sprüht,VERB,23953
sprühte,VERB,23953
sprühten,VERB,23953
sprühtest,VERB,23953
sprühtet,VERB,23953
spuck,VERB,17231
spucke,VERB,16710
spucken,PRON,17231
spuckend,VERB,17231
spuckende,VERB,17231
spuckendem,VERB,17231
spuckenden,VERB,17231
spuckender,VERB,17231
spuckendes,VERB,17231
spuckst,VERB,17231
spuckt,VERB,17231
spuckte,VERB,17231
spuckten,VERB,17231
spucktest,VERB,17231
spucktet,VERB,17231
spur,VERB,23690
spur-,VERB,23690
spur0,VERB,23690
spät,ADJ,15177
spät-,VERB,15177
spät0,VERB,15177
späte,VERB,15177
spätem,VERB,15177
späten,VERB,15177
später,NOUN,17705
spätere,VERB,15177
späterem,VERB,15177
späteren,VERB,15177
späterer,VERB,15177
späteres,VERB,15177
spätes,VERB,15177
spätest,VERB,15177
späteste,VERB,15177
spätestem,VERB,15177
spätesten,VERB,15177
spätester,VERB,15177
spätestes,VERB,15177
spülbecken,VERB,16992
spürbar,VERB,14163
spürbare,VERB,14163
spürbarem,VERB,14163
spürbaren,VERB,14163
spürbarer,VERB,14163
spürbares,VERB,14163
spüre,VERB,14163
spüren,PRON,14163
spürend,VERB,14163
spürende,VERB,14163
spürendem,VERB,14163
spürenden,VERB,14163
spürender,VERB,14163
spürendes,VERB,14163
spürhund,VERB,25374
spürst,VERB,14163
spürt,VERB,14163
spürte,VERB,14163
spürten,VERB,14163
spürtest,VERB,14163
spürtet,VERB,14163
squash,VERB,22101
staat,VERB,13423
staate,VERB,13423
staaten,VERB,13423
staates,VERB,13423
staats,VERB,13423
staatsanwalt,PREP,23176
staatsanwältin,PREP,23176
staatsstreich,VERB,25035
stab,PREP,17246
stabes,VERB,17246
stabhochsprung,VERB,21844
stabhochsprungs,VERB,21844
stabs,VERB,17246
stachel,VERB,23627
stachel-,VERB,23627
stachel0,VERB,23627
stachelschwein,VERB,16222
stadt,VERB,13351
stadtbezirk,VERB,23848
stadtrundfahrt,VERB,25030
stadtteil,VERB,23848
stafette,VERB,21841
stafetten,VERB,21841
staffellauf,VERB,21841
staffellaufs,VERB,21841
staffelläufe,VERB,21841
staffelläufen,VERB,21841
stahl,VERB,17258
stahl-,VERB,17258
stahl0,VERB,17258
stahlen,VERB,17258
stahlst,VERB,17258
stahlt,VERB,17258
stall,VERB,12630
stallbursche,PREP,24137
stalles,VERB,12630
stallknecht,PREP,24137
stallknechten,VERB,24137
stallknechts,VERB,24137
stalls,VERB,12630
stamm,VERB,17259
stamm-,VERB,17259
stamm0,VERB,17259
stampfe,VERB,15427
stampfen,PRON,15427
stampfend,VERB,15427
stampfende,VERB,15427
stampfendem,VERB,15427
stampfenden,VERB,15427
stampfender,VERB,15427
stampfendes,VERB,15427
stampfst,VERB,15427
stampft,VERB,15427
stampfte,VERB,15427
stampften,VERB,15427
stampftest,VERB,15427
stampftet,VERB,15427
stand,VERB,24157
stand-,VERB,24157
stand0,VERB,24157
standen,VERB,24157
standest,VERB,24157
standet,VERB,24157
standpunkt,VERB,16214
standst,VERB,24157
stange,VERB,15216
stangen,VERB,15216
stangensellerie,VERB,23833
stapel,VERB,25033
stapel-,VERB,25033
stapel0,VERB,25033
stark,ADJ,17444
starke,VERB,17444
starke erfahrung,VERB,14640
starkem,VERB,17444
starken,VERB,17444
starker,VERB,17444
starker schmerz,VERB,15954
starkes,VERB,17444
starkes erlebnis,VERB,14640
start,VERB,12658
start-,VERB,12658
start- und landebahn,VERB,25366
start0,VERB,12658
starte,VERB,12657
starten,PRON,12657
startend,VERB,12657
startende,VERB,12657
startendem,VERB,12657
startenden,VERB,12657
startender,VERB,12657
startendes,VERB,12657
startest,VERB,12657
startet,VERB,12657
startete,VERB,12657
starteten,VERB,12657
startetest,VERB,12657
startetet,VERB,12657
station,VERB,24284
stationen,VERB,24284
statt,NOUN,12351
staub,VERB,16233
staub-,VERB,16233
staub0,VERB,16233
staubsauger,VERB,22391
staubsauger-,VERB,22391
staubsauger0,VERB,22391
staubsturm,VERB,25872
steak,VERB,25176
steaks,VERB,25176
stechendes insekt,VERB,26018
stechmücke,VERB,15660
stecker,VERB,16207
steckern,VERB,16207
steckers,VERB,16207
stecknadel,VERB,16181
steckverbinder,VERB,24628
stehbrett,VERB,21820
stehen,PRON,17249
stehende person,PREP,16166
stehens,VERB,17249
stehle,VERB,23667
stehlen,PRON,23667
stehlend,VERB,23667
stehlende,VERB,23667
stehlendem,VERB,23667
stehlenden,VERB,23667
stehlender,VERB,23667
stehlendes,VERB,23667
stehlt,VERB,23667
stehtrainer,VERB,17250
steigbügel,VERB,24287
steigen,PRON,16676
steigens,VERB,16676
steigung,VERB,16676
steigungen,VERB,16676
stein,VERB,17266
stein-,VERB,17266
stein0,VERB,17266
steinbock,VERB,22646
steinplanet,VERB,24504
steinzeit,VERB,23222
stellen,PRON,16440
stellen-,VERB,16440
stellen0,VERB,16440
stellung,VERB,16224
stellvertreter,VERB,24759
stellvertreterin,VERB,24759
stengel,VERB,17259
sterben,PRON,13672
sterbens,VERB,13672
sterblich,ADJ,15657
sterbliche,VERB,15657
sterblichem,VERB,15657
sterblichen,VERB,15657
sterblicher,VERB,15657
sterbliches,VERB,15657
steril,ADJ,14939
sterile,VERB,14939
sterilem,VERB,14939
sterilen,VERB,14939
steriler,VERB,14939
sterilere,VERB,14939
sterilerem,VERB,14939
sterileren,VERB,14939
sterilerer,VERB,14939
sterileres,VERB,14939
steriles,VERB,14939
sterilisation,VERB,17262
sterilisationen,VERB,17262
sterilisierung,VERB,17262
sterilst,VERB,14939
sterilste,VERB,14939
sterilstem,VERB,14939
sterilsten,VERB,14939
sterilster,VERB,14939
sterilstes,VERB,14939
stern,VERB,17252
stern-,VERB,17252
stern0,VERB,17252
sternbild,VERB,22633
sternsystem,VERB,24451
stets,ADJ,12368
steuer,VERB,23234
steuer-,VERB,23234
steuer0,VERB,23234
steuerbord,VERB,24760
steuerbords,VERB,24760
steuern,PRON,13883
steuerns,VERB,13883
steuerruder,VERB,22066
steuerung,VERB,13883
steuerungen,VERB,13883
stiefel,VERB,12876
stiefel-,VERB,12876
stiefel0,VERB,12876
stiefeltern,PREP,25812
stiefelternteil,PREP,25812
stiefelternteile,VERB,25812
stiefelternteilen,VERB,25812
stiefelternteiles,VERB,25812
stiefelternteils,VERB,25812
stiefmutter,PREP,17261
stiefsohn,PREP,25813
stiefsohns,VERB,25813
stieftochter,PREP,25811
stiefvater,PREP,17260
stiefvaters,VERB,17260
stiel,VERB,17487
stiele,VERB,17487
stielen,VERB,17487
stieles,VERB,17487
stiels,VERB,17487
stier,VERB,12379
stiere,VERB,12379
stieren,VERB,12379
stift,VERB,15991
stift-,VERB,15991
stift0,VERB,15991
still,ADJ,16982
stille,VERB,16981
stillem,VERB,16982
stillen,VERB,16982
stiller,VERB,16982
stillere,VERB,16982
stillerem,VERB,16982
stilleren,VERB,16982
stillerer,VERB,16982
stilleres,VERB,16982
stilles,VERB,16982
stillst,VERB,16982
stillste,VERB,16982
stillstem,VERB,16982
stillsten,VERB,16982
stillster,VERB,16982
stillstes,VERB,16982
stimmabschnitt,VERB,25657
stimmchen,VERB,23929
stimmchens,VERB,23929
stimme,VERB,23929
stimmen,VERB,23929
stimmgabel,VERB,23975
stimmlage,VERB,23929
stimmung,VERB,15650
stimmzettel,VERB,25657
stinke,VERB,17020
stinken,PRON,17020
stinkend,PRON,17020
stinkende,VERB,17020
stinkendem,VERB,17020
stinkenden,VERB,17020
stinkender,VERB,17020
stinkendes,VERB,17020
stinkst,VERB,17020
stinkt,VERB,17020
stinktier,VERB,17005
stinktiere,VERB,17005
stinktieren,VERB,17005
stinktieres,VERB,17005
stinktiers,VERB,17005
stirn,VERB,14384
stirn-,VERB,14384
stirn0,VERB,14384
stock,VERB,13119
stock-,VERB,13119
stock0,VERB,13119
stockball,VERB,21803
stockwerk,VERB,23085
stoff,VERB,13365
stoff-,VERB,13365
stoff0,VERB,13365
stolz,ADJ,16422
stolzes,VERB,16422
stoma,VERB,25497
stornierung,VERB,24883
stoßen,PRON,16439
stoßens,VERB,16439
stoβ,VERB,24825
strafmandat,VERB,23082
strafverfolgung,VERB,23002
strafzettel,VERB,23082
strahlen,PRON,16956
strahlen-,VERB,16956
strahlen0,VERB,16956
strand,VERB,12640
strand-,VERB,12640
strand0,VERB,12640
strandtennis,VERB,12641
strategie,VERB,25814
strategie-,VERB,25814
strategie0,VERB,25814
strauch,VERB,13092
strauches,VERB,13092
strauchs,VERB,13092
strauß,VERB,15937
strauße,VERB,15937
straußen,VERB,15937
straußes,VERB,15937
straße,VERB,17441
straßen,VERB,17441
straßenbahn,VERB,24316
straßenverkehrsordnung stvo,VERB,25958
strecken,PRON,24291
strecken-,VERB,24291
strecken0,VERB,24291
streichel,VERB,17443
streichele,VERB,17443
streicheln,PRON,17443
streichelnd,VERB,17443
streichelnde,VERB,17443
streichelndem,VERB,17443
streichelnden,VERB,17443
streichelnder,VERB,17443
streichelndes,VERB,17443
streichelst,VERB,17443
streichelt,VERB,17443
streichelte,VERB,17443
streichelten,VERB,17443
streicheltest,VERB,17443
streicheltet,VERB,17443
streichen,PRON,17239
streichens,VERB,17239
streicher,VERB,23818
streicher und saite,VERB,23819
streicherin,VERB,23818
streicherinnen,VERB,23818
streichern,VERB,23818
streichers,VERB,23818
streichholz,VERB,15430
streichinstrument,VERB,23820
streichle,VERB,17443
streichung,VERB,17239
streichungen,VERB,17239
streifen,VERB,15214
streifen-,VERB,15214
streifen0,VERB,15214
streifenhörnchen,VERB,13170
streit,VERB,12414
streit-,VERB,12414
streit0,VERB,12414
streite,VERB,12413
streiten,PRON,12413
streitend,VERB,12413
streitende,VERB,12413
streitendem,VERB,12413
streitenden,VERB,12413
streitender,VERB,12413
streitendes,VERB,12413
streitest,VERB,12413
streitet,VERB,12413
streitkräfte,VERB,12579
stress,VERB,24942
stress-,VERB,24942
stress0,VERB,24942
strich,VERB,15214
strich-,VERB,15214
strich0,VERB,15214
strichen,VERB,15214
strichest,VERB,15214
strichst,VERB,15214
stricht,VERB,15214
strick,VERB,25933
strick-,VERB,25933
strick0,VERB,25933
stricke,VERB,15160
stricken,PRON,15160
strickend,VERB,15160
strickende,VERB,15160
strickendem,VERB,15160
strickenden,VERB,15160
strickender,VERB,15160
strickendes,VERB,15160
strickst,VERB,15160
strickt,VERB,15160
strickte,VERB,15160
strickten,VERB,15160
stricktest,VERB,15160
stricktet,VERB,15160
striegele,VERB,24138
striegeln,PRON,24138
striegelnd,VERB,24138
striegelnde,VERB,24138
striegelndem,VERB,24138
striegelnden,VERB,24138
striegelnder,VERB,24138
striegelndes,VERB,24138
striegelst,VERB,24138
striegelt,VERB,24138
striegelte,VERB,24138
striegelten,VERB,24138
striegeltest,VERB,24138
striegeltet,VERB,24138
striegle,VERB,24138
stroh,VERB,24147
stroh-,VERB,24147
stroh0,VERB,24147
strohhalm,VERB,17277
strom,VERB,13918
strom-,VERB,13918
strom0,VERB,13918
strommesser,VERB,25258
stromschnellen,VERB,22623
struktur,VERB,17445
struktur-,VERB,17445
struktur0,VERB,17445
strumpf,VERB,17264
strumpf-,VERB,17264
strumpf0,VERB,17264
strumpfhose,VERB,17264
student,PREP,17446
studenten,VERB,17446
studentin,PREP,17446
studentinnen,VERB,17446
stufe,VERB,17247
stufen,VERB,17247
stuhl,VERB,13148
stuhl-,VERB,13148
stuhl0,VERB,13148
stuhlgang,VERB,12884
stulle,VERB,23196
stullen,VERB,23196
stunde,VERB,14904
stunden,VERB,14904
stundenplan,VERB,16733
sturm,VERB,17271
sturm-,VERB,17271
sturm0,VERB,17271
sturz,VERB,24894
sturz-,VERB,24894
sturz0,VERB,24894
stute,VERB,24186
stuten,VERB,24186
ställe,VERB,12630
ställen,VERB,12630
ständig,ADJ,12368
ständige,VERB,12368
ständigem,VERB,12368
ständigen,VERB,12368
ständiger,VERB,12368
ständiges,VERB,12368
stärke,VERB,16234
stöckelschuhe,VERB,25456
störung,VERB,25553
stück,OTHER,15972
stück-,VERB,15972
stück0,VERB,15972
stückchen,VERB,17263
stürzen,PRON,13436
stürzens,VERB,13436
stürzung,VERB,13436
stürzungen,VERB,13436
stützkorsett,VERB,24030
substanz,VERB,24515
substanzen,VERB,24515
subtrahiere,VERB,17448
subtrahieren,PRON,17448
subtrahierend,VERB,17448
subtrahierende,VERB,17448
subtrahierendem,VERB,17448
subtrahierenden,VERB,17448
subtrahierender,VERB,17448
subtrahierendes,VERB,17448
subtrahierst,VERB,17448
subtrahiert,VERB,17448
subtrahierte,VERB,17448
subtrahiertem,VERB,17448
subtrahierten,VERB,17448
subtrahierter,VERB,17448
subtrahiertes,VERB,17448
subtrahiertest,VERB,17448
subtrahiertet,VERB,17448
subtraktion,VERB,17449
subtraktionen,VERB,17449
suchen,PRON,16742
suchens,VERB,16742
suchung,VERB,16742
suchungen,VERB,16742
sukkah,VERB,17457
sukkot,VERB,17458
summ,VERB,23884
summe,VERB,23884
summen,VERB,23884
summend,VERB,23884
summende,VERB,23884
summendem,VERB,23884
summenden,VERB,23884
summender,VERB,23884
summendes,VERB,23884
summer,VERB,24616
summern,VERB,24616
summers,VERB,24616
summst,VERB,23884
summt,VERB,23884
summte,VERB,23884
summten,VERB,23884
summtest,VERB,23884
summtet,VERB,23884
sumpf,VERB,17472
sumpf-,VERB,17472
sumpf0,VERB,17472
supermann,VERB,23528
supermarkt,VERB,14645
suppe,VERB,17218
suppen,VERB,17218
suppenkelle,VERB,22573
surfbrett,VERB,21881
sweatshirt,VERB,13371
sweatshirts,VERB,13371
swimmingpool,VERB,17483
swimmingpools,VERB,17483
symboltafel,VERB,17489
sympathisch,ADJ,15717
sympathische,VERB,15717
sympathischem,VERB,15717
sympathischen,VERB,15717
sympathischer,VERB,15717
sympathischere,VERB,15717
sympathischerem,VERB,15717
sympathischeren,VERB,15717
sympathischerer,VERB,15717
sympathischeres,VERB,15717
sympathisches,VERB,15717
sympathischst,VERB,15717
sympathischste,VERB,15717
sympathischstem,VERB,15717
sympathischsten,VERB,15717
sympathischster,VERB,15717
sympathischstes,VERB,15717
synagoge,VERB,17490
synagogen,VERB,17490
synchronschwimmen,VERB,22056
synchronspringen,VERB,22054
synthetischer sprache,VERB,25819
system,VERB,16194
system-,VERB,16194
system0,VERB,16194
säge,VERB,16727
säge-,VERB,16727
säge0,VERB,16727
sänger,PREP,16991
sängerin,PREP,16991
sängerinnen,VERB,16991
sängern,VERB,16991
sängers,VERB,16991
särimner,VERB,22825
säubern,PRON,13357
säuberns,VERB,13357
säuberung,VERB,13357
säuberungen,VERB,13357
säuerlich,ADJ,16944
säuerliche,VERB,16944
säuerlichem,VERB,16944
säuerlichen,VERB,16944
säuerlicher,VERB,16944
säuerlichere,VERB,16944
säuerlicherem,VERB,16944
säuerlicheren,VERB,16944
säuerlicherer,VERB,16944
säuerlicheres,VERB,16944
säuerliches,VERB,16944
säuerlichst,VERB,16944
säuerlichste,VERB,16944
säuerlichstem,VERB,16944
säuerlichsten,VERB,16944
säuerlichster,VERB,16944
säuerlichstes,VERB,16944
süchtigkeit,VERB,24404
süd,VERB,17219
süd-,VERB,17219
süd0,VERB,17219
südafrika,VERB,22615
südafrikas,VERB,22615
südamerika,VERB,22608
südamerikas,VERB,22608
süden,VERB,17219
südens,VERB,17219
südlich,ADJ,17220
südliche,VERB,17220
südlichem,VERB,17220
südlichen,VERB,17220
südlicher,VERB,17220
südlichere,VERB,17220
südlicherem,VERB,17220
südlicheren,VERB,17220
südlicherer,VERB,17220
südlicheres,VERB,17220
südliches,VERB,17220
südlichst,VERB,17220
südlichste,VERB,17220
südlichstem,VERB,17220
südlichsten,VERB,17220
südlichster,VERB,17220
südlichstes,VERB,17220
südpol,VERB,22599
sünde,VERB,16988
sünden,VERB,16988
sünder,PREP,16993
sünderin,PREP,16993
sünderinnen,VERB,16993
sündern,VERB,16993
sünders,VERB,16993
sündige,VERB,16989
sündigen,PRON,16989
sündigend,VERB,16989
sündigende,VERB,16989
sündigendem,VERB,16989
sündigenden,VERB,16989
sündigender,VERB,16989
sündigendes,VERB,16989
sündigst,VERB,16989
sündigt,VERB,16989
sündigte,VERB,16989
sündigten,VERB,16989
sündigtest,VERB,16989
sündigtet,VERB,16989
süß,ADJ,17477
süß-,VERB,17477
süß0,VERB,17477
süße,VERB,17477
süßem,VERB,17477
süßen,VERB,17477
süßer,VERB,17477
süßere,VERB,17477
süßerem,VERB,17477
süßeren,VERB,17477
süßerer,VERB,17477
süßeres,VERB,17477
süßes,VERB,17477
süßest,VERB,17477
süßeste,VERB,17477
süßestem,VERB,17477
süßesten,VERB,17477
süßester,VERB,17477
süßestes,VERB,17477
süßigkeit,VERB,13118
süßigkeiten,VERB,13118
süßigkeitengeschäft,VERB,23228
süßkartoffel,VERB,17480
süßlich,VERB,17477
süßliche,VERB,17477
süßlichem,VERB,17477
süßlichen,VERB,17477
süßlicher,VERB,17477
süßliches,VERB,17477
süßungsmittel,VERB,17453
süßungsmitteln,VERB,17453
süßungsmittels,VERB,17453
t-shirt,VERB,25960
tabak,VERB,17743
tabak-,VERB,17743
tabak0,VERB,17743
tabakpfeife,VERB,16186
tablet,VERB,23672
tablet-computer,VERB,25820
tablet-pc,VERB,25820
tablett,VERB,17773
tablette,VERB,16176
tabletten,VERB,17773
tablettendose,VERB,25138
tablettes,VERB,17773
tabletts,VERB,17773
tachometer,VERB,23217
tachometern,VERB,23217
tachometers,VERB,23217
taco shells,VERB,25821
tacos,VERB,25821
tafel,VERB,12852
tafel-,VERB,12852
tafel0,VERB,12852
tag,VERB,13639
tag der familie,VERB,24103
tag des kindes,VERB,24059
tag und nacht,VERB,23054
tag von jerusalem,VERB,14968
tag vor fest- und feiertagen,VERB,25445
tage,VERB,13639
tagen,VERB,13639
tages,VERB,13639
tagesbetreuung,VERB,13640
tagesereignis,VERB,13625
tagesordnung,VERB,24603
tagesstätte,VERB,13641
tageszentrum,VERB,23055
tags,VERB,13639
tahin,VERB,17495
taille,VERB,18029
taillen,VERB,18029
takele,VERB,25386
takeln,PRON,25386
takelnd,VERB,25386
takelnde,VERB,25386
takelndem,VERB,25386
takelnden,VERB,25386
takelnder,VERB,25386
takelndes,VERB,25386
takelst,VERB,25386
takelt,VERB,25386
takelte,VERB,25386
takelten,VERB,25386
takeltest,VERB,25386
takeltet,VERB,25386
takle,VERB,25386
takling,VERB,25393
tal,VERB,17999
tales,VERB,17999
talkum,VERB,17500
talkumpuder,VERB,17500
talkums,VERB,17500
tallit,VERB,17501
tals,VERB,17999
tamburin,VERB,23964
tamburine,VERB,23964
tamburinen,VERB,23964
tamburins,VERB,23964
tamuz,VERB,17502
tandem,VERB,21816
tandems,VERB,21816
tangerine,VERB,17503
tanker,VERB,22070
tankerfahrzeug,VERB,25951
tankern,VERB,22070
tankers,VERB,22070
tanksattelzug,VERB,25951
tankschiff,VERB,22070
tankstelle,VERB,14425
tanksäule,VERB,14425
tantchen,VERB,12596
tantchens,VERB,12596
tante,PREP,12596
tanten,VERB,12596
tanz,VERB,24853
tanz-,VERB,24853
tanz0,VERB,24853
tanzbar,VERB,13631
tanzbare,VERB,13631
tanzbarem,VERB,13631
tanzbaren,VERB,13631
tanzbarer,VERB,13631
tanzbares,VERB,13631
tanze,VERB,13631
tanzen,PRON,13631
tanzend,VERB,13631
tanzende,VERB,13631
tanzendem,VERB,13631
tanzenden,VERB,13631
tanzender,VERB,13631
tanzendes,VERB,13631
tanzest,VERB,13631
tanzmusik,VERB,23843
tanzt,VERB,13631
tanzte,VERB,13631
tanzten,VERB,13631
tanztest,VERB,13631
tanztet,VERB,13631
tanztherapeut,PREP,21599
tanztherapeutin,PREP,21599
tanztherapie,VERB,24078
tapfer,ADJ,23418
tapfere,VERB,23418
tapferem,VERB,23418
tapferen,VERB,23418
tapferer,VERB,23418
tapferere,VERB,23418
tapfererem,VERB,23418
tapfereren,VERB,23418
tapfererer,VERB,23418
tapfereres,VERB,23418
tapferes,VERB,23418
tapferst,VERB,23418
tapferste,VERB,23418
tapferstem,VERB,23418
tapfersten,VERB,23418
tapferster,VERB,23418
tapferstes,VERB,23418
tarzan,PREP,25385
tarzans,VERB,25385
tasche,VERB,12618
taschen,VERB,12618
taschenlampe,VERB,14196
taschenrechner,VERB,13108
taschentuch,VERB,14671
tasse,VERB,13621
tassen,VERB,13621
tastatur,VERB,23555
tastatur-,VERB,23555
tastatur0,VERB,23555
tastaturabdeckung,VERB,23554
tastbar,VERB,17761
tastbare,VERB,17761
tastbarem,VERB,17761
tastbaren,VERB,17761
tastbarer,VERB,17761
tastbares,VERB,17761
taste,VERB,23553
tasten,PRON,17761
tasten-,VERB,17761
tasten0,VERB,17761
tastend,VERB,17761
tastende,VERB,17761
tastendem,VERB,17761
tastenden,VERB,17761
tastender,VERB,17761
tastendes,VERB,17761
tastengerät,VERB,24638
tastest,VERB,17761
tastet,VERB,17761
tastete,VERB,17761
tasteten,VERB,17761
tastetest,VERB,17761
tastetet,VERB,17761
tastsinn,VERB,25957
tastsinne,VERB,25957
tastsinnen,VERB,25957
tastsinnes,VERB,25957
tastsinns,VERB,25957
tat,VERB,12334
tat-,VERB,12334
tat0,VERB,12334
taten,VERB,12334
tatest,VERB,12334
tatet,VERB,12334
tatkraft,VERB,23865
tatsache,VERB,14139
tatst,VERB,12334
tattoo,VERB,25499
tattoos,VERB,25499
tatze,VERB,13354
tatzen,VERB,13354
tau,VERB,25933
taub,ADJ,13643
taube,VERB,25871
taubem,VERB,13643
tauben,VERB,13643
tauber,VERB,13643
taubere,VERB,13643
tauberem,VERB,13643
tauberen,VERB,13643
tauberer,VERB,13643
tauberes,VERB,13643
taubes,VERB,13643
taubheit,VERB,25543
taubst,VERB,13643
taubste,VERB,13643
taubstem,VERB,13643
taubsten,VERB,13643
taubster,VERB,13643
taubstes,VERB,13643
tauchausrüstung,NOUN,25869
tauchen,VERB,25868
taucher,PREP,25866
taucher-,VERB,25866
taucher0,VERB,25866
taucherausrüstung,NOUN,25869
taucherinnen,VERB,25866
taucherinnen-,VERB,25866
tauchgerät,NOUN,25869
taue,VERB,17699
tauen,PRON,17699
tauend,VERB,17699
tauende,VERB,17699
tauendem,VERB,17699
tauenden,VERB,17699
tauender,VERB,17699
tauendes,VERB,17699
taufe,VERB,21103
taufen,VERB,21103
tauschbar,VERB,14118
tauschbare,VERB,14118
tauschbarem,VERB,14118
tauschbaren,VERB,14118
tauschbarer,VERB,14118
tauschbares,VERB,14118
tausche,VERB,14118
tauschen,PRON,14118
tauschend,VERB,14118
tauschende,VERB,14118
tauschendem,VERB,14118
tauschenden,VERB,14118
tauschender,VERB,14118
tauschendes,VERB,14118
tauscher,VERB,24653
tauschest,VERB,14118
tauschst,VERB,14118
tauscht,VERB,14118
tauschte,VERB,14118
tauschten,VERB,14118
tauschtest,VERB,14118
tauschtet,VERB,14118
tausendfüßer,VERB,25913
tausendfüßern,VERB,25913
tausendfüßers,VERB,25913
taust,VERB,17699
taut,VERB,17699
taute,VERB,17699
tauten,VERB,17699
tautest,VERB,17699
tautet,VERB,17699
taxi,VERB,17509
taxi-,VERB,17509
taxi0,VERB,17509
taxifahrer,PREP,17510
taxifahrerin,PREP,17510
team,PREP,17514
teams,VERB,17514
technik,VERB,25189
technik-,VERB,25189
technik0,VERB,25189
technologie,VERB,25189
technologie-,VERB,25189
technologie0,VERB,25189
tee,VERB,17511
tee-,VERB,17511
tee0,VERB,17511
teelöffel,VERB,22569
teenager,PREP,17516
teenagerin,VERB,17516
teenagerinnen,VERB,17516
teenagern,VERB,17516
teenagers,VERB,17516
teich,VERB,16219
teiche,VERB,16219
teichen,VERB,16219
teiches,VERB,16219
teichs,VERB,16219
teig,VERB,22378
teige,VERB,22378
teigen,VERB,22378
teiges,VERB,22378
teigrolle,VERB,22592
teigrollen,VERB,22592
teigs,VERB,22378
teigtasche,VERB,22128
teigtaschen,VERB,22128
teil,OTHER,15972
teil-,VERB,15972
teil0,VERB,15972
teilen,PRON,13694
teilens,VERB,13694
teilhabe,VERB,16941
teilhaben,PRON,16941
teilhabend,VERB,16941
teilhabende,VERB,16941
teilhabendem,VERB,16941
teilhabenden,VERB,16941
teilhabender,VERB,16941
teilhabendes,VERB,16941
teilhabt,VERB,16941
teilnahme,VERB,23918
teilnehme,VERB,23917
teilnehmen,PRON,23917
teilnehmend,VERB,23917
teilnehmende,VERB,23917
teilnehmendem,VERB,23917
teilnehmenden,VERB,23917
teilnehmender,VERB,23917
teilnehmendes,VERB,23917
teilnehmer,PREP,23916
teilnehmer-,VERB,23916
teilnehmer0,VERB,23916
teilnehmerin,PREP,23916
teilnehmerinnen,VERB,23916
teilnehmerinnen-,VERB,23916
teilnehmt,VERB,23917
teils,VERB,15972
teilung,VERB,13857
teilungen,VERB,13694
telefax,VERB,23497
telefon,VERB,17518
telefon-,VERB,17518
telefon0,VERB,17518
telefonieren,PRON,22904
telefonierens,VERB,22904
telefonkarte,VERB,23677
teleskop,VERB,22635
teleskope,VERB,22635
teleskopen,VERB,22635
teleskops,VERB,22635
teller,VERB,13690
teller-,VERB,13690
teller0,VERB,13690
tellus,VERB,24438
tempel,VERB,13345
tempelchen,VERB,13345
tempelchens,VERB,13345
tempeln,VERB,13345
tempelruine,VERB,24966
tempelruinen,VERB,24966
tempels,VERB,13345
temperatur,VERB,17520
temperatur-,VERB,17520
temperatur0,VERB,17520
tempo,VERB,23216
tempo-,VERB,23216
tempo0,VERB,23216
tennis,VERB,17522
tennisschläger,VERB,16452
tenor,VERB,23966
tenors,VERB,23966
teologie,VERB,23190
teppich,VERB,14203
teppich-,VERB,14203
teppich0,VERB,14203
terasse,VERB,12620
termin,VERB,12406
termin-,VERB,12406
termin0,VERB,12406
termite,VERB,17524
termiten,VERB,17524
terror,VERB,24831
terror-,VERB,24831
terror0,VERB,24831
terrorisieren,PRON,17527
terrorisierens,VERB,17527
terrorisierung,VERB,17527
terrorisierungen,VERB,17527
terrorismus,VERB,24820
terrorist,PREP,17526
terroristen,VERB,17526
terroristin,PREP,17526
terroristinnen,VERB,17526
test,VERB,17528
test-,VERB,17528
test0,VERB,17528
teuer,ADJ,14129
teuerst,VERB,14129
teuerste,VERB,14129
teuerstem,VERB,14129
teuersten,VERB,14129
teuerster,VERB,14129
teuerstes,VERB,14129
teufel,PREP,20568
teufelchen,VERB,20568
teufelchens,VERB,20568
teufelin,VERB,20568
teufelinnen,VERB,20568
teufeln,VERB,20568
teufels,VERB,20568
teure,VERB,14129
teurem,VERB,14129
teuren,VERB,14129
teurer,VERB,14129
teurere,VERB,14129
teurerem,VERB,14129
teureren,VERB,14129
teurerer,VERB,14129
teureres,VERB,14129
teures,VERB,14129
tevet,VERB,17530
text-to-speech,VERB,25819
textilhandwerk,VERB,24308
tfillim,VERB,17531
thai,VERB,25423
thailand,VERB,25416
thailands,VERB,25416
thais,VERB,25423
theater,VERB,23237
theater-,VERB,23237
theater0,VERB,23237
theaterstück,VERB,16199
theke,VERB,12627
theken,VERB,12627
theologe,PREP,23680
theologen,VERB,23680
theologie,VERB,23681
theologin,PREP,23680
theologinnen,VERB,23680
theorie,VERB,25574
theorien,VERB,25574
therapeut,PREP,17706
therapeuten,VERB,17706
therapeutin,PREP,17706
therapeutinnen,VERB,17706
therapie,VERB,21589
therapie-,VERB,21589
therapie0,VERB,21589
thermalquelle,VERB,22632
thermalquellen,VERB,22632
thermometer,VERB,17709
thermosflasche,VERB,17710
thermosflaschen,VERB,17710
thor,PREP,22652
thora,VERB,17760
thors,VERB,22652
thunfisch,VERB,23697
thunfische,VERB,23697
thunfischen,VERB,23697
thunfisches,VERB,23697
thunfischs,VERB,23697
tibet,VERB,23684
tibets,VERB,23684
tide,VERB,22626
tiden,VERB,22626
tief,ADJ,13652
tief-,VERB,13652
tief0,VERB,13652
tiefe,VERB,24918
tiefkühlkost,VERB,14404
tiefkühltruhe,VERB,23514
tiefseetauchen,VERB,22057
tier,VERB,12378
tier-,VERB,12378
tier0,VERB,12378
tierarzt,PREP,25392
tierbaby,VERB,24408
tierexkrement,VERB,24009
tierhaut,VERB,12387
tiermist,VERB,24009
tierärztin,PREP,25392
tiger,VERB,17731
tigerin,VERB,17731
tigerinnen,VERB,17731
tigern,VERB,17731
tigers,VERB,17731
timer,VERB,23238
tintenfisch,VERB,23160
tipp,VERB,17455
tipp-,VERB,17455
tipp0,VERB,17455
tippe,VERB,23698
tippen,PRON,23698
tippend,VERB,23698
tippende,VERB,23698
tippendem,VERB,23698
tippenden,VERB,23698
tippender,VERB,23698
tippendes,VERB,23698
tippst,VERB,23698
tippt,VERB,23698
tippte,VERB,23698
tippten,VERB,23698
tipptest,VERB,23698
tipptet,VERB,23698
tisch,VERB,17493
tisch-,VERB,17493
tisch0,VERB,17493
tischplatte,VERB,23673
tischsportarten,VERB,21800
tischtennis,VERB,16183
tischtuch,VERB,17494
tisha b'av,VERB,17736
tishrai,VERB,17737
titel,VERB,15691
titel-,VERB,15691
titel0,VERB,15691
toast,VERB,17740
toaste,VERB,17741
toasten,PRON,17741
toastend,VERB,17741
toastende,VERB,17741
toastendem,VERB,17741
toastenden,VERB,17741
toastender,VERB,17741
toastendes,VERB,17741
toaster,VERB,17742
toastern,VERB,17742
toasters,VERB,17742
toastest,VERB,17741
toastet,VERB,17741
toastete,VERB,17741
toasteten,VERB,17741
toastetest,VERB,17741
toastetet,VERB,17741
toasts,VERB,17740
tochter,PREP,13638
tod,VERB,13645
tode,VERB,13645
todes,VERB,13645
todestag,VERB,18286
tods,VERB,13645
toilette,VERB,17747
toiletten,VERB,17747
toilettenpapier,VERB,17748
toilettensitz,VERB,24770
tollwut,VERB,16449
tomate,VERB,17749
tomaten,VERB,17749
tomatenmark,VERB,23685
tomatensoße,VERB,23685
tonalität,VERB,23928
tonbandgerät,VERB,17505
tonhöhe,VERB,23928
topf,VERB,16229
topfdeckel,VERB,22583
topfdeckeln,VERB,22583
topfdeckels,VERB,22583
topfes,VERB,16229
topflappen,VERB,22596
topflappens,VERB,22596
topfs,VERB,16229
topfuntersatz,VERB,22595
tor,VERB,14450
tor-,VERB,14450
tor0,VERB,14450
tornado,VERB,23967
tornados,VERB,23967
torte,VERB,16173
torten,VERB,16173
tortilla,VERB,23603
tortillas,VERB,23603
tot,ADJ,13642
tote,PREP,21313
totem,VERB,13642
toten,VERB,13642
totenkopf,VERB,25492
toter,VERB,13642
totes,VERB,13642
touchpad,VERB,23688
touchpads,VERB,23688
touchscreen,VERB,23687
touchscreens,VERB,23687
tourist,PREP,24771
touristen,VERB,24771
touristin,PREP,24771
touristinnen,VERB,24771
trabe,VERB,24319
traben,PRON,24319
trabend,VERB,24319
trabende,VERB,24319
trabendem,VERB,24319
trabenden,VERB,24319
trabender,VERB,24319
trabendes,VERB,24319
trabst,VERB,24319
trabt,VERB,24319
trabte,VERB,24319
trabten,VERB,24319
trabtest,VERB,24319
trabtet,VERB,24319
trachee,VERB,25505
tracheen,VERB,25505
trackball,VERB,23691
trackballs,VERB,23691
trackpad,VERB,23688
tragbar,ADJ,24715
tragbare,VERB,24715
tragbarem,VERB,24715
tragbaren,VERB,24715
tragbarer,VERB,24715
tragbarer pc,VERB,23562
tragbarer rechner,VERB,23562
tragbarere,VERB,24715
tragbarerem,VERB,24715
tragbareren,VERB,24715
tragbarerer,VERB,24715
tragbareres,VERB,24715
tragbares,VERB,24715
tragbarkeit,VERB,24714
tragbarkeiten,VERB,24714
tragbarst,VERB,24715
tragbarste,VERB,24715
tragbarstem,VERB,24715
tragbarsten,VERB,24715
tragbarster,VERB,24715
tragbarstes,VERB,24715
tragebettchen,VERB,13126
tragen,PRON,13125
tragens,VERB,13125
tragödie,VERB,23692
tragödien,VERB,23692
trainiere,VERB,14124
trainieren,PRON,14124
trainierend,VERB,14124
trainierende,VERB,14124
trainierendem,VERB,14124
trainierenden,VERB,14124
trainierender,VERB,14124
trainierendes,VERB,14124
trainierst,VERB,14124
trainiert,VERB,14124
trainierte,VERB,14124
trainiertem,VERB,14124
trainierten,VERB,14124
trainierter,VERB,14124
trainiertes,VERB,14124
trainiertest,VERB,14124
trainiertet,VERB,14124
traktor,VERB,17765
traktore,VERB,17765
traktoren,VERB,17765
traktors,VERB,17765
tram,VERB,24316
trampolin,VERB,17768
trampoline,VERB,17768
trampolinen,VERB,17768
trampolins,VERB,17768
trams,VERB,24316
transparent,ADJ,13358
transparente,VERB,13358
transparentem,VERB,13358
transparenten,VERB,13358
transparenter,VERB,13358
transparentere,VERB,13358
transparenterem,VERB,13358
transparenteren,VERB,13358
transparenterer,VERB,13358
transparenteres,VERB,13358
transparentes,VERB,13358
transparentest,VERB,13358
transparenteste,VERB,13358
transparentestem,VERB,13358
transparentesten,VERB,13358
transparentester,VERB,13358
transparentestes,VERB,13358
transport,VERB,25625
transport-,VERB,25625
transport0,VERB,25625
transportierbar,VERB,13125
transportierbare,VERB,13125
transportierbarem,VERB,13125
transportierbaren,VERB,13125
transportierbarer,VERB,13125
transportierbares,VERB,13125
transportiere,VERB,13125
transportieren,PRON,13125
transportierend,VERB,13125
transportierende,VERB,13125
transportierendem,VERB,13125
transportierenden,VERB,13125
transportierender,VERB,13125
transportierendes,VERB,13125
transportierst,VERB,13125
transportiert,VERB,13125
transportierte,VERB,13125
transportiertem,VERB,13125
transportierten,VERB,13125
transportierter,VERB,13125
transportiertes,VERB,13125
transportiertest,VERB,13125
transportiertet,VERB,13125
transvestit,PREP,17771
transvestiten,VERB,17771
transvestitin,PREP,17770
transvestitinnen,VERB,17771
trapez,VERB,25959
trapeze,VERB,25959
trapezen,VERB,25959
trapezes,VERB,25959
traube,VERB,14635
trauben,VERB,14635
traubensaft,VERB,14633
trauer,VERB,21296
trauere,VERB,21296
trauern,PRON,21296
trauernd,VERB,21296
trauernde,VERB,21296
trauerndem,VERB,21296
trauernden,VERB,21296
trauernder,VERB,21296
trauerndes,VERB,21296
trauerst,VERB,21296
trauert,VERB,21296
trauerte,VERB,21296
trauerten,VERB,21296
trauertest,VERB,21296
trauertet,VERB,21296
traure,VERB,21296
traurig,ADJ,16702
traurige,VERB,16702
traurigem,VERB,16702
traurigen,VERB,16702
trauriger,VERB,16702
traurigere,VERB,16702
traurigerem,VERB,16702
traurigeren,VERB,16702
traurigerer,VERB,16702
traurigeres,VERB,16702
trauriges,VERB,16702
traurigkeit,VERB,16703
traurigst,VERB,16702
traurigste,VERB,16702
traurigstem,VERB,16702
traurigsten,VERB,16702
traurigster,VERB,16702
traurigstes,VERB,16702
treffen,PRON,15449
treffen und abschied,VERB,25584
treffens,VERB,15449
treiben,PRON,14200
treiben lassen,PRON,14200
treibens,VERB,14200
treibung,VERB,14200
treibungen,VERB,14200
trennen,PRON,13859
trennens,VERB,13859
trennschleifer,VERB,22562
trennung,VERB,13858
trennungen,VERB,13859
treppchen,VERB,17247
treppchens,VERB,17247
treppe,VERB,17247
treppen,VERB,17247
treppenabsatz,VERB,23047
treppenstufe,VERB,24761
tretboot,VERB,22088
treten,PRON,15146
tretens,VERB,15146
tretung,VERB,15146
tretungen,VERB,15146
treue,VERB,14172
triangel,VERB,17776
triangeln,VERB,17776
triathlon,VERB,21858
triathlons,VERB,21858
triceratops,VERB,23694
trichter,VERB,22574
trichtern,VERB,22574
trichters,VERB,22574
trikot,VERB,17264
trikots,VERB,17264
trink,VERB,13882
trinkbar,VERB,13882
trinkbare,VERB,13882
trinkbarem,VERB,13882
trinkbaren,VERB,13882
trinkbarer,VERB,13882
trinkbares,VERB,13882
trinke,VERB,13882
trinken,PRON,13882
trinkend,VERB,13882
trinkende,VERB,13882
trinkendem,VERB,13882
trinkenden,VERB,13882
trinkender,VERB,13882
trinkendes,VERB,13882
trinkglas,VERB,14442
trinkhalm,VERB,17277
trinkröhrchen,VERB,17277
trinkst,VERB,13882
trinkt,VERB,13882
trippele,VERB,17733
trippeln,PRON,17733
trippelnd,VERB,17733
trippelnde,VERB,17733
trippelndem,VERB,17733
trippelnden,VERB,17733
trippelnder,VERB,17733
trippelndes,VERB,17733
trippelst,VERB,17733
trippelt,VERB,17733
trippelte,VERB,17733
trippelten,VERB,17733
trippeltest,VERB,17733
trippeltet,VERB,17733
tripple,VERB,17733
trocken,ADJ,13887
trocken-,VERB,13887
trocken0,VERB,13887
trockenboden,VERB,24089
trockene,VERB,13887
trockenem,VERB,13887
trockenen,VERB,13887
trockener,VERB,13887
trockenere,VERB,13887
trockenerem,VERB,13887
trockeneren,VERB,13887
trockenerer,VERB,13887
trockeneres,VERB,13887
trockenes,VERB,13887
trockenheit,VERB,23859
trockenkeller,VERB,24089
trockenraum,VERB,24089
trockenschrank,VERB,24088
trockenst,VERB,13887
trockenste,VERB,13887
trockenstem,VERB,13887
trockensten,VERB,13887
trockenster,VERB,13887
trockenstes,VERB,13887
trocknen,PRON,13888
trocknens,VERB,13888
trocknung,VERB,13888
trocknungen,VERB,13888
troll,PREP,23695
trolle,VERB,23695
trollen,VERB,23695
trolles,VERB,23695
trolls,VERB,23695
trommel,VERB,23854
trommelstock,VERB,23856
trompete,VERB,14895
trompeten,VERB,14895
tropfen,VERB,25701
tropfens,VERB,25701
trophäe,VERB,25773
trophäen,VERB,25773
trosse,VERB,25933
trotzdem,NOUN,12367
truthahn,VERB,17954
truthenne,VERB,17954
truthennen,VERB,17954
träne,VERB,25953
träum,VERB,13875
träume,VERB,13875
träumen,PRON,13875
träumend,VERB,13875
träumende,VERB,13875
träumendem,VERB,13875
träumenden,VERB,13875
träumender,VERB,13875
träumendes,VERB,13875
träumst,VERB,13875
träumt,VERB,13875
träumte,VERB,13875
träumten,VERB,13875
träumtest,VERB,13875
träumtet,VERB,13875
trösten,PRON,13385
tröstens,VERB,13385
tröstung,VERB,13385
tröstungen,VERB,13385
tschechien,VERB,25043
tschechiens,VERB,25043
tschüss,OTHER,16748
tsunami,VERB,23972
tsunamis,VERB,23972
tu b'shvat,VERB,17788
tuba,VERB,23973
tube,VERB,23927
tuben,VERB,23927
tubenligatur,VERB,17789
tuch,VERB,13365
tuch-,VERB,13365
tuch0,VERB,13365
tun,PRON,13860
tunnel,VERB,24321
tunnel-,VERB,24321
tunnel0,VERB,24321
tuns,VERB,13860
turm,VERB,23240
turm-,VERB,23240
turm0,VERB,23240
turmspringer,PREP,25867
turnhalle,VERB,14656
turnmatte,VERB,26006
tv-gerät,VERB,17519
tv-programm,VERB,24773
tyr,PREP,22820
tyrannosaurus,VERB,23699
tätig,ADJ,12336
tätige,VERB,12336
tätigem,VERB,12336
tätigen,VERB,12336
tätiger,VERB,12336
tätigere,VERB,12336
tätigerem,VERB,12336
tätigeren,VERB,12336
tätigerer,VERB,12336
tätigeres,VERB,12336
tätiges,VERB,12336
tätigkeit,VERB,12335
tätigkeiten,VERB,12335
tätigst,VERB,12336
tätigste,VERB,12336
tätigstem,VERB,12336
tätigsten,VERB,12336
tätigster,VERB,12336
tätigstes,VERB,12336
tätowierung,VERB,25499
tödlich,ADJ,25061
tödliche,VERB,25061
tödlichem,VERB,25061
tödlichen,VERB,25061
tödlicher,VERB,25061
tödlichere,VERB,25061
tödlicherem,VERB,25061
tödlicheren,VERB,25061
tödlicherer,VERB,25061
tödlicheres,VERB,25061
tödliches,VERB,25061
tödlichst,VERB,25061
tödlichste,VERB,25061
tödlichstem,VERB,25061
tödlichsten,VERB,25061
tödlichster,VERB,25061
tödlichstes,VERB,25061
tölt,PRON,24230
töltes,VERB,24230
tölts,VERB,24230
tönung,VERB,23928
töpfchen,VERB,24717
töpferei,VERB,24048
töten,PRON,15148
tötens,VERB,15148
tötung,VERB,25104
tötungen,VERB,15148
tüchtig,ADJ,17015
tüchtige,VERB,17015
tüchtigem,VERB,17015
tüchtigen,VERB,17015
tüchtiger,VERB,17015
tüchtigere,VERB,17015
tüchtigerem,VERB,17015
tüchtigeren,VERB,17015
tüchtigerer,VERB,17015
tüchtigeres,VERB,17015
tüchtiges,VERB,17015
tüchtigst,VERB,17015
tüchtigste,VERB,17015
tüchtigstem,VERB,17015
tüchtigsten,VERB,17015
tüchtigster,VERB,17015
tüchtigstes,VERB,17015
tümpel,VERB,16219
tümpeln,VERB,16219
tümpels,VERB,16219
tür,VERB,13866
tür-,VERB,13866
tür0,VERB,13866
türkei,VERB,25206
türkis,NOUN,25389
türkise,VERB,25389
türkisen,VERB,25389
türkises,VERB,25389
türschloss,VERB,25906
u-bahn,VERB,24296
u-bahnhof,VERB,24322
ufer,VERB,12640
ufer-,VERB,12640
ufer0,VERB,12640
uhr,VERB,13363
uhr-,VERB,13363
uhr0,VERB,13363
ukraine,VERB,25207
ukulele,VERB,23979
ukulelen,VERB,23979
um,NOUN,12580
um die wette laufen,PRON,13392
um geld spielen,PRON,24453
um verzeihung bitten,PRON,12404
um zu,NOUN,14382
umarmen,PRON,14909
umarmens,VERB,14909
umarmung,VERB,24848
umarmungen,VERB,14909
umdrehen,PRON,17957
umdrehens,VERB,17957
umdrehung,VERB,17957
umdrehungen,VERB,17957
umfalle,VERB,14142
umfallen,PRON,14142
umfallend,VERB,14142
umfallende,VERB,14142
umfallendem,VERB,14142
umfallenden,VERB,14142
umfallender,VERB,14142
umfallendes,VERB,14142
umfallt,VERB,14142
umfang,VERB,25259
umfanges,VERB,25259
umfangs,VERB,25259
umfänge,VERB,25259
umfängen,VERB,25259
umgeben von,ADJ,25816
umgrenzter raum,VERB,13934
umgrenzung,VERB,13934
umkehrbar,VERB,16500
umkehrbare,VERB,16500
umkehrbarem,VERB,16500
umkehrbaren,VERB,16500
umkehrbarer,VERB,16500
umkehrbares,VERB,16500
umkehre,VERB,16500
umkehren,PRON,16500
umkehrend,VERB,16500
umkehrende,VERB,16500
umkehrendem,VERB,16500
umkehrenden,VERB,16500
umkehrender,VERB,16500
umkehrendes,VERB,16500
umkehrst,VERB,16500
umkehrt,VERB,16500
umkehrte,VERB,16500
umkehrten,VERB,16500
umkehrtest,VERB,16500
umkehrtet,VERB,16500
umkippe,VERB,25921
umkippen,PRON,25921
umkippend,VERB,25921
umkippende,VERB,25921
umkippendem,VERB,25921
umkippenden,VERB,25921
umkippender,VERB,25921
umkippendes,VERB,25921
umkippst,VERB,25921
umkippt,VERB,25921
umkippte,VERB,25921
umkippten,VERB,25921
umkipptest,VERB,25921
umkipptet,VERB,25921
umkreisung,VERB,24249
umlauf,VERB,24249
umlauf-,VERB,24249
umlauf0,VERB,24249
umliegend,ADJ,25816
umliegende,VERB,25816
umliegendem,VERB,25816
umliegenden,VERB,25816
umliegender,VERB,25816
umliegendes,VERB,25816
ums,VERB,12580
umsatzsteuer,VERB,23233
umsichtig,ADJ,13123
umsichtige,VERB,13123
umsichtigem,VERB,13123
umsichtigen,VERB,13123
umsichtiger,VERB,13123
umsichtigere,VERB,13123
umsichtigerem,VERB,13123
umsichtigeren,VERB,13123
umsichtigerer,VERB,13123
umsichtigeres,VERB,13123
umsichtiges,VERB,13123
umsichtigst,VERB,13123
umsichtigste,VERB,13123
umsichtigstem,VERB,13123
umsichtigsten,VERB,13123
umsichtigster,VERB,13123
umsichtigstes,VERB,13123
umsonst,ADJ,25882
umtauschbar,VERB,14118
umtauschbare,VERB,14118
umtauschbarem,VERB,14118
umtauschbaren,VERB,14118
umtauschbarer,VERB,14118
umtauschbares,VERB,14118
umtausche,VERB,14118
umtauschen,PRON,14118
umtauschend,VERB,14118
umtauschende,VERB,14118
umtauschendem,VERB,14118
umtauschenden,VERB,14118
umtauschender,VERB,14118
umtauschendes,VERB,14118
umtauschest,VERB,14118
umtauschst,VERB,14118
umtauscht,VERB,14118
umtauschte,VERB,14118
umtauschten,VERB,14118
umtauschtest,VERB,14118
umtauschtet,VERB,14118
umwandler,VERB,24653
umwandlern,VERB,24653
umwandlers,VERB,24653
umwelt,VERB,13942
umweltschutz,VERB,24224
umweltverschmutzung,VERB,16218
umziehe,VERB,15667
umziehen,PRON,15667
umziehend,VERB,15667
umziehende,VERB,15667
umziehendem,VERB,15667
umziehenden,VERB,15667
umziehender,VERB,15667
umziehendes,VERB,15667
umziehst,VERB,15667
umzieht,VERB,15667
umzingelnd,ADJ,25816
unabhängig,ADJ,24172
unabhängigkeitstag,VERB,14937
unangenehm,ADJ,13927
unartig,ADJ,15695
unaufhörlich,ADJ,21332
unaufhörliche,VERB,21332
unaufhörlichem,VERB,21332
unaufhörlichen,VERB,21332
unaufhörlicher,VERB,21332
unaufhörliches,VERB,21332
unbegrenzt,ADJ,14940
unbegrenzte,VERB,14940
unbegrenztem,VERB,14940
unbegrenzten,VERB,14940
unbegrenzter,VERB,14940
unbegrenztere,VERB,14940
unbegrenzterem,VERB,14940
unbegrenzteren,VERB,14940
unbegrenzterer,VERB,14940
unbegrenzteres,VERB,14940
unbegrenztes,VERB,14940
unbegrenztest,VERB,14940
unbegrenzteste,VERB,14940
unbegrenztestem,VERB,14940
unbegrenztesten,VERB,14940
unbegrenztester,VERB,14940
unbegrenztestes,VERB,14940
unbehagen,VERB,13687
unbehagens,VERB,13687
unbehaglich,ADJ,17968
unbekanntes,VERB,17977
unbelebt,ADJ,21356
unbelebte,VERB,21356
unbelebtem,VERB,21356
unbelebten,VERB,21356
unbelebter,VERB,21356
unbelebtere,VERB,21356
unbelebterem,VERB,21356
unbelebteren,VERB,21356
unbelebterer,VERB,21356
unbelebteres,VERB,21356
unbelebtes,VERB,21356
unbelebtest,VERB,21356
unbelebteste,VERB,21356
unbelebtestem,VERB,21356
unbelebtesten,VERB,21356
unbelebtester,VERB,21356
unbelebtestes,VERB,21356
unbestimmt,ADJ,14429
unbewohnt,ADJ,21356
unbezahlte arbeit,VERB,25826
und,NOUN,12374
undurchlässiges material,VERB,25326
uneinig,ADJ,25865
uneinigkeit,VERB,25864
unendlich,ADJ,14940
unendlichkeit,VERB,24892
unerlaubt,ADJ,23118
unerlaubte,VERB,23118
unerlaubtem,VERB,23118
unerlaubten,VERB,23118
unerlaubter,VERB,23118
unerlaubtere,VERB,23118
unerlaubterem,VERB,23118
unerlaubteren,VERB,23118
unerlaubterer,VERB,23118
unerlaubteres,VERB,23118
unerlaubtes,VERB,23118
unerlaubtest,VERB,23118
unerlaubteste,VERB,23118
unerlaubtestem,VERB,23118
unerlaubtesten,VERB,23118
unerlaubtester,VERB,23118
unerlaubtestes,VERB,23118
unerschrocken,ADJ,23418
unerschrockene,VERB,23418
unerschrockenem,VERB,23418
unerschrockenen,VERB,23418
unerschrockener,VERB,23418
unerschrockenere,VERB,23418
unerschrockenerem,VERB,23418
unerschrockeneren,VERB,23418
unerschrockenerer,VERB,23418
unerschrockeneres,VERB,23418
unerschrockenes,VERB,23418
unerschrockenst,VERB,23418
unerschrockenste,VERB,23418
unerschrockenstem,VERB,23418
unerschrockensten,VERB,23418
unerschrockenster,VERB,23418
unerschrockenstes,VERB,23418
unfair,ADJ,23244
unfaire,VERB,23244
unfairem,VERB,23244
unfairen,VERB,23244
unfairer,VERB,23244
unfairere,VERB,23244
unfairerem,VERB,23244
unfaireren,VERB,23244
unfairerer,VERB,23244
unfaireres,VERB,23244
unfaires,VERB,23244
unfairst,VERB,23244
unfairste,VERB,23244
unfairstem,VERB,23244
unfairsten,VERB,23244
unfairster,VERB,23244
unfairstes,VERB,23244
unfall,VERB,12329
unfall-,VERB,12329
unfall0,VERB,12329
unfrei,ADJ,25131
unfruchtbar,ADJ,14939
ungarn,VERB,24165
ungarns,VERB,24165
ungeduld,VERB,24804
ungeheuer,VERB,15486
ungeheuern,VERB,15486
ungeheuers,VERB,15486
ungekocht,ADJ,16464
ungemach,VERB,13687
ungemaches,VERB,13687
ungemachs,VERB,13687
ungemütlich,ADJ,17968
ungerade zahl,VERB,25761
ungerecht,ADJ,23244
ungesetzlich,ADJ,23118
ungesäuertes brot,VERB,15434
ungeziefer,VERB,14944
ungeziefern,VERB,14944
ungeziefers,VERB,14944
ungezogen,ADJ,15694
ungleich,NOUN,13675
ungleichseitiges dreieck,VERB,25786
unglück,VERB,23801
unglückes,VERB,23801
unglücklich,ADJ,16702
unglücks,VERB,23801
unheimlich,ADJ,25192
unidentifiziertes objekt,VERB,17977
uniform,VERB,25390
uniformen,VERB,25390
uninteressant,ADJ,24827
union,VERB,24324
union jack-muster,VERB,25631
unionen,VERB,24324
universal,ADJ,21380
universal-,VERB,21380
universal0,VERB,21380
universale,VERB,21380
universalem,VERB,21380
universalen,VERB,21380
universaler,VERB,21380
universales,VERB,21380
universität,VERB,17980
universitäten,VERB,17980
universum,VERB,24520
universums,VERB,24520
unmoralisch,ADJ,14929
unrichtig,ADJ,14935
unruhe,VERB,18280
unruhige see,VERB,24737
uns,PREP,18210
unschuld,VERB,23120
unschuldig,ADJ,23121
unser,PREP,15939
unsere,PREP,15939
unserem,VERB,15939
unseren,VERB,15939
unserer,VERB,15939
unseres,VERB,15939
unsern,VERB,15939
unsicher,ADJ,22918
unsichtbar,ADJ,24173
unsichtbare,VERB,24173
unsichtbarem,VERB,24173
unsichtbaren,VERB,24173
unsichtbarer,VERB,24173
unsichtbarere,VERB,24173
unsichtbarerem,VERB,24173
unsichtbareren,VERB,24173
unsichtbarerer,VERB,24173
unsichtbareres,VERB,24173
unsichtbares,VERB,24173
unsichtbarst,VERB,24173
unsichtbarste,VERB,24173
unsichtbarstem,VERB,24173
unsichtbarsten,VERB,24173
unsichtbarster,VERB,24173
unsichtbarstes,VERB,24173
unsinn,VERB,15726
unsinnes,VERB,15726
unsinns,VERB,15726
unsterblichkeit,VERB,13945
unter,NOUN,17969
unter wasser liegende klippe,VERB,24763
unter-,VERB,17969
unter0,VERB,17969
unterarm,VERB,25463
unterarmknochen,VERB,25464
unterbreche,VERB,25741
unterbrechen,PRON,25741
unterbrechend,VERB,25741
unterbrechende,VERB,25741
unterbrechendem,VERB,25741
unterbrechenden,VERB,25741
unterbrechender,VERB,25741
unterbrechendes,VERB,25741
unterbrecht,VERB,25741
unterbrechung,VERB,16497
unterbringung,VERB,24876
unterdrückt,ADJ,25131
unterdrückung,VERB,25132
unterhalb,NOUN,17969
unterhalte,VERB,16728
unterhalten,PRON,16728
unterhaltend,VERB,16728
unterhaltende,VERB,16728
unterhaltendem,VERB,16728
unterhaltenden,VERB,16728
unterhaltender,VERB,16728
unterhaltendes,VERB,16728
unterhaltene,VERB,16728
unterhaltenem,VERB,16728
unterhaltenen,VERB,16728
unterhaltener,VERB,16728
unterhaltenes,VERB,16728
unterhaltet,VERB,16728
unterhemd,VERB,17972
unterhose,VERB,17971
unterkleid,VERB,17012
unterkunft,VERB,14905
unterkörper,VERB,24182
unternehmenslustig,ADJ,25007
unterricht,VERB,14945
unterrichte,VERB,14945
unterrichten,VERB,14945
unterrichtes,VERB,14945
unterrichts,VERB,14945
unterrichtsstunde,VERB,23567
unterrock,VERB,17012
unters,VERB,17969
unterschenkel,VERB,25907
unterschiedlich,ADJ,25405
unterschiedliche,VERB,25405
unterschiedlichem,VERB,25405
unterschiedlichen,VERB,25405
unterschiedlicher,VERB,25405
unterschiedlichere,VERB,25405
unterschiedlicherem,VERB,25405
unterschiedlicheren,VERB,25405
unterschiedlicherer,VERB,25405
unterschiedlicheres,VERB,25405
unterschiedliches,VERB,25405
unterschiedlichst,VERB,25405
unterschiedlichste,VERB,25405
unterschiedlichstem,VERB,25405
unterschiedlichsten,VERB,25405
unterschiedlichster,VERB,25405
unterschiedlichstes,VERB,25405
unterschrift,VERB,16979
unterschriftsstempel,VERB,16980
unterseite,VERB,12881
untersetzer,VERB,22594
unterstütze,VERB,14705
unterstützen,PRON,14705
unterstützend,VERB,14705
unterstützende,VERB,14705
unterstützendem,VERB,14705
unterstützenden,VERB,14705
unterstützender,VERB,14705
unterstützendes,VERB,14705
unterstützest,VERB,14705
unterstützt,VERB,14705
unterstützte,VERB,14705
unterstütztem,VERB,14705
unterstützten,VERB,14705
unterstützter,VERB,14705
unterstütztes,VERB,14705
unterstütztest,VERB,14705
unterstütztet,VERB,14705
unterstützung,VERB,12355
untersuchen,PRON,24935
untersuchens,VERB,24935
untersuchung,VERB,24441
untersuchungen,VERB,24935
unterteil,NOUN,25408
unterwäsche,VERB,17974
untief,ADJ,16935
unverletzlichkeit,VERB,21087
unverletzlichkeiten,VERB,21087
unverzeihlich,ADJ,21294
unverzeihliche,VERB,21294
unverzeihlichem,VERB,21294
unverzeihlichen,VERB,21294
unverzeihlicher,VERB,21294
unverzeihlichere,VERB,21294
unverzeihlicherem,VERB,21294
unverzeihlicheren,VERB,21294
unverzeihlicherer,VERB,21294
unverzeihlicheres,VERB,21294
unverzeihliches,VERB,21294
unverzeihlichst,VERB,21294
unverzeihlichste,VERB,21294
unverzeihlichstem,VERB,21294
unverzeihlichsten,VERB,21294
unverzeihlichster,VERB,21294
unverzeihlichstes,VERB,21294
unwirklich,ADJ,15411
unwirkliche,VERB,15411
unwirklichem,VERB,15411
unwirklichen,VERB,15411
unwirklicher,VERB,15411
unwirklichere,VERB,15411
unwirklicherem,VERB,15411
unwirklicheren,VERB,15411
unwirklicherer,VERB,15411
unwirklicheres,VERB,15411
unwirkliches,VERB,15411
unwirklichst,VERB,15411
unwirklichste,VERB,15411
unwirklichstem,VERB,15411
unwirklichsten,VERB,15411
unwirklichster,VERB,15411
unwirklichstes,VERB,15411
unwohl,ADJ,17968
unzutreffend,ADJ,14935
upward and backward,NOUN,17986
uranus,VERB,24521
urin,VERB,17990
urinblase,VERB,12853
urinflasche,VERB,24775
urinflaschen,VERB,24775
uriniere,VERB,17989
urinieren,PRON,17989
urinierend,VERB,17989
urinierende,VERB,17989
urinierendem,VERB,17989
urinierenden,VERB,17989
urinierender,VERB,17989
urinierendes,VERB,17989
urinierst,VERB,17989
uriniert,VERB,17989
urinierte,VERB,17989
urinierten,VERB,17989
uriniertest,VERB,17989
uriniertet,VERB,17989
urins,VERB,17990
urlaub,VERB,17995
urlaube,VERB,17995
urlauben,VERB,17995
urlaubes,VERB,17995
urlaubs,VERB,17995
urne,VERB,21281
urnen,VERB,21281
ursache,VERB,13134
ursachen,VERB,13134
urteil,VERB,23127
urteil verkünden,PRON,23202
urteile,VERB,23126
urteilen,PRON,23126
urteilend,VERB,23126
urteilende,VERB,23126
urteilendem,VERB,23126
urteilenden,VERB,23126
urteilender,VERB,23126
urteilendes,VERB,23126
urteils,VERB,23127
urteilst,VERB,23126
urteilt,VERB,23126
urteilte,VERB,23126
urteilten,VERB,23126
urteiltest,VERB,23126
urteiltet,VERB,23126
urwald,VERB,25202
urwaldes,VERB,25202
urwalds,VERB,25202
usa,VERB,24776
uterus,VERB,17994
vagina,VERB,17996
vaginas,VERB,17996
valentinstag,VERB,17998
valentinstage,VERB,17998
valentinstagen,VERB,17998
valentinstages,VERB,17998
valentinstagkarte,VERB,17997
valentinstags,VERB,17998
vampir,PREP,25209
vampire,VERB,25209
vampiren,VERB,25209
vampirin,VERB,25209
vampirinnen,VERB,25209
vampirs,VERB,25209
vanille,VERB,22314
vanillesoβe,VERB,22317
vase,VERB,21282
vasektomie,VERB,18002
vasektomien,VERB,18002
vasen,VERB,21282
vater,PREP,14157
vater-,VERB,14157
vater0,VERB,14157
vatertag,VERB,24108
vatikanstaat,VERB,21037
ventilator,VERB,24104
ventilatoren,VERB,24104
ventilators,VERB,24104
venus,VERB,24522
verabredung,VERB,12406
verabscheue,VERB,23845
verabscheuen,PRON,23845
verabscheuend,VERB,23845
verabscheuende,VERB,23845
verabscheuendem,VERB,23845
verabscheuenden,VERB,23845
verabscheuender,VERB,23845
verabscheuendes,VERB,23845
verabscheust,VERB,23845
verabscheut,VERB,23845
verabscheute,VERB,23845
verabscheutem,VERB,23845
verabscheuten,VERB,23845
verabscheuter,VERB,23845
verabscheutes,VERB,23845
verabscheutest,VERB,23845
verabscheutet,VERB,23845
verabschiedung,OTHER,14454
verachten,PRON,23845
verachtens,VERB,23845
verachtung,VERB,23845
verachtungen,VERB,23845
verallgemeinerung,VERB,14430
veranda,VERB,12620
verantwortlich,ADJ,24241
verantwortliche,VERB,24241
verantwortlichem,VERB,24241
verantwortlichen,VERB,24241
verantwortlicher,VERB,24241
verantwortlichere,VERB,24241
verantwortlicherem,VERB,24241
verantwortlicheren,VERB,24241
verantwortlicherer,VERB,24241
verantwortlicheres,VERB,24241
verantwortliches,VERB,24241
verantwortlichkeit,VERB,24240
verantwortlichkeiten,VERB,24240
verantwortlichst,VERB,24241
verantwortlichste,VERB,24241
verantwortlichstem,VERB,24241
verantwortlichsten,VERB,24241
verantwortlichster,VERB,24241
verantwortlichstes,VERB,24241
verarmen,PRON,21307
verarmens,VERB,21307
verarmung,VERB,21307
verarmungen,VERB,21307
verband,VERB,12625
verbandes,VERB,12625
verbands,VERB,12625
verbessern,PRON,14931
verbesserns,VERB,14931
verbesserung,VERB,24856
verbesserungen,VERB,14931
verbeult,ADJ,24421
verbinden,PRON,13381
verbindens,VERB,13381
verbindung,VERB,13380
verbindungen,VERB,13381
verbrannt,ADJ,12923
verbrannte,VERB,12923
verbranntem,VERB,12923
verbrannten,VERB,12923
verbrannter,VERB,12923
verbranntes,VERB,12923
verbrechen,VERB,25036
verbrechens,VERB,25036
verbrechertum,VERB,25038
verbrechertums,VERB,25038
verbreiten,PRON,21058
verbreitens,VERB,21058
verbreitung,VERB,24887
verbreitungen,VERB,21058
verdauen,PRON,13678
verdauens,VERB,13678
verdauung,VERB,13679
verdauungen,VERB,13678
verdauungssystem,VERB,25451
verdichten,PRON,23840
verdichtens,VERB,23840
verdichtung,VERB,23840
verdichtungen,VERB,23840
verdienen,PRON,13898
verdienens,VERB,13898
verein,VERB,13369
vereinbarung,VERB,12354
vereine,VERB,13369
vereinen,VERB,13369
vereines,VERB,13369
vereinigte staaten,VERB,24776
vereins,VERB,13369
verfassung,VERB,24072
verfestigen,VERB,25565
verfestigens,VERB,25565
verfestigung,VERB,25565
verfestigungen,VERB,25565
verfolgen,VERB,25274
verfolgens,VERB,25274
verfolgung,VERB,25274
verfolgungen,VERB,25274
vergabe,VERB,24903
vergabe-,VERB,24903
vergabe0,VERB,24903
vergangen,NOUN,12352
vergangene,VERB,12352
vergangenem,VERB,12352
vergangenen,VERB,12352
vergangener,VERB,12352
vergangenes,VERB,12352
vergangenheit,VERB,15975
vergeben,PRON,14388
vergebens,VERB,14388
vergebung,VERB,21292
vergebungen,VERB,14388
vergesse,VERB,14387
vergessen,PRON,14387
vergessend,VERB,14387
vergessende,VERB,14387
vergessendem,VERB,14387
vergessenden,VERB,14387
vergessender,VERB,14387
vergessendes,VERB,14387
vergessene,VERB,14387
vergessenem,VERB,14387
vergessenen,VERB,14387
vergessener,VERB,14387
vergessenes,VERB,14387
vergessenheit,VERB,24899
vergesst,VERB,14387
vergewaltigung,VERB,16462
vergittert,VERB,18257
vergleichen,PRON,13391
vergleichens,VERB,13391
vergleichung,VERB,13391
vergleichungen,VERB,13391
vergnügen,VERB,17774
vergnügens,VERB,17774
vergnügt,ADJ,14676
vergnügte,VERB,14676
vergnügtem,VERB,14676
vergnügten,VERB,14676
vergnügter,VERB,14676
vergnügtere,VERB,14676
vergnügterem,VERB,14676
vergnügteren,VERB,14676
vergnügterer,VERB,14676
vergnügteres,VERB,14676
vergnügtes,VERB,14676
vergnügtest,VERB,14676
vergnügteste,VERB,14676
vergnügtestem,VERB,14676
vergnügtesten,VERB,14676
vergnügtester,VERB,14676
vergnügtestes,VERB,14676
vergnügung,VERB,17774
vergnügungen,VERB,17774
vergrößern,PRON,14936
vergrößerns,VERB,14936
vergrößerung,VERB,14936
vergrößerungen,VERB,14936
vergrößerungsglas,VERB,24478
verhaften,PRON,23025
verhaftens,VERB,23025
verhaftung,VERB,23025
verhaftungen,VERB,23025
verhalten,VERB,12659
verhaltens,VERB,12659
verheiratet mit,ADJ,25753
verhängnis,VERB,23846
verhängnisse,VERB,23846
verhängnissen,VERB,23846
verhängnisses,VERB,23846
verhärtung,VERB,25565
verhören,PRON,21333
verhörens,VERB,21333
verhütung,VERB,12844
verhütungsmittel,VERB,12631
verkauf,VERB,23069
verkaufe,VERB,16756
verkaufen,PRON,16756
verkaufend,VERB,16756
verkaufende,VERB,16756
verkaufendem,VERB,16756
verkaufenden,VERB,16756
verkaufender,VERB,16756
verkaufendes,VERB,16756
verkaufes,VERB,23069
verkaufs,VERB,23069
verkaufssteuer,VERB,23233
verkaufst,VERB,16756
verkauft,VERB,16756
verkaufte,VERB,16756
verkauftem,VERB,16756
verkauften,VERB,16756
verkaufter,VERB,16756
verkauftes,VERB,16756
verkauftest,VERB,16756
verkauftet,VERB,16756
verkehr,VERB,17766
verkehres,VERB,17766
verkehrs,VERB,17766
verkehrsschild,VERB,24735
verkehrsvorschriften,VERB,25958
verkehrt,ADJ,12615
verkehrte,VERB,12615
verkehrtem,VERB,12615
verkehrten,VERB,12615
verkehrter,VERB,12615
verkehrtere,VERB,12615
verkehrterem,VERB,12615
verkehrteren,VERB,12615
verkehrterer,VERB,12615
verkehrteres,VERB,12615
verkehrtes,VERB,12615
verkehrtest,VERB,12615
verkehrteste,VERB,12615
verkehrtestem,VERB,12615
verkehrtesten,VERB,12615
verkehrtester,VERB,12615
verkehrtestes,VERB,12615
verkleiden,PRON,13878
verkleidens,VERB,13878
verkleidung,VERB,13418
verkleidungen,VERB,13878
verkleinern,PRON,13651
verkleinerns,VERB,13651
verkleinerung,VERB,13651
verkleinerungen,VERB,13651
verknüpfen,PRON,13381
verknüpfens,VERB,13381
verknüpfung,VERB,13381
verknüpfungen,VERB,13381
verkäufe,VERB,23069
verkäufen,VERB,23069
verkäufer,PREP,13359
verkäuferin,PREP,13359
verkäuferinnen,VERB,13359
verkäufern,VERB,13359
verkäufers,VERB,13359
verlangen,PRON,21336
verlangens,VERB,21336
verlasse,VERB,17784
verlassen,PRON,17784
verlassend,VERB,17784
verlassende,VERB,17784
verlassendem,VERB,17784
verlassenden,VERB,17784
verlassender,VERB,17784
verlassendes,VERB,17784
verlassene,VERB,17784
verlassenem,VERB,17784
verlassenen,VERB,17784
verlassener,VERB,17784
verlassenes,VERB,17784
verlasst,VERB,17784
verlautbaren,PRON,21337
verlautbarens,VERB,21337
verlautbarung,VERB,21337
verlautbarungen,VERB,21337
verlegen,ADJ,13926
verlegenheit,VERB,13928
verlegenheiten,VERB,13928
verlegens,VERB,13926
verleger,PREP,25776
verlegerin,PREP,25776
verlegerinnen,VERB,25776
verlegern,VERB,25776
verlegers,VERB,25776
verlegung,VERB,13926
verlegungen,VERB,13926
verleihen,PRON,15192
verleihens,VERB,15192
verleiten,PRON,25755
verleitens,VERB,25755
verleitung,VERB,25755
verleitungen,VERB,25755
verletzen,PRON,14942
verletzens,VERB,14942
verletzt,ADJ,24421
verletzung,VERB,17213
verletzungen,VERB,14942
verliebt,ADJ,24815
verliere,VERB,15394
verlieren,PRON,15394
verlierend,VERB,15394
verlierende,VERB,15394
verlierendem,VERB,15394
verlierenden,VERB,15394
verlierender,VERB,15394
verlierendes,VERB,15394
verlierst,VERB,15394
verliert,VERB,15394
verlobt,ADJ,13937
verlobte,PREP,25297
verlobter,PREP,25296
verlobung,VERB,25293
verlorene eier,VERB,22141
verlosung,VERB,24477
verlust,VERB,15396
verlust-,VERB,15396
verlust0,VERB,15396
vermehren,PRON,14936
vermehrens,VERB,14936
vermehrung,VERB,14936
vermehrungen,VERB,14936
vermessung,VERB,23050
vermieten,PRON,24732
vermietens,VERB,24732
vermietung,VERB,24732
vermietungen,VERB,24732
vermindern,PRON,13651
verminderns,VERB,13651
verminderung,VERB,13651
verminderungen,VERB,13651
vermisse,VERB,15478
vermissen,PRON,15478
vermissend,VERB,15478
vermissende,VERB,15478
vermissendem,VERB,15478
vermissenden,VERB,15478
vermissender,VERB,15478
vermissendes,VERB,15478
vermissest,VERB,15478
vermisst,VERB,15478
vermisste,VERB,15478
vermisstem,VERB,15478
vermissten,VERB,15478
vermisster,VERB,15478
vermisstes,VERB,15478
vermisstest,VERB,15478
vermisstet,VERB,15478
vermuten,PRON,14127
vermutens,VERB,14127
vermutung,VERB,26004
vermutungen,VERB,14127
vernunft,VERB,15471
verpflichtet,ADJ,14383
verreisen,PRON,17772
verreisens,VERB,17772
verriegeln,PRON,15227
verriegelns,VERB,15227
verriegelung,VERB,15227
verriegelungen,VERB,15227
verrieglung,VERB,15227
verrieglungen,VERB,15227
verringern,PRON,13651
verringerns,VERB,13651
verringerung,VERB,13651
verringerungen,VERB,13651
verrühr,VERB,15481
verrührbar,VERB,15481
verrührbare,VERB,15481
verrührbarem,VERB,15481
verrührbaren,VERB,15481
verrührbarer,VERB,15481
verrührbares,VERB,15481
verrühre,VERB,15481
verrühren,PRON,15481
verrührend,VERB,15481
verrührende,VERB,15481
verrührendem,VERB,15481
verrührenden,VERB,15481
verrührender,VERB,15481
verrührendes,VERB,15481
verrührst,VERB,15481
verrührt,VERB,15481
verrührte,VERB,15481
verrührtem,VERB,15481
verrührten,VERB,15481
verrührter,VERB,15481
verrührtes,VERB,15481
verrührtest,VERB,15481
verrührtet,VERB,15481
versagen,PRON,24444
versagens,VERB,24444
versagung,VERB,24444
versagungen,VERB,24444
versammeln,PRON,14426
versammelns,VERB,14426
versammlung,VERB,14427
versammlungen,VERB,14426
verschicken,PRON,15408
verschickens,VERB,15408
verschickung,VERB,15408
verschickungen,VERB,15408
verschieden,ADJ,25405
verschiedene,VERB,25405
verschiedenem,VERB,25405
verschiedenen,VERB,25405
verschiedener,VERB,25405
verschiedenere,VERB,25405
verschiedenerem,VERB,25405
verschiedeneren,VERB,25405
verschiedenerer,VERB,25405
verschiedeneres,VERB,25405
verschiedenes,VERB,25405
verschiedenst,VERB,25405
verschiedenste,VERB,25405
verschiedenstem,VERB,25405
verschiedensten,VERB,25405
verschiedenster,VERB,25405
verschiedenstes,VERB,25405
verschiedentlich,VERB,25405
verschiedentliche,VERB,25405
verschiedentlichem,VERB,25405
verschiedentlichen,VERB,25405
verschiedentlicher,VERB,25405
verschiedentliches,VERB,25405
verschlafe,VERB,25373
verschlafen,ADJ,25373
verschlafend,VERB,25373
verschlafende,VERB,25373
verschlafendem,VERB,25373
verschlafenden,VERB,25373
verschlafender,VERB,25373
verschlafendes,VERB,25373
verschlafene,VERB,25373
verschlafenem,VERB,25373
verschlafenen,VERB,25373
verschlafener,VERB,25373
verschlafenes,VERB,25373
verschlaft,VERB,25373
verschließ,VERB,13364
verschließbar,VERB,13364
verschließbare,VERB,13364
verschließbarem,VERB,13364
verschließbaren,VERB,13364
verschließbarer,VERB,13364
verschließbares,VERB,13364
verschließe,VERB,13364
verschließen,PRON,13364
verschließend,VERB,13364
verschließende,VERB,13364
verschließendem,VERB,13364
verschließenden,VERB,13364
verschließender,VERB,13364
verschließendes,VERB,13364
verschließest,VERB,13364
verschließt,VERB,13364
verschlucke,VERB,13177
verschlucken,PRON,13177
verschluckend,VERB,13177
verschluckende,VERB,13177
verschluckendem,VERB,13177
verschluckenden,VERB,13177
verschluckender,VERB,13177
verschluckendes,VERB,13177
verschluckst,VERB,13177
verschluckt,VERB,13177
verschluckte,VERB,13177
verschlucktem,VERB,13177
verschluckten,VERB,13177
verschluckter,VERB,13177
verschlucktes,VERB,13177
verschlucktest,VERB,13177
verschlucktet,VERB,13177
verschluss,VERB,13098
verschluss-,VERB,13098
verschluss0,VERB,13098
verschmähen,PRON,23845
verschmähens,VERB,23845
verschmähung,VERB,23845
verschmähungen,VERB,23845
verschwenden,PRON,24758
verschwendens,VERB,24758
verschwendung,VERB,24757
verschwendungen,VERB,24758
verschwinden,VERB,21080
verschwindens,VERB,21080
verschütte,VERB,25945
verschütten,PRON,25945
verschüttend,VERB,25945
verschüttende,VERB,25945
verschüttendem,VERB,25945
verschüttenden,VERB,25945
verschüttender,VERB,25945
verschüttendes,VERB,25945
verschüttest,VERB,25945
verschüttet,VERB,25945
verschüttete,VERB,25945
verschüttetem,VERB,25945
verschütteten,VERB,25945
verschütteter,VERB,25945
verschüttetes,VERB,25945
verschüttetest,VERB,25945
verschüttetet,VERB,25945
versenden,PRON,15408
versendens,VERB,15408
versendung,VERB,15408
versendungen,VERB,15408
versessenheit,VERB,24804
versessenheiten,VERB,24804
versicherung,VERB,25576
versprechen,PRON,16417
versprechens,VERB,16417
versprechung,VERB,16417
versprechungen,VERB,16417
verspätet,ADJ,15177
verspüre,VERB,14163
verspüren,PRON,14163
verspürend,VERB,14163
verspürende,VERB,14163
verspürendem,VERB,14163
verspürenden,VERB,14163
verspürender,VERB,14163
verspürendes,VERB,14163
verspürst,VERB,14163
verspürt,VERB,14163
verspürte,VERB,14163
verspürtem,VERB,14163
verspürten,VERB,14163
verspürter,VERB,14163
verspürtes,VERB,14163
verspürtest,VERB,14163
verspürtet,VERB,14163
verstand,VERB,15471
verstandes,VERB,15471
verstands,VERB,15471
versteck,VERB,25079
verstecken,PRON,14710
versteckens,VERB,14710
versteckes,VERB,25079
verstecks,VERB,25079
versteckspiel,VERB,25078
versteckspieles,VERB,25078
versteckspiels,VERB,25078
versteckt,ADJ,25856
versteckte,VERB,25856
verstecktem,VERB,25856
versteckten,VERB,25856
versteckter,VERB,25856
verstecktere,VERB,25856
versteckterem,VERB,25856
versteckteren,VERB,25856
versteckterer,VERB,25856
versteckteres,VERB,25856
verstecktes,VERB,25856
verstecktes ding,VERB,25570
verstecktest,VERB,25856
versteckteste,VERB,25856
verstecktestem,VERB,25856
verstecktesten,VERB,25856
verstecktester,VERB,25856
verstecktestes,VERB,25856
verstehen,PRON,17973
verstehens,VERB,17973
verstopfung,VERB,24070
verstreuen,PRON,21118
verstreuens,VERB,21118
verstreuung,VERB,21118
verstreuungen,VERB,21118
verständlich,ADJ,14961
verständliche,VERB,14961
verständlichem,VERB,14961
verständlichen,VERB,14961
verständlicher,VERB,14961
verständlichere,VERB,14961
verständlicherem,VERB,14961
verständlicheren,VERB,14961
verständlicherer,VERB,14961
verständlicheres,VERB,14961
verständliches,VERB,14961
verständlichst,VERB,14961
verständlichste,VERB,14961
verständlichstem,VERB,14961
verständlichsten,VERB,14961
verständlichster,VERB,14961
verständlichstes,VERB,14961
verständnis,VERB,25629
verständnisse,VERB,25629
verständnissen,VERB,25629
verständnisses,VERB,25629
verstärker,VERB,23804
verstärker-,VERB,23804
verstärker0,VERB,23804
versuch,VERB,17787
versuche,VERB,17787
versuchen,PRON,17787
versuchend,VERB,17787
versuchende,VERB,17787
versuchendem,VERB,17787
versuchenden,VERB,17787
versuchender,VERB,17787
versuchendes,VERB,17787
versuchst,VERB,17787
versucht,VERB,17787
versuchte,VERB,17787
versuchtem,VERB,17787
versuchten,VERB,17787
versuchter,VERB,17787
versuchtes,VERB,17787
versuchtest,VERB,17787
versuchtet,VERB,17787
verteidigen,PRON,23015
verteidigens,VERB,23015
verteidiger,PREP,23012
verteidigerin,PREP,23012
verteidigerinnen,VERB,23012
verteidigern,VERB,23012
verteidigers,VERB,23012
verteidigung,VERB,23057
verteidigungen,VERB,23015
verteilen,PRON,13694
verteilens,VERB,13694
verteilung,VERB,13694
verteilungen,VERB,13694
vertiefung,VERB,25575
vertikal,ADJ,23249
vertikale,VERB,23249
vertikalem,VERB,23249
vertikalen,VERB,23249
vertikaler,VERB,23249
vertikales,VERB,23249
vertrag,VERB,12354
vertrages,VERB,12354
vertrags,VERB,12354
vertrauen,PRON,17784
vertrauens,VERB,17784
vertraulichkeit,VERB,14950
vertraulichkeiten,VERB,14950
vertraut,ADJ,14951
vertraute,VERB,14951
vertrautem,VERB,14951
vertrauten,VERB,14951
vertrauter,VERB,14951
vertrautere,VERB,14951
vertrauterem,VERB,14951
vertrauteren,VERB,14951
vertrauterer,VERB,14951
vertrauteres,VERB,14951
vertrautes,VERB,14951
vertrautest,VERB,14951
vertrauteste,VERB,14951
vertrautestem,VERB,14951
vertrautesten,VERB,14951
vertrautester,VERB,14951
vertrautestes,VERB,14951
vertrauung,VERB,17784
vertrauungen,VERB,17784
vertreten,PRON,23005
vertretens,VERB,23005
vertretung,VERB,24759
vertretungen,VERB,23005
verträge,VERB,12354
verträgen,VERB,12354
verursachen,PRON,13135
verursachens,VERB,13135
verursacht,PRON,13136
verursachung,VERB,13135
verursachungen,VERB,13135
verurteilen,PRON,23202
verurteilens,VERB,23202
verurteilung,VERB,23202
verurteilungen,VERB,23202
verwackelt,ADJ,18253
verwandte,PREP,16481
verwirrung,VERB,13928
verwundert,ADJ,23962
verwurzelung,VERB,16688
verzeichnis,VERB,25089
verzeichnis-,VERB,25089
verzeichnis0,VERB,25089
verzeihen,PRON,14388
verzeihens,VERB,14388
verzeihung,OTHER,17214
verzeihungen,VERB,14388
verzieh,VERB,21381
verziehe,VERB,21381
verziehen,ADJ,21381
verziehend,VERB,21381
verziehende,VERB,21381
verziehendem,VERB,21381
verziehenden,VERB,21381
verziehender,VERB,21381
verziehendes,VERB,21381
verziehene,VERB,21381
verziehenem,VERB,21381
verziehenen,VERB,21381
verziehener,VERB,21381
verziehenes,VERB,21381
verziehst,VERB,21381
verzieht,VERB,21381
verzierung,VERB,24079
verändern,PRON,13152
veränderns,VERB,13152
veränderung,VERB,13151
veränderungen,VERB,13152
verängstigt,ADJ,12347
verängstigte,VERB,12347
verängstigtem,VERB,12347
verängstigten,VERB,12347
verängstigter,VERB,12347
verängstigtere,VERB,12347
verängstigterem,VERB,12347
verängstigteren,VERB,12347
verängstigterer,VERB,12347
verängstigteres,VERB,12347
verängstigtes,VERB,12347
verängstigtst,VERB,12347
verängstigtste,VERB,12347
verängstigtstem,VERB,12347
verängstigtsten,VERB,12347
verängstigtster,VERB,12347
verängstigtstes,VERB,12347
verärgert,ADJ,17985
veröffentlichen,PRON,25775
veröffentlichens,VERB,25775
veröffentlichung,VERB,25774
veröffentlichungen,VERB,25775
veterinär,PREP,25392
veterinäre,VERB,25392
veterinären,VERB,25392
veterinärin,PREP,25392
veterinärinnen,VERB,25392
veterinärs,VERB,25392
vetter,PREP,25279
vettern,VERB,25279
vetters,VERB,25279
vibraphon,VERB,23986
vibraphone,VERB,23986
vibraphonen,VERB,23986
vibraphons,VERB,23986
videogerät,VERB,18011
videokasette,VERB,13128
videorecorder,VERB,18011
viehstall,VERB,25688
viel,ADJ,15671
viel-,VERB,15671
viel0,VERB,15671
viele,VERB,15671
vielem,VERB,15671
vielen,VERB,15671
vieler,VERB,15671
vieles,VERB,15671
vielgötterei,VERB,21026
vielleicht,ADJ,16226
vier,NOUN,8500
vier-,VERB,8500
vier0,VERB,8500
vierblättriges kleeblatt,VERB,25881
viereck,VERB,25620
vierecke,VERB,25620
vierecken,VERB,25620
viereckes,VERB,25620
vierecks,VERB,25620
vierklee,VERB,25881
viertel,NOUN,24932
viertel-,VERB,24932
viertel0,VERB,24932
viertelstunde,VERB,23185
viola,VERB,23982
violas,VERB,23982
violet,NOUN,18014
violine,VERB,23983
violinen,VERB,23983
virus,VERB,23711
virusinfektion,VERB,24523
vishnu,PREP,18016
vision,VERB,21300
visionen,VERB,21300
visum,VERB,24337
visums,VERB,24337
vogel,VERB,12837
vogel-,VERB,12837
vogel0,VERB,12837
vogelhaus,VERB,25660
vogelnest,VERB,25659
volk,VERB,21609
volke,VERB,21609
volkes,VERB,21609
volks,VERB,21609
volkserzählung,VERB,25879
volksmusik,VERB,21611
volksmärchen,VERB,25879
volkssage,VERB,25879
voll,ADJ,14413
voll-,VERB,14413
voll0,VERB,14413
volle,VERB,14413
vollem,VERB,14413
vollen,VERB,14413
voller,VERB,14413
vollere,VERB,14413
vollerem,VERB,14413
volleren,VERB,14413
vollerer,VERB,14413
volleres,VERB,14413
volles,VERB,14413
volleyballspiel,VERB,21804
volleyballspiele,VERB,21804
volleyballspielen,VERB,21804
volleyballspiels,VERB,21804
vollkommen,ADJ,21345
vollkommene,VERB,21345
vollkommenem,VERB,21345
vollkommenen,VERB,21345
vollkommener,VERB,21345
vollkommenes,VERB,21345
vollkommenheit,VERB,21344
vollkommenheiten,VERB,21344
vollmaske,VERB,25354
vollst,VERB,14413
vollste,VERB,14413
vollstem,VERB,14413
vollsten,VERB,14413
vollster,VERB,14413
vollstes,VERB,14413
voltigiere,VERB,24338
voltigieren,PRON,24338
voltigierend,VERB,24338
voltigierende,VERB,24338
voltigierendem,VERB,24338
voltigierenden,VERB,24338
voltigierender,VERB,24338
voltigierendes,VERB,24338
voltigierst,VERB,24338
voltigiert,VERB,24338
voltigierte,VERB,24338
voltigiertem,VERB,24338
voltigierten,VERB,24338
voltigierter,VERB,24338
voltigiertes,VERB,24338
voltigiertest,VERB,24338
voltigiertet,VERB,24338
voltmeter,VERB,23075
voltmeters,VERB,23075
vom aussterben bedroht,ADJ,24094
vom gehirn,VERB,25434
vom himmel,VERB,25566
von,NOUN,12324
von bord gehen,PRON,23478
von wem,NOUN,18247
von zuhause aus arbeiten,PRON,25828
vor,NOUN,12352
vor-,VERB,12352
vor0,VERB,12352
voraus und hinauf,NOUN,17987
voraussehbar,VERB,14127
voraussehbare,VERB,14127
voraussehbarem,VERB,14127
voraussehbaren,VERB,14127
voraussehbarer,VERB,14127
voraussehbares,VERB,14127
voraussehe,VERB,14127
voraussehen,PRON,14127
voraussehend,VERB,14127
voraussehende,VERB,14127
voraussehendem,VERB,14127
voraussehenden,VERB,14127
voraussehender,VERB,14127
voraussehendes,VERB,14127
vorausseht,VERB,14127
vorbei,NOUN,12361
vorbereite,VERB,16244
vorbereiten,PRON,16244
vorbereitend,VERB,16244
vorbereitende,VERB,16244
vorbereitendem,VERB,16244
vorbereitenden,VERB,16244
vorbereitender,VERB,16244
vorbereitendes,VERB,16244
vorbereitest,VERB,16244
vorbereitet,ADJ,16466
vorbereitete,VERB,16244
vorbereitetem,VERB,16466
vorbereiteten,VERB,16244
vorbereiteter,VERB,16466
vorbereitetes,VERB,16466
vorbereitetest,VERB,16244
vorbereitetet,VERB,16244
vorbereitung,VERB,24929
vorderer teil,NOUN,25311
vorderseite,NOUN,25311
vorfahr,PREP,21327
vorfahren,VERB,21327
vorfahrin,PREP,21327
vorgebbar,VERB,15411
vorgebbare,VERB,15411
vorgebbarem,VERB,15411
vorgebbaren,VERB,15411
vorgebbarer,VERB,15411
vorgebbares,VERB,15411
vorgebe,VERB,15411
vorgeben,ADJ,15411
vorgebend,VERB,15411
vorgebende,VERB,15411
vorgebendem,VERB,15411
vorgebenden,VERB,15411
vorgebender,VERB,15411
vorgebendes,VERB,15411
vorgebt,VERB,15411
vorgehe,VERB,12407
vorgehen,VERB,12407
vorgehend,VERB,12407
vorgehende,VERB,12407
vorgehendem,VERB,12407
vorgehenden,VERB,12407
vorgehender,VERB,12407
vorgehendes,VERB,12407
vorgehst,VERB,12407
vorgeht,VERB,12407
vorhang,VERB,13626
vorhaut,VERB,14385
vorhergehend,ADJ,16239
vorhersagen,PRON,21051
vorhersagens,VERB,21051
vorige woche,VERB,15175
voriges jahr,VERB,15176
vorkommen,PRON,16750
vorkommens,VERB,16750
vorläufig,ADJ,24307
vorläufige,VERB,24307
vorläufigem,VERB,24307
vorläufigen,VERB,24307
vorläufiger,VERB,24307
vorläufiges,VERB,24307
vormittag,VERB,15655
vorratskammer,VERB,17270
vors,VERB,12352
vorschlag,VERB,17455
vorschlage,VERB,17454
vorschlagen,PRON,17454
vorschlagend,VERB,17454
vorschlagende,VERB,17454
vorschlagendem,VERB,17454
vorschlagenden,VERB,17454
vorschlagender,VERB,17454
vorschlagendes,VERB,17454
vorschlagt,VERB,17454
vorschrift,VERB,16697
vorschule,VERB,23558
vorsicht,VERB,12594
vorsichtig,ADJ,13123
vorsichtige,VERB,13123
vorsichtigem,VERB,13123
vorsichtigen,VERB,13123
vorsichtiger,VERB,13123
vorsichtigere,VERB,13123
vorsichtigerem,VERB,13123
vorsichtigeren,VERB,13123
vorsichtigerer,VERB,13123
vorsichtigeres,VERB,13123
vorsichtiges,VERB,13123
vorsichtigst,VERB,13123
vorsichtigste,VERB,13123
vorsichtigstem,VERB,13123
vorsichtigsten,VERB,13123
vorsichtigster,VERB,13123
vorsichtigstes,VERB,13123
vorsitzende,PREP,24051
vorsitzenden,VERB,24051
vorsitzender,VERB,24051
vorspeise,VERB,22118
vorspeisen,VERB,22118
vorstand,VERB,24611
vorstanden,VERB,24611
vorstandest,VERB,24611
vorstandet,VERB,24611
vorstandst,VERB,24611
vorstelle,VERB,23547
vorstellen,PRON,23547
vorstellend,VERB,23547
vorstellende,VERB,23547
vorstellendem,VERB,23547
vorstellenden,VERB,23547
vorstellender,VERB,23547
vorstellendes,VERB,23547
vorstellst,VERB,23547
vorstellt,VERB,23547
vorstellte,VERB,23547
vorstellten,VERB,23547
vorstelltest,VERB,23547
vorstelltet,VERB,23547
vortrag,VERB,23564
vortrage,VERB,23565
vortragen,PRON,23565
vortragend,VERB,23565
vortragende,VERB,23565
vortragendem,VERB,23565
vortragenden,VERB,23565
vortragender,VERB,23565
vortragendes,VERB,23565
vortrages,VERB,23564
vortrags,VERB,23564
vortragt,VERB,23565
vortrefflichkeit,VERB,21342
vortrefflichkeiten,VERB,21342
vorträge,VERB,23564
vorträgen,VERB,23564
vorwurf,VERB,23001
vorwärts,NOUN,14390
vorwärts bewegen,PRON,12343
vorzimmer,VERB,15224
vorübergehend,ADJ,24307
voyeurismus,VERB,18023
vulkan,VERB,18020
vulkan-,VERB,18020
vulkan0,VERB,18020
vulkanausbruch,VERB,24652
vulva,VERB,18025
völkergruppen im norden,VERB,25923
völkermord,VERB,21612
waage,VERB,16729
waagen,VERB,16729
waagerecht,ADJ,23116
waagerechte,VERB,23116
waagerechtem,VERB,23116
waagerechten,VERB,23116
waagerechter,VERB,23116
waagerechtere,VERB,23116
waagerechterem,VERB,23116
waagerechteren,VERB,23116
waagerechterer,VERB,23116
waagerechteres,VERB,23116
waagerechtes,VERB,23116
waagerechtest,VERB,23116
waagerechteste,VERB,23116
waagerechtestem,VERB,23116
waagerechtesten,VERB,23116
waagerechtester,VERB,23116
waagerechtestes,VERB,23116
wach,ADJ,12601
wach-,VERB,12601
wach0,VERB,12601
wachdienst,VERB,14650
wache,VERB,12601
wachem,VERB,12601
wachen,VERB,12601
wacher,VERB,12601
wachere,VERB,12601
wacherem,VERB,12601
wacheren,VERB,12601
wacherer,VERB,12601
wacheres,VERB,12601
waches,VERB,12601
wachheit,VERB,24949
wachhund,VERB,25962
wachsam,ADJ,18046
wachsame,VERB,18046
wachsamem,VERB,18046
wachsamen,VERB,18046
wachsamer,VERB,18046
wachsamere,VERB,18046
wachsamerem,VERB,18046
wachsameren,VERB,18046
wachsamerer,VERB,18046
wachsameres,VERB,18046
wachsames,VERB,18046
wachsamkeit,VERB,24949
wachsamst,VERB,18046
wachsamste,VERB,18046
wachsamstem,VERB,18046
wachsamsten,VERB,18046
wachsamster,VERB,18046
wachsamstes,VERB,18046
wachsbohne,VERB,17442
wachsen,PRON,14649
wachsens,VERB,14649
wachsmaler,VERB,13604
wachst,VERB,12601
wachste,VERB,12601
wachstem,VERB,12601
wachsten,VERB,12601
wachster,VERB,12601
wachstes,VERB,12601
wachstum,VERB,24905
wachstums,VERB,24905
wackel,VERB,16934
wackele,VERB,16934
wackelig,ADJ,18253
wackeln,PRON,16934
wackelnd,VERB,16934
wackelnde,VERB,16934
wackelndem,VERB,16934
wackelnden,VERB,16934
wackelnder,VERB,16934
wackelndes,VERB,16934
wackelst,VERB,16934
wackelt,VERB,16934
wackelte,VERB,16934
wackelten,VERB,16934
wackeltest,VERB,16934
wackeltet,VERB,16934
wackle,VERB,16934
waffe,VERB,13120
waffel,VERB,22126
waffeln,VERB,22126
waffen,VERB,13120
waffenruhe,VERB,24424
waffenruhen,VERB,24424
waffenstillstand,VERB,24424
waffenstillstandes,VERB,24424
waffenstillstands,VERB,24424
wagen,VERB,13127
wagen-,VERB,13127
wagen0,VERB,13127
wahl,VERB,13175
wahl-,VERB,13175
wahl0,VERB,13175
wahr,ADJ,17782
wahre,VERB,17782
wahrem,VERB,17782
wahren,VERB,17782
wahrer,VERB,17782
wahrere,VERB,17782
wahrerem,VERB,17782
wahreren,VERB,17782
wahrerer,VERB,17782
wahreres,VERB,17782
wahres,VERB,17782
wahrheit,VERB,17786
wahrheiten,VERB,17786
wahrlich,VERB,17782
wahrliche,VERB,17782
wahrlichem,VERB,17782
wahrlichen,VERB,17782
wahrlicher,VERB,17782
wahrliches,VERB,17782
wahrscheinlich,ADJ,16252
wahrscheinliche,VERB,16252
wahrscheinlichem,VERB,16252
wahrscheinlichen,VERB,16252
wahrscheinlicher,VERB,16252
wahrscheinlichere,VERB,16252
wahrscheinlicherem,VERB,16252
wahrscheinlicheren,VERB,16252
wahrscheinlicherer,VERB,16252
wahrscheinlicheres,VERB,16252
wahrscheinliches,VERB,16252
wahrscheinlichst,VERB,16252
wahrscheinlichste,VERB,16252
wahrscheinlichstem,VERB,16252
wahrscheinlichsten,VERB,16252
wahrscheinlichster,VERB,16252
wahrscheinlichstes,VERB,16252
wahrst,VERB,17782
wahrste,VERB,17782
wahrstem,VERB,17782
wahrsten,VERB,17782
wahrster,VERB,17782
wahrstes,VERB,17782
wal,VERB,18227
wald,VERB,14386
wald-,VERB,14386
wald0,VERB,14386
waldelfe,PREP,23663
waldhorn,VERB,23825
waldmurmeltier,VERB,14460
waldschrat,PREP,23695
waldschrate,VERB,23695
waldschraten,VERB,23695
waldschrates,VERB,23695
waldschrats,VERB,23695
wale,VERB,18227
walen,VERB,18227
wales,VERB,18227
walhalla,VERB,22827
wallach,VERB,24130
wallache,VERB,24130
wallachen,VERB,24130
wallaches,VERB,24130
wallachs,VERB,24130
walross,VERB,23704
walrosse,VERB,23704
walrossen,VERB,23704
walrosses,VERB,23704
wals,VERB,18227
wand,VERB,18033
wandern,PRON,25320
wanderns,VERB,25320
wanderung,VERB,25320
wanderungen,VERB,25320
wandklettern,VERB,22111
wandtafel,VERB,12852
wange,VERB,13156
wangen,VERB,13156
wangenrouge,VERB,16692
wann,NOUN,18234
wann auch immer,ADJ,14115
ware,VERB,14457
waren,VERB,14457
warm,ADJ,18037
warm-,VERB,18037
warm0,VERB,18037
warme,VERB,18037
warmem,VERB,18037
warmen,VERB,18037
warmer,VERB,18037
warmes,VERB,18037
warmhalteflasche,VERB,17710
warmhalteplatte,VERB,22593
warnen,PRON,25210
warnens,VERB,25210
warnung,VERB,25211
warnungen,VERB,25210
warten,PRON,18030
wartens,VERB,18030
warteraum,VERB,15224
wartung,VERB,18030
wartungen,VERB,18030
warum,NOUN,18249
warze,VERB,24329
warzen,VERB,24329
was,NOUN,18228
was für ein,NOUN,18231
was wie bitte,NOUN,18229
waschbar,ADJ,18039
waschbecken,VERB,16992
waschbär,VERB,16450
waschen,PRON,18038
waschens,VERB,18038
waschlappen,VERB,18040
waschmaschine,VERB,18041
waschmittel,VERB,17200
waschraum,VERB,12637
waschsalon,VERB,15179
waschung,VERB,18038
waschungen,VERB,18038
wasser,VERB,18209
wasser auf land,VERB,25633
wasser-,VERB,18209
wasser0,VERB,18209
wasserball,VERB,21805
wasserbrunnen,VERB,25824
wassereis am stiel,VERB,22367
wasserenergie,VERB,25087
wasserfall,VERB,22622
wasserflugzeug,VERB,22104
wasserhahn,VERB,24516
wasserkocher,VERB,22587
wasserlache,VERB,25777
wasserlebewesen,VERB,23706
wassermann,VERB,22647
wassermesser,VERB,23246
wassermotorrad,VERB,21884
wassernymphe,PREP,23579
wasserschlange,VERB,17190
wasserschutz,VERB,25597
wasserski,VERB,21883
wasserspiel,VERB,23707
wassersport,VERB,21626
wassertier,VERB,25632
wasserturm,VERB,23247
wasseruhr,VERB,23246
wasservogel,VERB,12840
wasserzähler,VERB,23246
watte,VERB,23048
watte-,VERB,23048
watte0,VERB,23048
wattebällchen,VERB,23048
web,VERB,18215
webe,VERB,18215
weben,PRON,18215
webend,VERB,18215
webende,VERB,18215
webendem,VERB,18215
webenden,VERB,18215
webender,VERB,18215
webendes,VERB,18215
weblog,VERB,25661
weblogs,VERB,25661
webseite,VERB,23709
website,VERB,23709
websites,VERB,23709
webst,VERB,18215
webt,VERB,18215
webte,VERB,18215
webten,VERB,18215
webtest,VERB,18215
webtet,VERB,18215
wechsel,VERB,25257
wechsel-,VERB,25257
wechsel0,VERB,25257
wechselbar,VERB,13152
wechselbare,VERB,13152
wechselbarem,VERB,13152
wechselbaren,VERB,13152
wechselbarer,VERB,13152
wechselbares,VERB,13152
wechsele,VERB,13152
wechselhaft,ADJ,25255
wechselhafte,VERB,25255
wechselhaftem,VERB,25255
wechselhaften,VERB,25255
wechselhafter,VERB,25255
wechselhaftere,VERB,25255
wechselhafterem,VERB,25255
wechselhafteren,VERB,25255
wechselhafterer,VERB,25255
wechselhafteres,VERB,25255
wechselhaftes,VERB,25255
wechselhaftest,VERB,25255
wechselhafteste,VERB,25255
wechselhaftestem,VERB,25255
wechselhaftesten,VERB,25255
wechselhaftester,VERB,25255
wechselhaftestes,VERB,25255
wechseljahre,VERB,15453
wechseln,PRON,13152
wechselnd,VERB,13152
wechselnde,VERB,13152
wechselndem,VERB,13152
wechselnden,VERB,13152
wechselnder,VERB,13152
wechselndes,VERB,13152
wechselst,VERB,13152
wechselstrom,VERB,25256
wechselt,VERB,13152
wechselte,VERB,13152
wechselten,VERB,13152
wechseltest,VERB,13152
wechseltet,VERB,13152
wechsle,VERB,13152
wecker,VERB,24616
weckern,VERB,24616
weckers,VERB,24616
weder,NOUN,15706
weg,NOUN,12602
weg-,VERB,12602
weg0,VERB,12602
wegen,VERB,12602
weghole,VERB,17498
wegholen,PRON,17498
wegholend,VERB,17498
wegholende,VERB,17498
wegholendem,VERB,17498
wegholenden,VERB,17498
wegholender,VERB,17498
wegholendes,VERB,17498
wegholst,VERB,17498
wegholt,VERB,17498
wegholte,VERB,17498
wegholten,VERB,17498
wegholtest,VERB,17498
wegholtet,VERB,17498
wegmesser,VERB,23161
wegstreckenzähler,VERB,23161
wegwerfe,VERB,24090
wegwerfen,PRON,24090
wegwerfend,VERB,24090
wegwerfende,VERB,24090
wegwerfendem,VERB,24090
wegwerfenden,VERB,24090
wegwerfender,VERB,24090
wegwerfendes,VERB,24090
wegwerft,VERB,24090
weh,VERB,12862
wehe,VERB,13405
wehen,PRON,12862
wehend,VERB,12862
wehende,VERB,12862
wehendem,VERB,12862
wehenden,VERB,12862
wehender,VERB,12862
wehendes,VERB,12862
wehrpflicht,VERB,15467
wehrpflichten,VERB,15467
wehst,VERB,12862
weht,VERB,12862
wehte,VERB,12862
wehten,VERB,12862
wehtest,VERB,12862
wehtet,VERB,12862
wehtue,VERB,14942
wehtun,PRON,14942
wehtust,VERB,14942
wehtut,VERB,14942
weiblich,ADJ,14165
weibliche,VERB,14165
weiblichem,VERB,14165
weiblichen,VERB,14165
weiblicher,VERB,14165
weiblichere,VERB,14165
weiblicherem,VERB,14165
weiblicheren,VERB,14165
weiblicherer,VERB,14165
weiblicheres,VERB,14165
weibliches,VERB,14165
weiblichst,VERB,14165
weiblichste,VERB,14165
weiblichstem,VERB,14165
weiblichsten,VERB,14165
weiblichster,VERB,14165
weiblichstes,VERB,14165
weich,ADJ,17186
weich-,VERB,17186
weich0,VERB,17186
weichbodenmatte,VERB,26006
weiche,VERB,17186
weichem,VERB,17186
weichen,VERB,17186
weicher,VERB,17186
weichere,VERB,17186
weicherem,VERB,17186
weicheren,VERB,17186
weicherer,VERB,17186
weicheres,VERB,17186
weiches,VERB,17186
weichkäse,VERB,22359
weichst,VERB,17186
weichste,VERB,17186
weichstem,VERB,17186
weichsten,VERB,17186
weichster,VERB,17186
weichstes,VERB,17186
weide,VERB,24208
weide-,VERB,24208
weide0,VERB,24208
weideland,VERB,24208
weiden,PRON,25764
weiden-,VERB,25764
weiden0,VERB,25764
weih,VERB,21084
weihe,VERB,21084
weihen,PRON,21084
weihend,VERB,21084
weihende,VERB,21084
weihendem,VERB,21084
weihenden,VERB,21084
weihender,VERB,21084
weihendes,VERB,21084
weihnachte,VERB,13181
weihnachten,VERB,13181
weihnachtend,VERB,13181
weihnachtende,VERB,13181
weihnachtendem,VERB,13181
weihnachtenden,VERB,13181
weihnachtender,VERB,13181
weihnachtendes,VERB,13181
weihnachtet,VERB,13181
weihnachtsabend,VERB,25441
weihnachtsbaum,VERB,21371
weihnachtslied,VERB,24623
weihnachtspudding,VERB,22308
weihrauch,VERB,21358
weihst,VERB,21084
weiht,VERB,21084
weihte,VERB,21084
weihten,VERB,21084
weihtest,VERB,21084
weihtet,VERB,21084
weil,NOUN,12647
wein,VERB,18258
wein-,VERB,18258
wein- und spirituosenhandlung,VERB,23145
wein0,VERB,18258
weinblatt,VERB,23504
weine,VERB,13618
weinen,PRON,13618
weinend,VERB,13618
weinende,VERB,13618
weinendem,VERB,13618
weinenden,VERB,13618
weinender,VERB,13618
weinendes,VERB,13618
weinglas,VERB,21363
weinst,VERB,13618
weint,VERB,13618
weinte,VERB,13618
weinten,VERB,13618
weintest,VERB,13618
weintet,VERB,13618
weintraube,VERB,14635
weissagen,PRON,21049
weissagens,VERB,21049
weissagung,VERB,21049
weissagungen,VERB,21049
weit,ADJ,18250
weite,VERB,24875
weitem,VERB,18250
weiten,VERB,18250
weiter,VERB,18250
weitere,VERB,18250
weiterem,VERB,18250
weiteren,VERB,18250
weiterer,VERB,18250
weiteres,VERB,18250
weiterführung,VERB,24881
weiterhin,ADJ,24285
weites,VERB,18250
weitest,VERB,18250
weiteste,VERB,18250
weitestem,VERB,18250
weitesten,VERB,18250
weitester,VERB,18250
weitestes,VERB,18250
weitsprung,VERB,21845
weizen,VERB,24780
weizen-,VERB,24780
weizen0,VERB,24780
weiß,NOUN,18242
weiß-,VERB,18242
weiß0,VERB,18242
weiße,VERB,18242
weißem,VERB,18242
weißen,VERB,18242
weißer,VERB,18242
weißes,VERB,18242
weißkohl,VERB,23502
weißlich,VERB,18242
weißliche,VERB,18242
weißlichem,VERB,18242
weißlichen,VERB,18242
weißlicher,VERB,18242
weißliches,VERB,18242
weißrussland,VERB,25020
weißrusslands,VERB,25020
welche,NOUN,16482
welche art,NOUN,18230
welche sorte,NOUN,18230
welcher,NOUN,16482
welches,NOUN,16482
welle,VERB,21880
wellen,VERB,21880
wellenkraft,VERB,25212
wellenlänge bei seegang,VERB,25391
wellensittich,VERB,15963
welt,VERB,18278
welt-,VERB,18278
welt0,VERB,18278
weltall,VERB,24520
weltanschauungsunterricht,VERB,23615
weltmeer,VERB,15909
weltraumfahrt,VERB,25173
weltraumflug,VERB,25173
weltweit,ADJ,21380
weltweite,VERB,21380
weltweitem,VERB,21380
weltweiten,VERB,21380
weltweiter,VERB,21380
weltweites,VERB,21380
wen,NOUN,18244
wende,VERB,25627
wenden,VERB,25627
wenig,ADJ,14171
wenige,VERB,14171
wenigem,VERB,14171
wenigen,VERB,14171
weniger,ADJ,15195
weniger als,NOUN,16479
weniges,VERB,14171
wenn,NOUN,18234
wenn nicht,NOUN,17981
wer,NOUN,18244
werbeplakat,VERB,16977
werbung,VERB,12344
werbung machen,PRON,23172
werden,PRON,12648
werdens,VERB,12648
werfe,VERB,17725
werfen,PRON,17725
werfend,VERB,17725
werfende,VERB,17725
werfendem,VERB,17725
werfenden,VERB,17725
werfender,VERB,17725
werfendes,VERB,17725
werft,VERB,17725
werksanlage,VERB,14140
werkstatt,VERB,23205
werkzeug,VERB,17755
werkzeug-,VERB,17755
werkzeug0,VERB,17755
wert,VERB,13949
wert-,VERB,13949
wert0,VERB,13949
wertvoll,ADJ,25142
wertvolle,VERB,25142
wertvollem,VERB,25142
wertvollen,VERB,25142
wertvoller,VERB,25142
wertvollere,VERB,25142
wertvollerem,VERB,25142
wertvolleren,VERB,25142
wertvollerer,VERB,25142
wertvolleres,VERB,25142
wertvolles,VERB,25142
wertvolles ding,VERB,25143
wertvollst,VERB,25142
wertvollste,VERB,25142
wertvollstem,VERB,25142
wertvollsten,VERB,25142
wertvollster,VERB,25142
wertvollstes,VERB,25142
werwolf,PREP,25218
werwolfes,VERB,25218
werwolfs,VERB,25218
wessen,NOUN,18248
west,VERB,18224
westen,VERB,18224
westens,VERB,18224
westlich,ADJ,18225
westliche,VERB,18225
westlichem,VERB,18225
westlichen,VERB,18225
westlicher,VERB,18225
westlichere,VERB,18225
westlicherem,VERB,18225
westlicheren,VERB,18225
westlicherer,VERB,18225
westlicheres,VERB,18225
westliches,VERB,18225
westlichst,VERB,18225
westlichste,VERB,18225
westlichstem,VERB,18225
westlichsten,VERB,18225
westlichster,VERB,18225
westlichstes,VERB,18225
wettbewerb,VERB,16451
wettbewerbe,VERB,16451
wettbewerben,VERB,16451
wettbewerbes,VERB,16451
wettbewerbs,VERB,16451
wette,VERB,24413
wetteifer,VERB,13392
wetteifere,VERB,13392
wetteifern,PRON,13392
wetteifernd,VERB,13392
wetteifernde,VERB,13392
wetteiferndem,VERB,13392
wetteifernden,VERB,13392
wetteifernder,VERB,13392
wetteiferndes,VERB,13392
wetteiferst,VERB,13392
wetteifert,VERB,13392
wetteiferte,VERB,13392
wetteiferten,VERB,13392
wetteifertest,VERB,13392
wetteifertet,VERB,13392
wetteifre,VERB,13392
wetteinsatz,VERB,24413
wetten,PRON,24414
wettens,VERB,24414
wetter,VERB,18214
wetter-,VERB,18214
wetter0,VERB,18214
wettersatellit,VERB,24779
wettervorhersage,VERB,22637
wettrenne,VERB,16451
wettrennen,VERB,16451
wettrennst,VERB,16451
wettrennt,VERB,16451
wettspiel,VERB,24415
whiteboard,VERB,12852
wichtel,PREP,23481
wichteln,VERB,23481
wichtels,VERB,23481
wichtig,ADJ,14930
wichtige,VERB,14930
wichtigem,VERB,14930
wichtigen,VERB,14930
wichtiger,VERB,14930
wichtigere,VERB,14930
wichtigerem,VERB,14930
wichtigeren,VERB,14930
wichtigerer,VERB,14930
wichtigeres,VERB,14930
wichtiges,VERB,14930
wichtigkeit,VERB,24913
wichtigkeiten,VERB,24913
wichtigst,VERB,14930
wichtigste,VERB,14930
wichtigstem,VERB,14930
wichtigsten,VERB,14930
wichtigster,VERB,14930
wichtigstes,VERB,14930
wickeln,PRON,25398
wickelns,VERB,25398
wickelung,VERB,25398
wickelungen,VERB,25398
wicket,VERB,21809
wicklung,VERB,25398
wicklungen,VERB,25398
widder,VERB,22638
widdern,VERB,22638
widders,VERB,22638
widerspreche,VERB,25863
widersprechen,PRON,25863
widersprechend,ADJ,25865
widersprechende,VERB,25863
widersprechendem,VERB,25863
widersprechenden,VERB,25863
widersprechender,VERB,25863
widersprechendes,VERB,25863
widersprecht,VERB,25863
widerspruch,VERB,23066
widerspruches,VERB,23066
widerspruchs,VERB,23066
widerwille,VERB,13691
widerwillen,VERB,13691
wie,NOUN,14906
wie schade,OTHER,17698
wie viel,NOUN,14908
wieder,NOUN,12350
wieder-,VERB,12350
wieder0,VERB,12350
wiederherstellbar,VERB,23630
wiederherstellbare,VERB,23630
wiederherstellbarem,VERB,23630
wiederherstellbaren,VERB,23630
wiederherstellbarer,VERB,23630
wiederherstellbares,VERB,23630
wiederherstelle,VERB,23630
wiederherstellen,PRON,23630
wiederherstellend,VERB,23630
wiederherstellende,VERB,23630
wiederherstellendem,VERB,23630
wiederherstellenden,VERB,23630
wiederherstellender,VERB,23630
wiederherstellendes,VERB,23630
wiederherstellst,VERB,23630
wiederherstellt,VERB,23630
wiederherstellte,VERB,23630
wiederherstellten,VERB,23630
wiederherstelltest,VERB,23630
wiederherstelltet,VERB,23630
wiederholen,PRON,16487
wiederholens,VERB,16487
wiederholung,VERB,24934
wiederholungen,VERB,16487
wiederkehr,VERB,16499
wiederlich,OTHER,17963
wieg,VERB,18220
wiege,VERB,18220
wiegen,PRON,18220
wiegen-,VERB,18220
wiegen0,VERB,18220
wiegend,VERB,18220
wiegende,VERB,18220
wiegendem,VERB,18220
wiegenden,VERB,18220
wiegender,VERB,18220
wiegendes,VERB,18220
wiegenlied,VERB,23835
wiegst,VERB,18220
wiegt,VERB,18220
wiegte,VERB,18220
wiegten,VERB,18220
wiegtest,VERB,18220
wiegtet,VERB,18220
wiehere,VERB,24199
wiehern,PRON,24199
wiehernd,VERB,24199
wiehernde,VERB,24199
wieherndem,VERB,24199
wiehernden,VERB,24199
wiehernder,VERB,24199
wieherndes,VERB,24199
wieherst,VERB,24199
wiehert,VERB,24199
wieherte,VERB,24199
wieherten,VERB,24199
wiehertest,VERB,24199
wiehertet,VERB,24199
wiehre,VERB,24199
wiese,VERB,15180
wiesen,VERB,15180
wieso,NOUN,18249
wifi,VERB,24782
wikinger,PREP,22828
wikingerboot,VERB,22829
wikingerboote,VERB,22829
wikingerbooten,VERB,22829
wikingerbootes,VERB,22829
wikingerboots,VERB,22829
wikingerin,VERB,22828
wikingerinnen,VERB,22828
wikingern,VERB,22828
wikingers,VERB,22828
wild lebender vogel,VERB,12841
wild lebendes tier,VERB,12390
wilde blume,VERB,14370
wilde erdbeeren,VERB,24336
wildnis,VERB,21351
wildschwein,VERB,25662
willig,ADJ,23860
willige,VERB,23860
willigem,VERB,23860
willigen,VERB,23860
williger,VERB,23860
willigere,VERB,23860
willigerem,VERB,23860
willigeren,VERB,23860
willigerer,VERB,23860
willigeres,VERB,23860
williges,VERB,23860
willigkeit,VERB,24804
willigkeiten,VERB,24804
willigst,VERB,23860
willigste,VERB,23860
willigstem,VERB,23860
willigsten,VERB,23860
willigster,VERB,23860
willigstes,VERB,23860
willkommen,OTHER,18223
willkommene,VERB,18223
willkommenem,VERB,18223
willkommenen,VERB,18223
willkommener,VERB,18223
willkommenere,VERB,18223
willkommenerem,VERB,18223
willkommeneren,VERB,18223
willkommenerer,VERB,18223
willkommeneres,VERB,18223
willkommenes,VERB,18223
willkommenst,VERB,18223
willkommenste,VERB,18223
willkommenstem,VERB,18223
willkommensten,VERB,18223
willkommenster,VERB,18223
willkommenstes,VERB,18223
wind,VERB,18255
wind-,VERB,18255
wind0,VERB,18255
winde,VERB,18252
windel,VERB,13670
windel-,VERB,13670
windel0,VERB,13670
winden,PRON,18252
winden-,VERB,18252
winden0,VERB,18252
windend,VERB,18252
windende,VERB,18252
windendem,VERB,18252
windenden,VERB,18252
windender,VERB,18252
windendes,VERB,18252
windest,VERB,18252
windet,VERB,18252
windgeschwindigkeitsmesser,VERB,23019
windkraft,VERB,25220
windrad,VERB,25394
windschutz,VERB,24685
windstille,ADJ,23829
windsurfbrett,VERB,21882
windsurfen,VERB,21885
windsurfens,VERB,21885
windturbine,VERB,25394
winkel,VERB,12376
winkel-,VERB,12376
winkel0,VERB,12376
winkelmesser,VERB,23180
winter,VERB,18261
winter-,VERB,18261
winter0,VERB,18261
winterbekleidung,VERB,17199
winterresidenz,VERB,25968
winterschlaf,VERB,24150
wintersport,VERB,21630
wintersporte,VERB,21630
wintersporten,VERB,21630
wintersports,VERB,21630
wintertag,VERB,25967
wippe,VERB,16751
wir,PREP,18210
wir feiern das leben,VERB,21291
wirbelsturm,VERB,23887
wirken,PRON,23517
wirkens,VERB,23517
wirklich,ADJ,16467
wirkliche,VERB,16467
wirklichem,VERB,16467
wirklichen,VERB,16467
wirklicher,VERB,16467
wirklichere,VERB,16467
wirklicherem,VERB,16467
wirklicheren,VERB,16467
wirklicherer,VERB,16467
wirklicheres,VERB,16467
wirkliches,VERB,16467
wirklichst,VERB,16467
wirklichste,VERB,16467
wirklichstem,VERB,16467
wirklichsten,VERB,16467
wirklichster,VERB,16467
wirklichstes,VERB,16467
wirkung,VERB,13910
wirkungen,VERB,23517
wirtschaftswissenschaften,VERB,21543
wirtschaftswissenschaftler,PREP,21561
wirtschaftswissenschaftlerin,PREP,21561
wisch,VERB,18264
wische,VERB,18264
wischen,PRON,18264
wischend,VERB,18264
wischende,VERB,18264
wischendem,VERB,18264
wischenden,VERB,18264
wischender,VERB,18264
wischendes,VERB,18264
wischest,VERB,18264
wischst,VERB,18264
wischt,VERB,18264
wischte,VERB,18264
wischten,VERB,18264
wischtest,VERB,18264
wischtet,VERB,18264
wissbegier,VERB,25039
wissbegierig,ADJ,25040
wissbegierige,VERB,25040
wissbegierigem,VERB,25040
wissbegierigen,VERB,25040
wissbegieriger,VERB,25040
wissbegierigere,VERB,25040
wissbegierigerem,VERB,25040
wissbegierigeren,VERB,25040
wissbegierigerer,VERB,25040
wissbegierigeres,VERB,25040
wissbegieriges,VERB,25040
wissbegierigst,VERB,25040
wissbegierigste,VERB,25040
wissbegierigstem,VERB,25040
wissbegierigsten,VERB,25040
wissbegierigster,VERB,25040
wissbegierigstes,VERB,25040
wissen,PRON,15161
wissens,VERB,15161
wissenschaft,VERB,16735
wissenschaften,VERB,16735
wissenschaftler,PREP,21559
wissenschaftler-,VERB,21559
wissenschaftler0,VERB,21559
wissenschaftlerin,PREP,21559
wissenschaftlerinnen,VERB,21559
wissenschaftlerinnen-,VERB,21559
wissenschaftszentrum,VERB,25369
witzig,ADJ,14414
witzige,VERB,14414
witzigem,VERB,14414
witzigen,VERB,14414
witziger,VERB,14414
witzigere,VERB,14414
witzigerem,VERB,14414
witzigeren,VERB,14414
witzigerer,VERB,14414
witzigeres,VERB,14414
witziges,VERB,14414
witzigst,VERB,14414
witzigste,VERB,14414
witzigstem,VERB,14414
witzigsten,VERB,14414
witzigster,VERB,14414
witzigstes,VERB,14414
wlan,VERB,24782
wo,NOUN,18236
woche,VERB,18217
wochen,VERB,18217
wochenende,VERB,18218
wodan,PREP,22650
woge,VERB,21880
wogen,VERB,21880
wohltätigkeit,VERB,13154
wohnanhänger,VERB,13113
wohneinrichtung,VERB,16492
wohnen,PRON,15223
wohnens,VERB,15223
wohnhaft sein,PRON,15223
wohnhaus,VERB,23022
wohnheim,VERB,16492
wohnmobil,VERB,24618
wohnmobile,VERB,24618
wohnmobilen,VERB,24618
wohnmobils,VERB,24618
wohnsitz,VERB,14905
wohnstätte,VERB,25887
wohnung,VERB,12403
wohnungen,VERB,15223
wohnwagen,VERB,13113
wohnzimmer,VERB,15224
wok,VERB,22582
woks,VERB,22582
wolf,VERB,18268
wolfes,VERB,18268
wolfs,VERB,18268
wolke,VERB,13367
wolken,VERB,13367
wolkenkratzer,VERB,23215
wolle,VERB,18271
wollen,PRON,18035
wollen wir,PRON,15197
wollend,VERB,18035
wollende,VERB,18035
wollendem,VERB,18035
wollenden,VERB,18035
wollender,VERB,18035
wollendes,VERB,18035
wollene,VERB,18035
wollenem,VERB,18035
wollenen,VERB,18035
wollener,VERB,18035
wollenes,VERB,18035
wollt,VERB,18035
wollte,VERB,18035
wollten,VERB,18035
wolltest,VERB,18035
wolltet,VERB,18035
wort,VERB,18272
wort-,VERB,18272
wort0,VERB,18272
wortkarg,ADJ,16982
wortkarge,VERB,16982
wortkargem,VERB,16982
wortkargen,VERB,16982
wortkarger,VERB,16982
wortkargere,VERB,16982
wortkargerem,VERB,16982
wortkargeren,VERB,16982
wortkargerer,VERB,16982
wortkargeres,VERB,16982
wortkarges,VERB,16982
wortkargst,VERB,16982
wortkargste,VERB,16982
wortkargstem,VERB,16982
wortkargsten,VERB,16982
wortkargster,VERB,16982
wortkargstes,VERB,16982
wortwechsel,VERB,12414
wotan,PREP,22650
wow,OTHER,18282
wrack,VERB,25399
wracks,VERB,25399
wunde,VERB,17213
wunden,VERB,17213
wunder,VERB,21299
wunder-,VERB,21299
wunder0,VERB,21299
wunderbar,ADJ,24829
wunderbare,VERB,24829
wunderbarem,VERB,24829
wunderbaren,VERB,24829
wunderbarer,VERB,24829
wunderbarere,VERB,24829
wunderbarerem,VERB,24829
wunderbareren,VERB,24829
wunderbarerer,VERB,24829
wunderbareres,VERB,24829
wunderbares,VERB,24829
wunderbarst,VERB,24829
wunderbarste,VERB,24829
wunderbarstem,VERB,24829
wunderbarsten,VERB,24829
wunderbarster,VERB,24829
wunderbarstes,VERB,24829
wundervoll,ADJ,24829
wundervolle,VERB,24829
wundervollem,VERB,24829
wundervollen,VERB,24829
wundervoller,VERB,24829
wundervollere,VERB,24829
wundervollerem,VERB,24829
wundervolleren,VERB,24829
wundervollerer,VERB,24829
wundervolleres,VERB,24829
wundervolles,VERB,24829
wundervollst,VERB,24829
wundervollste,VERB,24829
wundervollstem,VERB,24829
wundervollsten,VERB,24829
wundervollster,VERB,24829
wundervollstes,VERB,24829
wunsch,VERB,24833
wunsch-,VERB,24833
wunsch0,VERB,24833
wurfpfeil,VERB,21850
wurm,VERB,18279
wurm-,VERB,18279
wurm0,VERB,18279
wurst,VERB,16726
wurstware,VERB,16726
wurzel,VERB,25783
wurzel-,VERB,25783
wurzel0,VERB,25783
wurzele,VERB,16688
wurzelgemüse,VERB,18007
wurzeln,VERB,16688
wurzelnd,VERB,16688
wurzelnde,VERB,16688
wurzelndem,VERB,16688
wurzelnden,VERB,16688
wurzelnder,VERB,16688
wurzelndes,VERB,16688
wurzelst,VERB,16688
wurzelt,VERB,16688
wurzelte,VERB,16688
wurzelten,VERB,16688
wurzeltest,VERB,16688
wurzeltet,VERB,16688
wurzelwerk,VERB,16688
wurzle,VERB,16688
wächter,PREP,25167
wächterin,PREP,25167
wächterinnen,VERB,25167
wächtern,VERB,25167
wächters,VERB,25167
wählen,PRON,13178
wählens,VERB,13178
wähler,PREP,24092
wähler-,VERB,24092
wähler0,VERB,24092
wählerin,PREP,24092
wählerinnen,VERB,24092
wählerinnen-,VERB,24092
wählerschaft,PREP,24093
während,NOUN,13892
währung,VERB,23464
währungen,VERB,23464
wäldchen,VERB,14648
wäldchens,VERB,14648
wäschetrockner,VERB,24320
wässrig,ADJ,18226
wünsch,VERB,18035
wünschbar,VERB,18035
wünschbare,VERB,18035
wünschbarem,VERB,18035
wünschbaren,VERB,18035
wünschbarer,VERB,18035
wünschbares,VERB,18035
wünsche,VERB,18035
wünschen,PRON,18035
wünschend,VERB,18035
wünschende,VERB,18035
wünschendem,VERB,18035
wünschenden,VERB,18035
wünschender,VERB,18035
wünschendes,VERB,18035
wünschenswert,ADJ,13662
wünschenswerte,VERB,13662
wünschenswertem,VERB,13662
wünschenswerten,VERB,13662
wünschenswerter,VERB,13662
wünschenswertere,VERB,13662
wünschenswerterem,VERB,13662
wünschenswerteren,VERB,13662
wünschenswerterer,VERB,13662
wünschenswerteres,VERB,13662
wünschenswertes,VERB,13662
wünschenswertest,VERB,13662
wünschenswerteste,VERB,13662
wünschenswertestem,VERB,13662
wünschenswertesten,VERB,13662
wünschenswertester,VERB,13662
wünschenswertestes,VERB,13662
wünschest,VERB,18035
wünschst,VERB,18035
wünscht,VERB,18035
wünschte,VERB,18035
wünschten,VERB,18035
wünschtest,VERB,18035
wünschtet,VERB,18035
würden,PRON,24264
würdigen,PRON,13948
würdigens,VERB,13948
würdigung,VERB,13948
würdigungen,VERB,13948
würfel,VERB,12886
würfel-,VERB,12886
würfel0,VERB,12886
würfelzucker,VERB,25815
würg,VERB,13177
würge,VERB,13177
würgen,PRON,13177
würgend,VERB,13177
würgende,VERB,13177
würgendem,VERB,13177
würgenden,VERB,13177
würgender,VERB,13177
würgendes,VERB,13177
würgst,VERB,13177
würgt,VERB,13177
würgte,VERB,13177
würgten,VERB,13177
würgtest,VERB,13177
würgtet,VERB,13177
würstchen,VERB,16726
würstchens,VERB,16726
würzmittel,VERB,14198
würzmitteln,VERB,14198
würzmittels,VERB,14198
wüste,VERB,21350
wüsten,VERB,21350
wütend,ADJ,12377
wütende,VERB,12377
wütendem,VERB,12377
wütenden,VERB,12377
wütender,VERB,12377
wütendere,VERB,12377
wütenderem,VERB,12377
wütenderen,VERB,12377
wütenderer,VERB,12377
wütenderes,VERB,12377
wütendes,VERB,12377
wütendst,VERB,12377
wütendste,VERB,12377
wütendstem,VERB,12377
wütendsten,VERB,12377
wütendster,VERB,12377
wütendstes,VERB,12377
xylophon,VERB,23986
xylophone,VERB,23986
xylophonen,VERB,23986
xylophons,VERB,23986
yen,VERB,18293
yom kippur,VERB,18297
zahl,VERB,15742
zahl am computer,NOUN,23476
zahl-,VERB,15742
zahl0,VERB,15742
zahn,VERB,17517
zahn-,VERB,17517
zahn0,VERB,17517
zahnarzt,PREP,13656
zahnbürste,VERB,17756
zahncreme,VERB,17757
zahnfee,PREP,23686
zahnpasta,VERB,17757
zahnseide,VERB,13655
zahnärztin,PREP,13656
zange,VERB,16205
zangen,VERB,16205
zapfen,VERB,25686
zapfens,VERB,25686
zappelig,ADJ,18253
zauber,ADJ,25909
zauber-,VERB,25909
zauber0,VERB,25909
zaubere,VERB,23453
zauberer,PREP,23574
zaubererin,VERB,23574
zaubererinnen,VERB,23574
zauberern,VERB,23574
zauberers,VERB,23574
zauberin,VERB,23574
zauberinnen,VERB,23574
zaubern,PRON,23453
zaubernd,VERB,23453
zaubernde,VERB,23453
zauberndem,VERB,23453
zaubernden,VERB,23453
zaubernder,VERB,23453
zauberndes,VERB,23453
zauberst,VERB,23453
zauberstab,VERB,18034
zaubert,VERB,23453
zauberte,VERB,23453
zauberten,VERB,23453
zaubertest,VERB,23453
zaubertet,VERB,23453
zaubre,VERB,23453
zaumzeug,VERB,24038
zaumzeuge,VERB,24038
zaumzeugen,VERB,24038
zaumzeuges,VERB,24038
zaumzeugs,VERB,24038
zaun,VERB,14167
zaun-,VERB,14167
zaun0,VERB,14167
zebra,VERB,18474
zebras,VERB,18474
zecke,VERB,15480
zecken,VERB,15480
zeh,VERB,17745
zehe,VERB,17745
zehen,VERB,17745
zehs,VERB,17745
zeichen,VERB,16978
zeichen-,VERB,16978
zeichen0,VERB,16978
zeichendreieck,VERB,25792
zeichensprache,VERB,21538
zeichentrickfilm,VERB,23435
zeichenwinkel,VERB,25792
zeichnen,PRON,13873
zeichnens,VERB,13873
zeichnung,VERB,16172
zeichnungen,VERB,13873
zeig,VERB,16213
zeige,VERB,16213
zeigegerät,VERB,23619
zeigen,PRON,16213
zeigend,VERB,16213
zeigende,VERB,16213
zeigendem,VERB,16213
zeigenden,VERB,16213
zeigender,VERB,16213
zeigendes,VERB,16213
zeigst,VERB,16213
zeigt,VERB,16213
zeigte,VERB,16213
zeigten,VERB,16213
zeigtest,VERB,16213
zeigtet,VERB,16213
zeit,VERB,17732
zeit-,VERB,17732
zeit0,VERB,17732
zeitabstand,VERB,15212
zeitplan,VERB,16733
zeitraum,VERB,25356
zeitschrift,VERB,15407
zeitspanne,VERB,15212
zeitung,VERB,15713
zeitungsannonce,VERB,12344
zeitungsanzeige,VERB,12344
zeitungsinserat,VERB,12344
zelle,VERB,21540
zellen,VERB,21540
zellflüssigkeit,VERB,25440
zelt,VERB,17523
zelt-,VERB,17523
zelt0,VERB,17523
zement,VERB,13397
zement-,VERB,13397
zement0,VERB,13397
zentralnervensystem,VERB,21585
zerbreche,VERB,12896
zerbrechen,PRON,12896
zerbrechend,VERB,12896
zerbrechende,VERB,12896
zerbrechendem,VERB,12896
zerbrechenden,VERB,12896
zerbrechender,VERB,12896
zerbrechendes,VERB,12896
zerbrechlich,ADJ,12897
zerbrechliche,VERB,12897
zerbrechlichem,VERB,12897
zerbrechlichen,VERB,12897
zerbrechlicher,VERB,12897
zerbrechlichere,VERB,12897
zerbrechlicherem,VERB,12897
zerbrechlicheren,VERB,12897
zerbrechlicherer,VERB,12897
zerbrechlicheres,VERB,12897
zerbrechliches,VERB,12897
zerbrechlichst,VERB,12897
zerbrechlichste,VERB,12897
zerbrechlichstem,VERB,12897
zerbrechlichsten,VERB,12897
zerbrechlichster,VERB,12897
zerbrechlichstes,VERB,12897
zerbrecht,VERB,12896
zerbrochen,ADJ,12907
zerbrochene,VERB,12907
zerbrochenem,VERB,12907
zerbrochenen,VERB,12907
zerbrochener,VERB,12907
zerbrochenes,VERB,12907
zerdrück,VERB,13616
zerdrücke,VERB,13616
zerdrücken,PRON,13616
zerdrückend,VERB,13616
zerdrückende,VERB,13616
zerdrückendem,VERB,13616
zerdrückenden,VERB,13616
zerdrückender,VERB,13616
zerdrückendes,VERB,13616
zerdrückst,VERB,13616
zerdrückt,VERB,13616
zerdrückte,VERB,13616
zerdrücktem,VERB,13616
zerdrückten,VERB,13616
zerdrückter,VERB,13616
zerdrücktes,VERB,13616
zerdrücktest,VERB,13616
zerdrücktet,VERB,13616
zeremonie,VERB,21096
zeremonien,VERB,21096
zerhack,VERB,13179
zerhacke,VERB,13179
zerhacken,PRON,13179
zerhackend,VERB,13179
zerhackende,VERB,13179
zerhackendem,VERB,13179
zerhackenden,VERB,13179
zerhackender,VERB,13179
zerhackendes,VERB,13179
zerhackst,VERB,13179
zerhackt,VERB,13179
zerhackte,VERB,13179
zerhacktem,VERB,13179
zerhackten,VERB,13179
zerhackter,VERB,13179
zerhacktes,VERB,13179
zerhacktest,VERB,13179
zerhacktet,VERB,13179
zerquetsch,VERB,15427
zerquetsche,VERB,15427
zerquetschen,PRON,15427
zerquetschend,VERB,15427
zerquetschende,VERB,15427
zerquetschendem,VERB,15427
zerquetschenden,VERB,15427
zerquetschender,VERB,15427
zerquetschendes,VERB,15427
zerquetschest,VERB,15427
zerquetschst,VERB,15427
zerquetscht,VERB,15427
zerquetschte,VERB,15427
zerquetschtem,VERB,15427
zerquetschten,VERB,15427
zerquetschter,VERB,15427
zerquetschtes,VERB,15427
zerquetschtest,VERB,15427
zerquetschtet,VERB,15427
zerschlagen,PRON,17016
zerschlagens,VERB,17016
zerschlagung,VERB,17016
zerschlagungen,VERB,17016
zerschrammt,ADJ,24421
zerschrammte,VERB,24421
zerschrammtem,VERB,24421
zerschrammten,VERB,24421
zerschrammter,VERB,24421
zerschrammtere,VERB,24421
zerschrammterem,VERB,24421
zerschrammteren,VERB,24421
zerschrammterer,VERB,24421
zerschrammteres,VERB,24421
zerschrammtes,VERB,24421
zerschrammtest,VERB,24421
zerschrammteste,VERB,24421
zerschrammtestem,VERB,24421
zerschrammtesten,VERB,24421
zerschrammtester,VERB,24421
zerschrammtestes,VERB,24421
zersplittern,PRON,17016
zersplitterns,VERB,17016
zersplitterung,VERB,17016
zersplitterungen,VERB,17016
zerstampf,VERB,15427
zerstampfe,VERB,15427
zerstampfen,PRON,15427
zerstampfend,VERB,15427
zerstampfende,VERB,15427
zerstampfendem,VERB,15427
zerstampfenden,VERB,15427
zerstampfender,VERB,15427
zerstampfendes,VERB,15427
zerstampfst,VERB,15427
zerstampft,VERB,15427
zerstampfte,VERB,15427
zerstampftem,VERB,15427
zerstampften,VERB,15427
zerstampfter,VERB,15427
zerstampftes,VERB,15427
zerstampftest,VERB,15427
zerstampftet,VERB,15427
zerstäuben,PRON,23953
zerstäubens,VERB,23953
zerstäubung,VERB,23953
zerstäubungen,VERB,23953
zerstören,PRON,13665
zerstörens,VERB,13665
zerstört,ADJ,24968
zerstörte,VERB,24968
zerstörtem,VERB,24968
zerstörten,VERB,24968
zerstörter,VERB,24968
zerstörtes,VERB,24968
zerstörung,VERB,24883
zerstörung von holz oder bäumen,VERB,25626
zerstörungen,VERB,13665
zertrümmern,PRON,17016
zertrümmerns,VERB,17016
zertrümmerung,VERB,17016
zertrümmerungen,VERB,17016
zeuge,PREP,23251
zeugenaussage,VERB,23236
zeugin,PREP,23251
zickzack,ADJ,25971
ziege,VERB,23097
ziegen,VERB,23097
ziehen,PRON,16431
ziehens,VERB,16431
ziehung,VERB,16431
ziehungen,VERB,16431
ziesel,VERB,14460
zieseln,VERB,14460
ziesels,VERB,14460
ziffer,VERB,25276
ziffern,VERB,25276
zigarette,VERB,13346
zigaretten,VERB,13346
zimbel,VERB,23842
zimbeln,VERB,23842
zimmer,VERB,16687
zimmer-,VERB,16687
zimmer0,VERB,16687
zimt,VERB,22312
zimt-,VERB,22312
zimt0,VERB,22312
zimtstange,VERB,22312
zinn,VERB,23239
zinn-,VERB,23239
zinn0,VERB,23239
zirkel,VERB,25685
zirkeln,VERB,25685
zirkels,VERB,25685
zirkulation,VERB,24249
zirkulationen,VERB,24249
zirkus,VERB,24061
zirkusse,VERB,24061
zirkussen,VERB,24061
zirpe,VERB,24060
zirpen,PRON,24060
zirpend,VERB,24060
zirpende,VERB,24060
zirpendem,VERB,24060
zirpenden,VERB,24060
zirpender,VERB,24060
zirpendes,VERB,24060
zirpst,VERB,24060
zirpt,VERB,24060
zirpte,VERB,24060
zirpten,VERB,24060
zirptest,VERB,24060
zirptet,VERB,24060
zisch,VERB,24151
zische,VERB,24151
zischen,PRON,24151
zischend,VERB,24151
zischende,VERB,24151
zischendem,VERB,24151
zischenden,VERB,24151
zischender,VERB,24151
zischendes,VERB,24151
zischest,VERB,24151
zischst,VERB,24151
zischt,VERB,24151
zischte,VERB,24151
zischten,VERB,24151
zischtest,VERB,24151
zischtet,VERB,24151
zither,VERB,23806
zithern,VERB,23806
zitrone,VERB,15190
zitronen,VERB,15190
zitrusfrucht,VERB,15933
zock,VERB,24414
zocke,VERB,24414
zocken,PRON,24414
zockend,VERB,24414
zockende,VERB,24414
zockendem,VERB,24414
zockenden,VERB,24414
zockender,VERB,24414
zockendes,VERB,24414
zockst,VERB,24414
zockt,VERB,24414
zockte,VERB,24414
zockten,VERB,24414
zocktest,VERB,24414
zocktet,VERB,24414
zombie,PREP,25222
zombies,VERB,25222
zoo,VERB,18475
zoo-,VERB,18475
zoo0,VERB,18475
zoologe,PREP,21566
zoologen,VERB,21566
zoologie,VERB,21549
zoologin,PREP,21566
zoologinnen,VERB,21566
zoologischer garten,VERB,18475
zopf,VERB,25023
zopf binden,PRON,25022
zopfes,VERB,25023
zopfs,VERB,25023
zornig,ADJ,12377
zornige,VERB,12377
zornigem,VERB,12377
zornigen,VERB,12377
zorniger,VERB,12377
zornigere,VERB,12377
zornigerem,VERB,12377
zornigeren,VERB,12377
zornigerer,VERB,12377
zornigeres,VERB,12377
zorniges,VERB,12377
zornigst,VERB,12377
zornigste,VERB,12377
zornigstem,VERB,12377
zornigsten,VERB,12377
zornigster,VERB,12377
zornigstes,VERB,12377
zu,NOUN,12591
zu lande,ADJ,23404
zu spät,ADJ,15177
zu viel,ADJ,17754
zu viel geld ausgeben,PRON,24707
zubehör,VERB,12328
zubehöre,VERB,12328
zubehören,VERB,12328
zubehöres,VERB,12328
zubehörs,VERB,12328
zubereiten,PRON,12619
zubereitens,VERB,12619
zubereitung,VERB,12619
zubereitungen,VERB,12619
zucker,VERB,17453
zucker-,VERB,17453
zucker0,VERB,17453
zuckersirup,VERB,22335
zufall,VERB,12329
zufalles,VERB,12329
zufalls,VERB,12329
zuflucht,VERB,16955
zufluchten,VERB,16955
zufrieden,ADJ,25312
zufriedene,VERB,25312
zufriedenem,VERB,25312
zufriedenen,VERB,25312
zufriedener,VERB,25312
zufriedenere,VERB,25312
zufriedenerem,VERB,25312
zufriedeneren,VERB,25312
zufriedenerer,VERB,25312
zufriedeneres,VERB,25312
zufriedenes,VERB,25312
zufriedenheit,VERB,15981
zufriedenheiten,VERB,15981
zufriedenst,VERB,25312
zufriedenste,VERB,25312
zufriedenstem,VERB,25312
zufriedensten,VERB,25312
zufriedenster,VERB,25312
zufriedenstes,VERB,25312
zufälle,VERB,12329
zufällen,VERB,12329
zug,VERB,17767
zug-,VERB,17767
zug0,VERB,17767
zugang,PRON,25001
zuganges,VERB,25001
zugangs,VERB,25001
zugebe,VERB,21099
zugeben,PRON,21099
zugebend,VERB,21099
zugebende,VERB,21099
zugebendem,VERB,21099
zugebenden,VERB,21099
zugebender,VERB,21099
zugebendes,VERB,21099
zugebt,VERB,21099
zugedeckt,ADJ,25856
zugedeckte,VERB,25856
zugedecktem,VERB,25856
zugedeckten,VERB,25856
zugedeckter,VERB,25856
zugedecktes,VERB,25856
zugewinn,VERB,12339
zugewinne,VERB,12339
zugewinnen,VERB,12339
zugewinnes,VERB,12339
zugewinns,VERB,12339
zugänglich,ADJ,25003
zugängliche,VERB,25003
zugänglichem,VERB,25003
zugänglichen,VERB,25003
zugänglicher,VERB,25003
zugänglichere,VERB,25003
zugänglicherem,VERB,25003
zugänglicheren,VERB,25003
zugänglicherer,VERB,25003
zugänglicheres,VERB,25003
zugängliches,VERB,25003
zugänglichkeit,VERB,25002
zugänglichst,VERB,25003
zugänglichste,VERB,25003
zugänglichstem,VERB,25003
zugänglichsten,VERB,25003
zugänglichster,VERB,25003
zugänglichstes,VERB,25003
zuhause,VERB,14885
zuhören,PRON,14692
zuhörens,VERB,14692
zujubele,VERB,25025
zujubeln,PRON,25025
zujubelnd,VERB,25025
zujubelnde,VERB,25025
zujubelndem,VERB,25025
zujubelnden,VERB,25025
zujubelnder,VERB,25025
zujubelndes,VERB,25025
zujubelst,VERB,25025
zujubelt,VERB,25025
zujubelte,VERB,25025
zujubelten,VERB,25025
zujubeltest,VERB,25025
zujubeltet,VERB,25025
zujuble,VERB,25025
zukunft,VERB,14417
zulassen,PRON,15196
zulassens,VERB,15196
zulassung,VERB,15196
zulassungen,VERB,15196
zulauf,VERB,22625
zulauf-,VERB,22625
zulauf0,VERB,22625
zuletzt,ADJ,15173
zum,NOUN,17739
zum wohl,OTHER,25028
zumache,VERB,13364
zumachen,PRON,13364
zumachst,VERB,13364
zumacht,VERB,13364
zumachte,VERB,13364
zumachten,VERB,13364
zumachtest,VERB,13364
zumachtet,VERB,13364
zunehme,VERB,14936
zunehmen,PRON,14936
zunehmend,VERB,14936
zunehmende,VERB,14936
zunehmendem,VERB,14936
zunehmenden,VERB,14936
zunehmender,VERB,14936
zunehmendes,VERB,14936
zunehmt,VERB,14936
zuneigung,VERB,15399
zunge,VERB,17752
zungen,VERB,17752
zur,NOUN,17739
zur welt bringen,PRON,25884
zurufe,VERB,25025
zurufen,PRON,25025
zurufend,VERB,25025
zurufende,VERB,25025
zurufendem,VERB,25025
zurufenden,VERB,25025
zurufender,VERB,25025
zurufendes,VERB,25025
zurufst,VERB,25025
zuruft,VERB,25025
zurück,NOUN,12613
zurückfahren,PRON,12612
zurückfahrens,VERB,12612
zurückgehen,PRON,12612
zurückgehens,VERB,12612
zurückkehren,PRON,16500
zurückkehrens,VERB,16500
zurücklassen,PRON,14449
zurücklassens,VERB,14449
zurücklassung,VERB,14449
zurücklassungen,VERB,14449
zusage,VERB,24930
zusagen,PRON,16417
zusagend,VERB,16417
zusagende,VERB,16417
zusagendem,VERB,16417
zusagenden,VERB,16417
zusagender,VERB,16417
zusagendes,VERB,16417
zusagst,VERB,16417
zusagt,VERB,16417
zusagte,VERB,16417
zusagten,VERB,16417
zusagtest,VERB,16417
zusagtet,VERB,16417
zusammen,ADJ,17746
zusammen mit,NOUN,12364
zusammen-,VERB,17746
zusammen0,VERB,17746
zusammenbruch,VERB,23846
zusammendrückung,VERB,25534
zusammenfassung,VERB,25179
zusammenfüge,VERB,14154
zusammenfügen,PRON,14154
zusammenfügend,VERB,14154
zusammenfügende,VERB,14154
zusammenfügendem,VERB,14154
zusammenfügenden,VERB,14154
zusammenfügender,VERB,14154
zusammenfügendes,VERB,14154
zusammenfügst,VERB,14154
zusammenfügt,VERB,14154
zusammenfügte,VERB,14154
zusammenfügten,VERB,14154
zusammenfügtest,VERB,14154
zusammenfügtet,VERB,14154
zusammenkomme,VERB,14426
zusammenkommen,PRON,14426
zusammenkommend,VERB,14426
zusammenkommende,VERB,14426
zusammenkommendem,VERB,14426
zusammenkommenden,VERB,14426
zusammenkommender,VERB,14426
zusammenkommendes,VERB,14426
zusammenkommst,VERB,14426
zusammenkommt,VERB,14426
zusammenkunft,VERB,21288
zusammenschließe,VERB,13381
zusammenschließen,PRON,13381
zusammenschließend,VERB,13381
zusammenschließende,VERB,13381
zusammenschließendem,VERB,13381
zusammenschließenden,VERB,13381
zusammenschließender,VERB,13381
zusammenschließendes,VERB,13381
zusammenschließest,VERB,13381
zusammenschließt,VERB,13381
zusammensetzbar,VERB,14154
zusammensetzbare,VERB,14154
zusammensetzbarem,VERB,14154
zusammensetzbaren,VERB,14154
zusammensetzbarer,VERB,14154
zusammensetzbares,VERB,14154
zusammensetze,VERB,14154
zusammensetzen,PRON,14154
zusammensetzend,VERB,14154
zusammensetzende,VERB,14154
zusammensetzendem,VERB,14154
zusammensetzenden,VERB,14154
zusammensetzender,VERB,14154
zusammensetzendes,VERB,14154
zusammensetzest,VERB,14154
zusammensetzt,VERB,14154
zusammensetzte,VERB,14154
zusammensetzten,VERB,14154
zusammensetztest,VERB,14154
zusammensetztet,VERB,14154
zusammenstoß,VERB,13435
zusammenstoße,VERB,13439
zusammenstoßen,PRON,13439
zusammenstoßend,VERB,13439
zusammenstoßende,VERB,13439
zusammenstoßendem,VERB,13439
zusammenstoßenden,VERB,13439
zusammenstoßender,VERB,13439
zusammenstoßendes,VERB,13439
zusammenstoßt,VERB,13439
zusammentreffe,VERB,15449
zusammentreffen,PRON,15449
zusammentreffend,VERB,15449
zusammentreffende,VERB,15449
zusammentreffendem,VERB,15449
zusammentreffenden,VERB,15449
zusammentreffender,VERB,15449
zusammentreffendes,VERB,15449
zusammentrefft,VERB,15449
zusatzgeräte,VERB,23450
zuschließe,VERB,15227
zuschließen,PRON,15227
zuschließend,VERB,15227
zuschließende,VERB,15227
zuschließendem,VERB,15227
zuschließenden,VERB,15227
zuschließender,VERB,15227
zuschließendes,VERB,15227
zuschließest,VERB,15227
zuschließt,VERB,15227
zuschneide,VERB,13628
zuschneiden,PRON,13628
zuschneidend,VERB,13628
zuschneidende,VERB,13628
zuschneidendem,VERB,13628
zuschneidenden,VERB,13628
zuschneidender,VERB,13628
zuschneidendes,VERB,13628
zuschneidest,VERB,13628
zuschneidet,VERB,13628
zusteller,PREP,15199
zustellerin,PREP,15199
zustellerinnen,VERB,15199
zustellern,VERB,15199
zustellers,VERB,15199
zustimmen,PRON,12353
zustimmens,VERB,12353
zustimmung,VERB,12354
zustimmungen,VERB,12353
zusätzlich,NOUN,12364
zusätzliche,VERB,12364
zusätzlichem,VERB,12364
zusätzlichen,VERB,12364
zusätzlicher,VERB,12364
zusätzliches,VERB,12364
zutat,VERB,22380
zutaten,VERB,22380
zutritst,VERB,25001
zutritt,PRON,25001
zuversicht,VERB,17785
zuweilen,ADJ,17208
zwang,VERB,22914
zwangen,VERB,22914
zwangslage,VERB,25695
zwangst,VERB,22914
zwangt,VERB,22914
zweck,VERB,16437
zweck-,VERB,16437
zweck0,VERB,16437
zwei,NOUN,8498
zwei-,VERB,8498
zwei0,VERB,8498
zweiblättriges paddel,VERB,22068
zweifamilienhaus,VERB,23201
zweifel,VERB,22911
zweifele,VERB,13868
zweifeln,PRON,13868
zweifelnd,VERB,13868
zweifelnde,VERB,13868
zweifelndem,VERB,13868
zweifelnden,VERB,13868
zweifelnder,VERB,13868
zweifelndes,VERB,13868
zweifels,VERB,22911
zweifelst,VERB,13868
zweifelt,VERB,13868
zweifelte,VERB,13868
zweifelten,VERB,13868
zweifeltest,VERB,13868
zweifeltet,VERB,13868
zweifle,VERB,13868
zweig,VERB,12894
zweig-,VERB,12894
zweig0,VERB,12894
zweistöckiges gebäude,VERB,23243
zweitens,ADJ,16744
zweiter,ADJ,16744
zwerchfell,VERB,25046
zwerchfelle,VERB,25046
zwerchfellen,VERB,25046
zwerchfelles,VERB,25046
zwerchfells,VERB,25046
zwerg,PREP,23481
zwerg-,VERB,23481
zwerg0,VERB,23481
zwergplanet,VERB,24437
zwilling,PREP,23978
zwillinge,VERB,22655
zwillingen,VERB,23978
zwillings,VERB,23978
zwillingsbruder,PREP,23976
zwillingsschwester,PREP,23977
zwinkern,PRON,18260
zwinkerns,VERB,18260
zwischen,NOUN,12669
zwischen-,VERB,12669
zwischen0,VERB,12669
zwitscher,VERB,24060
zwitschere,VERB,24060
zwitschern,PRON,24060
zwitschernd,VERB,24060
zwitschernde,VERB,24060
zwitscherndem,VERB,24060
zwitschernden,VERB,24060
zwitschernder,VERB,24060
zwitscherndes,VERB,24060
zwitscherst,VERB,24060
zwitschert,VERB,24060
zwitscherte,VERB,24060
zwitscherten,VERB,24060
zwitschertest,VERB,24060
zwitschertet,VERB,24060
zwitschre,VERB,24060
zählen,PRON,13422
zählens,VERB,13422
zählung,VERB,13422
zählungen,VERB,13422
zähne putzen,PRON,12914
zölibat,VERB,13141
zölibates,VERB,13141
zölibats,VERB,13141
zügel,VERB,24729
zügeln,PRON,24146
zügelns,VERB,24146
zügels,VERB,24729
zügelung,VERB,24146
zügelungen,VERB,24146
züglung,VERB,24146
züglungen,VERB,24146
zündholz,VERB,15430
ägypten,VERB,25286
ägyptens,VERB,25286
ähnlich,OTHER,16984
ähnliche,VERB,16984
ähnlichem,VERB,16984
ähnlichen,VERB,16984
ähnlicher,VERB,16984
ähnlichere,VERB,16984
ähnlicherem,VERB,16984
ähnlicheren,VERB,16984
ähnlicherer,VERB,16984
ähnlicheres,VERB,16984
ähnliches,VERB,16984
ähnlichst,VERB,16984
ähnlichste,VERB,16984
ähnlichstem,VERB,16984
ähnlichsten,VERB,16984
ähnlichster,VERB,16984
ähnlichstes,VERB,16984
ähre,VERB,25873
ähren,VERB,25873
ältere bürgerin,PREP,24508
älterer bürger,PREP,24508
ändern,PRON,13152
änderns,VERB,13152
änderung,VERB,13151
änderungen,VERB,13152
ängstigen,PRON,14159
ängstigens,VERB,14159
ängstigung,VERB,14159
ängstigungen,VERB,14159
ängstlich,ADJ,12347
ängstliche,VERB,12347
ängstlichem,VERB,12347
ängstlichen,VERB,12347
ängstlicher,VERB,12347
ängstlichere,VERB,12347
ängstlicherem,VERB,12347
ängstlicheren,VERB,12347
ängstlicherer,VERB,12347
ängstlicheres,VERB,12347
ängstliches,VERB,12347
ängstlichst,VERB,12347
ängstlichste,VERB,12347
ängstlichstem,VERB,12347
ängstlichsten,VERB,12347
ängstlichster,VERB,12347
ängstlichstes,VERB,12347
äquator,VERB,22598
äquators,VERB,22598
ärger,VERB,18280
ärgere,VERB,16490
ärgerlich,ADJ,12377
ärgerliche,VERB,12377
ärgerlichem,VERB,12377
ärgerlichen,VERB,12377
ärgerlicher,VERB,12377
ärgerlichere,VERB,12377
ärgerlicherem,VERB,12377
ärgerlicheren,VERB,12377
ärgerlicherer,VERB,12377
ärgerlicheres,VERB,12377
ärgerliches,VERB,12377
ärgerlichst,VERB,12377
ärgerlichste,VERB,12377
ärgerlichstem,VERB,12377
ärgerlichsten,VERB,12377
ärgerlichster,VERB,12377
ärgerlichstes,VERB,12377
ärgern,PRON,16490
ärgernd,VERB,16490
ärgernde,VERB,16490
ärgerndem,VERB,16490
ärgernden,VERB,16490
ärgernder,VERB,16490
ärgerndes,VERB,16490
ärgers,VERB,18280
ärgerst,VERB,16490
ärgert,VERB,16490
ärgerte,VERB,16490
ärgerten,VERB,16490
ärgertest,VERB,16490
ärgertet,VERB,16490
ärgre,VERB,16490
ärztin,PREP,13861
ärztlich,ADJ,15446
ärztliche,VERB,15446
ärztliche behandlung,VERB,24188
ärztliche untersuchung,PRON,24442
ärztlichem,VERB,15446
ärztlichen,VERB,15446
ärztlicher,VERB,15446
ärztliches,VERB,15446
öffentlich,ADJ,16427
öffentliche,VERB,16427
öffentlichem,VERB,16427
öffentlichen,VERB,16427
öffentlicher,VERB,16427
öffentlicher nahverkehr,VERB,24227
öffentlicher raum,VERB,16430
öffentlichere,VERB,16427
öffentlicherem,VERB,16427
öffentlicheren,VERB,16427
öffentlicherer,VERB,16427
öffentlicheres,VERB,16427
öffentliches,VERB,16427
öffentlichkeit,PREP,16429
öffentlichkeiten,VERB,16429
öffentlichst,VERB,16427
öffentlichste,VERB,16427
öffentlichstem,VERB,16427
öffentlichsten,VERB,16427
öffentlichster,VERB,16427
öffentlichstes,VERB,16427
öffnen,PRON,15922
öffnens,VERB,15922
öffner,VERB,22394
öffnerin,VERB,22394
öffnerinnen,VERB,22394
öffnern,VERB,22394
öffners,VERB,22394
öffnung,VERB,15923
öffnungen,VERB,15922
öl,VERB,15914
öl-,VERB,15914
öl0,VERB,15914
ölanzeige,VERB,23162
ölenergie,VERB,25128
öllampe,VERB,21362
ölstandsmesser,VERB,23162
öltanker,VERB,22071
öre,VERB,24923
österreich,VERB,25015
österreichs,VERB,25015
östlich,ADJ,13904
östliche,VERB,13904
östlichem,VERB,13904
östlichen,VERB,13904
östlicher,VERB,13904
östlichere,VERB,13904
östlicherem,VERB,13904
östlicheren,VERB,13904
östlicherer,VERB,13904
östlicheres,VERB,13904
östliches,VERB,13904
östlichst,VERB,13904
östlichste,VERB,13904
östlichstem,VERB,13904
östlichsten,VERB,13904
östlichster,VERB,13904
östlichstes,VERB,13904
übelnehme,VERB,16490
übelnehmen,PRON,16490
übelnehmend,VERB,16490
übelnehmende,VERB,16490
übelnehmendem,VERB,16490
übelnehmenden,VERB,16490
übelnehmender,VERB,16490
übelnehmendes,VERB,16490
übelnehmt,VERB,16490
üben,PRON,14124
übens,VERB,14124
über,NOUN,12324
über-,VERB,12324
über0,VERB,12324
überall,NOUN,12402
übereinkunft,VERB,12354
übereinstimme,VERB,12353
übereinstimmen,PRON,12353
übereinstimmend,ADJ,24808
übereinstimmende,VERB,12353
übereinstimmendem,VERB,12353
übereinstimmenden,VERB,12353
übereinstimmender,VERB,12353
übereinstimmendes,VERB,12353
übereinstimmst,VERB,12353
übereinstimmt,VERB,12353
übereinstimmte,VERB,12353
übereinstimmten,VERB,12353
übereinstimmtest,VERB,12353
übereinstimmtet,VERB,12353
überempfindlichkeit,VERB,24407
überflutung,VERB,14201
übergangswohnung,VERB,23209
übergebe,VERB,18022
übergeben,PRON,18022
übergebend,VERB,18022
übergebende,VERB,18022
übergebendem,VERB,18022
übergebenden,VERB,18022
übergebender,VERB,18022
übergebendes,VERB,18022
übergebene,VERB,18022
übergebenem,VERB,18022
übergebenen,VERB,18022
übergebener,VERB,18022
übergebenes,VERB,18022
übergebt,VERB,18022
überirdisch,VERB,21036
überirdische,VERB,21036
überirdischem,VERB,21036
überirdischen,VERB,21036
überirdischer,VERB,21036
überirdischere,VERB,21036
überirdischerem,VERB,21036
überirdischeren,VERB,21036
überirdischerer,VERB,21036
überirdischeres,VERB,21036
überirdisches,VERB,21036
überirdischst,VERB,21036
überirdischste,VERB,21036
überirdischstem,VERB,21036
überirdischsten,VERB,21036
überirdischster,VERB,21036
überirdischstes,VERB,21036
überlaufe,VERB,25945
überlaufen,PRON,25945
überlaufend,VERB,25945
überlaufende,VERB,25945
überlaufendem,VERB,25945
überlaufenden,VERB,25945
überlaufender,VERB,25945
überlaufendes,VERB,25945
überlaufene,VERB,25945
überlaufenem,VERB,25945
überlaufenen,VERB,25945
überlaufener,VERB,25945
überlaufenes,VERB,25945
überlauft,VERB,25945
überlegen,PRON,17718
überlegens,VERB,17718
überlegung,VERB,17718
überlegungen,VERB,17718
übernatürlich,VERB,21036
übernatürliche,VERB,21036
übernatürlichem,VERB,21036
übernatürlichen,VERB,21036
übernatürlicher,VERB,21036
übernatürliches,VERB,21036
überqueren,PRON,13614
überquerens,VERB,13614
überquerung,VERB,13614
überquerungen,VERB,13614
überraschen,PRON,17470
überraschens,VERB,17470
überrascht,ADJ,23962
überraschung,VERB,23960
überraschungen,VERB,17470
überreden,PRON,21311
überredens,VERB,21311
überredung,VERB,21311
überredungen,VERB,21311
übers,VERB,12324
überschlage,VERB,25921
überschlagen,PRON,25921
überschlagend,VERB,25921
überschlagende,VERB,25921
überschlagendem,VERB,25921
überschlagenden,VERB,25921
überschlagender,VERB,25921
überschlagendes,VERB,25921
überschlagene,VERB,25921
überschlagenem,VERB,25921
überschlagenen,VERB,25921
überschlagener,VERB,25921
überschlagenes,VERB,25921
überschlagt,VERB,25921
überschwappen,PRON,25945
überschwappens,VERB,25945
überschwemmung,VERB,14201
übersetzbar,VERB,17769
übersetzbare,VERB,17769
übersetzbarem,VERB,17769
übersetzbaren,VERB,17769
übersetzbarer,VERB,17769
übersetzbares,VERB,17769
übersetze,VERB,17769
übersetzen,PRON,17769
übersetzend,VERB,17769
übersetzende,VERB,17769
übersetzendem,VERB,17769
übersetzenden,VERB,17769
übersetzender,VERB,17769
übersetzendes,VERB,17769
übersetzest,VERB,17769
übersetzt,VERB,17769
übersetzte,VERB,17769
übersetztem,VERB,17769
übersetzten,VERB,17769
übersetzter,VERB,17769
übersetztes,VERB,17769
übersetztest,VERB,17769
übersetztet,VERB,17769
übertragen,PRON,17769
übertragens,VERB,17769
übertragung,PRON,24615
übertragungen,VERB,17769
überwachen,PRON,18045
überwachens,VERB,18045
überwachung,VERB,18045
überwachungen,VERB,18045
überwinterung,VERB,24150
überzeugbar,VERB,21311
überzeugbare,VERB,21311
überzeugbarem,VERB,21311
überzeugbaren,VERB,21311
überzeugbarer,VERB,21311
überzeugbares,VERB,21311
überzeuge,VERB,21311
überzeugen,PRON,21311
überzeugst,VERB,21311
überzeugt,VERB,21311
überzeugte,VERB,21311
überzeugtem,VERB,21311
überzeugten,VERB,21311
überzeugter,VERB,21311
überzeugtes,VERB,21311
überzeugtest,VERB,21311
überzeugtet,VERB,21311
überzeugung,VERB,24927
überzug,VERB,23600
übung,VERB,14124
übungen,VERB,14124
ḥumash,VERB,13182
