lemma,pos,bci_av_id
12 uur,VERB,23157
aaien,PRON,17443
aak,VERB,22072
aan boord,ADJ,23401
aan de overkant,NOUN,12333
aan land,ADJ,23404
aan land gaan,PRON,23523
aandacht,VERB,12594
aangapen,PRON,25919
aangezichtsbeharing,VERB,24102
aanhangwagen,VERB,18028
aanhoudend,ADJ,24286
aanklager,PREP,23176
aankleden,PRON,13877
aankomen,PRON,17268
aankomst,VERB,12407
aankondigen,PRON,21337
aankondiging,VERB,16977
aanlegsteiger,VERB,16174
aanleren,PRON,17512
aanmoedigen,PRON,25025
aanmoediging,OTHER,25026
aanraakscherm,VERB,23687
aanraken,PRON,17761
aanraking,VERB,25223
aanrijding,VERB,13438
aanschakelen,PRON,24300
aansluiting,VERB,24627
aantal,VERB,23050
aantonen,PRON,23005
aantrekkelijk,ADJ,12645
aantrekken,PRON,13877
aanval,VERB,12593
aanvallen,PRON,25262
aanwijzen,PRON,16213
aanwijzer,VERB,23619
aanwijzing,VERB,25278
aanzetten,PRON,17488
aap,VERB,15485
aar,VERB,25873
aardappel,VERB,16230
aardas,VERB,24605
aardbei,VERB,17278
aardbeving,VERB,22620
aarde,VERB,13900
aardeekhoorn,VERB,13170
aardig,ADJ,14463
aardig vinden,PRON,15210
aardrijkskunde,VERB,23093
aars,VERB,25485
aarzelen,PRON,25832
abortus,VERB,12323
abraham,PREP,21066
abrikoos,VERB,12409
abseilen,VERB,22110
absorberend materiaal,VERB,12325
abstract,VERB,25179
accessoire,VERB,12328
accordeon,VERB,23802
accountant,PREP,24018
accu,VERB,12638
acht,NOUN,8504
achter,NOUN,12348
achterkant,NOUN,25364
achtersteven,VERB,22063
achteruit,NOUN,12613
achteruit naar beneden,NOUN,13870
achtervolgen,PRON,25275
achtervolging,VERB,25274
achterwerk,VERB,13097
acne,VERB,12332
acrobaat,PREP,24001
acrobatie,VERB,24002
acteur,PREP,25650
actie,VERB,12334
actief,ADJ,12336
activiteit,VERB,12335
activiteitencentrum,VERB,23008
actualiteiten,VERB,13625
acupuncturist,PREP,21605
adam,PREP,21063
adar,VERB,12337
additief,VERB,24003
adelaar,VERB,14686
adem,VERB,12900
ademen,PRON,12901
ademhalingscanule,VERB,25282
ademhalingsmasker,VERB,25354
ademhalingssysteem,VERB,25486
ademhalingsziekte,VERB,24734
ader,VERB,24028
adolescent,PREP,17516
adopteren,PRON,25004
adoptie,VERB,25005
adres,VERB,23402
advent,VERB,24004
advertentie,VERB,12344
advies,VERB,12345
adviseren,PRON,12346
advocaat,PREP,23012
aegir,PREP,22821
af,ADJ,16466
afbeelding,VERB,16172
afdalen,PRON,13660
afdrogen,PRON,13888
afdruiprek,VERB,24431
afdruk,VERB,25327
afdrukken,PRON,23624
afgewerkt,ADJ,24844
afghanistan,VERB,25008
afgieten,PRON,13872
afhankelijk,ADJ,24637
afhankelijkheid,VERB,24429
afkeer,VERB,13691
afmaken,PRON,14181
afmeting,VERB,15443
afrika,VERB,22602
afschuw,VERB,24885
afschuwelijk,ADJ,22354
afsnijden-,PRON,22382
afspraak,VERB,12406
afspraakje,VERB,13635
afstand,VERB,23071
afstandsbediening,VERB,24730
afval,VERB,18043
afwassen,VERB,23705
afwisselen,PRON,25254
afwisselend,ADJ,25255
afwisseling,VERB,25257
agenda,VERB,16733
agent,PREP,16217
agnosticisme,VERB,24005
akker,VERB,14173
akkoord gaan,PRON,12353
akoepedist,PREP,21593
aktentas,VERB,23420
alarm,VERB,25253
albe,VERB,21370
alcohol,VERB,25010
alcoholische drank,VERB,12359
alcoholisme,VERB,24405
alcoholmisbruik,VERB,24406
alcoholverslaving,VERB,24405
alert,VERB,24949
alfabet,VERB,12366
algemeen,ADJ,14429
alice in wonderland,PREP,25651
allah,PREP,21035
alleen,ADJ,12363
alleenstaande moeder,PREP,21091
alleenstaande ouder,PREP,21090
alleenstaande vader,PREP,21092
allemaal,NOUN,14117
allergie,VERB,24407
allerheiligen,VERB,14662
alles,NOUN,12360
almachtig,ADJ,21329
alpana,VERB,12365
als,NOUN,14927
alsjeblieft,OTHER,16204
alstublieft,OTHER,16204
alt,VERB,23803
altaar,VERB,21368
altaarkleed,VERB,21369
altfluit,VERB,23873
altijd,ADJ,12368
altruïsme,VERB,25652
altviool,VERB,23982
alwetend,ADJ,21328
ambulance,VERB,12369
amen,OTHER,21312
amenorroe,VERB,12370
american football,VERB,20593
amfibie,VERB,12371
amnesie,VERB,24899
amperemeter,VERB,25258
amplitude,VERB,25259
ampullen,VERB,21365
amuseren,PRON,12372
anale seks,VERB,12373
ananas,VERB,16182
anarthrie,VERB,25588
ander,PREP,15938
andere,PREP,25920
anders,NOUN,13675
anemometer,VERB,23019
angst,VERB,22912
angstig,PRON,14159
anker,VERB,24604
antarctica,VERB,22603
antenne,VERB,24602
anti virus programma,VERB,23403
anticonceptiemiddel,VERB,12631
anticonceptiepil,VERB,12845
antropologie,VERB,21548
antropologist,PREP,24840
antwoord,VERB,12393
antwoorden,PRON,12394
anus,VERB,12396
apostel,PREP,21059
apotheek,VERB,23072
apotheker,PREP,23611
apparaat,VERB,15406
appartement,VERB,12403
appartementsgebouw,VERB,23022
appel,VERB,12405
appelsien,VERB,15933
appendix,VERB,23409
applaudisseren,PRON,25012
applaus,VERB,25013
april,VERB,12410
arabisch,VERB,25260
arbeid,VERB,15165
arbeidsbureau,VERB,25745
archeologie,VERB,21554
archeoloog,PREP,21570
archipel,VERB,23023
architect,PREP,12412
arm,VERB,12577
armband,VERB,25433
armoede,VERB,21306
aromatherapeut,PREP,21603
arreslee,VERB,21873
arresleesport,VERB,21875
arresteren,PRON,23025
arriveren,PRON,17268
artillerie,VERB,25418
arts,PREP,13861
as,VERB,12586
asbak,VERB,12587
asperge,VERB,24015
assistent,PREP,14706
assisteren,PRON,14705
asteroïde,VERB,25841
astrologie,VERB,22636
astroloog,PREP,22901
astronaut,PREP,12590
astronomie,VERB,21542
astronoom,PREP,21560
asuitstrooiing,PRON,21118
atheïsme,VERB,21301
atletiek,VERB,21628
atoom,VERB,12592
attent,ADJ,13402
aubergine,VERB,13913
audioloog,PREP,21593
auditer,PREP,24018
auditieve beperking,VERB,26008
auditieve prikkel,VERB,25890
auditorium,VERB,24481
augustus,VERB,12595
australië,VERB,22605
auteur,PREP,23716
auto,VERB,13121
auto-ongeluk,VERB,13438
autobus,VERB,13089
autogordel,VERB,24255
automutulatie,VERB,16753
autoped,VERB,21811
autoracen,VERB,21830
autorijden,PRON,13883
autosport,VERB,21829
av,VERB,12599
avocado,VERB,12600
avond,VERB,13950
avond voor sabbat,VERB,14113
avondeten,VERB,17468
avontuur,VERB,24601
avontuurlijk,ADJ,25007
azijn,VERB,18013
azië,VERB,22604
baan,VERB,18273
baard,VERB,12644
baarmoeder,VERB,17994
baarmoederhals,VERB,13147
baarmoederverwijdering,VERB,14915
baars,VERB,25355
baas,PREP,12878
baby,PREP,12603
babysitter,PREP,12608
backspace,PRON,23411
bacterie,VERB,24411
bacteriële infectie,VERB,24410
bad,VERB,16992
bad nemen,PRON,18038
badge,VERB,12616
badje,VERB,18026
badkamer,VERB,12637
badminton,VERB,12617
badpak,VERB,17484
badspeelgoed,VERB,23708
bagel,VERB,22125
bah,OTHER,17963
bakblik,VERB,22576
bakboord,VERB,24712
bakken,PRON,12619
bakker,PREP,23412
bakkerij,VERB,23027
bakplaat,VERB,22575
bakpoeder,VERB,25656
bakvorm,VERB,22576
bal,VERB,12621
balanceren,PRON,25844
balder,PREP,22817
balkon,VERB,12620
ballenbad,VERB,23413
ballenveld,VERB,25524
ballet,VERB,23414
ballon,VERB,12622
ballonvaren,VERB,22108
balsport,VERB,21625
bamboe,NOUN,25931
banaan,VERB,12623
band,PREP,12624
bandiet,PREP,25017
bandy,VERB,21042
bang,ADJ,12347
bangladesh,VERB,24607
banjo,VERB,23808
bank,VERB,12626
bankkaart,VERB,23415
bar,VERB,12627
bar mitzvah,VERB,21112
barbecuen,PRON,12906
barometer,VERB,23028
bas,VERB,23809
basgitaar,VERB,23811
basis-,ADJ,24122
basisregel,VERB,24124
basisschool,VERB,23076
basketbal,VERB,12634
basklarinet,VERB,23810
bat,VERB,12635
bat mitzvah,VERB,21111
batman,VERB,25263
batterij,VERB,12638
beademen,PRON,12585
beademing,VERB,12584
beademingstoestel,VERB,24239
bed,VERB,12649
bed opmaken,PRON,23575
bedanken,PRON,17532
bedankt,OTHER,17533
beddepan,VERB,24717
bedelaar,PREP,25019
bedenken,PRON,22374
bedenker,PREP,23469
bediende,PREP,25703
bedpan,VERB,24717
bedreigd,ADJ,24094
bedriegen,PRON,25677
bedrog,VERB,25678
beek,VERB,16677
beeldhouwwerk,VERB,25790
been,VERB,15188
been en voet,VERB,25578
beenderen met gewricht,VERB,25528
beenhouwerij,VERB,23037
beer,VERB,12643
beest,VERB,12378
beetje,ADJ,14171
begin,VERB,12658
begin van het jaar,VERB,25431
beginnen,PRON,12657
begraafplaats,VERB,13142
begrafenis,VERB,20577
begraven,PRON,12926
begrensd,ADJ,26015
begrenzen,PRON,26014
begrijpelijk,ADJ,14961
begrijpen,PRON,17973
begrip,VERB,25629
begunstigen,PRON,23006
behalve,NOUN,13094
behandelen,PRON,24317
behandeling,VERB,24519
beharing,VERB,24032
beheersen zich,PRON,13407
behoefte,VERB,15701
behouden,PRON,15143
behulpzaam,ADJ,15149
beiden,NOUN,12879
beige,NOUN,25265
beignet,VERB,22125
bekennen,PRON,21099
beker,VERB,13621
bekeren,PRON,21320
bekering,VERB,21321
bekeuring,VERB,23082
bel,VERB,12662
belangrijk,ADJ,14930
belasting,VERB,23230
beleg,VERB,17238
beleggen,PRON,17239
belgië,VERB,22609
belijdenis,VERB,21110
bellen,PRON,22904
belofte,VERB,24930
beloning,VERB,17774
beloven,PRON,16417
bemanning,PREP,24635
beminnelijk,ADJ,15398
bemoedigen,PRON,25053
bemoediging,VERB,25054
bemoeizuchtig,ADJ,25125
benen en voeten,VERB,15189
benzine,VERB,14425
beoordelen,PRON,23126
beperken,PRON,26014
beperking,VERB,13684
beperkt,ADJ,26015
beperkte tijd,VERB,15212
bepleiten,PRON,23013
bereidheid,VERB,24804
bereiken,PRON,24401
berekop,VERB,24801
berg,VERB,15663
berg onder water,VERB,24763
bergbeklimmen,VERB,22109
berghut,VERB,25915
berging,VERB,17270
bergsport,VERB,21795
berk,VERB,25849
beroven,PRON,23637
bes,VERB,12666
beschaamd,ADJ,13926
beschaamdheid,VERB,13928
beschamend,ADJ,13927
beschermd,ADJ,24223
beschermd dier,VERB,12385
beschermd water,VERB,25597
beschermde bloem,VERB,14369
beschermde vogel,VERB,12839
beschermen,PRON,16419
beschermer,PREP,25167
bescherming,VERB,16420
bescherming met aanwijzer,VERB,25598
beschouwing,VERB,24880
beschrijven,PRON,13661
beschuldigen,PRON,23003
beschuldiging,VERB,23001
beschutting,VERB,24685
beslag,VERB,22379
beslissen,PRON,13648
beslissing,VERB,13649
besluit,VERB,13649
besluiten,PRON,13648
besmettelijk,ADJ,24471
besmetting,VERB,24470
besnijdenis,VERB,13348
besnijdenisceremonie,VERB,21113
bespreken,PRON,13688
best,ADJ,12667
bestaan,VERB,24098
bestaand,VERB,24443
beste,OTHER,13644
bestek,VERB,13630
bestemming,ADJ,24017
bestuur,VERB,24611
bestuurder,PREP,13884
betaal tv,VERB,24708
betalen,PRON,15979
betalingsbewijs,VERB,24724
betekenen,PRON,15440
betekenis,VERB,15441
beter,ADJ,12668
beterschap,VERB,24856
betogen,PRON,23065
betoging,VERB,23066
betreuren,PRON,16477
betrokkenheid,VERB,23919
beurt,VERB,17956
bevallen,PRON,25884
bevalling,VERB,12842
bevatten,PRON,14882
bevelen,PRON,21335
bever,VERB,12646
bevoordelen,PRON,23006
bevordering,VERB,23173
bevriezen,PRON,14397
bevriezing,VERB,25565
bevrijding,VERB,24179
bevroren,ADJ,14925
bevrucht,ADJ,24110
bevruchting,VERB,13395
bewaker,PREP,25167
bewaking,VERB,14650
bewapend,ADJ,25014
bewaren,PRON,15143
bewaren als,PRON,23649
bewegen,PRON,15667
beweging,VERB,25119
beweging op muziek,VERB,24702
bewijsmateriaal,VERB,23079
bewolkt,ADJ,13368
bewoner,PREP,16491
bewonerskaart,VERB,23914
bewoning,VERB,25887
bezem,VERB,12908
bezeren,PRON,14942
bezigheidstherapie,VERB,24200
bezigheidstherapieruimte,VERB,24201
bezit,VERB,24912
bezitten,PRON,15950
bezitting,VERB,24925
bezoek,VERB,24859
bezoeken,PRON,18017
bezoeker,PREP,18018
bezorgd,ADJ,12398
bezorgd zijn,PRON,18281
bezorgdheid,VERB,18280
beïnvloed,ADJ,25737
beïnvloeden,PRON,24466
bh,VERB,12889
biathlon,VERB,25266
bibliothecaris,PREP,23568
bibliotheek,VERB,15201
bidden,PRON,16236
biecht,VERB,21106
biefstuk,VERB,25176
bier,VERB,12653
bieslook,VERB,24427
big,VERB,25769
bij,VERB,12651
bijbel,VERB,21069
bijeenkomst,VERB,14427
bijgevoegd,ADJ,23408
bijlage,VERB,23409
bijna,ADJ,15697
bijten,PRON,12847
bijvoegen,PRON,23407
bijzonder,ADJ,17223
biljarten,VERB,22099
billen,VERB,13097
bindi,VERB,12836
bingo,VERB,23571
binnen,NOUN,14932
binnengaan,PRON,13940
binnenkort,ADJ,17212
binnenlands,ADJ,24086
binnenvaartschip,VERB,22072
binnenzee,VERB,22625
binnenzwembad,VERB,25818
bio-energie,VERB,25021
biochemicus,PREP,21563
biochemie,VERB,21545
biochemisch product,VERB,25525
biologie,VERB,21546
bioloog,PREP,21564
bioscoop,VERB,15670
biseksualiteit,VERB,24024
biseksueel,ADJ,24023
bisschop,PREP,21056
bit,VERB,24025
bitter,ADJ,12848
bizon,VERB,12917
blaas,VERB,12853
blaasinstrument,VERB,23981
blad,VERB,15183
bladgroente,VERB,15200
blaffen,PRON,24020
blaten,PRON,24026
blauw,NOUN,12864
blauwe plek,VERB,24419
blauwe vogel,VERB,12867
blazen,PRON,12863
blender,VERB,22392
blij,ADJ,14676
blijdschap,VERB,14675
blijven,PRON,17254
blik,VERB,23239
blikje,VERB,20528
blikopener,VERB,22396
bliksem,VERB,15209
blind,ADJ,12856
blinde darm,VERB,25430
blini,VERB,23949
blinken,PRON,22387
blinkend,ADJ,22388
bliss-symbolencentrum,VERB,12859
bliss-symbool,VERB,12857
blissfan,PREP,24027
blissfanaat,PREP,24027
blissles,VERB,23032
blissnaam,VERB,21624
blisstaal,VERB,23031
bloed,VERB,12861
bloeden,PRON,12855
bloedsomloop,VERB,25443
bloem,VERB,14204
bloembol,VERB,12919
bloemenfee,PREP,23510
bloemenweide,VERB,25717
bloemenwinkel,VERB,23088
bloemist,VERB,23088
bloemkool,VERB,13133
bloemsuiker,VERB,25771
bloes,VERB,16957
bloesem,VERB,25563
blog,VERB,25661
blok,VERB,12860
blokfluit,VERB,23873
blokfluit tenor,VERB,23941
blokfluit-,VERB,23938
blot,VERB,22833
blouse,VERB,16957
blozen,PRON,24029
blush,VERB,16692
board,VERB,20599
bobslee,VERB,21872
boccia,VERB,21806
bodem,VERB,12881
bodypainting,VERB,25432
boeddha,PREP,23423
boeddhisme,VERB,23424
boeddhist,PREP,23426
boeddhistisch,ADJ,23425
boef,PREP,25166
boeg,VERB,22062
boek,VERB,12875
boekenplank,VERB,16953
boekentas,VERB,23650
boekhandel,VERB,23034
boekhouder,PREP,24018
boekwinkel,VERB,23034
boenen,PRON,12913
boer,PREP,14152
boerderij,VERB,14151
boeren,PRON,12925
boete,VERB,23082
bokaal,VERB,22589
boksen,VERB,12887
bol,VERB,15920
bolletje,VERB,16683
bom,VERB,24036
boodschap,VERB,24484
boog,VERB,21855
boog en snaar,VERB,23819
boogschieten,VERB,21856
boogschutter,VERB,22645
boom,VERB,17775
boomgaard,VERB,15934
boomnimf,PREP,23663
boomschors,VERB,22311
boomstam,VERB,17783
boon,VERB,12642
boor,VERB,25048
boordinstrumenten,VERB,25306
boordpersoneel,PREP,24634
boormachine,VERB,25049
boos,ADJ,12377
boot,VERB,12869
bootladder,VERB,24612
bord,VERB,13690
borst,VERB,13161
borstbeen,VERB,25435
borstel,VERB,12908
borstelen,PRON,12913
borsten,VERB,12899
borsthaar,VERB,24056
borstkas,VERB,13161
borstvoeding,VERB,25914
bos,VERB,14386
bosbes,VERB,12866
bot,VERB,12873
botenhuis,VERB,22090
boter,VERB,13095
boterham,VERB,25802
botsen,PRON,13439
botsing,VERB,13435
bouwblokken,VERB,23454
bouwen,PRON,24877
boven,NOUN,15948
bovenarm,VERB,25457
bovenbeen,VERB,25955
bovenkant,VERB,17758
bovenlichaam,VERB,24325
bovennatuurlijk,VERB,21036
bovenop,NOUN,15918
bowlen,VERB,12885
braadpan,VERB,22581
braam,VERB,16463
braambes,VERB,16463
braden,PRON,14411
brahama,PREP,12892
braken,PRON,18022
brandbaar,ADJ,14195
brandblusapparaat,VERB,25301
brandblusser,VERB,25301
branden,PRON,12922
brandend,ADJ,12924
brandstof,VERB,14412
brandstofmeter,VERB,23090
brandweerauto,VERB,14186
brandweerman,PREP,14184
brandweerwagen,VERB,14186
brazilië,VERB,25024
breed,ADJ,18250
breedband,VERB,24614
breedte,VERB,25634
breekbaar,ADJ,12897
breien,PRON,15160
breken,PRON,12896
brengen,PRON,12904
breuk,VERB,24852
brief,VERB,15198
briesje,VERB,23824
brievenbus,VERB,15409
bril,VERB,14443
broccoli,VERB,12905
broche,VERB,25436
brochure,VERB,21340
broeikas,VERB,14643
broek,VERB,15961
broekkousen,VERB,17264
broekzak,VERB,16209
broer,PREP,12909
bromfiets,VERB,21810
brommer,VERB,21810
bron,VERB,22631
bron_,VERB,28070
brons,VERB,23035
bronstijd,VERB,23036
brontosaurus,VERB,23421
bronzen tijdperk,VERB,23036
brood,VERB,12895
brood met fruit,VERB,25667
brood met granen,VERB,25668
brooddoos,VERB,23573
broodje,VERB,16683
broodje zacht,VERB,25672
broodkorst,VERB,25665
broodkruim,VERB,25530
broodmes,VERB,25666
broodrooster,VERB,17742
broodtrommel,VERB,23573
brug,VERB,12902
bruin,NOUN,12910
brullen,PRON,24248
brus,PREP,16972
budget,VERB,23427
buffel,VERB,12917
bugel,VERB,23825
buggy,VERB,12605
buideldier,VERB,12384
buidelrat,VERB,15926
buigen,PRON,24412
buik,VERB,17265
buikgriep,VERB,24288
buikloop,VERB,24085
buikriem,VERB,24132
buil,VERB,24422
buis,VERB,16187
buiten,NOUN,15942
buitenlands,ADJ,24118
buitenshuis,VERB,25591
bult,VERB,24422
bungalow,VERB,23163
burcht,VERB,23437
bureau,VERB,13663
bureau voor gezinsplanning,VERB,14148
burger,VERB,13349
burgerlijk ingenieur,PREP,23441
burn out,ADJ,23827
bus,VERB,13089
busbaan,VERB,24039
buschauffeur,PREP,13091
bushalte,VERB,13090
business idee,VERB,25673
business plan,VERB,23427
busje,VERB,18000
busstation,VERB,24040
busstrook,VERB,24039
buur,PREP,15705
buurman,PREP,15705
buurt,VERB,23847
buurthuis,VERB,23446
cabine,VERB,25270
cable car,VERB,24042
cacao,VERB,13173
cactus,VERB,25674
cadeau,VERB,14437
cadeauwinkel,VERB,23096
cafetaria,VERB,13104
café,VERB,12627
cakeje,VERB,22122
camera,VERB,13111
camion,VERB,17781
camper,VERB,13113
camping vuur,VERB,25272
canada,VERB,13116
cannule,VERB,25437
canule,VERB,25506
caravan,VERB,13113
card,VERB,23431
cardioloog,PREP,21582
cardiovasculair systeem,VERB,25438
carrière,VERB,21360
carten,VERB,21831
carting,VERB,21831
cassette,VERB,13128
cassetterecorder,VERB,17505
castagnetten,VERB,23830
castratie,VERB,24130
catamaran,VERB,22087
catastrofe,VERB,23846
catheter,VERB,25469
causaliteit,VERB,23439
cavia,VERB,14434
cd,VERB,16470
cd hoes,VERB,23832
cd speler,VERB,16471
cel,VERB,21540
celibaat,VERB,13141
cello,VERB,23834
cellulaire vloeistof,VERB,25440
cement,VERB,13397
cent,VERB,13143
centraal zenuwstelsel,VERB,21585
ceremonie,VERB,21096
ceres,VERB,24425
challah,VERB,13149
champagne,VERB,22346
chanukah,VERB,13153
chapati,VERB,16691
charmant,ADJ,24054
charme,VERB,24053
chat,VERB,25675
chatten,PRON,25676
chauffeur,PREP,13884
chearleader,PREP,25027
chemisch product,VERB,13158
cheshvan,VERB,13160
china,VERB,25029
chips,VERB,16231
chiropractor,PREP,21601
chirurg,PREP,21575
choco,VERB,22906
chocola,VERB,13171
chocoladedrank,VERB,20772
chocoladehagel,VERB,22343
chocoladekorrels,VERB,22343
chocolademelk,VERB,13172
chocoladepasta,VERB,13174
chocoladepoeder,VERB,13173
chocoladereep,VERB,22373
chocoladesaus,VERB,22342
christelijk,VERB,13613
christelijk geloof,VERB,21302
christelijke gebeurtenis,VERB,21100
christelijke hoop,VERB,21303
christelijke liefde,VERB,21304
christelijke naastenliefde,VERB,21305
christen,ADJ,13180
christendom,VERB,21027
christus,PREP,14969
chronisch vermoeidheidssyndroom,VERB,23836
chronische pijn,VERB,12331
chumash,VERB,13182
cider,VERB,22347
cijfer,VERB,15742
cilinder,VERB,13115
cinema,VERB,15670
cipier,PREP,25144
circus,VERB,24061
cirkel,VERB,13347
cirkel segment,VERB,25594
cither,VERB,23806
citroen,VERB,15190
citroensap,VERB,15191
citrusvrucht,VERB,15933
citytrip,VERB,25030
claviculum,VERB,25491
clementine,VERB,17503
clitoris,VERB,13362
cliënt,PREP,25682
clown,PREP,23443
club,VERB,13369
cocaïne,VERB,25495
cockpit,VERB,25307
code,VERB,25032
codetaal,VERB,25276
collectie,VERB,25033
collega,PREP,25683
combinatie,VERB,13380
combinatie-indicator,OTHER,13382
combineren,PRON,13381
comfortabel,ADJ,13386
communicatie,VERB,13390
communicatiehulpmiddel,VERB,28077
communicatiesateliet,VERB,24624
communicatietherapeut,PREP,21595
communiceren,PRON,13389
communie,VERB,21105
compact,ADJ,25860
compactheid,VERB,25861
compartiment,VERB,24625
compleet,ADJ,24844
componist,PREP,13393
compressie,VERB,25534
computer,VERB,13394
computer programma,VERB,23664
computerspel,VERB,23449
computertas,VERB,23448
computertoebehoren,VERB,23450
concentratie,VERB,25862
concert,VERB,23452
concertzaal,VERB,13396
conciërge,PREP,24683
concours hippique,VERB,22096
condensatie,VERB,23839
condenseren,PRON,23840
condoom,VERB,13398
conductor,PREP,24069
conferentie,VERB,15450
confituur,VERB,14965
connector,VERB,24628
constipatie,VERB,24070
constructiespel,VERB,23455
consulent,PREP,13421
container transport,VERB,25624
continent,VERB,22601
continentverschuiving,VERB,22621
contrabas,VERB,23849
contract,VERB,24007
contrafagot,VERB,23850
contrasteren,PRON,13406
controle,VERB,24428
conversatie,VERB,13689
converseren,PRON,13688
cool,OTHER,18282
cornea,VERB,25855
correct,ADJ,13416
corruptie,VERB,24629
cottage cheese,VERB,22364
countrymuziek,VERB,23841
cranberry,VERB,13433
crash,VERB,13440
creatie,VERB,13607
creatief,ADJ,13608
creditcard,VERB,24633
crematie,VERB,21285
cremeren,PRON,21286
creëren,PRON,13606
cricket,VERB,21808
criminaliteit,VERB,25038
crimineel,ADJ,23118
croquet,VERB,13612
cruiseschip,VERB,22082
crèche,VERB,23558
cultuur,VERB,21608
cupcake,VERB,22123
curling,VERB,21879
curry,VERB,22327
curve,VERB,13627
cvs,VERB,23836
cymbaal,VERB,23842
daad,VERB,12335
daar,NOUN,17707
daarom,NOUN,17708
dadel,VERB,13637
dag,VERB,13639
dag en nacht,VERB,23054
dag van jeruzalem,VERB,14968
dag voor een verlofdag,VERB,25445
dag voor kerstdag,VERB,25441
dagblad,VERB,15713
dagcentrum,VERB,13641
dagverblijf,VERB,13641
dagzorg,VERB,13640
dak,VERB,16686
dakgoot,VERB,23103
dakkoffer,VERB,24613
dakrand,VERB,23073
dal,VERB,17999
dan,NOUN,12352
dankjewel,OTHER,17533
dankuwel,OTHER,17533
dans,VERB,24853
dansen,PRON,13631
dansmuziek,VERB,23843
danstherapeut,PREP,21599
danstherapie,VERB,24078
dapper,ADJ,23418
darm,VERB,12883
dart,VERB,21850
darts,VERB,21853
das,VERB,16730
dat,NOUN,16482
date,VERB,13635
davidster,VERB,17251
de,NOUN,17700
de groke,PREP,25190
de pil,VERB,12845
debat,VERB,12414
debateren,PRON,12413
december,VERB,13647
decennium,VERB,13646
deeg,VERB,22378
deegbal,VERB,22128
deegrol,VERB,22592
deegroller,VERB,22592
deegwaren,VERB,22129
deel,OTHER,15972
deel van bliss symbool,OTHER,12858
deelname,VERB,23918
deelnemen,PRON,23917
deelnemer,PREP,23916
deelteken,NOUN,8488
deens,VERB,25283
definitie,VERB,25690
deflatie,VERB,23064
dek,VERB,22061
dekbed,VERB,12854
dekbedhoes,VERB,16951
deken,VERB,12854
deksel,VERB,22583
delen,PRON,13694
delete,PRON,23468
deling,VERB,13857
deltavliegen,VERB,22114
democratie,VERB,24080
demonstratie,VERB,23066
demonstreren,PRON,23065
den,VERB,14116
denappel,VERB,25686
denemarken,VERB,13654
denken,PRON,17718
denksport,VERB,21799
densiteit,VERB,25861
deodorant,VERB,13657
depressie,VERB,13659
desinfectans,VERB,25047
desinfecteermiddel,VERB,25047
desktop,VERB,23470
dessert,VERB,13664
destructie,VERB,24883
detective,PREP,25045
deur,VERB,13866
devoot,ADJ,24082
devotie,VERB,24084
deze,NOUN,17711
deze maand,VERB,24948
deze week,VERB,17721
dezelfde,NOUN,16713
dharmawiel,VERB,23472
dhoti,VERB,13668
diafragma,VERB,25046
dialect,VERB,24961
diamand,VERB,25549
diamant,VERB,13669
diarree,VERB,24085
dichotomie,VERB,25692
dichtbij,ADJ,15697
dichtdoen,PRON,13364
dictator,PREP,25693
dictatuur,VERB,25694
die,NOUN,16482
dieet,VERB,13673
dieet houden,PRON,13674
dief,PREP,23683
diefstal,VERB,25191
dienblad,VERB,17773
dienst,VERB,23203
dienstplicht,VERB,15467
diep,ADJ,13652
diepte,VERB,25546
diepvries,VERB,23514
diepvriesvis,VERB,22356
diepvriesvlees,VERB,22355
diepvriesvoedsel,VERB,14404
diepvriesyoghurt,VERB,22357
diepzeeduiken,VERB,22057
dier,VERB,12378
dierenarts,PREP,25392
dierenhuid,VERB,12387
dierentuin,VERB,18475
dierkunde,VERB,21549
dierkundige,PREP,21566
digitaal,ADJ,23474
digitaal geheugen,VERB,24640
digitaal geheugen toestel,VERB,24641
digitaal signaal,VERB,24639
digitaal toestel,VERB,24638
digitale cijfers,NOUN,23476
digitale gegevens,VERB,23467
digitale ruimte,VERB,25551
digitale wereld,VERB,25552
dijbeen,VERB,25955
dik,ADJ,14156
dikke darm,VERB,25461
dikte,VERB,25560
dilemma,VERB,25695
diner,VERB,17468
ding,VERB,17717
dingindicator,OTHER,9009
dingindicator meervoud,OTHER,9010
dinosaurus,VERB,13681
dinsdag,VERB,17790
directeur,PREP,15182
dirigent,PREP,13399
disco,VERB,13686
discountwinkel,VERB,23070
discussie,VERB,12414
discussiëren,PRON,12413
discuswerpen,VERB,21847
discuteren,PRON,12413
dit,NOUN,17720
dit jaar,VERB,17722
diëten,PRON,13674
djembe,VERB,23816
dobbelsteen,VERB,25691
dochter,PREP,13638
document,VERB,23479
dode,PREP,21313
dodelijk,ADJ,15657
doden,PRON,15148
doding,VERB,25104
doedelzak,VERB,23807
doek,VERB,25148
doel,VERB,14450
doellat,VERB,28029
doelpunt,VERB,28032
doen,PRON,13860
doen alsof,PRON,16247
dokter,PREP,13861
dolfijn,VERB,13864
dollar,VERB,13863
dolma,VERB,23504
dom,ADJ,17447
dominee,PREP,15473
dominospel,VERB,24432
donder,VERB,17727
donderdag,VERB,17728
donker,ADJ,13634
donker seizoen,VERB,25936
donut,VERB,22124
dood,ADJ,13642
doodgaan,PRON,13672
doodsbang,ADJ,17525
doodskist,VERB,21116
doof,ADJ,13643
doolhof,VERB,25898
doopsel,VERB,21103
door,NOUN,17724
doordringen,PRON,15992
doorgaan,PRON,13404
doorheen,NOUN,17724
doorheen gaan,PRON,15992
doorlaatbaar materiaal,VERB,25357
doorprikken,PRON,25482
doorsnijden,PRON,25483
doorzichtig,ADJ,13358
doos,VERB,12886
dorp,VERB,18012
dorst,ADJ,17719
dorstig,ADJ,17719
douche,VERB,16968
douchen,PRON,16969
douchestoel,VERB,24748
douchezitje,VERB,24748
draad,VERB,13921
draadloze telefoon,VERB,23459
draadloze verbinding,VERB,24782
draagbaar,ADJ,24715
draagbaarheid,VERB,24714
draai,VERB,25627
draaien,PRON,16690
draaimolen,VERB,15458
draaitol,VERB,17759
dragen naar,PRON,17497
drama,VERB,23480
drank,VERB,13881
drankhandel,VERB,23145
drankshop,VERB,23145
draven,PRON,24319
draverij,VERB,22095
dressing,VERB,16723
dressuur,VERB,22097
drie,NOUN,8499
drie waters deens,VERB,25623
drie-eenheid,VERB,23115
driehoek,VERB,17776
driehoekig,ADJ,17777
driewieler,VERB,17778
drijven,PRON,14200
drijvend vat,VERB,25562
drinken,PRON,13882
drinkglas,VERB,14442
drogen,PRON,13888
dromedaris,VERB,13885
dromen,PRON,13875
dronken,ADJ,13886
droog,ADJ,13887
droogkamer,VERB,24089
droogkast,VERB,24088
droogmaken,PRON,23858
droogte,VERB,23859
drugafhankelijk,VERB,24436
druggebruiker,PREP,24434
drugs,VERB,25446
drugsverslaafd,VERB,24435
druiven,VERB,14635
druivensap,VERB,14633
druk,VERB,23169
drukmeter,VERB,23170
drum,VERB,23854
drumstok,VERB,23856
druppel,VERB,25701
dubbelpunt,NOUN,8488
duidelijk,ADJ,14961
duif,VERB,25871
duik,VERB,25868
duiken,VERB,22055
duiker,PREP,25866
duikuitrusting,NOUN,25869
duim,VERB,17726
duits,VERB,25415
duitse,VERB,25419
duitsland,VERB,25414
duivel,PREP,20568
duizelig,ADJ,24642
duizendpoot,VERB,25913
dumpen,PRON,24090
dun,ADJ,17716
dunne darm,VERB,25493
durga,PREP,13891
durven,PRON,23466
dutje,VERB,17008
duur,ADJ,14129
duurzaam,ADJ,28049
duw,VERB,24825
duwboot,VERB,22081
duwen,PRON,16439
dvd,VERB,24645
dvd film,VERB,24646
dvd speler,VERB,24647
dwarsfluit,VERB,23872
dwerg,PREP,23481
dwergplaneet,VERB,24437
dwingend,ADJ,14383
dysarthrie,VERB,26026
e-mail,VERB,23485
e-mailadres,VERB,23486
eb,VERB,22627
echtgenoot,PREP,14914
echtgenote,PREP,17237
echtpaar,PREP,13427
economie,VERB,21543
economische wetenschap,VERB,25698
econoom,PREP,21561
eczeem,VERB,24232
edelsteen,VERB,14971
eekhoorn,VERB,17245
een,NOUN,12321
een experiment uitvoeren,PRON,24099
een hekel hebben aan,PRON,13692
een knuffel geven,PRON,24076
eend,VERB,12840
eenhoorn,VERB,23702
eenoudergezin,PREP,21093
eens,NOUN,12401
eensgezindheid,VERB,14680
eenvoudig,VERB,24890
eenzaam,ADJ,15228
eerder,ADJ,24218
eerlijk,ADJ,23081
eerste,ADJ,14187
eerste hulp bij ongevallen,VERB,25304
eerste minister,PREP,24221
eetbare plant,VERB,25925
eetgerei,VERB,17993
eetkamer,VERB,13680
eetlepel,VERB,22570
eetstoornis,VERB,24439
eeuw,VERB,13144
eeuwig,ADJ,21332
eeuwig leven,VERB,13945
eeuwigheid,VERB,24892
effect,VERB,13910
effen,ADJ,17186
egel,VERB,14699
egoïsme,VERB,24937
egoïstisch,ADJ,16755
egypte,VERB,25286
ei,VERB,13911
eierstok,VERB,15947
eigendom,VERB,24925
eiland,VERB,14958
eilandengroep,VERB,23023
eileider,VERB,14143
einddoel,VERB,28033
einde,VERB,13935
eisen,PRON,21336
ejaculatie,VERB,13915
eland,VERB,15652
elektricien,PREP,23482
elektriciteit,VERB,13918
elektriciteitsmeter,VERB,23075
elektrisch,ADJ,13917
elektrisch circuit,VERB,25287
elektrisch snoer,VERB,13921
elektrisch veld,VERB,25290
elektrische geleider,VERB,25288
elektrische isolator,VERB,25291
elektrische ketel,VERB,22587
elektrische pan,VERB,22580
elektrische rolstoel,VERB,13920
elektrische stroom,VERB,25289
elektro magneet,VERB,25292
elf,PREP,23483
elk,NOUN,13893
elleboog,VERB,13916
elleboogbeschermer,VERB,21620
elul,VERB,13925
embryo,VERB,13929
emmer,VERB,15953
emotie,VERB,14164
empathie,VERB,13931
en,NOUN,12374
endocrien systeem,VERB,25449
energie,VERB,13936
eng,ADJ,25192
engel,PREP,12375
engeland,VERB,22610
engels,VERB,23077
engte,VERB,25622
enkel,VERB,12391
enkele,ADJ,17207
enorm,ADJ,21352
enter,VERB,23488
enthousiast,ADJ,23860
epiphany,VERB,24095
er,NOUN,17707
erectie,VERB,13944
ergens,NOUN,12402
ergotherapeut,PREP,21591
ergotherapie,VERB,24200
ergotherapielokaal,VERB,24201
erheen,NOUN,17739
erin,NOUN,14952
eris,VERB,24440
eruit,NOUN,15943
eruit gaan,PRON,14126
ervaring,VERB,25708
erwt,VERB,15987
esdoornblad,VERB,15422
essentieel,ADJ,24122
estafette,VERB,21841
estland,VERB,24097
estonisch,VERB,25295
etage,VERB,23085
etanol,VERB,25010
eten,PRON,13906
etmaal,VERB,23054
etrog,VERB,13946
euro,VERB,21541
europa,VERB,22606
eva,PREP,21064
evaluatie,VERB,13949
evalueren,PRON,13947
evangelie,VERB,21076
evangeliseren,PRON,21346
even getal,VERB,25706
evenaar,VERB,22598
evenmin,NOUN,15706
evenwicht,VERB,25842
evenwicht houden,PRON,25844
evenwichtszin,VERB,25842
everzwijn,VERB,25767
examen,VERB,17528
excursie,VERB,15945
excuseer,OTHER,17698
excuseren,PRON,14123
excuus,VERB,14122
exhibitionisme,VERB,14125
experiment,VERB,24893
experimenteren,PRON,24099
exploderen,PRON,14131
explosie,VERB,14132
explosief,VERB,24036
export,VERB,23489
exporteren,PRON,23490
extase,VERB,14120
extatisch,ADJ,14119
externe harde schijf,VERB,24654
ezel,VERB,13865
fabel,VERB,25876
fabriek,VERB,14140
fabrikant,PREP,15412
facebook,VERB,25375
factuur,VERB,24681
fagot,VERB,23812
fair,ADJ,23081
falafel,VERB,14141
falen,PRON,24444
familie,PREP,14145
familiedag,VERB,24103
familielid,PREP,16481
fan,PREP,24083
fan club,VERB,24446
fanaat,PREP,24234
fanaticus,PREP,24234
fanatiek,ADJ,24105
fanatiekeling,PREP,24106
fanfare,PREP,12624
fantasie,VERB,24895
farfalle,VERB,22131
fataal,ADJ,25061
fauteuil,VERB,12578
favoriet,ADJ,14158
fax,VERB,23497
faxapparaat,VERB,23499
faxbericht,VERB,23497
faxen,PRON,23498
februari,VERB,14161
fee,PREP,23494
feest,VERB,15973
feestdag,VERB,14884
feit,VERB,14139
feliciteren,PRON,15437
festival,VERB,21287
fiets,VERB,12834
fietsen,PRON,21832
fietshelm,VERB,21618
fietslamp,VERB,25848
fietspad,VERB,24022
fijnstampen,PRON,15427
file,VERB,23500
film,VERB,15669
filmrolletje,VERB,14177
filosofie,VERB,23614
filosofieles,VERB,23615
filosoof,PREP,23612
filter,VERB,16976
financiële ondersteuning,VERB,24113
finland,VERB,14182
fins,VERB,25300
finse,VERB,25299
fjord,VERB,22613
flap,VERB,25904
flat,VERB,12403
fles,VERB,12880
flesopener,VERB,22395
flesopening,VERB,25529
flonkeren,PRON,17960
flosdraad,VERB,13655
fluisteren,PRON,18240
fluit,VERB,23871
fluiten,PRON,18241
flyer,VERB,21340
foetus,VERB,14170
folder,VERB,21340
fonoplaat,VERB,16470
fontein,VERB,24900
fopspeen,VERB,24496
forenzentrein,VERB,24067
fort,VERB,24119
fossiele brandstof,VERB,25062
foto,VERB,16169
fototoestel,VERB,13111
fout,ADJ,14929
foute gedachte,VERB,25539
framboos,VERB,16463
frankrijk,VERB,25063
frans,VERB,25309
free style skiën,VERB,21867
frequent,ADJ,15913
frequentie,VERB,25310
frequentieband,VERB,24606
frey,PREP,22818
freya,PREP,22819
friet,VERB,14398
frieten,VERB,14398
frietpot,VERB,22585
frigg,PREP,22651
frisdrank,VERB,17202
friteuse,VERB,22585
frituren,PRON,13653
fruit,VERB,14405
fruitsalade,VERB,22142
fruitsap,VERB,14406
frustratie,VERB,14410
frustrerend,ADJ,14409
fuif,VERB,13686
fuik,VERB,24656
functie,VERB,23516
functioneel,ADJ,23518
functioneren,PRON,23517
fundament,VERB,23089
fundamentalisme,VERB,24125
fundamentalist,PREP,24127
fundamenteel,ADJ,24122
fysica,VERB,21556
fysich gehandicapt,ADJ,16170
fysicus,PREP,24928
fysiotherapeut,PREP,21592
fysiotherapie,VERB,24211
fysiotherapie-ruimte,VERB,24212
fysische beperking,VERB,26020
gaan,PRON,12343
gaatje,VERB,13138
galop,VERB,24901
galopperen,PRON,24044
gamba,VERB,23168
ganesh,PREP,14419
gang,VERB,23047
gans,VERB,14458
gapen,PRON,18288
garage,VERB,14420
garde,VERB,22563
garderobe,VERB,24063
gareel,VERB,24145
garnaal,VERB,23168
gas,VERB,14424
gasbel,VERB,12916
gascylinder,VERB,25315
gasplaneet,VERB,24455
gastrointestinaal systeem,VERB,25451
gat,VERB,14883
gebaar,VERB,16978
gebakje,VERB,22123
gebakken ei,VERB,22138
gebaren,PRON,21537
gebarentaal,VERB,21538
gebed,VERB,16237
gebedenboek,VERB,16238
gebeuren,PRON,14674
gebeurtenis,VERB,14114
gebied,VERB,16193
geboorte,VERB,12842
geboortebeperking,VERB,12844
gebouw,VERB,14905
gebraad,VERB,23945
gebroken,ADJ,12907
gebruik,VERB,24847
gebruiken,PRON,17991
gebruiksaanwijzing,VERB,14946
gedaan,ADJ,16466
gedachte,VERB,14926
gedachtenis,VERB,23589
gedeelte,OTHER,15972
gedenkdag,VERB,12392
gedicht,VERB,16210
gedrag,VERB,12659
gedroogd,ADJ,23852
gedroogd fruit,VERB,24121
gedroogd vlees,VERB,24187
gedroogde bloem,VERB,24116
gedroogde bonen,VERB,13880
gedroogde vis,VERB,24115
geduld,VERB,15976
geduldig,ADJ,25765
geduldig zijn,PRON,15977
geel,NOUN,18291
geen van beide,NOUN,15706
geest,PREP,14436
geestestoestand,VERB,25379
geestesziekte,VERB,24482
geeuwen,PRON,18288
gefeliciteerd,OTHER,15487
geforceerd,ADJ,14383
gefrituurd,ADJ,22351
gefrustreerd,ADJ,14408
gegevens,VERB,23467
gehakt,VERB,23591
gehaktbal,VERB,15445
geheel,NOUN,12360
geheelonthouding,VERB,24306
geheim,VERB,16745
geheimagent,PREP,25175
geheimschrift,VERB,25276
geheugen,VERB,24640
gehoor,VERB,25890
gehoorapparaat,VERB,14693
gehoorgestoord,ADJ,14694
gehoorzaamheid,VERB,21309
gehoorzamen,PRON,15907
geiser,VERB,24830
geit,VERB,23097
gekneusd,ADJ,24421
gekookt ei,VERB,22137
gekruiste raketten,VERB,25542
geld,VERB,15484
geldautomaat,VERB,23405
geldstuk,VERB,13374
gele_kaart,VERB,28084
gelijk,NOUN,16713
gelijk uitziend,OTHER,16985
gelijk zijn aan,PRON,13943
gelijkbenige driehoek,VERB,25744
gelijkend op,OTHER,16984
gelijkluidend,OTHER,16986
gelijkstroom,VERB,25281
gelijksvloers,VERB,23087
geloof,VERB,12660
geloven,PRON,12661
gelovige,PREP,20565
geluid,VERB,17216
geluk,VERB,14675
gelukkig,ADJ,14676
gelukwensen,PRON,15437
gemaakt,VERB,23583
gemachtigd,ADJ,24649
gemak,VERB,24890
gemakkelijk,ADJ,13905
gember,VERB,22318
gemberpoeder,VERB,22319
gembersaus,VERB,22320
gemeen,ADJ,15439
gemeenschappelijk,ADJ,24066
gemixt voedsel,VERB,25581
gemoedstoestand,VERB,25379
gemotiveerd,ADJ,23860
genade,VERB,21040
geneesmiddel,VERB,15448
generalisering,VERB,14430
genezen,PRON,24077
genieten,PRON,13938
genitaliën,VERB,14431
genocide,VERB,21612
genoeg,ADJ,13939
geograaf,PREP,24902
geologie,VERB,21550
geoloog,PREP,21567
geopende mond,VERB,25916
geothermische energie,VERB,25069
gepensioneerd,ADJ,25155
gepensioneerde,PREP,24497
gepeperd,ADJ,14901
geplooid,VERB,25564
gepocheerd ei,VERB,22141
gerechtelijk vervolgen,PRON,23004
gerechtigheid,VERB,23130
gerechtsgebouw,VERB,23051
gerechtszaal,VERB,23052
gereedschap,VERB,17755
gerei,VERB,22561
geroosterd brood,VERB,17740
gerst,VERB,24608
geruit,ADJ,24055
geschenk,VERB,14437
geschiedenis,VERB,21553
geschiedenisleraar,PREP,23113
geschrokken,ADJ,12347
gesel,VERB,25393
geselen,PRON,25386
geslacht,VERB,14428
geslachtsdelen,VERB,14431
geslachtsrijp,ADJ,24260
geslachtsziekte,VERB,24333
gesloten,ADJ,25277
gesneden,ADJ,22383
gesneden brood,VERB,25664
gespannen,ADJ,23957
gesprek,VERB,13689
gespuw,VERB,25617
gesteente,VERB,25932
gestippeld,ADJ,24087
gestolen goederen,VERB,25178
gestreept,ADJ,24293
gestreepte eekhoorn,VERB,13170
gestrest,ADJ,23957
getal,VERB,15742
getij,VERB,22626
getijde,VERB,25356
getrouwd,ADJ,25753
getuige,PREP,23251
getuigen,PRON,23235
getuigenverklaring,VERB,23236
geur,VERB,17017
geuren,PRON,17019
gevaar,VERB,13632
gevaarlijk,ADJ,13633
gevangene,PREP,25145
gevangenis,VERB,16250
gevangenschap,VERB,25132
gevecht,VERB,24855
geven,PRON,14440
gevoel,VERB,14164
gevolg,VERB,13910
gevouwen,VERB,25564
gevuld,ADJ,23501
gevuld voedsel,VERB,23503
gevulde groente,VERB,23505
gevulde kool,VERB,23502
gewapend,ADJ,25014
geweer,VERB,14655
gewei,VERB,14896
geweldig,ADJ,24829
geweten,VERB,13401
gewicht,VERB,18221
gewichtheffen,VERB,21859
gewijdheid,VERB,21087
gewoon zijn om,VERB,25208
gewoonlijk,ADJ,17992
gewoonte,VERB,25072
gewricht,VERB,14973
gezamenlijk,ADJ,24066
gezellig,ADJ,15717
gezicht,VERB,14138
gezichtsbeschermer,VERB,21621
gezin,PREP,14144
gezinsplanning,VERB,14147
gezond,ADJ,14691
gezondheid,VERB,14690
geëxplodeerd,ADJ,24100
geëxporteerd,ADJ,23492
geëxporteerde goederen,VERB,23489
geïllustreerd,ADJ,25324
geïmporteerd,ADJ,23541
geïmporteerde goederen,VERB,23538
geïnfecteerd,ADJ,24469
geïnspireerd,ADJ,25740
geïnteresseerd,ADJ,14948
giek,VERB,22060
gier,VERB,18024
gieten,PRON,24330
gieter,VERB,16191
gif,VERB,16215
gift,VERB,24903
gigantisch,ADJ,21354
gijzelaar,PREP,25084
gillen,PRON,18290
ginds,NOUN,17707
gips,VERB,13129
giraf,VERB,14438
gist,VERB,25830
gisteravond,VERB,15174
gisteren,VERB,18295
gitaar,VERB,23879
glad,ADJ,17186
glans,VERB,22386
glanzen,PRON,22387
glanzend,ADJ,22388
glas,VERB,14441
glaskunst,VERB,24134
glaswerk,VERB,14444
gletsjer,VERB,24133
glijbaan,VERB,17011
glijden,PRON,25803
glimlachen,PRON,17021
glimmen,PRON,22387
glimmend,ADJ,22388
glitter,VERB,25453
globale_opwarming,VERB,28028
gloed,VERB,24135
gloeien,PRON,24136
goal,VERB,14450
gocart,VERB,21822
god,PREP,14451
god de vader,PREP,23098
god de zoon,PREP,23099
godsdienst,VERB,16483
godsdienstig,ADJ,20562
godsdienstleraar,PREP,23191
godsgeleerdheid,VERB,23190
goed,ADJ,13416
goed bevinden,PRON,13948
goed geweten,VERB,25569
goede vrijdag,VERB,14455
goededag,NOUN,24458
goedemorgen,NOUN,24461
goedenacht,NOUN,24463
goedenavond,NOUN,24459
goederen,VERB,14457
goedheid,VERB,14456
goedkeuren,PRON,12408
goedkoop,ADJ,13155
gok,VERB,24413
gokken,PRON,24453
gokker,PREP,24454
gokwedstrijd,VERB,24452
golf,VERB,14453
golfenergie,VERB,25212
golflengte,VERB,25391
golflijn,VERB,25600
gong,VERB,23878
goochelaar,PREP,23574
gooien,PRON,17725
gootsteen,VERB,24511
gordel,VERB,24255
gordijn,VERB,13626
gorilla,VERB,15485
goud,VERB,23100
goudsmid,PREP,24456
goudvis,VERB,14452
gps systeem,VERB,24661
gps toestel,VERB,24660
graafmachine,VERB,25707
graag gedaan,OTHER,18466
graag hebben,PRON,15210
graan,VERB,14625
graanschuur,VERB,25658
graat,VERB,25305
gradatie,VERB,23955
graf,VERB,14638
grafheuvel,VERB,25846
grafsteen,VERB,21284
grafveld,VERB,25886
granenbrood,VERB,25668
grapefruit,VERB,14634
grappen maken,PRON,14974
grappig,ADJ,14414
gras,VERB,14636
grasbowling,VERB,22835
graskluit,VERB,25961
grasmachine,VERB,25747
grasveld,VERB,15180
gratis,ADJ,25882
graven,PRON,13677
grazen,PRON,25721
grenzeloos,VERB,24915
grenzen,VERB,15213
grid,VERB,24904
griekenland,VERB,25071
griep,VERB,24117
grijnzen,PRON,17021
grijper,VERB,22567
grijs,NOUN,14639
grillen,PRON,12906
groei,VERB,15433
groeien,PRON,14649
groen,NOUN,14641
groente,VERB,17958
groenten,VERB,23710
groentewinkel,VERB,23101
groep,PREP,14646
groep van,VERB,14647
groepswerk,VERB,24305
grommen,PRON,24139
grondtroepen,VERB,24967
grondwet,VERB,24072
groot,ADJ,12835
groot aantal,VERB,15675
groot-brittannië,VERB,17979
grootmoeder,PREP,14629
grootouder,PREP,14632
groots,VERB,14640
grootte,VERB,23214
grootvader,PREP,14626
grot,VERB,13137
groter dan,NOUN,16480
gsm,VERB,23592
gymnastiek,VERB,21798
gymzaal,VERB,14656
gynaecoloog,PREP,21580
gênant,ADJ,13927
haai,VERB,16942
haak,VERB,14891
haan,VERB,23043
haar,VERB,14660
haardroger,VERB,24141
haarlak,VERB,23880
haas,VERB,16448
haast,VERB,24166
haasten,PRON,24167
haastig,ADJ,24168
haat,VERB,24908
hagedis,VERB,12388
hagel,VERB,14659
hagelslag,VERB,22343
haggada,VERB,14658
hak,VERB,25455
haken,PRON,13611
hakken,PRON,13179
half,NOUN,24906
half uur,VERB,23104
hall,VERB,23047
hallo,OTHER,14702
halloween,VERB,14662
hals,VERB,15699
halsketting,VERB,25470
halte,VERB,24041
halvah,VERB,14663
ham,VERB,16223
hamantasch,VERB,14665
hamburger,VERB,14664
hamer,VERB,14666
hamster,VERB,14434
hand,VERB,14667
hand omhoog steken,PRON,25930
handbal,VERB,14669
handball_,VERB,28035
handbalspeler,PREP,28036
handbalveld,VERB,28034
handbike,VERB,21814
handdoek,VERB,17762
handel,VERB,13093
handelen,PRON,23005
handeling,VERB,12334
handgemaakt figuur,VERB,25724
handgemaakt voorwerp,VERB,14672
handicap,VERB,13684
handleiding,VERB,14946
handschoen,VERB,14445
handspalk,VERB,24142
handtas,VERB,14668
handtekening,VERB,16979
handtekeningstempel,VERB,16980
handtrommel,VERB,23816
handvat,VERB,17487
handvuurwapen,VERB,14655
handwerk,VERB,13431
handwerkwinkel,VERB,23106
hangen,PRON,14673
hangmat,VERB,24662
hapje,VERB,17187
hard,ADJ,14679
harde kaas,VERB,22358
hardlopen,PRON,16699
hardrock,VERB,24663
haren wassen,PRON,24262
haring,VERB,23530
hark,VERB,16461
harmonie,VERB,14680
harnas,VERB,21622
harnas aandoen,PRON,24144
harp,VERB,23881
hart,VERB,14695
haten,PRON,14683
hattifnattar,PREP,25073
havdalah,VERB,14684
haven,VERB,14678
haver,VERB,24705
havermoutpap,VERB,23621
hazelmuis,VERB,25700
hebben,PRON,14685
hebreeuws,VERB,23109
heden,VERB,16246
heel,NOUN,12360
heel veel,ADJ,25964
heelal,VERB,24451
heen en weer,NOUN,12610
heet,ADJ,14900
heffen,PRON,15207
heilig,ADJ,21041
heilig boek,VERB,21068
heilig kind,PREP,21086
heilige,PREP,21085
heilige familie,PREP,21089
heilige gebeurtenis,VERB,21101
heilige geest,PREP,23114
heilige stad,VERB,21088
heiligen,PRON,21084
heiligheid,VERB,21082
hek,VERB,14167
hekel,VERB,13691
heks,PREP,23712
hel,VERB,21062
helder,ADJ,12903
helderheid,VERB,24878
heldhaftig,ADJ,23529
helft,NOUN,24906
helikopter,VERB,14701
helling,VERB,23629
helm,VERB,14703
helpen,PRON,14705
hem,PREP,14687
hemd,VERB,17972
hemel,VERB,17006
hemelvaart,VERB,24013
hemelvaartsdag,VERB,24014
hemulen,PREP,25074
hen,NOUN,17712
hengst,VERB,24282
herdenkingsdag,VERB,16486
herder,PREP,23661
herderin,PREP,25912
herfst,VERB,12597
herhalen,PRON,16487
herhaling,VERB,24934
herinneren,PRON,16485
herinnering,VERB,23589
heroïsch,ADJ,23529
hersenen,VERB,12893
hersensignaal,VERB,25434
herstellen,PRON,14192
herstellingsplaats,VERB,24236
hert,VERB,12381
het,NOUN,14960
het eens zijn,PRON,12353
het koud hebben,PRON,23444
het leven,VERB,15206
het opstijgen,VERB,25187
het spijt me,OTHER,17698
heten,PRON,24874
heteroseksualiteit,VERB,14709
heteroseksueel,ADJ,24910
hetzelfde,NOUN,16713
hetzelfde zijn,PRON,13943
heup,VERB,14713
heuvel,VERB,14712
hiel,VERB,14700
hier,NOUN,14708
hij,PREP,14687
hijskraan,VERB,13434
hijstoestel,VERB,14881
hik,VERB,25075
hinkelen,PRON,14892
hinken,PRON,14892
hinniken,PRON,24199
hint,VERB,25278
hippotherapie,VERB,24310
historicus,PREP,21569
historisch verhaal,VERB,25947
hitte,VERB,14696
hobbelpaard,VERB,16682
hobbit,PREP,23531
hobby,VERB,14718
hobo,VERB,23908
hockey,VERB,14174
hoe,NOUN,14906
hoed,VERB,14682
hoeden,PRON,25764
hoef,VERB,24155
hoefijzer,VERB,24163
hoefnagel,VERB,24164
hoefsmid,PREP,24107
hoek,VERB,12376
hoeslaken,VERB,16951
hoesten,PRON,13420
hoeveel,NOUN,14908
hoeveelheid,VERB,14647
hoevenkrabber,VERB,24156
hoewel,NOUN,12367
hof,VERB,13428
hok,VERB,17270
hol,VERB,14883
hollen,PRON,16699
holocaust,VERB,21612
home run,VERB,14886
homoseksualiteit,VERB,14887
homoseksueel,ADJ,24153
homosexualiteit,VERB,24154
hond,VERB,12380
hondensledesport,VERB,21877
hondenslee,VERB,21874
hondsdolheid,VERB,16449
hongarije,VERB,24165
honger,ADJ,14912
hongerig,ADJ,14912
honing,VERB,14889
honkbal,VERB,12632
hoodie,VERB,28039
hoofd,VERB,14689
hoofddoek,VERB,21613
hoofdgerecht,VERB,22119
hoofdhaar,VERB,14661
hoofdlamp,VERB,25888
hoofdluis,VERB,25318
hoofdmuis,VERB,23526
hoofdrekenen,VERB,23475
hoofdsteun,VERB,28037
hoog,ADJ,14711
hoog water,VERB,22630
hoogspringen,VERB,21843
hoogte,VERB,24909
hoogtemeter,VERB,23018
hooi,VERB,24147
hooivork,VERB,14389
hoop,VERB,23534
hoopvol,ADJ,23535
hoorapparaat,VERB,14693
hoorn,VERB,14895
hoorns,VERB,21061
hoornvlies,VERB,25855
hopen,PRON,14893
hordenlopen,VERB,21840
horen,PRON,14692
horizon,VERB,14894
horizontaal,ADJ,23116
horizontaal ding,VERB,24180
horloge,VERB,18044
hostie,VERB,21367
hotdog,VERB,14902
hotel,VERB,14903
houden,PRON,14882
houden van,PRON,15210
houder,VERB,13403
hout,VERB,18270
houtblazer,VERB,23985
houten blaasinstrument,VERB,23985
houten lepel,VERB,22572
houthakker,PREP,23572
hovercraft,VERB,22085
hugin en munin,VERB,22823
huid,VERB,17001
huiduitslag,VERB,24232
huidziekte,VERB,24266
huilen,PRON,13618
huis,VERB,14905
huis met 1 verdieping,VERB,23163
huis met meerdere verdiepen,VERB,23153
huis op de boerderij,VERB,25714
huis-,VERB,23201
huisarts,PREP,21581
huisdier,VERB,12382
huiself,PREP,23422
huishouden,PRON,25730
huishoudhandschoenen,VERB,22597
huishoudster,PREP,25731
huisje,VERB,13102
huiskamer,VERB,15224
huisvogel,VERB,12838
huiswaarts,ADJ,25891
huiswerk,VERB,23533
huizenblok,VERB,23815
hulp,VERB,12355
hulpmiddel om te ademen,VERB,25409
hulpmiddelenlokaal,VERB,24008
hulpverlener,PREP,14706
hummus,VERB,14911
humus,VERB,24185
hun,PREP,17701
huren,PRON,24733
hut,VERB,13102
huur,VERB,24731
huwelijk,VERB,15425
huwelijkssacrament,VERB,21108
huwen,PRON,15426
hydrotherapeut,PREP,21597
hydrotherapie,VERB,24169
hypothese,VERB,25574
hysterectomie,VERB,14915
hüttenkäse,VERB,22364
idee,VERB,14926
identiteitskaart,VERB,25088
idioot,ADJ,17447
ieder,NOUN,13893
iedereen,NOUN,14117
iemand,PREP,12399
ierland,VERB,14954
iers,VERB,25331
ierse fluit,VERB,23920
iets,NOUN,12400
iets anders,NOUN,24011
ijs,VERB,14919
ijsbeer,VERB,25926
ijsberg,VERB,24171
ijshockey,VERB,14922
ijshockeyhelm,VERB,21617
ijshockeyveld,VERB,28040
ijsje,VERB,14920
ijsjesreep,VERB,22370
ijskast,VERB,16476
ijskorst,VERB,25893
ijskoud,ADJ,14925
ijslaag,VERB,25732
ijsland,VERB,14923
ijslands,VERB,25322
ijspiste,VERB,25733
ijsveld,VERB,24170
ijsvlakte,VERB,24170
ijzeren tijdperk,VERB,23123
ijzertijd,VERB,23123
ik,PREP,14916
illusie,VERB,24895
illustratie,VERB,25325
illustreren,PRON,25323
immoreel,ADJ,14929
impact,VERB,24467
implemantatie,VERB,28042
implementeren,PRON,28041
import,VERB,23538
importeren,PRON,23539
in,NOUN,14932
in de val lokken,PRON,25200
in evenwicht zijn,PRON,25844
in het midden van,NOUN,25653
in het stopcontact steken,PRON,24711
in plakken snijden,PRON,22382
in ruil voor,NOUN,14381
in slaap vallen,PRON,23495
in staat stellen,PRON,24648
inbreker,PREP,23683
incest,VERB,14933
index,VERB,25089
india,VERB,25090
indicator,OTHER,8994
indicator beschrijving,OTHER,8998
indicator beschrijving na feit,OTHER,8996
indicator meervoud,OTHER,9011
indicator passief tegenwoordige tijd,OTHER,9003
indicator passief toekomende tijd,OTHER,9001
indicator passief verleden tijd,OTHER,9007
indicator tegenwoordige tijd,OTHER,8993
indicator toekomende tijd,OTHER,8999
indicator verleden tijd,OTHER,9004
indicator voorwaardelijk tegenwoordige tijd,OTHER,8995
indicator voorwaardelijk toekomende tijd,OTHER,9000
indicator voorwaardelijk verleden tijd,OTHER,9005
indicator_,OTHER,28043
indictor beschrijving voor het feit,OTHER,8997
indictor_,OTHER,28045
indien,NOUN,14927
indigoblauw,NOUN,14938
indraaien,PRON,25398
indruk,VERB,25575
inenting,VERB,14941
infecteren,PRON,24468
infectie,VERB,24470
inflatie,VERB,23119
informatie,VERB,23542
ingang,NOUN,14952
ingrediënt,VERB,22380
inhalator,VERB,25328
inhoudstafel,VERB,25089
injectie,VERB,14941
injectienaald,VERB,15704
injectiespuit,VERB,17491
inktvis,VERB,23160
inschepen,PRON,23487
insect,VERB,14943
insigne,VERB,12616
insluiten,PRON,14934
inspannen,PRON,24146
inspiratie,VERB,25738
inspireren,PRON,25739
instappen,PRON,23487
instructie,VERB,14945
insuline,VERB,25459
intelligent,ADJ,17015
intelligentie,VERB,22917
intensiteit,NOUN,14947
interessant,ADJ,14948
interesse,VERB,24916
interface,VERB,24628
internaat,VERB,16492
internationaal,ADJ,14949
internet,VERB,23543
interview,VERB,21372
interviewen,PRON,21373
interviewer,PREP,21374
intiem,ADJ,14951
intimiteit,VERB,14950
intranet,VERB,23545
introduceren,PRON,23547
intuïtie,VERB,25743
invloed,VERB,25735
inwendig orgaan,VERB,25480
inwijden,PRON,21084
inwonen,PRON,23033
inzegenen,PRON,21084
inzet,VERB,24413
inzetten,PRON,24414
inzicht,VERB,21098
ipod,VERB,23903
irak,VERB,25097
iran,VERB,25330
iris,VERB,25897
islam,VERB,21029
isolatie,VERB,25326
israël,VERB,14959
italiaans,VERB,25332
italië,VERB,25098
iyar,VERB,14964
ja,OTHER,18294
jaar,VERB,18289
jaareinde,VERB,25448
jaargetijde,VERB,23199
jacht,VERB,24965
jackfruit,VERB,24682
jagen,PRON,23537
jager,PREP,25086
jaguar,VERB,24175
jaloers,ADJ,13941
jam,VERB,14965
jamboree,VERB,25316
januari,VERB,14966
japan,VERB,25099
jas,VERB,13371
je,PREP,18299
je mannelijk enk,PREP,18301
jetski,VERB,21884
jeu de boules,VERB,21806
jeugdpuistjes,VERB,12332
jeuk,VERB,24472
jezus,PREP,14969
jezus christus,PREP,20567
jij,PREP,18299
job,VERB,18273
jockey,PREP,22092
jodendom,VERB,21028
joepie,OTHER,18282
jokken,PRON,15204
jong,ADJ,18467
jongen,PREP,12888
jongenspop,VERB,23582
jood,PREP,21032
joods,ADJ,14972
journalist,PREP,23548
jouw,PREP,18469
joystick,VERB,23549
jozef,PREP,21047
jubileum,VERB,12392
judo,VERB,20595
juf,PREP,17513
juist,ADJ,13416
juiste gedachte,VERB,25538
juistheid,VERB,21341
juli,VERB,15137
jullie,PREP,18298
juni,VERB,15140
jupiter,VERB,24473
juridisch,ADJ,23128
jurist,PREP,23135
jurk,VERB,13876
jury,VERB,23129
jus,VERB,20522
juweel,VERB,14971
juwelen,VERB,24826
kaars,VERB,13117
kaart,VERB,15421
kaart lezen,PRON,25350
kaarten,VERB,13122
kaartje,VERB,17729
kaartspel,VERB,23432
kaas,VERB,13157
kaas maken,PRON,25751
kabbalat shabbat,NOUN,15141
kabel,VERB,25933
kabeljauw,VERB,23044
kabellift,VERB,24042
kabouter,PREP,23481
kadaver,VERB,21315
kaft,VERB,25851
kajak,VERB,22077
kajuit,VERB,24617
kaka doen,PRON,15668
kalender,VERB,13109
kalfsvlees,VERB,18003
kali,PREP,15142
kalkoen,VERB,17954
kam,VERB,13378
kameel,VERB,13110
kameleon,VERB,13150
kamer,VERB,16687
kamerjas,VERB,13879
kammen,PRON,13379
kamp,VERB,13112
kampeerauto,VERB,24618
kampeervuur,VERB,25272
kampvuur,VERB,12874
kampvuurplaats,VERB,25302
kanaal,VERB,24619
kaneel,VERB,22313
kaneelstokje,VERB,22312
kanker,VERB,24043
kano,VERB,22075
kanon,VERB,13120
kanoën,VERB,22050
kans,VERB,24426
kansspel,VERB,24477
kantelen,PRON,25921
kantoor,VERB,15911
kapen,PRON,25081
kaper,PREP,25082
kaping,VERB,25034
kapitein,VERB,24744
kapot,ADJ,12907
kapot gooien,PRON,17016
kapper,PREP,12628
kapsalon,VERB,12629
kapstok,VERB,14891
kar,VERB,13127
kartograaf,PREP,23433
kartografie,VERB,23434
kas,VERB,14643
kast,VERB,13622
kasteel,VERB,23437
kat,VERB,12383
katje,VERB,15156
katoen,VERB,23048
katoenen weefsel,VERB,23049
kauwen,PRON,13163
kauwgom,VERB,25853
kazachstan,VERB,23551
kazoo,VERB,23888
kazuifel,VERB,21370
kebab,VERB,23889
keeper,PREP,28030
kegel,VERB,13400
kei,VERB,17267
keizersnede,VERB,13103
kelder,VERB,23029
kelk,VERB,21364
kennis,VERB,15162
keppel,VERB,17004
keramiek,VERB,24048
kerk,VERB,13345
kerkhof,VERB,13142
kern,VERB,15741
kernactiviteit,VERB,25687
kernenergie,VERB,15738
kerriepoeder,VERB,22328
kerriesaus,VERB,22329
kers,VERB,13159
kerst,VERB,13181
kerstavond,VERB,25442
kerstboom,VERB,21371
kerstman,PREP,23647
kerstmis,VERB,13181
kerstpudding,VERB,22308
kertlied,VERB,24623
kerven,PRON,25273
ketchup,VERB,23552
ketting,VERB,21849
keuken,VERB,15154
keukengerief,VERB,22561
keukenmachine,VERB,22393
keukenrobot,VERB,22393
keukentang,VERB,22565
keuze,VERB,13175
kever,VERB,12655
kibboets,VERB,15145
kiddush,VERB,15147
kidnappen,PRON,25100
kidnapper,PREP,25101
kiel,VERB,22064
kiemen,PRON,25946
kiertje,ADJ,25009
kiezen,PRON,13178
kiezer,PREP,24092
kiezers,PREP,24093
kijken,PRON,16747
kikkervisje,VERB,24302
kil,ADJ,13410
kilometerteller,VERB,23161
kin,VERB,13169
kind,PREP,13166
kinderarts,PREP,21574
kinderbadje,VERB,18026
kinderbeveiliging,VERB,24058
kinderdag,VERB,24059
kinderdagverblijf,VERB,23558
kinderkamer,VERB,24841
kinderlied,VERB,23835
kindermishandeling,VERB,13167
kinderopvang,VERB,24057
kinderwagen,VERB,12605
kindje jezeus,PREP,21086
kine-lokaal,VERB,24212
kinesist,PREP,21592
kinesitherapie,VERB,24211
kip,VERB,13164
kippenhok,VERB,25728
kippenren,VERB,25728
kislev,VERB,15151
kist,VERB,25532
klaar,ADJ,16466
klaarmaken,PRON,16244
klam,ADJ,23885
klant,PREP,25682
klarinet,VERB,23837
klas,VERB,13352
klasgenoot,PREP,25680
klaslokaal,VERB,13353
klauw,VERB,13354
klavecimbel,VERB,23882
klaver,VERB,16939
klavertjevier,VERB,25881
klavier,VERB,23892
kleding,VERB,13366
kledingswinkel,VERB,23042
kledingzaak,VERB,23042
kleed,VERB,13876
kleermaker,PREP,23674
klein,ADJ,15221
klein sprookjesfiguur,PREP,23570
kleiner dan,NOUN,16479
kleinheid,VERB,24917
kleinkind,PREP,25720
kleren,VERB,13366
kleur,VERB,13377
kleurpotlood,VERB,13604
kleurtje,VERB,24768
kleven,PRON,14448
klier,VERB,25452
klimaat,VERB,25031
klimmen,PRON,13360
klinken,PRON,17217
klinkt als,OTHER,16714
klittenband,VERB,14155
klok,VERB,13363
klokkenspel,VERB,23814
klont,VERB,22362
klonterig,ADJ,22363
klop,VERB,25106
kloppen,PRON,25105
kloppend,VERB,25107
klopper,VERB,22563
knaagdier,VERB,12386
knap,ADJ,12645
kneuzing,VERB,24420
knie,VERB,15157
kniebeschermer,VERB,21619
knielen,PRON,15158
knippen,PRON,13628
knippen en plakken,PRON,23465
knipperen,PRON,18260
kno-arts,PREP,21576
knobbel,VERB,24422
knoedel,VERB,22128
knoflook,VERB,14423
knokken,PRON,14175
knoop,VERB,13098
knop,VERB,17487
knopen,PRON,24311
knorren,PRON,24140
knuffel,VERB,24848
knuffeldier,VERB,17764
knuffelen,PRON,14909
knuppel,VERB,12635
knutselen,PRON,25722
koala,VERB,15163
kobold,PREP,23525
koe,VERB,13430
koeienstal,VERB,25688
koek,VERB,13409
koekje,VERB,13409
koekjestrommel,VERB,22591
koel,ADJ,13410
koelkast,VERB,16476
koets,VERB,20601
koffer,VERB,12618
koffie,VERB,13373
koffielepel,VERB,22569
koffiepauze,VERB,25502
kogel slingeren,VERB,21848
kogelstoten,VERB,21846
kohl,VERB,15164
kok,PREP,22907
koken,PRON,13408
koken in water,PRON,12871
kokosnoot,VERB,13372
kolen,VERB,25062
kom,VERB,13403
kombuis,VERB,24658
komedie,VERB,23445
komeet,VERB,13384
komen,PRON,13383
komkommer,VERB,13620
komma,NOUN,8487
kompas,VERB,24626
komst,VERB,12407
koning,PREP,23559
koningin,PREP,23626
koningschap,VERB,24193
koninklijk,ADJ,24250
koninklijk palieis,VERB,23438
koninklijke familie,VERB,24251
kooi,VERB,13105
kookplaat,VERB,22577
kookpot,VERB,22584
kookwekker,VERB,23238
kool,VERB,13101
koopcentrum,VERB,23208
koor,PREP,13176
koord,VERB,17276
koorts,VERB,24112
kopen,PRON,13099
koper,VERB,23046
koper blaasinstrument,VERB,23823
kopie,VERB,13412
kopieerapparaat,VERB,23456
kopieermachine,VERB,23456
kopiëren,PRON,16487
kopje,VERB,13621
koppel,PREP,13426
koptelefoon,VERB,13899
koraal,VERB,23457
koran,VERB,21072
koren,VERB,14625
korfbal,VERB,12634
korset,VERB,24030
korst,VERB,16954
kort,ADJ,16962
korte broek,VERB,16963
kortgeleden,ADJ,16468
kortheid,VERB,24938
korting,VERB,23068
kortverblijf,VERB,23678
kost en inwoning,VERB,24876
kost en inwoon,VERB,24876
kostbaar,ADJ,25142
kostbaar ding,VERB,25143
kosten,PRON,24842
kostuum,VERB,13418
koud,ADJ,13375
koude,VERB,25533
kozijn,PREP,13429
kraag,VERB,25854
kraai,VERB,12851
kraal,VERB,24203
kraamkliniek,VERB,12606
kraan,VERB,13434
krab,VERB,15226
krabben,PRON,24507
krabsalade,VERB,22305
kracht,VERB,16234
krachtcentrale,VERB,25141
krachtig,ADJ,24719
kramp,VERB,13432
krant,VERB,15713
krater,VERB,24631
krediet,VERB,24632
kredietkaart,VERB,24633
kreeft,VERB,22640
krenten,VERB,13623
krijgen,PRON,14435
krijsen,PRON,18290
krimpen,PRON,13651
kristal,VERB,13619
kroeg,VERB,12627
krokodil,VERB,12362
kronkelen,PRON,18252
kronkelend,ADJ,18253
kroon,VERB,22618
kroonprins,PREP,24074
kroonprinses,PREP,24075
kruid,VERB,23111
kruiden,VERB,14198
kruidenpotje,VERB,17228
kruipen,PRON,13603
kruis,VERB,13613
kruisteken,VERB,24265
kruisteken maken,PRON,24183
kruiwagen,VERB,23416
krukken,VERB,13617
krul,VERB,17230
kubus,VERB,12860
kuiken,VERB,24447
kuil,VERB,14883
kuisen,PRON,12913
kunde,VERB,12322
kunnen,PRON,13114
kunst,VERB,12581
kunstenaar,PREP,25654
kunstgalerie,VERB,12582
kunstmatige inseminatie,VERB,12583
kunstschaatsen,VERB,21862
kunstwerk,VERB,18275
kunstzwemmen,VERB,22056
kurkentrekker,VERB,22564
kus,VERB,15152
kussen,PRON,15153
kussensloop,VERB,16178
kwaad,ADJ,12377
kwaken,PRON,24073
kwal,VERB,23124
kwalijk nemen,PRON,16490
kwaliteit,VERB,24720
kwantiteit,VERB,24722
kwark,VERB,22361
kwart,NOUN,24932
kwartier,VERB,23185
kwelling,VERB,14677
kwijlen,PRON,24433
kwijtraken,PRON,15394
kwik,VERB,23149
laag,ADJ,15401
laag water,VERB,22629
laagte,VERB,24918
laarzen,VERB,12876
laat,ADJ,15177
laat ons,PRON,15197
laatste,ADJ,15173
label,VERB,15691
labyrint,VERB,25898
lach,VERB,24824
lachen,PRON,15178
lacrosse,VERB,22102
ladder,VERB,15166
lade,VERB,13874
ladenblok,VERB,13162
ladenkast,VERB,13162
lading,VERB,25111
laf,ADJ,23463
lafaard,PREP,23461
lafheid,VERB,23462
lag b'omer,VERB,15167
lagere school,VERB,23076
laken,VERB,16951
lakshmi,PREP,15169
lam,VERB,24475
lammeren,PRON,25899
lammetje,VERB,24475
lamp,VERB,13919
land,VERB,13423
landen,PRON,25402
landen van een raket,PRON,25108
landing,VERB,15171
landing van een raket,VERB,25109
landingsbaan,VERB,25366
landingsgestel,VERB,25334
landkaart,VERB,15421
landschap,VERB,16731
landschapsarchitect,PREP,23561
landschapsarchitectuur,VERB,23560
landschapsbescherming,VERB,24224
lang,ADJ,15229
lange tijd,ADJ,24181
langer,ADJ,15230
langlaufen,VERB,21865
langst,ADJ,15393
langzaam,ADJ,17014
lantaarn,VERB,14196
lap,VERB,25900
laptop,VERB,23562
lasagne,VERB,22133
last,VERB,25111
lastig,ADJ,24821
lat_,VERB,28029
laten,PRON,15196
laten vallen,PRON,24686
laten zakken,PRON,24688
laten zien,PRON,16967
lava,VERB,24684
lavabo,VERB,24511
lawaai,VERB,24922
lawine,VERB,24019
lector,PREP,25807
ledigen,PRON,13933
lediging,VERB,24891
leefgroep,PREP,21094
leeftijd,VERB,25840
leeftijdsgenoot,PREP,23165
leeg,ADJ,13932
leegmaken,PRON,13933
leer,VERB,15186
leerkracht,PREP,17513
leerling,PREP,17446
leesles,VERB,23187
leesonderricht,VERB,23187
leeuw,VERB,15217
legaal,ADJ,23138
legende,VERB,25879
leger,VERB,12579
legervliegtuig,VERB,15466
leggen,PRON,16440
lego,VERB,23454
leiden,PRON,15181
leider,PREP,15182
leiderschap,VERB,22913
leiding,VERB,22913
leidsel,VERB,24911
lekker,ADJ,16506
lekkers,VERB,22376
lelijk,ADJ,17964
lenen,PRON,12877
lengte,VERB,15193
lente,VERB,17240
lepel,VERB,17233
leperkaantje,PREP,23566
leraar,PREP,17513
leren,PRON,15184
les,VERB,14945
lesbisch,ADJ,24813
lesgeven,PRON,17512
lestijd,VERB,23567
lesuur,VERB,23567
letland,VERB,25901
letlands,VERB,25902
letters,VERB,12366
leugen,VERB,15203
leuk,ADJ,15717
leuk vinden,PRON,15210
leunstoel,VERB,12578
leven,VERB,15206
leven na de dood,VERB,13945
levend wezen,VERB,13609
levensbeschouwing,VERB,21607
lever,VERB,25462
lezen,PRON,16465
lezing,VERB,23564
lezing geven,PRON,23565
libido,VERB,16765
lichaam,VERB,12870
lichaamsdeel,VERB,24033
lichaamshaar,VERB,24032
lichaamslengte,VERB,25359
lichaamstemperatuur,VERB,24034
lichaamsvlocht,VERB,24031
lichamelijk beperking,ADJ,16170
licht,VERB,15208
lichtjaar,VERB,22634
lichtmeter,VERB,23142
lichtschakelaar,VERB,23569
lid,PREP,24692
lied,VERB,17210
liedboek,VERB,21073
lief,ADJ,14463
liefdadigheid,VERB,13154
liefde,VERB,15399
liefhebben,PRON,15400
liegen,PRON,15204
lieve,OTHER,13644
lieveheersbeestje,VERB,25333
lieveling,PREP,17481
lift,VERB,13924
ligbord,VERB,21813
ligfiets,VERB,21815
liggen,PRON,15205
ligplank,VERB,21813
ligstoel,VERB,24764
ligzetel,VERB,24764
lijf,VERB,12870
lijk,VERB,21315
lijken,PRON,16750
lijkt op,OTHER,16984
lijm,VERB,14447
lijmen,PRON,14448
lijn,VERB,15214
lijnen,PRON,13674
lijst,VERB,15220
likken,PRON,25905
limiet,VERB,25579
limoen,VERB,15211
limonade,VERB,22344
linguist,PREP,21572
linguistiek,VERB,21557
liniaal,VERB,16698
links,ADJ,15187
linkse bocht,VERB,25577
linkse draai,VERB,25577
linnen,VERB,23144
lint,VERB,16504
lippen,VERB,15218
lippenstift,VERB,15219
lipstick,VERB,15219
little my,PREP,25110
living,VERB,15224
loeien,PRON,24194
logeerkamer,VERB,24465
logopedie,VERB,24276
logopedieruimte,VERB,24277
logopedist,PREP,21590
lokaal,VERB,24226
loki,PREP,22822
lollie,VERB,22365
long,VERB,25465
lood,VERB,23137
loodrecht,VERB,15998
loodsboot,VERB,22079
loofhut,VERB,17457
loofhuttenfeest,VERB,17458
loon,VERB,18027
looprek,VERB,18032
lopen,PRON,18031
loterij,VERB,24477
lotto,VERB,23571
lucht,VERB,12356
lucht uitlaten,PRON,25044
luchtballon,VERB,22107
luchtbel,VERB,12916
luchthaven,VERB,12358
luchtmacht,PREP,25250
luchtpijp,VERB,25505
luchtsport,VERB,21796
luchtverkeersleider,PREP,25252
lucifer,VERB,15430
luid,ADJ,15397
luidruchtig,ADJ,25365
luidspreker,VERB,23898
luier,VERB,13670
luipaard,VERB,15194
luis,VERB,26018
luisteraar,PREP,28048
luisteren,PRON,14692
lukken,PRON,17450
lulav,VERB,15404
lunch,VERB,15405
lymfatisch systeem,VERB,25468
lymfe,VERB,25466
lymfeknoop,VERB,25467
maag,VERB,17265
maagd,VERB,22642
maagdelijkheid,VERB,18015
maagziekte,VERB,24289
maaier,VERB,25747
maaimachine,VERB,25684
maal,VERB,15673
maaltijd,VERB,15438
maan,VERB,15651
maand,VERB,15649
maandag,VERB,15483
maandstonden,VERB,15455
maandverband,VERB,16719
maansverduistering,VERB,24690
maanvormig,VERB,13610
maart,VERB,15423
maat,VERB,15443
maatbeker,VERB,25754
maatlepel,VERB,22568
maatschappelijk werker,PREP,17201
maatschappij,VERB,24270
maatschep,VERB,22568
macaroni,VERB,22130
machine,VERB,15406
machtig,ADJ,26023
machtigen,PRON,24648
machtiging,VERB,24650
magazijn,VERB,17270
magie,VERB,25908
magisch,ADJ,25909
magneet,VERB,25338
magnetisch veld,VERB,25339
magnetische pool,VERB,25407
magnetisme,VERB,25340
magnetron,VERB,15463
maillot,VERB,17264
maismeel,VERB,13415
maissiroop,VERB,22339
make-up,VERB,15413
maken,PRON,15410
malen,PRON,15427
mama,PREP,15662
man,PREP,15416
manager,PREP,15418
mand,VERB,13403
mandarijn,VERB,17503
mandoline,VERB,23899
manege,VERB,24246
manen,VERB,24184
mango,VERB,15419
manier,VERB,28051
manna,VERB,21355
mannelijk,ADJ,15414
manueel therapeut,PREP,21600
map,VERB,23511
maplesiroop,VERB,22338
maplesiroopkruiden,VERB,22334
marecas,VERB,23900
margarine,VERB,15424
maria,PREP,21046
marine,VERB,15696
markt,VERB,23147
mars,VERB,24479
maskara,VERB,14137
masker,VERB,15428
massa,VERB,15675
massage,VERB,21606
masseren,PRON,16695
masseur,PREP,21602
mast,VERB,22059
masturbatie,VERB,15429
mat,VERB,14657
matchingspel,VERB,23584
materiaal,VERB,15431
matze,VERB,15434
mausoleum,VERB,21117
maïs,VERB,13413
medeleerling,PREP,25680
medewerkers,PREP,17246
mediaplayer,VERB,24691
medicatie om te ademen,VERB,25342
medicijn,VERB,15448
medicijnendoos,VERB,25138
medisch,ADJ,15446
medisch hulpmiddel,VERB,12890
medisch onderzoek,VERB,24480
medische behandeling,VERB,24188
medische hulp,VERB,24188
medische onderzoeken,PRON,24442
mediteren,PRON,21097
meel,VERB,14204
meeleven,VERB,13931
meer,VERB,15168
meer tijd geven,NOUN,24664
meerkamp,VERB,21857
meest,ADJ,15661
meetinstrument,VERB,23092
meetlat,VERB,16698
meetschaal,VERB,24806
meeuw,VERB,14654
meevaller,VERB,15402
megillah,VERB,15451
mei,VERB,15435
meisje,PREP,14439
meisjespop,VERB,23714
melk,VERB,15468
melkboer,PREP,15469
melkerij,VERB,25857
melkmeisje,PREP,25912
melodie,VERB,17953
melodika,VERB,23901
meloen,VERB,15452
memo,VERB,24693
memory,VERB,25343
memory stick,VERB,24694
mengen,PRON,15481
mengsel,VERB,22377
mening,VERB,15925
mening hebben,PRON,25269
menopauze,VERB,15453
menorah,VERB,15454
mens,PREP,16161
mensen van het noorden,VERB,25923
menstruatie,VERB,15455
menstruatiebloed,VERB,24189
mentale beperking,VERB,26012
mentale handicap,ADJ,15457
mercurius,VERB,24483
merel,VERB,12851
merrie,VERB,24186
mes,VERB,15159
messias,PREP,21043
met,NOUN,12364
met de auto gaan,PRON,21833
met ijs bedekt,ADJ,25892
metaal,VERB,15459
metaaldraad,VERB,18265
metafoor,VERB,15460
metal,VERB,24695
metalen kunst,VERB,24190
metalen lat,VERB,23150
meten,PRON,15442
meteorologie,VERB,21555
meteoroloog,PREP,21571
meter,VERB,23092
methode,VERB,16194
metro,VERB,24296
metropool,VERB,23151
metrostation,VERB,24322
metselaar,PREP,23419
meubels,VERB,14416
mezuzah,VERB,15461
miauwen,PRON,24191
micro-organisme,VERB,24486
microfoon,VERB,23902
microgolfoven,VERB,15463
microscoop,VERB,24487
middag,VERB,12349
middagmaal,VERB,15405
middel,VERB,18029
midden,VERB,15464
middenrif,VERB,25046
middernacht,VERB,23152
middernachtzon,VERB,25911
midgards slang,VERB,22826
midzomer,VERB,15465
mier,VERB,12395
mierikswortel,VERB,14898
mihoen,VERB,22136
mijn,VERB,15472
mijt,VERB,15480
milieu,VERB,13942
militair vliegtuig,VERB,15466
militairen,VERB,12579
milkshake,VERB,15470
milt,VERB,25496
min,NOUN,15474
minder,ADJ,15195
minder dan,NOUN,16479
minibus,VERB,18000
minister,PREP,24192
minister president,PREP,24221
minst,ADJ,15185
minuut,VERB,15475
mirakel,VERB,21299
misdaad,VERB,25036
misdadig,ADJ,23118
misdadiger,PREP,25037
mishandeling,VERB,12327
miskraam,VERB,15477
misleiden,PRON,25755
mislukken,PRON,24444
mislukking,VERB,24445
missaal,VERB,21075
misschien,ADJ,16226
missen,PRON,15478
missionaris,PREP,21060
mist,VERB,14374
mixen,PRON,15481
mixer,VERB,22392
mjolnir,PREP,22654
mms,VERB,24699
mobiele telefoon,VERB,23592
mobieltje,VERB,23592
mobilhome,VERB,13113
modder,VERB,15672
mode,VERB,28051
modeontwerper,PREP,23496
moe,ADJ,17735
moed,VERB,23460
moed geven,PRON,25053
moeder,PREP,15662
moeder van jezus,PREP,21046
moederdag,VERB,24195
moedig,ADJ,23418
moeilijk,ADJ,13676
moeilijkheid,VERB,24884
moeite,VERB,17780
moeras,VERB,17472
moes van vruchten,VERB,23515
moeten,PRON,15685
mogelijk,ADJ,25831
mogelijkheid,VERB,15436
mogen,PRON,15196
mohammed,PREP,21034
mok,VERB,13621
mol,VERB,14460
monarchie,VERB,24193
mond,VERB,15666
monorail,VERB,24267
monotheisme,VERB,21025
monster,VERB,15486
monteur,PREP,23429
monument,VERB,24700
mooi,ADJ,12645
moominmamma,PREP,25116
moominpappa,PREP,25117
moomintroll,PREP,25118
moord,VERB,25104
moorden,PRON,25123
moordenaar,PREP,25103
moreel,ADJ,15653
morgen,VERB,17750
morgenavond,VERB,17751
morgend,VERB,15656
morsen,PRON,25945
moshav,VERB,15658
moskee,VERB,13345
moslim,ADJ,15659
mosterd,VERB,22330
mosterdsaus,VERB,22332
mot,VERB,13096
motivatie,VERB,25760
motiveren,PRON,25758
motor,VERB,15406
motorboot,VERB,22074
motorbootsport,VERB,22052
motorcross,VERB,21826
motorcross met zijspan,VERB,21828
motorfiets,VERB,21810
motorische beperking,ADJ,16170
motorrace,VERB,21827
motorsport,VERB,21794
mountain bike,VERB,21817
mountainbiken,VERB,21825
mousse,VERB,23875
mousserende wijn,VERB,22345
mozes,PREP,21067
mp3-speler,VERB,23903
muffin,VERB,22122
mug,VERB,15660
muil,VERB,24196
muis,VERB,15665
mummie,VERB,25120
munt,VERB,13374
museum,VERB,15677
musical,VERB,23594
musicus,PREP,15683
muskusrat,VERB,15684
muts,VERB,14682
muur,VERB,18033
muurklimmen,VERB,22111
muziek,VERB,15679
muziek_festival,VERB,28058
muziekgroep,PREP,15680
muziekinstrument,VERB,15681
muziekinstrument bespelen,PRON,23930
muzieknoot,VERB,15682
muzieksleutel,VERB,23928
muziekspeelgoed,VERB,23596
muziektherapeut,PREP,21598
muzikant,PREP,15683
mysterieus,VERB,21297
mythe,VERB,25917
na,NOUN,12348
naad_,VERB,28075
naaien,PRON,16763
naaimachine,VERB,16764
naaister,PREP,23674
naald,VERB,15703
naald van een spuit,VERB,25573
naam,VERB,15691
naamceremonie,VERB,23155
naar,NOUN,17739
naar achteren,NOUN,12613
naar beneden,NOUN,13869
naar beneden gaan,PRON,13660
naar boven,NOUN,17983
naar boven gaan,PRON,16676
naar buiten gaan,PRON,14126
naartoe,NOUN,17739
nabijheid,VERB,25586
nacht,VERB,15719
nachtkleed,VERB,16442
nagel,VERB,24114
nagellak,VERB,15690
nagerecht,VERB,13664
namiddag,VERB,12349
nat,ADJ,18226
natie,VERB,21610
nationaal,ADJ,25344
nationale dag,VERB,25345
nationale feestdag,VERB,25345
nationaliteit,VERB,28059
natte droom,VERB,15724
naturalisme,VERB,20563
natuur,VERB,13607
nauwkeurigheid,VERB,21341
navel,VERB,24198
navelstreng,VERB,17965
navigatiekaart,VERB,24745
navigatiesignaal,VERB,24704
navigeren,PRON,25346
nectarine,VERB,15983
nederig,ADJ,14910
nederland,VERB,15708
neef,PREP,13429
neem je tijd,NOUN,24769
neerlaten,PRON,24688
neerslachtigheid,VERB,13659
neerstorten,PRON,13436
negatief_resultaat,VERB,28060
negen,NOUN,8505
nek,VERB,15700
neptunus,VERB,24492
nergens,NOUN,15737
nestkast,VERB,25660
nestkastje,VERB,25660
net,VERB,23595
net zoiets als,OTHER,16984
net_,VERB,28031
neuriën,VERB,23884
neuroloog,PREP,21583
neuron,VERB,25473
neus,VERB,15732
neus- keel- en oorarts,PREP,21576
neushoorn,VERB,16501
nicht,PREP,13429
nicht of neef,PREP,24817
nicotineverslaving,VERB,24512
niemand,PREP,15723
nier,VERB,24176
niet,OTHER,15722
niets,NOUN,12361
nietsprekend,ADJ,15728
nieuw,ADJ,15710
nieuwe testament,VERB,21071
nieuwjaar,VERB,15711
nieuwjaarsavond,VERB,25478
nieuwjaarsdag,VERB,15711
nieuws,VERB,15712
nieuwsgierig,ADJ,25040
nieuwsgierigheid,VERB,25039
nieuwtje,VERB,25587
niezen,PRON,17191
nijlpaard,VERB,14714
niks,NOUN,12361
nissan,VERB,15721
niveau,VERB,25748
noach,PREP,21065
noch,NOUN,15729
nodig,ADJ,15698
nodig hebben,PRON,15702
noemen,PRON,24874
nog,NOUN,12350
nog steeds,ADJ,24285
nonkel,PREP,17967
nood,VERB,15701
noodgeval,VERB,13930
noodsituatie,VERB,13930
noodzakelijk,ADJ,15698
nooit,ADJ,15709
noord,VERB,15730
noord-amerika,VERB,22607
noordelijk,ADJ,15731
noorden,VERB,15730
noordpool,VERB,22600
noordse goden,PREP,22649
noordwaarts,ADJ,25918
noors,VERB,25347
noorwegen,VERB,22612
noot,VERB,15906
nota,VERB,23604
notaris,PREP,23158
notenkraker,VERB,22566
notitieboekje,VERB,15734
notulen,VERB,24696
november,VERB,15735
nu,ADJ,13624
nul,NOUN,8496
ober,PREP,24777
observatie,VERB,24846
observatietoren,VERB,23245
observeren,PRON,15908
oceaan,VERB,15909
ochtend,VERB,15655
ochtendjas,VERB,13879
octopus,VERB,23160
oefenen,PRON,16235
oekraïne,VERB,25207
oesophagus,VERB,25479
oester,VERB,15952
of,NOUN,15929
offer,VERB,22832
offeren,PRON,22831
officier van justitie,PREP,23176
ofwel,NOUN,13914
okra,VERB,24706
oktober,VERB,15910
oké,ADJ,25129
olie,VERB,15914
olie-energie,VERB,25128
olielamp,VERB,21362
oliemeter,VERB,23162
olietanker,VERB,22071
olifant,VERB,13923
olijf,VERB,15917
olympische spelen,VERB,25130
om,NOUN,12580
oma,PREP,14629
omarming,VERB,24848
omcirkeld,ADJ,25816
omdat,NOUN,12647
omdraaien,PRON,17957
omelet,VERB,22139
omgeven,ADJ,25816
omgeving,VERB,23847
omheen,NOUN,12580
omheining,VERB,14167
omhelzen,PRON,14909
omhelzing,VERB,24848
omhoog,NOUN,17983
omhoog en achteruit,NOUN,17986
omhoog gaan,PRON,16676
omhoogbrengen,PRON,15207
omhulsel,VERB,25532
omkoping,VERB,24629
omlaag,NOUN,13869
omschakelen,PRON,17488
omschrijven,PRON,13661
omsloten ruimte,VERB,13934
omspitten,PRON,13677
omvallen,PRON,25921
omwenteling,VERB,24249
omwikkelen,PRON,25398
onafhankelijk,ADJ,24172
onafhankelijkheidsdag,VERB,14937
onbegrensd,ADJ,14940
onbekend voorwerp,VERB,17977
onbekende,PREP,17275
onbepaald,ADJ,14429
onbewoond,ADJ,21356
onder,NOUN,17969
onderarm,VERB,25463
onderarmbeen,VERB,25464
onderbeen,VERB,25907
onderbreken,PRON,25741
onderbreking,VERB,25742
onderbroek,VERB,17971
onderdak,VERB,16420
onderdoorgang,VERB,24321
onderdrukking,VERB,25132
onderdrukt,ADJ,25131
ondergoed,VERB,17974
ondergrondse,VERB,24296
onderhemd,VERB,17972
onderjurk,VERB,17012
onderkant,VERB,12881
onderkleding,VERB,17012
onderlegger,VERB,22595
onderlichaam,VERB,24182
onderlichaam en genitaliën,VERB,25531
onderscheiding,VERB,25773
ondersteunen,PRON,14705
ondersteuning,VERB,12355
ondervragen,PRON,21333
onderwijs,VERB,13908
onderwijzer,PREP,17513
onderwijzeres,PREP,17513
onderzetter,VERB,22595
onderzoek,VERB,23635
onderzoekcentrum,VERB,16493
onderzoeken,PRON,24935
onderzoeker,PREP,23652
onderzoekslokaal,VERB,24016
ondeugend,ADJ,15694
ondiep,ADJ,16935
ondoorlaatbaar materiaal,VERB,25326
oneens,ADJ,25865
oneens zijn,PRON,25863
oneerlijk,ADJ,23244
oneindig,ADJ,14940
oneindigheid,VERB,26011
onenigheid,VERB,25864
oneven nummers,VERB,25761
ongedesemd brood,VERB,15434
ongedierte,VERB,14944
ongelijk,NOUN,13675
ongelijkzijdige driehoek,VERB,25786
ongeluk,VERB,23801
ongelukkig,ADJ,16702
ongemak,VERB,13687
ongemakkelijk,ADJ,17968
ongerust,ADJ,12398
ongerustheid,VERB,12397
ongeveer,OTHER,16984
ongewenste intimiteit,VERB,16930
onjuist,ADJ,14935
onrechtvaardig,ADJ,23244
onrust,VERB,25553
ons,PREP,15939
ons-,PREP,18212
onschuld,VERB,23120
onschuldig,ADJ,23121
onsmakelijk,ADJ,22354
onsterfelijkheid,VERB,20514
ontbijt,VERB,12898
ontbijtgranen,VERB,13145
ontdekken,PRON,25058
ontdekker,PREP,25059
onthaal,VERB,24502
onthouding,VERB,21308
ontkiemen,PRON,25946
ontkoppelen,PRON,23471
ontkoppeling,VERB,25548
ontlasting maken,PRON,15668
ontluchten,PRON,25044
ontmoeten,PRON,15449
ontmoeting,VERB,25583
ontmoetingsplaats,VERB,12633
ontpitten,PRON,16189
ontploffen,PRON,14131
ontploffing,VERB,14132
ontploft,ADJ,24100
ontplooing,VERB,25630
ontschepen,PRON,23478
ontscheping,VERB,25527
ontslag,VERB,25152
ontslag geven,PRON,25150
ontslag krijgen,PRON,25150
ontslagen,PRON,25150
ontsmettingszeep,VERB,25047
ontsnappen,PRON,25056
ontsnapping,VERB,25055
ontspanning,VERB,23141
ontvangen,PRON,14435
ontvanger,VERB,24725
ontvangst,VERB,24727
ontvangstbewijs,VERB,24724
ontwerp,VERB,16194
ontwerpen,PRON,16195
ontwerper,PREP,23469
ontwikkelen,PRON,13666
ontwikkeling,VERB,13667
onvergeeflijk,ADJ,21294
onvrij,ADJ,25131
onvruchtbaar,ADJ,14939
onze,PREP,15939
onzeker,ADJ,22918
onzichtbaar,ADJ,24173
onzichtbare rots,VERB,24763
onzin,VERB,15726
oog,VERB,14133
oogarts,PREP,21578
oogbediening,VERB,28021
oogbediening_,VERB,28022
oogleden,VERB,25557
ooglid,VERB,14136
oogmake- up,VERB,14137
oogmuis,VERB,23493
oogpotlood,VERB,15164
oogst,VERB,14681
ooi,VERB,25705
ooit,ADJ,12368
oom,PREP,17967
oor,VERB,13894
oorapparaat,VERB,14693
oordeel,VERB,13949
oordelen,PRON,23126
oordop,VERB,13895
oorlog,VERB,18036
oorring,VERB,25447
oorstukje,VERB,13895
oorverwarmers,VERB,13897
oorwarmers,VERB,13897
oorzaak,VERB,13134
oorzakelijkheid,VERB,23439
oost,VERB,13902
oostelijk,ADJ,13904
oosten,VERB,13902
oostenrijk,VERB,25015
oosters,ADJ,13904
oosterse vechtsporten,VERB,21838
op,NOUN,12591
op de tenen lopen,PRON,17733
op een dag,VERB,23021
op een kier,ADJ,25009
op en neer,NOUN,17984
op hol slaan,PRON,24035
op pensioen gaan,PRON,25154
op slot doen,PRON,15227
opa,PREP,14626
opblaasboot,VERB,22086
opblazen,PRON,25091
opblinken,PRON,22389
open,ADJ,15921
open haard,VERB,14185
open mond,VERB,25916
openbaar,ADJ,16427
openbaar vervoer,VERB,24227
openbare aanklager,PREP,23176
openbare ruimte,VERB,16430
openen,PRON,15922
opener,VERB,22394
opening,VERB,15923
openvouwen,PRON,17976
opera,VERB,23597
operatie,VERB,15924
opgestoken hand,VERB,25938
opgevuld voedsel,VERB,23503
opgevulde bladeren,VERB,23504
opgevulde groente,VERB,23505
opgevulde kool,VERB,23502
opgewonden,ADJ,23868
ophangen,PRON,14673
oplossen,PRON,17206
opnemen,PRON,24709
opnieuw,NOUN,12350
opnieuw doen,PRON,23630
oppakken,PRON,24709
oppas,PREP,12608
oppervlakkigheid,VERB,25606
oppervlakte,VERB,23024
oprispen,PRON,12925
opscheplepel,VERB,22571
opschieten,PRON,24167
opstijgen,VERB,17499
opstijgen-,PRON,25186
optellen,PRON,12338
optelling,VERB,12339
opticien,PREP,23598
optillen,PRON,24723
optreden,PRON,23609
optuigen,PRON,24146
optuigkamer,VERB,24301
opvoeden,PRON,24723
opwinding,VERB,23869
opzichter,PREP,12878
orale seks,VERB,15930
oranje,NOUN,15931
ordner,VERB,23511
orgaan,VERB,24202
organisatie,VERB,25348
organiseren,PRON,15935
organisme,VERB,24494
orgasme,VERB,15936
orgel,VERB,23911
oriëntatie,VERB,25352
oriëntatielopen,PRON,25349
oriëntatiesport,VERB,25351
oriënteren,PRON,25350
orkaan,VERB,23887
orkest,PREP,12624
orthodoxe kerk,VERB,21030
orthopedist,PREP,21577
orthoptist,PREP,21594
os,VERB,15951
osteopaat,PREP,21600
oud,ADJ,15915
oude testament,VERB,21070
oudejaarsavond,VERB,25476
oudejaarsdag,VERB,25475
ouder,ADJ,15916
oudere,PREP,24508
ouders,PREP,15968
ovaal,VERB,15946
oven,VERB,17273
ovenplaat,VERB,22575
ovenschaal,VERB,22576
ovenschotel,VERB,22576
ovenwant,VERB,22596
over,NOUN,12324
over het budget,PRON,24707
overall,VERB,12411
overeenkomst,VERB,12354
overeenkomstig,ADJ,24808
overgave,VERB,24084
overgeven,PRON,18022
overhemd,VERB,16957
overhoring,VERB,17528
overlay,VERB,23600
overleg,VERB,15450
overlijden,PRON,13672
overreden,PRON,21311
overreding,VERB,24927
oversteken,PRON,13614
overstroming,VERB,14201
overstuur,ADJ,17985
overtuigen,PRON,21311
overtuiging,VERB,24927
overvaller,PREP,25017
overwegen,PRON,22374
paar,PREP,13425
paard,VERB,14897
paardenborstel,VERB,24158
paardenbox,VERB,24157
paardendeken,VERB,24159
paardenhaar,VERB,24162
paardennek,VERB,25571
paardenrennen,VERB,22094
paardenromp,VERB,25572
paardensport,VERB,21629
paardenstaart,VERB,24303
paardenstal,VERB,20600
paardenuitwerpsel,VERB,24160
paardrijden,PRON,21836
paardrijinstructeur,PREP,24245
paardrijkledij,VERB,24244
paardspringen,VERB,22096
pad,VERB,14402
paddestoel,VERB,15678
pailletten,VERB,25490
pak,VERB,15966
pakje,VERB,15966
paleis,VERB,23438
paling,VERB,13909
palmboom,VERB,15960
pan,VERB,16229
pancreas,VERB,25481
panfluit,VERB,23912
paniek,VERB,24831
pannenkoek,VERB,23603
pannenlap,VERB,22596
pantoffel,VERB,17013
panty,VERB,17264
papa,PREP,14157
papegaai,VERB,15970
paperclip,VERB,25922
papier,VERB,15962
papieren zakdoek,VERB,17738
papierkunst,VERB,24204
paprika,VERB,15995
parabel,VERB,25876
parachute,VERB,22105
parachute springen,VERB,22106
parade,VERB,28065
parallel,VERB,15964
parapente,VERB,22113
paraplu,VERB,17966
parasailen,VERB,22112
paraskiën,VERB,22113
parfum,VERB,15997
park,VERB,15969
parkeerterrein,VERB,24206
parkeerticket,VERB,23915
parkeertoelating,VERB,23914
parkeren,PRON,23913
parkiet,VERB,15963
participatie,VERB,23918
partner,PREP,25762
pas,ADJ,16468
pasen,VERB,13903
pasje,VERB,23431
paspoort,VERB,24207
passagier,VERB,23605
passagiersschip,VERB,22082
passer,VERB,23180
passief,ADJ,25136
passiviteit,VERB,25137
passover,VERB,15974
pasta,VERB,17238
pastasalade,VERB,22306
pastinaak,VERB,15971
pastoor,PREP,15473
paswoord,VERB,25032
patates frites,VERB,14398
pateen,VERB,21366
patiënt,PREP,25766
paus,PREP,21057
pauw,VERB,15984
pauze,VERB,16497
pauzeren,PRON,25454
pedagogie,VERB,23607
pedagoog,PREP,23606
peddel,VERB,22067
pediater,PREP,21574
pedicure,PREP,21596
peer,VERB,15986
pees,VERB,25503
pegasus,VERB,23608
pelikaan,VERB,15990
pellen,PRON,15989
pels,VERB,14415
pen,VERB,15991
penalty,VERB,28063
pendeltrein,VERB,24067
penis,VERB,15994
pennenzak,VERB,23166
pennywhistle,VERB,23920
pensioen,VERB,24493
pensioenuitkering,VERB,24503
peper,VERB,15996
pepersaus,VERB,22326
percentage,VERB,8484
percussieinstrument,VERB,23943
perfect,ADJ,21345
perfectie,VERB,21344
periode,VERB,15212
periodieke onthouding,VERB,16503
perron,VERB,16198
personeel,PREP,17246
persoon,PREP,16161
persoonlijkheid,VERB,24210
perzisch,VERB,25358
pesentje,VERB,14437
pessarium,VERB,13671
pet,VERB,21623
petanque,VERB,21806
peul,VERB,22837
piano,VERB,23862
piccolo,VERB,23924
picknick,VERB,16171
piemel,VERB,15994
pier,VERB,16174
piercing,VERB,25484
pijl,VERB,15476
pijl en boog,VERB,21855
pijn,VERB,15954
pijn doen,PRON,14942
pijn hebben,PRON,14913
pijn lijden,PRON,14913
pijnigen,PRON,14942
pijnlijk,ADJ,15955
pijp,VERB,16186
pil,VERB,16176
pillendoos,VERB,25138
piloot,PREP,16179
pindakaas,VERB,15985
ping pong,VERB,16183
pingpong,VERB,20603
pinguïn,VERB,15993
piraat,PREP,23616
piramide,VERB,16443
pistolet,VERB,16683
pistoletje,VERB,20769
pistool,VERB,14670
pit,VERB,16188
pita,VERB,16190
pizza,VERB,16192
pizza stuk,VERB,25594
plaats,VERB,16193
plaats voor vuur,VERB,14185
plaatsen op,PRON,16440
placemat,VERB,22594
placenta,VERB,24213
plafond,VERB,13139
plagen,PRON,17515
plak,VERB,22381
plakken,PRON,14448
plaksel,VERB,14447
plan,VERB,16194
planeet,VERB,22834
plannen,PRON,15935
plant,VERB,16196
plantenluis,VERB,25360
plantkunde,VERB,21547
plantkundige,PREP,21565
plas,VERB,15168
plasfles,VERB,24775
plassen,PRON,17989
plasser,VERB,15994
plastic,VERB,16197
plat,ADJ,14197
platdrukken,PRON,13616
platform,VERB,16198
platgedrukt,VERB,25534
platte kaas,VERB,22361
plattegrond,VERB,15421
platteland,VERB,13424
platvis,VERB,23083
pleeghuis,VERB,23513
pleegmoeder,PREP,14391
pleegouder,PREP,14392
plein,VERB,24281
pleitbezorger,PREP,23063
pleiten,PRON,21334
plezier,VERB,14675
plezierig,ADJ,14676
ploeg,VERB,16206
plonzen,PRON,17232
plooien,PRON,14375
plotseling,ADJ,17452
pluim,VERB,14160
pluimbal,VERB,25608
pluimpje,VERB,25608
plus,NOUN,12374
plus minus,NOUN,25595
plusteken,VERB,25596
pluto,VERB,24498
po,VERB,24717
pocheren,PRON,16987
podium,VERB,24214
poedersuiker,VERB,25771
poep,VERB,12884
poepen,PRON,15668
poes,VERB,12383
poesje,VERB,15156
poetsdoek,VERB,22398
poetsen,PRON,13357
poetsgerief,VERB,22397
poetsmachine,VERB,22390
poffertjes,VERB,23949
polder,VERB,21539
polen,VERB,25139
polenta,VERB,16216
polikliniek,VERB,13361
politicus,PREP,24215
politie,PREP,14146
politiek,VERB,24216
politieman,PREP,16217
pollepel,VERB,22573
polo,VERB,22098
pols,VERB,18284
polshorloge,VERB,18044
polsstokhoogspringen,VERB,21844
polytheisme,VERB,21026
pomp,VERB,25146
pompelmoes,VERB,14634
pompen,PRON,25147
pompoen,VERB,17244
pond,VERB,16232
pool,VERB,22100
poolnacht,VERB,25927
poort,VERB,24713
poortje,VERB,25870
poot,VERB,15978
pop,VERB,13862
popcorn,VERB,16221
popgroep,PREP,15680
popmuziek,VERB,23931
poppenhuis,VERB,25697
poppenwagen,VERB,25696
portefeuille,VERB,16438
portemonnee,VERB,16438
portugal,VERB,25140
positie,VERB,16224
positief,NOUN,16225
positief_resultaat,VERB,28064
post,VERB,15198
postbode,PREP,15199
posten,PRON,15408
postkaart,VERB,16227
postkantoor,VERB,16228
pot,VERB,16229
potje,VERB,24717
potlood,VERB,15991
poëzie,VERB,16211
praten,PRON,16728
prei,VERB,24476
preken,PRON,21310
premier,PREP,24221
president,PREP,24220
prestatie,VERB,24402
prettig,ADJ,14676
priester,PREP,15473
priesterwijding,VERB,21107
prijs,VERB,13417
prijsstijging,VERB,23171
prik,VERB,14941
prikken,PRON,16432
prins,PREP,23622
prinses,PREP,23623
printen,PRON,23624
privé,ADJ,16251
proberen,PRON,17787
probleem,VERB,16253
procent,VERB,8484
proces,VERB,23242
proclamatie,VERB,21338
producent,PREP,15412
produceren,PRON,15410
product,VERB,23583
proeven,PRON,17507
profeet,PREP,21050
profeteren,PRON,21049
profetie,VERB,21048
programma,VERB,16733
projectiel,VERB,25614
projektor,VERB,16254
promoten,PRON,23172
promotie,VERB,23173
proost,OTHER,25028
proper,ADJ,13356
proper-,ADJ,24062
prostitutie,VERB,16418
protest,VERB,23177
protestantisme,VERB,21039
protesteren,PRON,16421
provincie,VERB,16423
pruim,VERB,16208
prullenbak,VERB,14421
psalm,VERB,21074
psalmboek,VERB,21073
psychiater,PREP,21584
psychofarmaca,VERB,24488
psychologie,VERB,21552
psychologieleraar,PREP,21588
psycholoog,PREP,21586
pterosaurus,VERB,23625
puberteit,VERB,12340
publicatie,VERB,25774
publiceren,PRON,25775
publiek,PREP,16429
pudding,VERB,22307
puist,VERB,16180
pukkel,VERB,16180
pull,VERB,28080
pullover,VERB,28080
punk,VERB,23932
punt,NOUN,8486
pupil,VERB,25928
puppy,VERB,16434
puree,VERB,25581
pureren,PRON,15427
purim,VERB,16435
purper,NOUN,16436
put,VERB,14883
putdeksel,VERB,25910
puzzel,VERB,16441
pyjama,VERB,16442
pëto-methode,VERB,24068
raad,VERB,12345
raad geven,PRON,12346
raadsman,PREP,13421
raam,VERB,18256
raar,ADJ,17274
rabbijn,PREP,15473
race,VERB,16451
racketsport,VERB,20602
raden,PRON,14651
radijs,VERB,16454
radio,VERB,16453
radio studio,VERB,24774
radioactiestof,VERB,15739
radioactieve straling,VERB,15740
radioactiviteit,VERB,15740
radioprogramme,VERB,24773
rails,VERB,23628
raket,VERB,16452
ram,VERB,22638
ramadan,VERB,21324
rammelaar,VERB,23935
ramp,VERB,23846
rand,VERB,13907
rap,VERB,23934
rappel doen,VERB,22110
rapport,VERB,17272
rasp,VERB,22562
raster,VERB,23601
raster voor toetsenbord,VERB,23554
ratel,VERB,23935
rauw,ADJ,16464
ravioli,VERB,22134
reactie,VERB,24501
reageren,PRON,24500
realisatie,VERB,28042
realiseren,PRON,28041
realistisch,ADJ,28067
recept,VERB,16469
receptie,VERB,24502
rechaud,VERB,22593
recht,ADJ,15215
rechte,VERB,15216
rechte hoek,VERB,16674
rechter,PREP,23125
rechthoek,VERB,16472
rechthoekig,ADJ,16473
rechthoekige driehoek,VERB,25782
rechts,ADJ,16673
rechtsbijstand,PREP,23041
rechtse bocht,VERB,25604
rechtse draai,VERB,25604
rechtsgeding,VERB,23242
rechtshulp,PREP,23041
rechtspersoon,PREP,23140
rechtspreken,PRON,23126
rechtsvervolging,VERB,23002
rechtszaak,VERB,23242
rechtvaardig,ADJ,23081
reclame,VERB,16977
recreatieruimte,VERB,15482
redden,PRON,25781
redding,VERB,25780
redding-,VERB,24253
reddingsboot,VERB,22078
reddingstouw,VERB,25335
reddingsvest,VERB,24687
ree,VERB,23944
reep,VERB,22371
referentie,VERB,28070
referentielijst,VERB,28071
reflecteren,PRON,22374
reflectie,VERB,22384
reflector,VERB,22385
regel,VERB,16697
regelmatig,ADJ,15913
regen,VERB,16455
regenachtig,ADJ,16458
regenboog,VERB,23933
regendruppel,VERB,25929
regenen,PRON,16456
regenjas,VERB,16457
regenkleding,VERB,16457
regenmeter,VERB,23186
regeren,PRON,14461
regering,VERB,14462
regio,VERB,16423
reis,VERB,17779
reizen,PRON,17772
reiziger,PREP,23693
rek,VERB,16953
rekenen,PRON,13107
rekening,VERB,12330
rekenles,VERB,23148
rekenmachine,VERB,13108
rekken,PRON,24291
rekverband,VERB,12625
religie,VERB,16483
religieus,ADJ,16484
religieus leider,PREP,21055
religieuze bijeenkomst,VERB,21288
religieuze ceremonie,VERB,20573
religieuze dienst,VERB,23192
religieuze gebeurtenis,VERB,21095
rem,VERB,23821
remmen,PRON,24850
rendier,VERB,16478
renkoekoek,VERB,16679
rennen,PRON,16699
repareren,PRON,14192
reptiel,VERB,12388
republiek,VERB,24238
research,VERB,23635
respect,VERB,16494
restaurant,VERB,16498
resultaat,VERB,13910
reuk,VERB,25940
reus,PREP,23521
reusachtig,ADJ,21353
revalidatiearts,PREP,21579
revalidatiecentrum,VERB,23682
reven,PRON,24728
revolver,VERB,14670
rib,VERB,25487
richting,VERB,13682
ridder,PREP,25746
riek,VERB,14389
riem,VERB,12664
riem voor kinderwagen,VERB,24217
riet,VERB,23942
rietje,VERB,17277
rif,VERB,23458
rij,VERB,23896
rijbaan,VERB,23430
rijbewijs,VERB,23853
rijden,PRON,16509
rijhelm,VERB,21616
rijhuis,VERB,23193
rijk,ADJ,16507
rijlaars,VERB,24243
rijm,VERB,16502
rijst,VERB,16505
rijstebloem,VERB,22135
rijstebrij,VERB,23636
rijstpap,VERB,23636
riksja,VERB,16508
ring,VERB,16675
risico,VERB,24426
rit,VERB,25603
ritssluiting,VERB,14155
ritueel,VERB,21317
rivier,VERB,16677
rivierkreeft,VERB,23053
roadrunner,VERB,16679
robot,VERB,25158
robotpop,VERB,23639
rockmuziek,VERB,24736
rode biet,VERB,12654
rode_kaart,VERB,28069
rodel,VERB,21871
roeiboot,VERB,22076
roeien,VERB,22051
roeispaan,VERB,22067
roemeens,VERB,25421
roemeense,VERB,25420
roemenië,VERB,25417
roepen,PRON,16965
roeping,VERB,21359
roer,VERB,22066
roerei,VERB,22140
roerlepel,VERB,22572
rogge,VERB,24738
rok,VERB,17002
roken,PRON,17185
rokend,VERB,25611
rollator,VERB,18032
rollen,PRON,23640
roller_coaster,VERB,28073
rolschaatsen,PRON,16684
rolstoel,VERB,18233
rolstoel met drie wielen,VERB,25966
rolstoelfiets,VERB,21819
roltrap,VERB,24096
romp,VERB,22065
rond,ADJ,16693
ronddraaien,PRON,16690
rondgaan,PRON,16690
ronding,VERB,13627
rondom,NOUN,12580
rondreis,VERB,25198
rood,NOUN,16474
roofvogel,VERB,25267
rook,VERB,17022
rookverslaving,VERB,24512
room,VERB,13605
roomijs,VERB,22369
rooms-katholicisme,VERB,21038
roos,VERB,22611
rooster,VERB,24904
rooster voor toetsenbord,VERB,23554
roosteren,PRON,12619
rosborstel,VERB,24158
rosh hashana,VERB,16689
rotatie,VERB,24249
rotor,VERB,25362
rots,VERB,17267
rouge,VERB,16692
rouwen,PRON,21296
rover,PREP,23638
roze,NOUN,16184
rozijn,VERB,16460
rubberboot,VERB,22086
rug,VERB,12609
rugby,VERB,20593
rugbybal,VERB,21807
rugbyveld,VERB,28074
rugzak,VERB,12611
ruiken,PRON,17018
ruilen,PRON,14118
ruimte,VERB,17221
ruimtereis,VERB,25173
ruimteschip,VERB,16680
ruimtetuig,VERB,25614
ruimtevaarder,PREP,12590
ruimtevaart,VERB,25173
ruit,VERB,13669
ruiter,PREP,22091
rund,VERB,12379
rundvlees,VERB,12652
runen,VERB,22830
rups,VERB,13132
rusland,VERB,23642
russich,VERB,25367
rust,VERB,16495
rusten,PRON,16496
rustig,ADJ,13386
ruzie,VERB,25413
ruïne,VERB,23641
saai,ADJ,24827
sabbatavond,VERB,14113
sabbath,VERB,16700
sacrament,VERB,21102
saehrimnir,VERB,22825
safari,VERB,25162
salade,VERB,16709
salaris,VERB,18027
salto,VERB,24272
samen,ADJ,17746
samen met,NOUN,12364
samenkomen,PRON,14426
samenkomst,VERB,14427
samenkomst en vertrek,VERB,25584
samenleving,VERB,24270
samenvatting,VERB,25179
samenzang,VERB,24754
samosa,VERB,23643
sandalen,VERB,16716
sandwich,VERB,16718
sap,VERB,22333
sappig,ADJ,22349
sardien,VERB,23530
sardientje,VERB,23530
sari,VERB,16720
satelliet,VERB,24726
saturnus,VERB,24505
sauna,VERB,16725
saus,VERB,16723
save,PRON,23648
save as,PRON,23649
saxofoon,VERB,23946
scandinavische landen,VERB,22619
sceptisch,ADJ,25787
sceptisme,VERB,25788
schaakspel,NOUN,25852
schaal,VERB,24806
schaamhaar,VERB,16426
schaamlip,VERB,18025
schaamte,VERB,16937
schaap,VERB,16950
schaar,VERB,16736
schaatsbaan,VERB,25733
schaatsen,VERB,14924
schach,VERB,16732
schaduw,VERB,24746
schakelaar,VERB,23670
schansspringen,VERB,21866
schapenstal,VERB,25794
schapenvlees,VERB,15170
scharen,VERB,25681
schat,VERB,25143
schatten,PRON,14651
schatting,VERB,26004
schede,VERB,25793
schedel,VERB,25492
scheermes,VERB,16946
scheerschuim,VERB,16947
scheerzeep,VERB,16947
scheet,VERB,25060
scheiden,PRON,13859
scheiding,VERB,13858
scheikunde,VERB,21544
scheikundige,PREP,21562
schelpdier,VERB,23204
schep,VERB,16966
scheppen,PRON,13606
schepping,VERB,13607
schepsel,VERB,13609
scheren,PRON,16945
scherm,VERB,23451
schermen,VERB,21837
scherp,ADJ,16943
scherp gekruid,ADJ,14901
scheur,VERB,24630
schieten,PRON,23662
schietgebedje,VERB,12891
schietsport,VERB,21797
schijf,VERB,13685
schijf voor opname,VERB,25601
schijnen,PRON,16750
schijnsel,VERB,24135
schil,VERB,15988
schilder,PREP,15958
schilderij,VERB,16172
schildpad,VERB,17959
schillen,PRON,15989
schip,VERB,12869
schmink,VERB,14137
schoen,VERB,16959
schoenen met hoge hakken,VERB,25456
schoener,VERB,22073
schoenzool,VERB,25943
schommel,VERB,17485
schommelen,PRON,17486
schommelstoel,VERB,16681
school,VERB,16734
schoolbord,VERB,12852
schooluniform,VERB,24743
schoolweg,VERB,25935
schoon,ADJ,13356
schoon schrift,VERB,23107
schoonbroer,PREP,25669
schoondochter,PREP,25689
schoonheid,VERB,22903
schoonmaken,PRON,13357
schoonmoeder,PREP,25757
schoonspringer,PREP,25867
schoonvader,PREP,25715
schoonzoon,PREP,25805
schoonzus,PREP,25795
schoorsteen,VERB,13168
schop,VERB,16966
schoppen,PRON,15146
schorpioen,VERB,16738
schort,VERB,12411
schotelantenne,VERB,24726
schotland,VERB,22614
schouder,VERB,16964
schouderblad,VERB,25491
schouw,VERB,13168
schouwburg,VERB,16970
schreeuwen,PRON,16965
schrift,VERB,18276
schrijven,PRON,18285
schrijver,PREP,23716
schrik,VERB,22912
schroef,VERB,16739
schroefbladen,VERB,25362
schroevendraaier,VERB,16740
schudden,PRON,16934
schuif,VERB,13874
schuilkelder,VERB,17970
schuilplaats,VERB,16955
schuim,VERB,23875
schuld,VERB,14652
schuldig,ADJ,14653
schuldig verklaren,PRON,23202
schurft,VERB,24254
schurk,PREP,25166
schutting,VERB,14167
scooter,VERB,21812
score,VERB,16737
scout,PREP,25370
scouts,VERB,25371
scoutsvergadering,VERB,25316
scrotum,VERB,16741
seconde,VERB,16743
secretaresse,PREP,16746
sector,VERB,25594
seizoen,VERB,23199
seks,VERB,16931
sekse,VERB,14428
seksspel,VERB,24259
seksualiteit,VERB,16933
seksueel genot,VERB,16932
seksueel hulpmiddel,VERB,24258
seksueel misbruik,VERB,16766
seksuele activiteit,VERB,24257
seksuele onthouding,VERB,12326
seksuele opwinding,VERB,16929
selder,VERB,13140
selderij,VERB,13140
selecteer alles,PRON,23659
selecteren,PRON,13178
senior,PREP,24508
september,VERB,16761
sereen,ADJ,15982
serre,VERB,14643
serveerster,PREP,24777
servet,VERB,15692
sesampasta,VERB,17495
shalom,VERB,16936
shampoo,VERB,16938
shavuot,VERB,16948
shekel,VERB,16952
shevat,VERB,16971
shiva,PREP,16958
shofar,VERB,16960
shoppingcentrum,VERB,23208
short,VERB,16963
show,VERB,23610
siali,VERB,12867
sierspeld,VERB,25436
sif,PREP,22653
sigaret,VERB,13346
sightseeing,VERB,25198
signaal,VERB,24742
signaalontvanger,VERB,24751
signaalontvangst,VERB,24753
signaaltrompet,VERB,24810
sikkelvormig,VERB,13610
simchat torah,VERB,16983
sinaasappel,VERB,15933
singel,VERB,24132
siroop,VERB,22335
sivan,VERB,16996
sjaal,VERB,16730
sjalot,VERB,14644
sjekel,VERB,25607
skateboard,VERB,16997
skelet,VERB,16998
ski,VERB,17003
skikleding,VERB,17199
skischoenen,VERB,16999
skisport,VERB,20597
skistok,VERB,17000
skiën,VERB,20598
sla,VERB,15200
slaan,PRON,14717
slaap,VERB,17008
slaapkamer,VERB,12650
slaapkleding,VERB,16442
slaapliedje,VERB,24689
slaapmat,VERB,25271
slaapwel,NOUN,24463
slaapzak,VERB,17010
slaatje,VERB,16709
slab,VERB,12833
slabbetje,VERB,12833
slachten,PRON,25799
slachter,PREP,25800
slachthuis,VERB,25801
slachting,VERB,25798
slagbal,VERB,21803
slagen,PRON,17450
slager,PREP,23428
slagerij,VERB,23037
slaginstrument,VERB,23921
slak,VERB,17188
slalom skiën,VERB,21863
slang,VERB,17189
slap,ADJ,18213
slapeloos,ADJ,25412
slapeloosheid,VERB,25329
slapen,PRON,17009
slapend,ADJ,12589
slaperig,ADJ,12589
slasaus,VERB,22324
slavernij,VERB,25132
slecht,ADJ,12615
slecht geweten,VERB,25523
slechthorend,ADJ,14694
slechtziend,ADJ,18019
sledehond,VERB,21878
sledesport,VERB,21870
slee,VERB,17007
sleepboot,VERB,22080
sleipnir,VERB,22824
slepen,PRON,16431
sleutel,VERB,15144
sleutelbeen,VERB,25444
slikken,PRON,17471
slim,ADJ,17015
slinger,VERB,25406
sloep,VERB,22076
slokdarm,VERB,25479
slot,VERB,25906
sluier,VERB,21614
sluiten,PRON,13364
sluiting,VERB,14155
smaak,VERB,17506
smaakloos,ADJ,22353
smakelijk,ADJ,20526
smakeloos,ADJ,22353
smal,ADJ,15693
smartphone,VERB,25804
smeerkaas,VERB,22360
smeken,PRON,21334
smelten,PRON,17699
smeltend,VERB,25621
smeren,PRON,17239
smerig,ADJ,13683
smid,PREP,24417
sms,VERB,24509
snaar,VERB,23958
snaarinstrument,VERB,23879
snack,VERB,20606
snackbar,VERB,13104
sneetje,VERB,22381
sneeuw,VERB,17192
sneeuwbal,VERB,17194
sneeuwen,PRON,17193
sneeuwkleding,VERB,17199
sneeuwploeg,VERB,23951
sneeuwpop,VERB,17196
sneeuwruimer,VERB,23951
sneeuwschoen,VERB,17197
sneeuwscooter,VERB,23950
sneeuwstorm,VERB,17198
sneeuwvlok,VERB,17195
snel,ADJ,16446
snelheid,VERB,23216
snelheidsmeter,VERB,23217
sniff,PREP,25168
snijden,PRON,13629
snoep,VERB,13118
snoepje,VERB,22375
snoepreep,VERB,22372
snoepwinkel,VERB,23228
snoer,VERB,13921
snooker,VERB,22100
snork,PREP,25169
snork maidenc,PREP,25170
snorkelen,VERB,22057
snowboard,VERB,21869
snowboarden,VERB,21868
snuffelhond,VERB,25374
snufkin,PREP,25171
sociaal,ADJ,24269
sociaal netwerk,VERB,25375
sociale werkplaats,VERB,23205
sociologie,VERB,21551
socioloog,PREP,21568
soep,VERB,17218
soeplepel,VERB,22570
sofa,VERB,13419
software,VERB,23664
soldaat,PREP,17204
solden,VERB,23069
solidariteit,VERB,14172
sommige,ADJ,17207
soms,ADJ,17208
sonde,VERB,25450
soort,VERB,17961
sopraan,VERB,23952
sorbet,VERB,22369
sorry,OTHER,15967
spaans,VERB,25377
spade,VERB,16966
spaghetti,VERB,17222
spalk,VERB,24010
spanje,VERB,25376
spannend,ADJ,25192
spar,VERB,14116
spasme,VERB,13432
specerij,VERB,22309
specerij poedervorm,VERB,22310
specht,VERB,25969
speciaal,ADJ,17223
specifiek,ADJ,17224
speech,VERB,24756
speech maken,PRON,25112
speeksel,VERB,16710
speekselklier,VERB,25489
speelgoed,VERB,17763
speelgoedwinkel,VERB,23241
speelhuis,VERB,25770
speelhuisje,VERB,25770
speelkaarten,VERB,13122
speelplaats,VERB,16202
speeltafel,VERB,17492
speeltijd,VERB,16497
speeltuin,VERB,16202
speen,VERB,24418
speer,VERB,21854
speerwerpen,VERB,21851
spek,VERB,12614
spel,VERB,14418
spel console,VERB,24659
spel in het zand,VERB,23644
speld,VERB,16181
spelen,PRON,16200
spelen muziekinstrument,PRON,23930
spellen,PRON,23665
spelletje,VERB,14418
spelling,VERB,23253
spelregel,VERB,25883
spenderen,PRON,24758
sperma,VERB,17226
sperzieboon,VERB,17442
spetteren,PRON,17232
spiderman,PREP,25378
spiegel,VERB,20527
spier,VERB,15676
spierkracht,VERB,24941
spierpijn,VERB,13432
spijker,VERB,15689
spijsvertering,VERB,13679
spijt,OTHER,17214
spin,VERB,17229
spinnen,PRON,24228
spinnenweb,VERB,25809
spion,PREP,25175
spionage,VERB,25057
spionagesateliet,VERB,24779
spiraal,VERB,25616
spiraaltje,VERB,14963
spiritueel bewustzijn,VERB,24278
spitten,PRON,13677
spleet,VERB,24630
spoed,VERB,24166
spoedig,ADJ,17212
spons,VERB,12325
sponsoring,VERB,24113
spook,PREP,14436
spoor,VERB,23690
spoorweg,VERB,23628
spoorzoeker,PREP,25388
sport,VERB,17234
sportcentrum,VERB,25810
sportelf,PREP,23666
sportfanaat,PREP,24280
sportles,VERB,23218
sportterrein,VERB,22840
sportveld,VERB,22840
sportvissen,VERB,22058
sportwinkel,VERB,23219
sportzaak,VERB,23219
sportzaal,VERB,14656
spraak,VERB,25819
spraakcomputer,VERB,28077
spraakherkenning,VERB,25808
spraakstoornis,ADJ,17225
spraaktherapie-ruimte,VERB,24277
spray,VERB,24940
sprayen,PRON,23953
spreekkamer,VERB,24226
spreken,PRON,16728
spreker,PREP,25807
springbok,VERB,22616
springen,PRON,15139
springtouw,VERB,15138
springtuig,VERB,24036
sprinkhaan,VERB,14637
sprong,VERB,23550
sprookje,VERB,25877
sprookjesfiguur,PREP,23576
spruitjes,VERB,12915
spugen,PRON,17231
spuitbus,VERB,23954
spuiten,PRON,23953
spuitje,VERB,14941
spuug,VERB,16710
spuwen,PRON,17231
squash,VERB,22101
sta-apparaat,VERB,17250
sta-rijder,VERB,21820
staal,VERB,17258
staan,PRON,17249
staart,VERB,17496
staartvleugel,VERB,25383
staat,VERB,13423
staatsgreep,VERB,25035
stad,VERB,13351
stadsdeel,VERB,23848
staf,PREP,24634
stal,VERB,12630
stam,VERB,17783
stand in,VERB,24759
standpunt,VERB,16214
stank,VERB,24919
stapel,VERB,25033
staplank,VERB,17250
stappen,PRON,18031
start,VERB,12658
starten,PRON,12657
statafel,VERB,17250
station,VERB,24284
steak,VERB,25176
steeds,ADJ,24285
steel,VERB,17259
steelpan,VERB,22579
steen,VERB,17266
steenbok,VERB,22646
steenkool,VERB,13370
steenplaneet,VERB,24504
stekels,VERB,23627
stekelvarken,VERB,16222
stekker,VERB,16207
stel,PREP,13425
stelen,PRON,23667
stelling,VERB,23221
stem,VERB,23984
stembiljet,VERB,25657
stemming,VERB,15650
stempel,VERB,17248
stemvork,VERB,23975
stenen tijdperk,VERB,23222
stengel,VERB,17259
step,VERB,21811
ster,VERB,17252
stereo-installatie,VERB,16471
sterfdag,VERB,18286
sterilisatie,VERB,17262
sterk,ADJ,17444
sterktemeter signaal,VERB,25372
sternum,VERB,25435
sterrekind,PREP,23484
sterrenbeeld,VERB,22633
sterven,PRON,13672
steun,VERB,12355
steunen,PRON,17469
stick,VERB,17235
stick met bal,VERB,25618
stick met puck,VERB,25619
stick met schijfje,VERB,25619
stiefdochter,PREP,25811
stiefmoeder,PREP,17261
stiefouder,PREP,25812
stiefvader,PREP,17260
stiefzoon,PREP,25813
stier,VERB,12920
stijgbeugel,VERB,24287
stijgen,PRON,16676
stijgen en dalen,VERB,25401
stijl,VERB,28051
stil,ADJ,16982
stilte,VERB,16981
stinkdier,VERB,17005
stinken,PRON,17020
stoel,VERB,13148
stoelgang,VERB,12884
stoeltjeslift,VERB,24050
stoep,VERB,24209
stof,VERB,13365
stoffer,VERB,12908
stofzuiger,VERB,22391
stok,VERB,17263
stokbrood,VERB,25655
stom,ADJ,17447
stoma,VERB,25497
stomen,PRON,17256
stoom,VERB,17255
stoombad,VERB,17257
stoomboot,VERB,22084
stoompan,VERB,22586
stop,VERB,13935
storm,VERB,23956
stormwind,VERB,17271
stoten,PRON,24423
stout,ADJ,15695
straaljager,VERB,14970
straat,VERB,16678
straf,VERB,28066
strafpunt_,VERB,28063
strak,ADJ,25860
stralend,ADJ,12903
straling,VERB,13922
strand,VERB,12640
strandspeelgoed,VERB,23645
strandtennis,VERB,12641
strategie,VERB,25814
streek,VERB,16423
streep,VERB,15214
strelen,PRON,17443
stress,VERB,24942
stressen,PRON,24943
strijden,PRON,14175
strijkbout,VERB,14955
strijken,PRON,14956
strijkijzer,VERB,14955
strijkinstrument,VERB,23820
strijkplank,VERB,14957
strijkstok,VERB,23818
strik,VERB,12882
strikjesmacaroni,VERB,22131
strikken,PRON,24311
stroom,VERB,16677
stroomversnelling,VERB,22623
stroop,VERB,25756
stropdas,VERB,17730
structuur,VERB,17445
struik,VERB,13092
struisvogel,VERB,15937
student,PREP,17446
studeren,PRON,24294
studievak,VERB,23669
stuk,ADJ,12907
stuurboord,VERB,24760
substantie,VERB,24515
succes,VERB,17451
sudderen,PRON,16987
sufganiya,VERB,17215
suggestie,VERB,17455
suiker,VERB,17453
suikerglazuur,VERB,25734
suikerklontje,VERB,25815
suikerstroop,VERB,25756
sulky,VERB,22093
super,OTHER,18282
superman,VERB,23528
supermarkt,VERB,14645
supervisor,PREP,24849
supporters,PREP,25183
surfplank,VERB,21881
sweater,VERB,13371
symbolenkaart,VERB,17489
synagoge,VERB,17490
synchroonspringen,VERB,22054
synthetisch weefsel,VERB,23229
synthetische spraak,VERB,25819
syntheziser,VERB,23963
t-shirt,VERB,25960
taal,VERB,15172
taalkunde,VERB,21557
taalkundige,PREP,21572
taalles,VERB,23131
taart,VERB,13106
taartvorm,VERB,22576
tabak,VERB,17743
tablet,VERB,23672
tablet computer,VERB,23672
tablet-,VERB,16176
taco,VERB,25821
tafel,VERB,17493
tafel dekken,PRON,23563
tafelblad,VERB,12868
tafelkleed,VERB,17494
tafelsport,VERB,21800
tafeltennis,VERB,16183
tahin,VERB,17495
taille,VERB,18029
tak,VERB,12894
takeoff,VERB,25187
talkpoeder,VERB,17500
tallith,VERB,17501
tamboerijn,VERB,23964
tamme vogel,VERB,12838
tammuz,VERB,17502
tampon,VERB,16719
tand,VERB,25822
tandarts,PREP,13656
tandem,VERB,21816
tanden,VERB,17517
tandenborstel,VERB,17756
tandenfee,PREP,23686
tandenpoetsen,PRON,12914
tandenstoker,VERB,13655
tandpasta,VERB,17757
tandzijde,VERB,13655
tang,VERB,16205
tank,VERB,17504
tankdivisie,VERB,25422
tanker,VERB,22070
tankwagen,VERB,25951
tante,PREP,12596
tapijt,VERB,16696
tarief,VERB,24109
tarwe,VERB,24780
tarzan,PREP,25385
tas,VERB,13621
tattoe,VERB,25499
taxi,VERB,17509
taxichauffeur,PREP,17510
te paard gaan,PRON,21835
te veel uitgeven,PRON,24707
team,PREP,17514
teamwerk,VERB,24305
technologie,VERB,25189
teek,VERB,15480
teen,VERB,17745
tefillin,VERB,17531
tegel,VERB,24518
tegen,NOUN,12351
tegengesteld doel,VERB,15928
tegenovergestelde,OTHER,15927
tegenovergestelde krachten,VERB,25589
tegenslag,VERB,25545
tegenspoed,VERB,25545
tegenstelling,VERB,15928
tehuis,VERB,16492
teken,VERB,24749
tekenen,PRON,13873
tekenfilm,VERB,23435
tekening,VERB,16172
tekstbericht,VERB,24509
teksttelefoon,VERB,23679
telefoneren,PRON,22904
telefoon,VERB,17518
telefoonkaart,VERB,23677
telescoop,VERB,22635
televisie,VERB,17519
tellen,PRON,13422
tellus,VERB,24438
tempel,VERB,13345
temperatuur,VERB,17520
tennis,VERB,17522
tenor,VERB,23966
tenslotte,ADJ,14178
tent,VERB,17523
tenzij,NOUN,17981
tepels,VERB,15720
termiet,VERB,17524
terminal,VERB,25251
terreur,VERB,24831
terroriseren,PRON,17527
terrorisme,VERB,24820
terrorist,PREP,17526
terug,NOUN,12613
terugkeren,PRON,16500
terugkomen,PRON,16500
terugkomst,VERB,16499
terugtrekken,PRON,12612
terugvorderen,PRON,24233
terwijl,NOUN,13892
testikel,VERB,17529
teugel,VERB,24038
teveel,ADJ,17754
tevet,VERB,17530
tevredenheid,VERB,16721
thailand,VERB,25416
thais,VERB,25424
thaise,VERB,25423
thanksgiving,VERB,17534
theater,VERB,16970
thee,VERB,17511
theelepel,VERB,22569
theologie,VERB,23190
theoloog,PREP,23680
theorie,VERB,25574
therapeut,PREP,17706
therapie,VERB,21589
thermometer,VERB,17709
thermos,VERB,17710
thermoskan,VERB,17710
thor,PREP,22652
thuis,VERB,14885
thuis met meerdere verdiepingen,VERB,23154
thuisland,VERB,28038
thuiswerk,VERB,25829
thuiswerken,PRON,25828
thuiswerker,PREP,25729
tibet,VERB,23684
ticket,VERB,17729
tien geboden,VERB,13388
tiener,PREP,17516
tijd,VERB,17732
tijdelijk,ADJ,24307
tijdschrift,VERB,15407
tijger,VERB,17731
tik,VERB,25106
tillen,PRON,15207
tillift,VERB,14881
timer,VERB,23238
tisha b'av,VERB,17736
tishrai,VERB,17737
tissue,VERB,17738
toast,VERB,17740
toaster,VERB,17742
tocht,VERB,23824
toegang hebben tot,PRON,25001
toegankelijk,ADJ,25003
toegankelijkheid,VERB,25002
toegewijd,ADJ,24082
toegewijd persoon,PREP,24083
toekomst,VERB,14417
toelating,VERB,24926
toenemen,PRON,14936
toerist,PREP,24771
toeschouwer,PREP,28076
toespraak,VERB,24756
toestaan,PRON,15196
toetje,VERB,13664
toets,VERB,17528
toetsenbord,VERB,23555
toeval,VERB,12329
toevoegen,PRON,12338
toevoeging,VERB,12339
toewijding,VERB,24084
toffle,PREP,25196
toilet,VERB,17747
toiletpapier,VERB,17748
toiletstoel,VERB,24770
tok,VERB,21616
tol,VERB,17759
tomaat,VERB,17749
tomatenpuree,VERB,23685
tomatensaus,VERB,23685
toneelspeler,PREP,25650
toneelstuk,VERB,23617
tonen,PRON,16967
tong,VERB,17752
tonijn,VERB,23697
toonhoogte,VERB,23929
top,NOUN,25387
torah,VERB,17760
toren,VERB,23240
tornado,VERB,23967
tortilla,VERB,23603
tot,NOUN,17982
tot later,OTHER,14454
tot weerziens,OTHER,16748
tot weeziens,OTHER,14454
tot ziens,OTHER,14454
touchpad,VERB,23688
touw,VERB,17276
touwladder,VERB,24612
tovenaar,PREP,23713
toveren,PRON,23453
toverstaf,VERB,18034
traag,ADJ,17014
traan,VERB,25953
trachea,VERB,25505
trackball,VERB,23691
tractor,VERB,17765
tragedie,VERB,23692
trailer,VERB,24161
trainen,PRON,14124
traktatie,VERB,17774
tralies,VERB,18257
tram,VERB,24316
trampoline,VERB,17768
transparant,ADJ,13358
transparantie,VERB,24878
transport,VERB,25625
trap,VERB,17247
trapeze,VERB,25959
trappen,PRON,15146
travestiet,PREP,17770
trechter,VERB,22574
trefpunt,VERB,12633
trein,VERB,17767
treinrails,VERB,23628
trek,VERB,25599
trekken,PRON,16431
triangel,VERB,23968
triathlon,VERB,21858
triceratops,VERB,23694
troeteldier,VERB,16168
trofee,VERB,21282
trol,PREP,23695
trolley,VERB,24318
trombone,VERB,23970
trommel,VERB,23854
trompet,VERB,14895
troosten,PRON,13385
tropisch regenwoud,VERB,25202
trots,ADJ,16422
trottoir,VERB,24209
trouw,VERB,14172
trouwen,PRON,15426
trui,VERB,13371
tsjechië,VERB,25043
tsjilpen,PRON,24060
tsunami,VERB,23972
tu bishvat,VERB,17788
tuba,VERB,23973
tube,VERB,16187
tuin,VERB,14422
tuincentrum,VERB,23091
tuinkruiden,VERB,22321
tuinkruidensaus,VERB,22323
tuinman,PREP,23519
tunnel,VERB,24321
turkije,VERB,25206
turkoois,NOUN,25389
turnen,VERB,21798
turnles,VERB,23218
turnmat,VERB,26006
tussen,NOUN,12669
tussendoortje,VERB,17187
tv,VERB,17519
tv programma,VERB,24773
tv studio,VERB,24774
twee,NOUN,8498
tweede,ADJ,16744
tweedehands kleding,VERB,25149
tweeledigheid,VERB,25692
tweeling,VERB,22655
tweelingbroer,PREP,23976
tweelingzus,PREP,23977
tweestrijd,VERB,25695
twijfel,VERB,22911
twijfelen,PRON,13868
twijfelend,ADJ,22918
typemachine,VERB,17962
typen,PRON,23698
tyr,PREP,22820
tyrannosaurus rex,VERB,23699
uil,VERB,15949
uit,NOUN,15942
uit het lichaam,VERB,25590
uitbarsten,PRON,14131
uitbarsting,VERB,24652
uitdaging,VERB,24052
uitdoving,VERB,25556
uitgang,NOUN,15943
uitgave,VERB,24757
uitgeput,ADJ,23870
uitgeven,PRON,24758
uitgever,PREP,25776
uitglijden,PRON,25803
uitgraven,VERB,25550
uithongering,VERB,24283
uitkering voor pers met beperking,VERB,24430
uitkijken,PRON,18045
uitkomst,VERB,24495
uitleg,VERB,25709
uitleggen,PRON,14130
uitlenen,PRON,15192
uitmuntend,ADJ,21343
uitmuntendheid,VERB,21342
uitnodiging,VERB,25093
uitprinten,PRON,23624
uitrekken,PRON,24291
uitroepteken,NOUN,8483
uitrusten,PRON,16496
uitrusting,VERB,25875
uitschakelen,PRON,24299
uitsluiten,PRON,14121
uitspannen,PRON,24323
uitstapje,VERB,15945
uitstappen,PRON,23478
uitstekend,ADJ,21343
uitvaren,PRON,23524
uitverkoop,VERB,23069
uitvinden,PRON,14953
uitwerpselen,VERB,24009
uitwisselaar,VERB,24653
uitwisseling,VERB,25555
uitzenden,PRON,24615
uitzetten,PRON,24299
ukelele,VERB,23979
undo,PRON,23701
unfair,ADJ,23244
unie,VERB,24324
uniform,VERB,25390
union jack patroon,VERB,25631
universeel,ADJ,21380
universiteit,VERB,17980
universum,VERB,24520
uranus,VERB,24521
urine,VERB,17990
urinebuis,VERB,17988
urinecatheter,VERB,25439
urineren,PRON,17989
urn,VERB,21281
usa,VERB,24776
usb-stick,VERB,24694
uur,VERB,14904
uurwerk,VERB,13363
uw,PREP,18468
vaak,ADJ,15913
vaardigheid,VERB,12322
vaarwel,OTHER,14454
vaas,VERB,21282
vaat doen,VERB,23705
vaccinatie,VERB,14941
vacht,VERB,14415
vader,PREP,14157
vaderdag,VERB,24108
vagina,VERB,17996
vaginale afscheiding,VERB,24326
vak,VERB,23669
vakantie,VERB,17995
vakantiehuis,VERB,25949
vakantiekamp,VERB,17461
val,VERB,24894
valentijnsdag,VERB,17998
valentijnskaart,VERB,17997
valies,VERB,12618
vallei,VERB,17999
vallen,PRON,14142
vals,ADJ,15439
valschermspringer,PREP,15965
valstrik,VERB,25199
valuta,VERB,23464
vampier,PREP,25209
van,NOUN,12602
van hen,PREP,17701
van het,NOUN,14962
van streek,ADJ,17985
van welke,NOUN,18246
van wie,NOUN,18248
vanaf,NOUN,14403
vanavond,VERB,17753
vandaag,VERB,17744
vangen,PRON,13131
vanille-essence,VERB,22316
vanillepoeder,VERB,22315
vanillesaus,VERB,22317
vanillestokje,VERB,22314
vanuit,NOUN,12602
vanuit de lucht,VERB,25566
varen,VERB,21801
varken,VERB,16175
varkenskwekerij,VERB,25768
varkensvlees,VERB,16223
vasculairsysteem,VERB,25508
vasectomie,VERB,18002
vast aan,ADJ,17746
vastbinden,PRON,24152
vasten,VERB,21322
vastendag,VERB,14153
vastentijd,VERB,24178
vasthouden,PRON,14882
vastmaken,PRON,14154
vaticaanstad,VERB,21037
vechten,PRON,14175
vechtsport,VERB,21627
veegborstel,VERB,12908
veel,ADJ,15671
veenbes,VERB,13433
veer,VERB,14160
veerboot,VERB,22083
vegen,PRON,12913
veilig,ADJ,16704
veiligheid,VERB,16705
veiligheidsgordel,VERB,24255
vel,VERB,12387
velcro,VERB,14155
veld,VERB,14173
venster,VERB,18256
ventilator,VERB,24104
venus,VERB,24522
ver,ADJ,14150
verafschuwen,PRON,23845
veranderen,PRON,13152
verandering,VERB,13151
verantwoordelijk,ADJ,24241
verantwoordelijke,PREP,24051
verantwoordelijkheid,VERB,24240
verarmen,PRON,21307
verbaasd,ADJ,23962
verband,VERB,12625
verbeelding,VERB,24895
verbergen,PRON,14710
verbeteren,PRON,14931
verbetering,VERB,24856
verbinden,PRON,13381
verbinding,VERB,13380
verborgen,ADJ,25856
verborgen ding,VERB,25570
verbrand,ADJ,12923
verdamping,VERB,24940
verdedigen,PRON,23059
verdedigend advocaat,PREP,23063
verdediger,PREP,23063
verdediging,VERB,23056
verdeeld,ADJ,24888
verdelen,PRON,13694
verdenking,VERB,23001
verder dan,ADJ,12670
verdienen,PRON,13898
verdiep,VERB,23085
verdiepeing,VERB,23085
verdieping,VERB,23086
verdriet,VERB,16703
verdrietig,ADJ,16702
verdrinken,PRON,21348
verdrinking,VERB,24854
verdwijnen,PRON,21081
verdwijning,VERB,21080
verf,VERB,15956
verfpot,VERB,28062
vergadering,VERB,15450
vergaderlokaal,VERB,24481
vergaderzaal,VERB,24481
vergeetachtig,VERB,24899
vergelijken,PRON,13391
vergeten,PRON,14387
vergeven,PRON,14388
vergiet,VERB,16976
vergif,VERB,16215
vergiffenis,VERB,21293
vergiffenis door god,VERB,21292
vergissing,VERB,23867
vergoeding,VERB,24109
vergrootglas,VERB,24478
vergroten,PRON,14936
verhaal,VERB,17272
verharding,VERB,25565
verhitten,PRON,14697
verhongering,VERB,24283
verhuren,PRON,24732
verjaardag,VERB,12846
verkeer,VERB,17766
verkeerd,ADJ,14935
verkeerd gebruiken,PRON,24698
verkeerd gebruikt,VERB,24697
verkeersbord,VERB,24735
verkeersregels,VERB,25958
verkeersreglement,VERB,25958
verkeerstoren,VERB,23045
verkennen,PRON,25058
verkenner,PREP,25059
verklaring,VERB,25709
verkleden,PRON,13878
verkleedkleren,VERB,13418
verkleinen,PRON,13651
verkoopster,PREP,13359
verkopen,PRON,16756
verkoper,PREP,13359
verkoudheid,VERB,24065
verkrachting,VERB,16462
verkrijgen,PRON,24401
verlangen,PRON,18266
verleden,VERB,15975
verleden jaar,VERB,15176
verleden week,VERB,15175
verliefd,ADJ,24815
verlies,VERB,15396
verliezen,PRON,15394
verloofd,ADJ,13937
verloofde,PREP,25296
verlossing,VERB,24253
verloven,PRON,25718
verloving,VERB,25293
vermaken,PRON,12372
vermenigvuldigen,PRON,15674
vermenigvuldiging,VERB,15673
vermogen,VERB,24718
vermommen,PRON,13878
vermoorden,PRON,15148
vernietigd,ADJ,24968
vernietigen,PRON,13665
vernietiging van boom of bos,VERB,25626
veronderstelling,VERB,25574
verontrusting,VERB,24822
verontschuldigen,PRON,12404
verontschuldiging,VERB,14122
veroordelen,PRON,23202
veroorzaakt door,PRON,13136
veroorzaken,PRON,13135
verplaatsen,PRON,13125
verplaatsing,VERB,25119
verpleegkundige,PREP,15905
verplichten,PRON,15685
verrassen,PRON,17470
verrassing,VERB,23960
verrast,ADJ,23962
verrekijker,VERB,24416
verrijzenis,VERB,21316
verrijzenis van christus,VERB,24242
verrukkelijk,ADJ,22352
verrukking,ADJ,14119
vers,ADJ,14399
verscheidene,NOUN,16762
verschijnen,PRON,21079
verschijning,VERB,21078
verschillend,NOUN,13675
verschrikkelijk,ADJ,21289
verse kaas,VERB,22361
versiering,VERB,13650
verslaafde,PREP,24403
verslag,VERB,24696
verslaving,VERB,24404
versleten,ADJ,25221
verslikken,PRON,13177
verspreiden,PRON,21058
verspreiding,VERB,24887
verspringen,VERB,21845
verstand,VERB,15471
verstandelijk,ADJ,15456
verstandelijke beperking,ADJ,15457
versterker,VERB,23804
verstoppen,PRON,14710
verstoppertje,VERB,25078
verstopping,VERB,24070
verstopplaats,VERB,25079
verstopt,ADJ,25856
verstoring,VERB,25553
verstrikken,PRON,25200
verstuiven,PRON,23953
vertalen,PRON,17769
vertellen,PRON,16728
verteren,PRON,13678
vertikaal,ADJ,23249
vertrek,VERB,13658
vertrekken,PRON,14449
vertrouwen,PRON,17784
vervanger,VERB,24759
vervanging,VERB,25555
vervangingstehuis,VERB,23513
vervelend,ADJ,24827
verven,PRON,15957
vervoeren,PRON,13125
vervolgen,PRON,23004
vervolging,VERB,23002
vervuiling,VERB,16218
verwachten,PRON,14127
verwachting,VERB,14128
verwarmen,PRON,14697
verwarring,VERB,25553
verwijderd,ADJ,24968
verwijderen,PRON,13665
verwijdering,VERB,24883
verwoest,ADJ,24968
verworvenheid,VERB,24402
verzamelen,PRON,14426
verzameling,VERB,14427
verzamelplaats,VERB,12633
verzekeren,PRON,28047
verzekering,VERB,25576
verzenden,PRON,16759
verzet,VERB,23177
verzetten,PRON,23178
verzetten tegen,PRON,16421
verzoeken,PRON,16489
verzonnen,ADJ,15411
verzorgen,PRON,16419
verzorger,PREP,24137
verzwijgen,PRON,25077
vestiaire,VERB,24063
vet,ADJ,26003
veulen,VERB,24448
vezel,VERB,25878
videorecorder,VERB,18011
videotelefoon,VERB,24781
vier,NOUN,8500
viering,VERB,21290
viering van het leven,VERB,21291
vierkant,VERB,17242
vieruurtje,VERB,14393
vies,ADJ,13683
vies ruiken,PRON,17020
vijf,NOUN,8501
vijver,VERB,15168
viking,PREP,22828
vikingschip,VERB,22829
vinden,PRON,14179
vinger,VERB,14180
vingerafdruk,VERB,25298
vingeralfabet,VERB,23506
vingerspellen,PRON,23507
violet,NOUN,16436
viool,VERB,23983
virale infectie,VERB,24523
virus,VERB,23711
vis,VERB,14188
vis uit diepvries,VERB,22356
visbal,VERB,22127
visburger,VERB,22120
vishnu,PREP,18016
visioen,VERB,21300
visite,VERB,24859
visnet,VERB,21357
vissen,PRON,14190
visser,PREP,23509
visserij,VERB,14191
visticks,VERB,23508
visuele beperking,VERB,26032
visuele prikkel,VERB,25939
visum,VERB,24337
vlag,VERB,14193
vlak,ADJ,14197
vlam,VERB,14194
vlas,VERB,23084
vlecht,VERB,25023
vlechten,PRON,25022
vleermuis,VERB,12636
vlees,VERB,15444
vlees in blokjes,VERB,23473
vlees uit diepvries,VERB,22355
vleessaus,VERB,23586
vlek,VERB,17236
vleugel,VERB,18259
vlieg,VERB,14371
vliegen,PRON,14372
vliegend,ADJ,14373
vliegend paard,VERB,23608
vlieger,VERB,15155
vliegeren,VERB,22115
vliegtuig,VERB,12357
vliegtuigcrash,VERB,13437
vliegtuighangaar,VERB,25317
vliegtuigongeluk,VERB,13437
vliegveld,VERB,12358
vlinder,VERB,13096
vlo,VERB,14199
vloed,VERB,22628
vloedgolf,VERB,22624
vloeibaar,ADJ,18226
vloeistof,VERB,18209
vloer,VERB,14202
vloerbedekking,VERB,14203
vloerkleed,VERB,16696
vlucht,VERB,25055
vlug,ADJ,16446
vochtig,ADJ,18226
vochtigheid,VERB,23886
vodden,VERB,25148
voeden,PRON,14162
voederen,PRON,14162
voedertafel,VERB,25850
voeding,VERB,14377
voedsel,VERB,14377
voedselballetje,VERB,14378
voedselplaats,VERB,25924
voelen,PRON,14163
voeren,PRON,14162
voertuig,VERB,18010
voet,VERB,14379
voetafdruk,VERB,25308
voetbal,VERB,14380
voetbal supportersclub,VERB,24449
voetballen,PRON,16201
voetbalploeg,VERB,24450
voetbalreglement,VERB,25880
voetbalspeler,PREP,28027
voetbalteam,VERB,24450
voetbalveld,VERB,28025
voetbalwedstrijd,VERB,28026
voetpad,VERB,24209
voetreflexoloog,PREP,21604
vogel,VERB,12837
vogelnest,VERB,25659
vogelpoot,VERB,13355
vogeltje,VERB,24447
vol,ADJ,14413
voldaan,ADJ,25312
voldoende,ADJ,13939
volgen,PRON,14376
volgend jaar,VERB,15716
volgende,ADJ,15714
volgende maand,VERB,24921
volgende week,VERB,15715
volharden,PRON,21319
volharding,VERB,21318
volk,VERB,21609
volksmuziek,VERB,21611
volkssprookje,VERB,25879
volleybal,VERB,21804
voltage,VERB,25396
volte,PRON,24338
voltmeter,VERB,25397
voltooid,ADJ,24844
voltooien,PRON,14181
volwassen,ADJ,12342
volwassene,PREP,12341
vonk,VERB,24274
vonnissen,PRON,23126
voor,NOUN,12656
voor anker gaan,PRON,24644
voorafgaand,ADJ,16239
voorbeeld,VERB,17978
voorbereiden,PRON,16244
voorbereiding,VERB,24929
voorbij,ADJ,12670
voordracht,VERB,23564
voordracht houden,PRON,23565
voorgerecht,VERB,22118
voorhoofd,VERB,14384
voorhuid,VERB,14385
voorkant,NOUN,25311
voorkomend,ADJ,13402
voorlopig,ADJ,24307
voormiddag,VERB,15655
voormoeder,PREP,21326
voorouder,PREP,21327
voorraadblik,VERB,22590
voorraadbus,VERB,22588
voorraadpot,VERB,22589
voorschrift,VERB,16697
voorspellen,PRON,21051
voorspraak,VERB,24871
voorstel,VERB,17455
voorstellen,PRON,17454
voorstelling,VERB,23610
voorsteven,VERB,22062
voortdurend,ADJ,24285
voortgaan,PRON,13404
voortplanting,VERB,16488
voortzetting,VERB,24881
vooruit,NOUN,14390
vooruit en omhoog,NOUN,17987
vooruit naar beneden,NOUN,13871
vooruitgaan,PRON,12343
voorvader,PREP,21325
voorwerp,VERB,17205
voorzichtig,ADJ,13123
voorzitter,PREP,24051
vorig jaar,VERB,15176
vorige,ADJ,24218
vorige maand,VERB,24835
vorige week,VERB,15175
vorm,VERB,16940
vormsel,VERB,21104
vos,VERB,14394
vossebes,VERB,15664
vouwen,PRON,14375
voyeurisme,VERB,18023
vraag,VERB,16445
vraagteken,VERB,8485
vrachtauto,VERB,17781
vrachtboot,VERB,22069
vragen,PRON,12588
vrede,VERB,15980
vredig,ADJ,15982
vreemd,ADJ,17274
vreemdeling,PREP,17275
vreselijk,ADJ,21289
vriend,PREP,14401
vriendelijk,ADJ,13402
vriendin,PREP,14401
vriezen,PRON,14397
vriezer,VERB,23514
vrij,ADJ,14395
vrijdag,VERB,14400
vrijetijd,VERB,23141
vrijheid,VERB,14396
vrijwillig,ADJ,25825
vrijwilliger,PREP,18021
vrijwilligerswerk,VERB,25826
vroeg,ADJ,13896
vroeger,NOUN,12352
vroeggeboorte,VERB,16243
vrouw,PREP,18251
vrouwelijk,ADJ,14165
vruchtbaar,ADJ,14168
vruchtbaarheidsadvies,VERB,14169
vruchtenmoes,VERB,23515
vruchtensap,VERB,14406
vruchtenyoghurt,VERB,14407
vuil,ADJ,13683
vuilnisbak,VERB,14421
vuilniswagen,VERB,13890
vulkaan,VERB,18020
vullen,PRON,14176
vulva,VERB,18025
vurig,ADJ,12924
vuur,VERB,14183
vuur maken en bewaken,PRON,25341
vuurtoren,VERB,23143
vuurwerk,VERB,24655
waaien,PRON,12862
waaier,VERB,14149
waakhond,VERB,25962
waakzaam,ADJ,18046
waar,ADJ,17782
waarde,VERB,13949
waarderen,PRON,13948
waardevol,ADJ,25142
waardevol voorwerp,VERB,25143
waarheid,VERB,17786
waarnemen,PRON,15908
waarneming,VERB,24846
waarom,NOUN,18249
waarschijnlijk,ADJ,16252
waarschuwen,PRON,25210
waarschuwing,VERB,25211
wacht,VERB,14650
wachten,PRON,18030
wafel,VERB,22126
wakker,ADJ,12601
wakker worden,PRON,23703
walhalla,VERB,22827
walrus,VERB,23704
walvis,VERB,18227
wandelen,PRON,18031
wandeling,VERB,25321
wandelstok,VERB,13119
wandelwagen,VERB,12605
wandluis,VERB,25264
wang,VERB,13156
wanneer,NOUN,18234
want,VERB,14446
wapen,VERB,25213
wapenstilstand,VERB,24424
warenhuis,VERB,23067
warm,ADJ,18037
warmhoudplaat,VERB,22593
warmwaterbron,VERB,22632
wasbaar,ADJ,18039
wasbeer,VERB,16450
washandje,VERB,18040
waslokaal,VERB,24828
wasmachine,VERB,18041
wasplaats,VERB,24828
wassen,PRON,18038
wasserette,VERB,15179
wasserij,VERB,15179
wastafel,VERB,24511
wat,NOUN,18228
wat zeg je,OTHER,15967
water,VERB,18209
water geven,PRON,24330
water koken,PRON,12872
waterbron,VERB,25824
waterdier,VERB,12389
waterenergie,VERB,25087
waterfiets,VERB,22088
waterig,ADJ,18226
waterijs,VERB,22367
waterkoker,VERB,22587
waterkracht,VERB,25087
waterlelie,VERB,24778
waterman,VERB,22647
watermeloen,VERB,15452
watermeter,VERB,23246
waternimf,PREP,23579
waterpolo,VERB,21805
waterput,VERB,25824
waterski,VERB,21883
waterskiën,VERB,21886
waterslang,VERB,17190
waterspeelgoed,VERB,23708
waterspel,VERB,23707
watersport,VERB,21626
watertoren,VERB,23247
waterval,VERB,22622
watervliegtuig,VERB,22104
watervogel,VERB,12840
wc,VERB,17747
wc-papier,VERB,17748
website,VERB,23709
wedde,VERB,18027
weddenschap,VERB,24415
wedijveren,PRON,13392
wedstrijd,VERB,16451
wedstrijdschaatsen,VERB,21861
weefsel,VERB,13365
weegschaal,VERB,16729
week,VERB,18217
weekend,VERB,18218
weer,NOUN,12350
weerbericht,VERB,22637
weersateliet,VERB,24779
weerspiegeling,VERB,22384
weerstand bieden,PRON,16421
weersvoorspelling,VERB,24747
weerwolf,PREP,25218
weeën,VERB,13405
weg,NOUN,12602
weg naar school,VERB,25935
weg van,NOUN,25522
wegen,PRON,18220
weggaan,PRON,14449
weggooien,PRON,23864
weghalen,PRON,17448
wegwijzer,VERB,16977
wei,VERB,15180
weide,VERB,15180
weiden,PRON,25764
weinig,ADJ,14171
welk ding,NOUN,18231
welke,NOUN,18230
welkom,OTHER,18223
wellicht,ADJ,16226
welterusten,NOUN,24463
welwillend,ADJ,23860
wenen,PRON,13618
wenkbrauw,VERB,14134
wenkbrauwpotlood,VERB,14135
wens,VERB,24833
wenselijk,ADJ,13662
wensen,PRON,18266
wereld,VERB,18278
wereldbol,VERB,25885
werk,VERB,18273
werkblad,VERB,23715
werkdag,VERB,25509
werkelijk,ADJ,16467
werkelijkheid,VERB,25779
werken,PRON,18274
werkloos,ADJ,25823
werkloosheid,VERB,17975
werkmethode,VERB,25970
werknemer,PREP,18277
werkplaats,VERB,23252
werktafel,VERB,13663
werktuigbouwkundige,PREP,23588
werkzaam,ADJ,25702
werpen,PRON,17725
west,VERB,18224
westelijk,ADJ,18225
westen,VERB,18224
westers,ADJ,18225
westwaards,ADJ,25965
wet,VERB,16697
wetboek,VERB,23133
weten,PRON,15161
wetenschap,VERB,16735
wetenschapper,PREP,21559
wetenschapshuis,VERB,25369
wettelijk,ADJ,23138
weven,PRON,18215
wezen,VERB,24443
whiteboard,VERB,12852
wicket,VERB,21809
wie,NOUN,18244
wieg,VERB,13126
wiegeliedje,VERB,24689
wiel,VERB,18232
wielersport,VERB,21823
wielrennen,VERB,21823
wieltjesmacaroni,VERB,22132
wiens,NOUN,18246
wierook,VERB,21358
wij,PREP,18210
wijk,VERB,23815
wijn,VERB,18258
wijnglas,VERB,21363
wijzen,PRON,16213
wild dier,VERB,12390
wilde aardbei,VERB,24336
wilde bloem,VERB,14370
wilde hond,VERB,18268
wilde vogel,VERB,12841
wilde zee,VERB,24737
wildernis,VERB,21351
wildzwijn,VERB,25767
willen,PRON,18035
wind,VERB,18255
windenergie,VERB,25220
windje,VERB,25060
windkracht,VERB,25220
windmeter,VERB,23019
windmolen,VERB,25395
windstil,VERB,23828
windsurfen,VERB,21885
windsurfplank,VERB,21882
windturbine,VERB,25394
winkel,VERB,17269
winkelbediende,PREP,13359
winkelcentrum,VERB,16961
winnen,PRON,18254
winter,VERB,18261
winterdag,VERB,25967
winterhuis,VERB,25968
winterslaap,VERB,24150
wintersport,VERB,21630
wip,VERB,16751
wiskunde,VERB,15432
wiskundige,PREP,21573
wisselstroom,VERB,25256
wit,NOUN,18242
wit rusland,VERB,25020
wodan,PREP,22650
woedend,ADJ,12377
woensdag,VERB,18216
woest,ADJ,12377
woestijn,VERB,21350
wok,VERB,22582
wokpan,VERB,25635
wol,VERB,18271
wolf,VERB,18268
wolk,VERB,13367
wolkenkrabber,VERB,23215
wond,VERB,17213
wonde,VERB,17213
wonder,VERB,21299
wonen,PRON,15223
woning,VERB,14905
woonark,VERB,22089
woonboot,VERB,22089
woongroep,PREP,21094
woonkamer,VERB,15224
woonplaats,VERB,25887
woonwijk,VERB,25887
woord,VERB,18272
worden,PRON,12648
worm,VERB,18279
worstelen,VERB,18283
worstenbroodje,VERB,14902
wortel,VERB,13124
woud,VERB,14386
wrak,VERB,25399
wrat,VERB,24329
wratten,VERB,24334
wreed,ADJ,15439
wrijven,PRON,16695
xylofoon,VERB,23986
yen,VERB,18293
yoghurt,VERB,18296
yoghurt uit diepvries,VERB,22357
yom-kippur,VERB,18297
zaad,VERB,16749
zaadbal,VERB,16758
zaadcel,VERB,17226
zaaddodend middel,VERB,17227
zaaddoding,VERB,25615
zaadleider,VERB,18001
zaadlozing,VERB,13915
zaag,VERB,16727
zacht,ADJ,17203
zachte kaas,VERB,22359
zadel,VERB,22839
zadeldeken,VERB,24252
zak,VERB,16209
zakdoek,VERB,14671
zaklamp,VERB,14196
zalm,VERB,23195
zand,VERB,16715
zandbak,VERB,16717
zandhoop,VERB,25889
zandmannetje,PREP,23646
zandspeelgoed,VERB,23645
zandstorm,VERB,25872
zanger,PREP,15683
zangvogel,VERB,17211
zat,ADJ,13886
zaterdag,VERB,16722
zebra,VERB,18474
zee,VERB,15909
zee-egel,VERB,23656
zeeanemoon,VERB,23653
zeef,VERB,16976
zeehond,VERB,23657
zeekomkommer,VERB,23654
zeeleeuw,VERB,23655
zeeman,PREP,16708
zeemeermin,PREP,23590
zeemeeuw,VERB,14654
zeep,VERB,17200
zeer doen,PRON,14913
zeester,VERB,17253
zeevruchten,VERB,23660
zeewier,VERB,23658
zegenen,PRON,25268
zeggen,PRON,16728
zeil,VERB,16706
zeilboot,VERB,16707
zeilen,VERB,22049
zeker,ADJ,13146
zekering,VERB,25313
zelfbeheersing,VERB,16754
zelfde,NOUN,16713
zelfde geluid,OTHER,16714
zelfgemaakt,ADJ,15420
zelfmoord,VERB,25380
zelfstandig,ADJ,24172
zendeling,PREP,21060
zenuw,VERB,25471
zenuwstelsel,VERB,25472
zes,NOUN,8502
zetel,VERB,12665
zeug,VERB,25806
zeuren,PRON,21361
zeven,NOUN,8503
zich herinneren,PRON,16485
zichzelf te kijk zetten,PRON,24843
ziek,ADJ,16973
ziekenhuis,VERB,14899
ziekenwagen,VERB,12369
ziekenzalving,VERB,21109
ziekte,VERB,16164
ziektekostenverzekering,VERB,15447
ziel,VERB,21045
zien,PRON,16747
ziet eruit als,OTHER,16985
zigzag,ADJ,25971
zigzag lijn,NOUN,25972
zij,PREP,14688
zijde,VERB,23211
zijden stof,VERB,23212
zijkant,VERB,13907
zijn,PRON,12639
zijspan,VERB,21821
zilver,VERB,23213
zilversmid,PREP,24510
zin,VERB,16760
zingen,PRON,16990
zintuig,VERB,25937
zitbank,VERB,12665
zitkamer,VERB,15224
zitkussen,VERB,25042
zitski,VERB,23948
zitten,PRON,16995
zittend,VERB,16165
zoeken,PRON,16742
zoemer,VERB,24616
zoen,VERB,15152
zoenen,PRON,15153
zoet,ADJ,17478
zoete aardappel,VERB,17480
zoetje,ADJ,17477
zoetmiddel,VERB,17453
zolder,VERB,23026
zombie,PREP,25222
zomer,VERB,17459
zomerdag,VERB,25948
zomerhuis,VERB,25949
zomerkamp,VERB,17461
zon,VERB,17462
zondaar,PREP,16993
zondag,VERB,17464
zonde,VERB,16988
zonder,NOUN,15474
zonder spraak,VERB,25588
zondigen,PRON,16989
zongebruind,VERB,24768
zonne-energie,VERB,25172
zonnebaden,PRON,24765
zonnebloem,VERB,24297
zonnebrand,VERB,24766
zonnebrandolie,VERB,17463
zonnebril,VERB,24767
zonnecrème,VERB,17463
zonnestelsel,VERB,22836
zonnig,ADJ,17465
zonsondergang,VERB,17467
zonsopgang,VERB,17466
zonsverduistering,VERB,24755
zoon,PREP,17209
zorg,VERB,23056
zorgcentrum,VERB,23038
zorgen,PRON,23059
zorgmanager,PREP,24620
zout,ADJ,16712
zoutkristal,VERB,16711
zuid,VERB,17219
zuid-afrika,VERB,22615
zuid-amerika,VERB,22608
zuidelijk,ADJ,17220
zuiden,VERB,17219
zuidpool,VERB,22599
zuidwaards,ADJ,25944
zuigfles,VERB,24409
zullen,PRON,24261
zus,PREP,16994
zusje,PREP,16994
zuur,ADJ,16944
zuurkool,VERB,16724
zwaai,VERB,25406
zwaan,VERB,17473
zwaar,ADJ,14698
zwaard,VERB,15159
zwaardvis,VERB,23671
zwaartekracht,VERB,25070
zwager,PREP,25669
zwak,ADJ,18213
zwanger,ADJ,16241
zwangerschap,VERB,16240
zwangerschapsonderbreking,VERB,12323
zwart,NOUN,12849
zweden,VERB,22617
zweeds,VERB,23226
zweefvliegtuig,VERB,22103
zweep,VERB,25393
zweet,VERB,17475
zwembad,VERB,16219
zwemmen,PRON,17482
zwemreglement,VERB,25847
zweten,PRON,17474
zwitserland,VERB,25184
één,NOUN,8497
öre,VERB,24923
