lemma,pos,bci_av_id
a bordo,ADJ,23401
a ella,PREP,16949
a ellas,PREP,17714
a ellos,NOUN,17712
a fin de,NOUN,14382
a la distancia,NOUN,12602
a las escondidas,VERB,25078
a menos que,NOUN,17981
a menudo,ADJ,15913
a mí,PREP,14916
a nosotras,PREP,18210
a nosotros,PREP,18211
a quién,NOUN,18244
a qué hora,NOUN,18235
a rayas,ADJ,24293
a través de,NOUN,12333
a veces,ADJ,17208
abajo,NOUN,13869
abanico,VERB,14149
abeja,VERB,12651
abertura,VERB,15923
abeto,VERB,14116
abierto,ADJ,15921
abogado,PREP,23135
abollado,ADJ,24421
abono,VERB,24185
abordar,PRON,23487
aborto,VERB,12323
aborto involuntario,VERB,15477
abraham,PREP,21066
abrazar,PRON,14909
abrazo,VERB,24848
abrelatas,VERB,22396
abridor,VERB,22394
abridor de botellas,VERB,22395
abrigo,VERB,24685
abrigo chaqueta,VERB,13371
abrigo de piel  pelo,VERB,14415
abril,VERB,12410
abrir,PRON,15922
abrochar,PRON,14154
abruptamente,ADJ,17452
absorber,PRON,13940
abstemio,VERB,24306
abstención,VERB,21308
abstinencia,VERB,12326
abuela,PREP,14629
abuelo,PREP,14626
aburrido,ADJ,24827
abuso,VERB,12327
abuso infantil,VERB,13167
abuso sexual,VERB,16766
acabar,PRON,14181
académico,PREP,21559
acariciar,PRON,17443
accesibilidad,VERB,25002
accesible,ADJ,25003
acceso,PRON,25001
accesorio,VERB,12328
accidente,VERB,12329
accidente automovilístico,VERB,13438
accidente aéreo,VERB,13437
acción,VERB,12334
acción a favor de,VERB,23007
acción de gracias,VERB,17534
aceituna,VERB,15917
acera,VERB,24209
acercarse,PRON,13383
acero,VERB,17258
acné,VERB,12332
acolchado,VERB,12854
aconsejar,PRON,12346
acontecimiento,VERB,12329
acontecimientos actuales,VERB,13625
acordado,ADJ,24808
acordar,PRON,12353
acordeón,VERB,23802
acoso,VERB,14677
acoso sexual,VERB,16766
acostarse,PRON,15205
acrobacia,VERB,24002
acróbata,PREP,24001
actas,VERB,24696
activa,ADJ,12336
actividad,VERB,12335
actividad sexual,VERB,24257
activo,ADJ,12336
acto,VERB,12334
actuación,VERB,23610
actual,ADJ,13624
actuar,PRON,23609
actuar a favor de,PRON,23005
acuario,VERB,22647
acuerdo,VERB,12354
acuoso,ADJ,18226
acupunturista,PREP,21605
acusación,VERB,23001
acusar,PRON,23003
adaptador,VERB,24628
adar,VERB,12337
adelante y atrás,NOUN,12610
además,NOUN,12374
adentro,NOUN,14932
aderezo,VERB,16723
adicción,VERB,24404
adicción a las drogas,VERB,24435
adicción al alcohol,VERB,24406
adicción al tabaco,VERB,24512
adición,VERB,12339
adicto,PREP,24403
adicto a las drogas,PREP,24434
adiestramiento,VERB,22097
aditivo,VERB,24003
adivinar,PRON,14651
adjuntado,ADJ,23408
adjuntar,PRON,23407
adjunto,VERB,23409
adjuntos,ADJ,17746
admiración,VERB,16494
adolescencia,VERB,12340
adolescente,PREP,17516
adopción,VERB,25005
adoptar,PRON,25004
adorable,ADJ,15398
adulto,PREP,12341
advenimiento,VERB,24004
advertencia,VERB,25211
advertir,PRON,25210
adán,PREP,21063
aegir,PREP,22821
aerodeslizador,VERB,22085
aeropuerto,VERB,12358
afecto,VERB,15399
afeitar,PRON,16945
afganistán,VERB,25008
afición,VERB,14718
afilado,ADJ,16943
afortunado,ADJ,15403
afuera,NOUN,15942
agarradera,VERB,22596
agarraderas,VERB,22567
agenda del día,VERB,24603
agente secreto,PREP,25175
agitación,VERB,24822
agitar,PRON,16934
agnosticismo,VERB,24005
agosto,VERB,12595
agotado,ADJ,23870
agradable,ADJ,15717
agradar,PRON,12372
agradecer,PRON,17532
agrandar,PRON,14936
agregar,PRON,12338
agresión,VERB,12327
agricultor,PREP,14152
agua,VERB,18209
agua mineral,VERB,22631
aguacate,VERB,12600
aguja,VERB,15703
aguja hipodérmica,VERB,15704
agujero,VERB,14883
agujero medicinal,VERB,25497
ahogar,PRON,21349
ahogarse,PRON,21348
ahogo,VERB,24854
ahora,NOUN,15736
ahí,NOUN,17707
aire,VERB,12356
aire en que cada casco toca el suelo por separado,PRON,24230
aislador eléctrico,VERB,25291
aislante,VERB,25326
ajo,VERB,14423
al aire libre,ADJ,22117
al final,ADJ,14178
ala delta,VERB,22114
alambre,VERB,18265
alarma,VERB,25253
alas,VERB,18259
albaricoque,VERB,12409
albañil,PREP,23419
albergue juvenil,VERB,16492
albóndiga,VERB,15445
alce,VERB,15652
alcohol,VERB,25010
alcoholismo,VERB,24405
alemania,VERB,25414
alemán,VERB,25415
alentar,PRON,25053
alergia,VERB,24407
alero,VERB,23073
aleros,VERB,23103
alerta,ADJ,18046
alfabeto,VERB,12366
alfabeto dactilológico,VERB,23506
alfarería,VERB,24048
alfombra,VERB,16696
alfombra de gimnasia,VERB,14657
alga,VERB,23658
algo,NOUN,12400
algo lineal,VERB,15216
algo necesario,VERB,22914
algodón,VERB,23048
alguien,PREP,12399
alguna vez,ADJ,14115
algunas,ADJ,17207
alguno,PREP,12399
algunos,ADJ,17207
algún día,VERB,23021
alicates,VERB,16205
aliento,VERB,25054
alimentar,PRON,14162
alimento,VERB,14377
alistamiento,VERB,24929
alistar,PRON,16244
aliño de ensalada,VERB,22324
alma,VERB,21045
almacenamiento digital,VERB,24640
almacén,VERB,14645
almacén de ayuda,VERB,24008
almeja,VERB,15952
almohada,VERB,16177
almohadilla,VERB,25041
almohadón,VERB,16177
almuerzo,VERB,15405
almíbar,VERB,22337
alpana,VERB,12365
alpinismo,VERB,22109
alquilar,PRON,24732
alquiler,VERB,24731
alrededor de,NOUN,12580
altar,VERB,21368
altavoz,VERB,23898
alteración,VERB,13151
alterado,ADJ,17985
alterar,PRON,13152
alternación,VERB,25257
alternador,ADJ,25255
alternar,PRON,25254
alto,ADJ,14711
alto el fuego,VERB,24424
altura,VERB,24909
altímetro,VERB,23018
alubia,VERB,12642
alubia seca,VERB,24021
alumno,PREP,17446
alá,PREP,21035
amabilidad,VERB,24880
amable,ADJ,13402
amablemente,ADJ,15149
amanecer,VERB,17466
amante,PREP,17481
amar,PRON,15400
amargo,ADJ,12848
amarillo,NOUN,18291
amarre para caballos,VERB,24911
amasador,VERB,22592
ambos,NOUN,12879
ambulancia,VERB,12369
amenorrea,VERB,12370
amigo,PREP,14401
amnesia,VERB,24899
amor,VERB,15399
amor cristiano,VERB,21304
amordazar,PRON,13177
amperímetro,VERB,25258
amplificador,VERB,23804
amplitud,VERB,25259
ampolla,VERB,21365
amén,OTHER,21312
américa del norte,VERB,22607
américa del sur,VERB,22608
ancho,ADJ,18250
ancla,VERB,24604
andador,VERB,17250
andar de puntillas,PRON,17733
andén para autobús,VERB,13090
anemómetro,VERB,23019
anexo,VERB,23409
anfibio,VERB,12371
anfitrión,VERB,21367
anguila,VERB,13909
anillo,VERB,16675
animal,VERB,12378
animal de compañía,VERB,16168
animal de juguete,VERB,17764
animal de peluche,VERB,17764
animal doméstico,VERB,12382
animar,PRON,25025
aniversario,VERB,12392
ano,VERB,12396
anoche,VERB,15174
ansiedad,VERB,12397
ansioso,ADJ,12398
ansiosos,ADJ,23860
antebrazo,VERB,25463
antena aérea,VERB,24602
antena parabólica,VERB,24726
antena satelital,VERB,24740
antepasada,PREP,21326
antepasado,PREP,21325
anterior,ADJ,16239
antes,NOUN,12656
antes de,NOUN,12656
antiséptico,VERB,25047
antropología,VERB,21548
antropólogo,PREP,24840
antártico,VERB,22603
anulado,ADJ,24968
anular,PRON,13665
anunciar,PRON,21337
anuncio,VERB,12344
anémona de mar,VERB,23653
apagar,PRON,24299
aparcar,PRON,23913
aparecer,PRON,21079
aparente,ADJ,14961
aparentemente,ADJ,14961
aparición,VERB,21078
apartamento,VERB,12403
apedrear,PRON,16189
aperitivo,VERB,22118
apestar,PRON,17020
apetitoso,ADJ,20526
apio,VERB,13140
apio nabo,VERB,23833
aplastar,PRON,13616
aplaudir,PRON,25012
aplauso,VERB,25013
apodarse,PRON,24874
apostar,PRON,24414
apoyar,PRON,17469
apoyo,VERB,23224
apoyo financiero,VERB,24113
apreciar,PRON,13948
aprender,PRON,15184
apresurar,PRON,24167
apresurarse,PRON,24167
aprobar,PRON,12408
aproximarse,PRON,13383
apuesta,VERB,24413
apuntar,PRON,16213
apuro,VERB,24166
apéndice,VERB,23409
apósito,VERB,12625
apóstol,PREP,21059
aquel,NOUN,17697
aquellos,NOUN,17723
aquí,NOUN,14708
arado,VERB,16206
araña,VERB,17229
arañazo,VERB,24420
arboleda,VERB,14648
arbusto,VERB,13092
archipiélago,VERB,23023
archivo,VERB,23500
archivo adjunto,VERB,23410
arcilla,VERB,15672
arco,VERB,23817
arco iris,VERB,23933
arco y cuerda,VERB,23819
arco y flecha,VERB,21855
ardiente,ADJ,12924
ardilla,VERB,13170
arena,VERB,16715
arenque,VERB,23530
argot,VERB,24961
aries,VERB,22638
aritmética,VERB,21558
arma,VERB,25213
arma de fuego,VERB,14655
armado,ADJ,25014
armadura,VERB,21622
armario,VERB,13622
armario de secado,VERB,24088
armonía,VERB,14680
arnés de paracaídas,VERB,24205
arnés de seguridad,VERB,24217
arnés para niños,VERB,24058
aro,VERB,25447
aroma,VERB,15997
arpa,VERB,23881
arqueología,VERB,21554
arqueólogo,PREP,21570
arquitecto,PREP,12412
arrastrarse,PRON,13603
arrecife de coral,VERB,23458
arreglar,PRON,14192
arrendar,PRON,24732
arreos,VERB,24143
arrepentirse,PRON,12404
arrestar,PRON,23025
arriba y abajo,NOUN,17984
arriba y adelante,NOUN,17987
arriba y atrás,NOUN,17986
arrodillar,PRON,15158
arroyo,VERB,16677
arroz,VERB,16505
arroz con leche,VERB,23636
arte,VERB,12581
artefacto artificial,VERB,24803
artes marciales,VERB,21838
artesanía de cristal,VERB,24134
artesanía de metal,VERB,24190
artesanía de papel,VERB,24204
artesanía en madera,VERB,24339
artesanía natural,VERB,24197
artesanía textil,VERB,24308
articulación,VERB,14973
artificial,ADJ,15420
artillería,VERB,25418
artículo,VERB,24803
arándano,VERB,12866
arándano agrio,VERB,13433
asa,VERB,17487
asador,VERB,23945
asar,PRON,12906
ascender,PRON,16676
ascensión,VERB,24013
ascenso y descenso,VERB,25401
ascensor,VERB,13924
asegurar,PRON,14154
asesinar,PRON,25123
asesinato,VERB,25104
asesino,PREP,25103
asesor,PREP,13421
asesoramiento,VERB,12345
asesoramiento sobre fertilidad,VERB,14169
asesorar,PRON,12346
asia,VERB,22604
asiento,VERB,13148
asistencia,VERB,14704
asistencia legal,PREP,23041
asistencia médica,VERB,24188
asistente,PREP,14706
asistente personal,PREP,14706
asistir,PRON,14705
asno,VERB,13865
aspiradora,VERB,22391
astas,VERB,21061
astrología,VERB,22636
astronauta,PREP,12590
astronomía,VERB,21542
astrólogo,PREP,22901
astrónomo,PREP,21560
astuto,ADJ,17015
asustado,ADJ,12347
atacar,PRON,25262
ataque,VERB,12593
atar,PRON,24152
ataúd,VERB,21116
atención,VERB,12594
atento,ADJ,18046
aterrado,ADJ,12347
aterrizaje,VERB,15171
aterrizar,PRON,25108
aterrorizado,ADJ,17525
aterrorizar,PRON,17527
atesorar,PRON,13948
ateísmo,VERB,21301
atletismo,VERB,21628
atmósfera,VERB,12356
atractivo,ADJ,12645
atrapar,PRON,25200
atrasado,ADJ,15177
atravezar,PRON,25483
atreverse,PRON,23466
atrás,NOUN,12348
atún,VERB,23697
auditor,PREP,24018
auditorio,VERB,24481
audiólogo,PREP,21593
aula,VERB,13353
aumentar,PRON,14936
aunque,NOUN,12367
auriculares,VERB,13899
australia,VERB,22605
austria,VERB,25015
autobús,VERB,13089
autocaravana,VERB,24618
autocontrol,VERB,16754
autodestrucción,VERB,16753
autodestructivo,ADJ,22916
automovilismo,VERB,21829
automóvil,VERB,13121
autor,PREP,23716
autorización,VERB,24650
autorizado,ADJ,24649
autorizar,PRON,24648
av,VERB,12599
avalancha,VERB,24019
avanzar,PRON,12343
ave,VERB,12837
ave de rapiña,VERB,25267
ave marina,VERB,12840
avena,VERB,24705
aventura,VERB,24601
aventurero,ADJ,25007
avergonzado,ADJ,13926
aversión,VERB,13691
avestruz,VERB,15937
aviador,VERB,21340
avión,VERB,12357
avión militar,VERB,15466
avícola,VERB,13165
ayer,VERB,18295
ayuda,VERB,12355
ayuda auditiva,VERB,14693
ayuda legal,PREP,23139
ayuda médica,VERB,12890
ayuda sexual,VERB,24258
ayudante,PREP,14706
ayudar,PRON,14705
ayunar,PRON,21323
ayuno,VERB,21322
ayuntamiento,VERB,23446
azul,NOUN,12864
azulejo,VERB,12867
azúcar,VERB,17453
añadir,VERB,24003
añil,NOUN,14938
año,VERB,18289
año luz,VERB,22634
año nuevo,VERB,25474
aún,ADJ,24286
babear,PRON,24433
babero,VERB,12833
babor,VERB,24712
bacalao,VERB,23044
bache,VERB,24422
bacinilla,VERB,24717
bacteria,VERB,24411
bailar,PRON,13631
baile,VERB,24853
bajamar,VERB,22629
bajo,ADJ,15401
bajo doble,VERB,23850
balanceo,VERB,25406
balanza,VERB,23197
balanzas,VERB,16729
balar,PRON,24026
balcón,VERB,12620
balde de agua,VERB,24331
balder,PREP,22817
ballena,VERB,18227
ballet,VERB,23414
baloncesto,VERB,12634
balonmano,VERB,14669
balón,VERB,22107
balón de rugby,VERB,21807
banana,VERB,12623
banco,VERB,12626
banda,PREP,12624
banda ancha,VERB,24614
bandeja,VERB,17773
bandeja caliente,VERB,22593
bandeja de hornear,VERB,22576
bandeja de horno,VERB,22575
bandeja sagrada para la hostia,VERB,21366
bandera,VERB,14193
bandido,PREP,25017
bandy,VERB,21042
bangladesh,VERB,24607
banjo,VERB,23808
baquetas,VERB,23856
bar,VERB,12627
bar mitzvah,VERB,21112
barato,ADJ,13155
barba,VERB,12644
barbero,PREP,12628
barbería,VERB,12629
barbilla,VERB,13169
barca de goma,VERB,22086
barca de remos,VERB,22076
barco,VERB,12869
barco de vela,VERB,20520
barco piloto,VERB,22079
barco vikingo,VERB,22829
barra,VERB,22371
barra de chocolate,VERB,22372
barra de mental,VERB,23150
barrera,VERB,12631
barriga,VERB,25498
barriguita,VERB,25498
barro,VERB,15672
barómetro,VERB,23028
base,VERB,12881
bases,VERB,24120
bastones de esquí,VERB,17000
bastón,VERB,13119
basura,VERB,18043
bat mitzvah,VERB,21111
bata,VERB,12411
batata,VERB,17480
bate,VERB,12635
batería,VERB,12638
batido de chocolate,VERB,13172
batido de leche,VERB,15470
batidora,VERB,22563
batman,VERB,25263
batón,VERB,13879
bautizo,VERB,23155
baya,VERB,12666
baya de montaña,VERB,15664
bazar,VERB,25018
bazo,VERB,25496
bañador,VERB,17484
bañar,PRON,18038
bañera,VERB,24809
baño,VERB,16992
baño de vapor,VERB,17257
beber,PRON,13882
bebida,VERB,13881
bebida alcohólica,VERB,12359
bebida dulce,VERB,22344
bebé,PREP,12603
beige,NOUN,25265
belleza,VERB,22903
bendecir,PRON,25268
bendición del vino,VERB,15147
beneficio por discapacidad,VERB,24430
berenjena,VERB,13913
besar,PRON,15153
beso,VERB,15152
bestia,VERB,12378
biathlon,VERB,25266
biberón,VERB,24409
biblia,VERB,21069
biblioteca,VERB,15201
bibliotecario,PREP,23568
bicicleta,VERB,12834
bicicleta adaptada,VERB,21819
bicicleta de agua,VERB,22088
bicicleta de mano,VERB,21814
bicicleta de montaña,VERB,21817
bicicleta reclinada,VERB,21815
bicicleta todoterreno,VERB,21818
bicicleta tándem,VERB,21816
bielorrusia,VERB,25020
bien,ADJ,14463
bienes,VERB,14457
bienes robados,VERB,25178
bienvenido,OTHER,18223
billar,VERB,22099
billete,VERB,23604
bindi,VERB,12836
bingo,VERB,23571
binoculares,VERB,24416
bioenergía,VERB,25021
biogas,VERB,25068
biología,VERB,21546
biomasa,VERB,13370
bioquímica,VERB,21545
bioquímico,PREP,21563
bipedestador,VERB,21813
bisexual,ADJ,24023
bisexualidad,VERB,24024
bisonte,VERB,12917
biólogo,PREP,21564
blanco,NOUN,18242
blanquería,VERB,16951
bliss,VERB,23031
bloque,VERB,12860
bloque de apartamentos,VERB,23022
bloquear,PRON,15227
bloques de construcción,VERB,23454
blusa,VERB,16957
boca,VERB,15666
bocha,VERB,21806
bochas,VERB,22835
boda,VERB,20575
bodega,VERB,23029
bol,VERB,13403
bola,VERB,12621
bola de billar,VERB,23413
bola de comida,VERB,14378
bola de masa hervida,VERB,22128
bola de nieve,VERB,17194
boleto,VERB,17729
boletín,VERB,15713
bollo,VERB,16683
bolos,VERB,12885
bolsa,VERB,16701
bolsillo,VERB,16209
bolso,VERB,12618
bomba,VERB,24036
bombear,PRON,25147
bombero,PREP,14184
bondad,VERB,14456
bongo,VERB,23816
bonito,ADJ,12645
borde,VERB,13907
borracho,ADJ,13886
borrado,ADJ,24968
borrar,PRON,23411
bosque,VERB,14386
bostezar,PRON,18288
bota,VERB,12876
botas de esquí,VERB,16999
botas de montar,VERB,24243
botavara,VERB,22060
bote,VERB,12869
bote de conservas,VERB,22588
bote de especias,VERB,17228
bote de galletas,VERB,22591
bote salvavidas,VERB,22078
botella,VERB,12880
botella para orinar,VERB,24775
botánica,VERB,21547
botánico,PREP,21565
botón,VERB,13098
bowling sobre césped,VERB,22835
boxeo,VERB,12887
bracha,VERB,12891
bragas,VERB,17971
brahma,PREP,12892
brasa,VERB,24135
brasil,VERB,25024
brazo,VERB,12577
brevedad,VERB,24938
bribón,PREP,25166
brida,VERB,24025
brillante,ADJ,12903
brillar,PRON,16956
brillo,VERB,22386
brisa,VERB,23824
broche,VERB,14155
bromear,PRON,14974
bronce,VERB,23035
bronceado,VERB,24768
brontosaurio,VERB,23421
bruja,PREP,23712
brócoli,VERB,12905
brújula,VERB,24626
buceo,VERB,22055
buda,PREP,23423
budismo,VERB,23424
budista,ADJ,23425
budín,VERB,22307
budín de navidad,VERB,22308
buena voluntad,VERB,24804
buenas noches,NOUN,24463
buenas tardes,NOUN,24459
bueno,ADJ,13416
buenos días,NOUN,24457
buey,VERB,15951
bufanda,VERB,16730
bufar,PRON,24151
buitre,VERB,18024
bulbo,VERB,12919
bulto,VERB,22362
bungalow,VERB,23163
buque de vapor,VERB,22084
burbuja,VERB,12916
burlarse de,PRON,17515
buscar,PRON,16742
buzón,VERB,15409
bádminton,VERB,12617
básico,ADJ,24122
béisbol,VERB,12632
béisbol callejero,VERB,21803
bélgica,VERB,22609
búfalo,VERB,12917
cabalgar,VERB,24936
caballeriza,VERB,20600
caballo,VERB,14897
caballo castrado,VERB,24130
caballo de juguete,VERB,16682
cabello,VERB,14660
cabeza,VERB,14689
cabeza de oso,VERB,24801
cabin,VERB,25270
cabina,VERB,13102
cabina de piloto,VERB,25307
cable,VERB,18265
cable eléctrico,VERB,13921
cabra,VERB,23097
cacao,VERB,13173
cacerola,VERB,22579
cachorro,VERB,16434
cada,NOUN,12360
cada una,NOUN,13893
cada uno,NOUN,13893
cadena,VERB,21849
cadera,VERB,14713
cadáver,VERB,21315
caer,PRON,14142
cafetería,VERB,13104
café,VERB,13104
caimán,VERB,12362
caja,VERB,12886
caja de arena,VERB,16717
caja de cd,VERB,23832
caja de conexión,VERB,24628
caja de lápices,VERB,23166
caja de píldoras,VERB,25138
caja para el almuerzo,VERB,23573
cajero automático,VERB,23405
cajón,VERB,13874
cal,VERB,15211
calabacín,VERB,17244
calabaza,VERB,23900
calambre,VERB,13432
calavera,VERB,22065
calculadora,VERB,13108
calcular,PRON,13107
caldo,VERB,17218
calendario,VERB,13109
calentador,VERB,17273
calentar,PRON,14697
calesita,VERB,15458
calibre,VERB,23092
calidad,VERB,24720
caliente,ADJ,14901
caligrafía,VERB,23107
calle,VERB,17441
calma,VERB,23828
calmado,ADJ,25177
calmo,ADJ,15982
calor,VERB,14696
calzoncillos,VERB,17971
cama,VERB,12649
camaleón,VERB,13150
camarón,VERB,23168
cambiar,PRON,13152
cambio,VERB,13151
camello,VERB,13110
caminante,VERB,18032
caminar,PRON,18031
caminata,VERB,25321
camisa,VERB,16957
camiseta interior,VERB,17972
camión,VERB,17781
camión de bomberos,VERB,14186
campamento,VERB,13112
campamento base,VERB,12633
campamento de verano,VERB,17461
campana,VERB,12662
campanas,VERB,23814
camper,VERB,24618
campiña,VERB,13424
campo,VERB,13424
campo de hockey,VERB,14174
campo eléctrico,VERB,25290
campo magnético,VERB,25339
canadá,VERB,13116
canal,VERB,24619
canal de tv pago,VERB,24708
canasta,VERB,22107
cancelación,VERB,24883
cancelar,PRON,13665
canción,VERB,17210
canción de cuna,VERB,23835
canción infantil,VERB,23835
canela,VERB,22312
cangrejo,VERB,15226
cangrejo de río,VERB,23053
canguro,VERB,12384
canino,VERB,12380
canoa,VERB,22075
canoeing,VERB,22050
cansado,ADJ,17735
cantante,PREP,16991
cantar,PRON,16990
cantemos todos,VERB,24754
cantidad,VERB,24722
cantoral,VERB,21073
capacidad,VERB,12322
caparazón,VERB,16954
capazo,VERB,13126
capitán de mar,VERB,24744
capricornio,VERB,22646
capturar,PRON,23200
cara,VERB,14138
caracol,VERB,17188
caramelo,VERB,13118
caramelos,VERB,22376
caravana,VERB,13113
carbón,VERB,25062
carcel,VERB,16250
cardiólogo,PREP,21582
cardumen,VERB,23206
carga,VERB,25111
cargos,VERB,23002
carguero,VERB,22069
caridad,VERB,13154
caridad cristiana,VERB,21305
caries,VERB,13138
carillones,VERB,23814
carillón,VERB,24802
carne,VERB,15444
carne congelada,VERB,22355
carne de cerdo,VERB,16223
carne de res,VERB,12652
carne en trozos,VERB,23473
carne picada,VERB,23591
carne seca,VERB,24187
carnet de identidad,VERB,25088
carnicero,PREP,23428
carnicería,VERB,23037
caro,ADJ,14129
carpa,VERB,17523
carpeta,VERB,23511
carrera,VERB,16451
carrera de caballos,VERB,22094
carrera de carruajes,VERB,22095
carrera de karting,VERB,21831
carrera de motos,VERB,21827
carrera de perros de tiro,VERB,21877
carreras de carruajes tirados por caballos,VERB,21875
carreta,VERB,13127
carretera,VERB,16678
carretilla,VERB,23416
carril de bicicletas,VERB,24022
carril para autobús,VERB,24039
carrito de bebé,VERB,12605
carro,VERB,18028
carruaje,VERB,13127
carruaje tirado por caballos,VERB,21873
carrusel,VERB,15458
carta,VERB,15198
carta marina,VERB,24745
cartas,VERB,13122
cartera,VERB,16438
cartero,PREP,15199
cartografía,VERB,23434
cartógrafo,PREP,23433
casa,VERB,14885
casa de una planta,VERB,23164
casa de varias plantas,VERB,23154
casa flotante,VERB,22089
casa rodante,VERB,13113
casa semiadosada,VERB,23201
casa temporal,VERB,23678
casarse,PRON,15426
casas adosadas,VERB,23193
cascada,VERB,22622
cascanueces,VERB,22566
casco,VERB,14703
casco de bicicleta,VERB,21618
casco de hockey,VERB,21617
casco de montar,VERB,21616
casete,VERB,13128
casi,ADJ,15697
casquete,VERB,17004
castañuelas,VERB,23830
castellano,VERB,25377
castidad,VERB,12326
castillo,VERB,23437
castor,VERB,12646
catamarán,VERB,22087
catolicismo romano,VERB,21038
catástrofe,VERB,23846
catéter,VERB,25439
causa,VERB,13134
causado por,PRON,13136
causalidad,VERB,23439
causar,PRON,13135
cautiverio,VERB,25132
cavar,PRON,13677
cavidad,VERB,13138
caza,VERB,24965
cazador,PREP,25086
cazar,PRON,23537
cazuela,VERB,23436
caída,VERB,24894
caña,VERB,13119
cañón,VERB,13120
cd,VERB,16470
cebada,VERB,24608
cebolla,VERB,18006
cebollino,VERB,14644
cebra,VERB,18474
ceja,VERB,14134
celebración,VERB,21290
celebración de la vida,VERB,21291
celeridad,VERB,24819
celibato,VERB,12326
celoso,ADJ,14967
cementerio,VERB,13142
cemento,VERB,13397
cena,VERB,15405
cenicero,VERB,12587
cenizas,VERB,12586
centavo,VERB,13143
centavo de sek,VERB,24923
centellear,PRON,17960
centeno,VERB,24738
central eléctrica,VERB,25141
centro comercial,VERB,16961
centro comunitario,VERB,23446
centro de actividades,VERB,23008
centro de cuidados,VERB,23038
centro de día,VERB,13641
centro de la ciencia,VERB,25369
centro de recursos,VERB,16493
centro de recursos de símbolos bliss,VERB,12859
centro de rehabilitación,VERB,23682
centro diurno,VERB,23055
cepillar,PRON,12913
cepillar un caballo,PRON,24138
cepillarse los dientes,PRON,12914
cepillo,VERB,12912
cepillo de dientes,VERB,17756
cepillo para caballos,VERB,24158
cerca de,ADJ,15697
cercano,ADJ,14951
cercanía,VERB,14950
cerdo,VERB,16175
cereal,VERB,13145
cerebro,VERB,12893
ceremonia,VERB,21096
ceremonia de la circuncisión,VERB,21113
ceremonia religiosa,VERB,20573
ceres,VERB,24425
cerezas,VERB,13159
cero,NOUN,8496
cerrado,ADJ,25277
cerrar,PRON,13364
cerveza,VERB,12653
cerviz,VERB,13147
cerámica,VERB,24048
cesárea,VERB,13103
cetáceo,VERB,13864
chaleco salvavidas,VERB,24687
champaña,VERB,22346
champú,VERB,16938
chata,VERB,24717
chef,PREP,22907
chica,PREP,14439
chico,PREP,13166
chimenea,VERB,13168
china,VERB,25029
chinches,VERB,25264
chirivía,VERB,15971
chispa,VERB,24274
chispas de chocolate,VERB,22343
chocar,PRON,13439
chocolate,VERB,13171
chofer,PREP,13884
choque,VERB,13435
chucrut,VERB,16724
chumash,VERB,13182
chupachups,VERB,22365
chupete,VERB,24496
ciclismo,VERB,21823
ciclismo de montaña,VERB,21825
ciclismo en pista,VERB,21824
ciego,ADJ,12856
cielo,VERB,17006
ciencia,VERB,16735
ciento,VERB,13143
científico,PREP,21559
cierre,VERB,14155
cierto,ADJ,13146
ciertos,ADJ,17207
ciervo,VERB,12381
cigarrillo,VERB,13346
cilindro,VERB,13115
cilindro de gas,VERB,25315
cimientos,VERB,23089
cincha,VERB,24132
cinco,NOUN,8501
cine,VERB,15670
cinta,VERB,16504
cinta métrica,VERB,16698
cintura,VERB,18029
cinturón,VERB,12664
cinturón de seguridad,VERB,24255
cinturón para silla de ruedas,VERB,24335
circo,VERB,24061
circuito de coches,VERB,23430
circuito eléctrico,VERB,25287
circulación,VERB,24249
circular,ADJ,16693
circuncisión,VERB,13348
ciruela,VERB,16208
cirujano,PREP,21575
cisne,VERB,17473
cita,VERB,12406
ciudad,VERB,13351
ciudad del vaticano,VERB,21037
ciudad santa,VERB,21088
ciudadano,VERB,13349
ciénaga,VERB,17472
clan,VERB,21609
claridad,VERB,24878
clarinete,VERB,23837
clarinete bajo,VERB,23810
claro,ADJ,13358
clarín,VERB,24810
clase,VERB,13352
clave,VERB,15144
clavicémbalo,VERB,23882
clavo,VERB,15689
clavo de herradura,VERB,24164
clavícula,VERB,25444
clima,VERB,18214
club,VERB,13369
club de fans,VERB,24446
cláusula,VERB,16760
clínica,VERB,13361
clínica de planificación familiar,VERB,14148
clínica pediátrica,VERB,12606
clítoris,VERB,13362
cobarde,PREP,23461
cobardemente,ADJ,23463
cobardía,VERB,23462
cobertizo,VERB,12630
cobertura de chocolate,VERB,13174
cobre,VERB,23046
coca,VERB,25495
coche,VERB,13121
cochecito,VERB,12605
cocina,VERB,15154
cocina de un barco,VERB,24658
cocinar,PRON,12619
cocinar a fuego lento,PRON,16987
cocinar a la parrilla,PRON,12906
cocinar con microondas,PRON,15462
cocinero,PREP,22907
coco,VERB,13372
cocodrilo,VERB,12362
codera,VERB,21620
codo,VERB,13916
coger,PRON,13131
cohete,VERB,16680
cojín,VERB,24252
col,VERB,13101
col de bruselas,VERB,12915
cola,VERB,17496
cola de la aeronave,VERB,25382
colador,VERB,16976
colar,PRON,13872
colchoneta de dormir,VERB,25271
colección,VERB,25033
colgar,PRON,14673
coliflor,VERB,13133
colina,VERB,14712
colinabo,VERB,17958
colisionar,PRON,13439
colisión,VERB,13435
collar,VERB,25470
color,VERB,13377
colorete,VERB,16692
columpiarse,PRON,17486
columpio,VERB,17485
coma,NOUN,8487
comadreja,VERB,15926
comandar,PRON,21335
combate,VERB,24855
combatir,PRON,14175
combinación,VERB,13380
combinar,PRON,13381
combustible,VERB,14412
combustible nuclear,VERB,25126
combustibles fósiles,VERB,25062
comedia,VERB,23445
comedor,VERB,13680
comenzar,PRON,12657
comer,PRON,13906
cometa,VERB,13384
comida,VERB,14377
comida congelada,VERB,14404
comida rellena,VERB,23503
comienzo,VERB,12658
comienzo de año,VERB,25431
comparar,PRON,13391
comparativo,NOUN,24879
compartido,ADJ,24066
compartimento,VERB,24625
compartir,PRON,16941
compañero,PREP,17237
competencia automovilística,VERB,21830
competición,VERB,16451
competir,PRON,13392
completo,ADJ,14413
comportamiento,VERB,12659
compositor,PREP,13393
compota,VERB,23515
comprar,PRON,13099
comprometido,ADJ,13937
compromiso,VERB,25293
computadora,VERB,23447
computadora portátil,VERB,23562
comunicación,VERB,13390
comunicar,PRON,13389
con,NOUN,18267
con ansiedad,ADJ,12398
con enfado,ADJ,12377
con respecto a,NOUN,12324
concepción,VERB,13395
conciencia,VERB,13401
concierto,VERB,23452
concordia,VERB,14680
concurso,VERB,16451
concurso de saltos,VERB,22096
condado,VERB,16423
condenar,PRON,23202
condensación,VERB,23839
condensar,PRON,23840
condimento,VERB,14198
conducir,PRON,13883
conducto deferente,VERB,18001
conductor,PREP,13884
conductor de autobús,PREP,13091
conductor de taxi,PREP,17510
conductor eléctrico,VERB,25288
condón,VERB,13398
conectar,PRON,14154
conejo,VERB,16448
conexión,VERB,24627
conexión inalámbrica,VERB,24782
conferencia,VERB,15450
confesar,PRON,21099
confianza,VERB,17785
confiar,PRON,17784
confirmación,VERB,21110
conforme,ADJ,24808
conformidad,VERB,16721
congelado,ADJ,14925
congelador,VERB,23514
congelar,PRON,14397
conjurar,PRON,23453
cono,VERB,13400
conocer,PRON,15161
conocimiento,VERB,15162
conocimiento para con el fuego,VERB,25303
consagrar,PRON,21084
conseguir,PRON,14435
consejero,PREP,13421
consejo,VERB,12345
conserje,PREP,24683
conserva,VERB,14965
conservar,PRON,15143
consideración,VERB,24880
considerado,ADJ,13402
considerar,PRON,22374
consola de juegos,VERB,24659
consolar,PRON,13385
constelación de estrellas,VERB,22633
constipación,VERB,24070
constitución,VERB,24072
construcción,VERB,17445
construir,PRON,24877
consultor,PREP,13421
contable,PREP,24018
contagiosa,ADJ,24471
contar,PRON,13422
contenedor,VERB,13403
contener,PRON,14882
contento,ADJ,14676
contiene,PRON,25083
continente,VERB,22601
continuación,VERB,24881
continuamente,ADJ,24286
continuar,PRON,13404
continuo,ADJ,24285
contra,NOUN,12351
contrabajo,VERB,23849
contracción uterina,VERB,13405
contraseña,VERB,25032
contrastar,PRON,13406
contratiempo,VERB,23867
control,VERB,24428
control con la vista,VERB,23493
control de la natalidad,VERB,12844
control remoto,VERB,24730
controlador aéreo,PREP,25252
controlarse,PRON,13407
contusión,VERB,24419
convencer,PRON,21311
conversación,VERB,13689
conversar,PRON,13688
conversión,VERB,21321
convertidor,VERB,24653
convertir,PRON,21320
convertirse en,PRON,12648
copa,VERB,21282
copa de vino,VERB,21363
copia,VERB,13412
copiado,VERB,24934
copiadora,VERB,23456
copiar,PRON,16487
copo de nieve,VERB,17195
coraje,VERB,23460
coral,VERB,23457
corazón,VERB,14695
corbata,VERB,17730
cordero,VERB,15170
cordón umbilical,VERB,17965
corneta,VERB,14895
coro,PREP,13176
corona,VERB,22618
corral,VERB,24203
correa,VERB,17276
correcaminos,VERB,16679
correcto,ADJ,13416
correr,PRON,16699
corriente alterna,VERB,25256
corriente continua,VERB,25281
corriente eléctrica,VERB,25289
corrupción,VERB,24629
corsé,VERB,24030
cortar,PRON,13179
cortar y pegar,PRON,23465
corte,VERB,17213
corteza,VERB,22311
cortinas,VERB,13626
corto,ADJ,15401
corzo,VERB,23944
corán,VERB,21072
cosa,VERB,17717
cosa lineal,VERB,24180
cosa preciosa,VERB,25143
cosecha,VERB,14681
coser,PRON,16763
cosmonauta,PREP,12590
costa,VERB,12640
costar,PRON,24842
costilla,VERB,25487
costo,VERB,13417
costumbre,VERB,25072
costurera,PREP,23674
creación,VERB,13607
crear,PRON,13606
creativa,ADJ,13608
creativo,ADJ,13608
crecer,PRON,14649
creciente,VERB,13610
crecimiento,VERB,24905
creencia,VERB,12660
creer,PRON,12661
crema,VERB,13605
crema de fruta,VERB,23515
cremación,VERB,21285
cremar,PRON,21286
crepe,VERB,23603
creyente,PREP,20565
criatura,VERB,13609
criatura de agua,VERB,23706
crimen,VERB,25036
criminal,PREP,25037
criminalidad,VERB,25038
crin,VERB,24162
criquet,VERB,21808
cristal,VERB,13619
cristal de sal,VERB,16711
cristalería,VERB,14444
cristianismo,VERB,13613
cristiano,ADJ,13180
croar,PRON,24073
croquet,VERB,13612
croqueta de pescado,VERB,22127
crucero,VERB,22082
crudo,ADJ,16464
cruel,ADJ,15439
cruz,VERB,13613
cruzar,PRON,13614
cráneo,VERB,25492
cráter,VERB,24631
crédito,VERB,24632
cría de animal,VERB,24408
cuaderno,VERB,15734
cuaderno de ejercicios,VERB,18276
cuadrado,VERB,17242
cuadriculado,ADJ,24055
cuadro,VERB,16172
cualquier,NOUN,12321
cualquier cosa,NOUN,12400
cualquier día,VERB,23021
cualquiera,NOUN,12321
cuando,ADJ,14115
cuaresma,VERB,24178
cuarto,NOUN,24932
cuarto de baño,VERB,12637
cuarto de hora,VERB,23185
cuarto de juego,VERB,16203
cuarto de monturas,VERB,24301
cuatro,NOUN,8500
cubierta,VERB,22061
cubierto con semillas de sésamo,VERB,17495
cubiertos,VERB,13630
cubo,VERB,12886
cubo de basura,VERB,14421
cubrir,PRON,16419
cuchara,VERB,17233
cuchara de medir,VERB,22568
cuchara de servir,VERB,22570
cuchara mezcladora,VERB,22572
cucharita de te,VERB,22569
cucharón,VERB,22573
cucheta,VERB,24610
cuchillo,VERB,15159
cuello,VERB,15699
cuenta,VERB,12330
cuentakilómetros,VERB,23161
cuento,VERB,17272
cuerda,VERB,17276
cuerno,VERB,23876
cuernos,VERB,14896
cuero,VERB,12387
cuerpo,VERB,12870
cuerpo de conocimiento,VERB,16735
cuervo,VERB,12851
cuestión,VERB,16445
cueva,VERB,13137
cuidado infantil,VERB,24057
cuidadoso,ADJ,13123
culpa,VERB,14652
culpable,ADJ,14653
cultivar,PRON,16459
cultura,VERB,21608
cumpleaños,VERB,12846
cuna portátil,VERB,13126
cuneta,VERB,23103
cuota,VERB,24109
curar,PRON,24077
curiosidad,VERB,25039
curioso,ADJ,25040
curling,VERB,21879
curry,VERB,22327
curva,VERB,13627
cuyo,NOUN,18246
cuál,NOUN,18238
cuándo,NOUN,18235
cuánto,NOUN,14908
cuña,VERB,24717
cáliz,VERB,21364
cámara,VERB,13111
cáncer,VERB,22640
cánido,VERB,12380
cánula,VERB,25437
cáscara,VERB,15988
célula,VERB,21540
céntimo,VERB,13143
cérvido,VERB,12381
césped,VERB,15180
círculo,VERB,13347
cítara,VERB,23806
cítara diatónica,VERB,23806
código,VERB,25032
cómo,NOUN,14906
cómoda,VERB,13162
cómodo,ADJ,13386
cónyuge,PREP,17237
danzaterapia,VERB,24078
danés,VERB,25283
dar,PRON,14440
dar clase,PRON,23565
dar respiración artificial,PRON,12585
dar una conferencia,PRON,23565
dardo,VERB,21850
dardos,VERB,21853
darse un gusto,VERB,17774
datos,VERB,23467
dañar,PRON,14913
de,NOUN,12324
de acuerdo,ADJ,24808
de aspecto similar,OTHER,16985
de manera que,NOUN,17708
de manera segura,ADJ,16704
de medicina,ADJ,15446
de nada,OTHER,18466
de nuevo,NOUN,12350
de quién,NOUN,18248
de repente,ADJ,17452
de uno,PREP,14716
debajo de,NOUN,17969
debate,VERB,13689
debatir,PRON,13688
debe,PRON,24264
deber,PRON,15685
debilidad,VERB,16167
decidir,PRON,13648
decir,PRON,16728
decisión,VERB,13649
declaración,VERB,23221
decoración,VERB,13650
dedicado,ADJ,24082
dedo,VERB,14180
dedo del pie,VERB,17745
defecación,VERB,12884
defecar,PRON,15668
defender,PRON,23013
defensa,VERB,23056
defensor,PREP,23012
deflación,VERB,23064
dejadnos,PRON,15197
dejar,PRON,15196
dejar caer,PRON,24686
del norte,ADJ,15731
del sur,ADJ,17220
delantal,VERB,12411
delante,NOUN,12656
deletrear,PRON,23665
deletrear con las manos,PRON,23507
deletreo con las manos,VERB,23506
delfín,VERB,13864
delgado,ADJ,17716
delicioso,ADJ,22352
delineador,VERB,15164
demandar,PRON,21336
demasiado,ADJ,17754
deme más tiempo,NOUN,24664
democracia,VERB,24080
dentista,PREP,13656
dentífrico,VERB,17757
dependencia,VERB,24429
dependencia a las drogas,VERB,24436
dependencia negativa,VERB,24491
dependiente,ADJ,24637
deporte,VERB,17234
deporte en trineo,VERB,21870
deportes acuáticos,VERB,21626
deportes aéreos,VERB,21796
deportes de contacto,VERB,21627
deportes de estrategia,VERB,21799
deportes de invierno,VERB,21630
deportes de mesa,VERB,21800
deportes de montaña,VERB,21795
deportes de motor,VERB,21794
deportes de tiro,VERB,21797
deportes ecuestres,VERB,21629
deportes en botes,VERB,21801
deportes náuticos a motor,VERB,22052
depresión,VERB,13659
deprimente,ADJ,24827
derecho,ADJ,16673
deriva continental,VERB,22621
derrame,VERB,24894
derretir,PRON,17699
derrochar,PRON,24758
desafío,VERB,24052
desagradable,ADJ,22354
desagradar,PRON,13692
desaparecer,PRON,21081
desaparición,VERB,21080
desarrollar,PRON,13666
desarrollo,VERB,13667
desastre,VERB,23846
desastre nuclear,VERB,15739
desayuno,VERB,12898
desbocarse,PRON,24035
descansar,PRON,16496
descanso,VERB,16495
descanso de las cuatro en punto,VERB,14393
descendencia,PREP,15912
descender,PRON,13660
descenso,VERB,22110
descongelar,PRON,17699
desconocido,PREP,17275
describir,PRON,13661
descuento,VERB,23068
desde,NOUN,14403
deseable,ADJ,13662
desear,PRON,18035
desembarcar,PRON,23478
desempleo,VERB,17975
desenjaezar,PRON,24323
deseo,VERB,24833
deseo sexual,VERB,16765
deseosos,ADJ,23860
desgastado,ADJ,25221
deshacer,PRON,23700
desierto,VERB,21350
desinfectante,VERB,25047
desinflar,PRON,25044
desmontar,PRON,23471
desodorante,VERB,13657
desordenado,ADJ,25365
desparramar,PRON,21058
despedida,OTHER,14454
despedido,ADJ,25160
despedir,PRON,25159
despegar,PRON,25186
despegue,VERB,17499
despensa,VERB,17270
desperdicios,VERB,18043
despertar,PRON,23703
despertarse,PRON,23703
despido,VERB,25161
despierto,ADJ,12601
despilfarro,VERB,24757
desplegar,PRON,17976
despreciar,PRON,23845
después,NOUN,12348
destellar,PRON,17960
destornillador,VERB,16740
destreza,VERB,22097
destrucción,VERB,24883
destruido,ADJ,24968
destruir,PRON,13665
desvelado,ADJ,25412
detective,PREP,25045
detener,PRON,17268
detergente,VERB,17200
detestar,PRON,23845
detonación,VERB,14132
detonar,PRON,14131
detrás,NOUN,12348
devoción,VERB,24084
devolver,PRON,16500
dhoti,VERB,13668
diablo,PREP,20568
diafragma,VERB,13671
diamante,VERB,13669
diapasón,VERB,23975
diario,VERB,15713
diarrea,VERB,24085
dibujar,PRON,13873
dibujos animados,VERB,23435
diciembre,VERB,13647
dientes,VERB,17517
dieta,VERB,13673
diferencia,NOUN,13675
diferente,NOUN,13675
dificultad,VERB,24884
difícil,ADJ,13676
digerir,PRON,13678
digestión,VERB,13679
digital,ADJ,23474
dinamarca,VERB,13654
dinero,VERB,15484
dinero de manera habitual,VERB,24489
dinosaurio,VERB,13681
dios,PREP,14451
dios hijo,PREP,23099
dios nórdico,PREP,22649
dios padre,PREP,23098
dirección,VERB,13682
dirección de e-mail,VERB,23486
director,PREP,13399
dirigir,PRON,15181
dirscurso,VERB,25174
discapacidad,VERB,13684
discapacitado,ADJ,15457
discapacitado auditivo,ADJ,14694
discapacitado del habla,ADJ,17225
discapacitado visual,ADJ,18019
disco,VERB,13685
disco compacto,VERB,16470
disco duro externo,VERB,24654
discoteca,VERB,13686
disculpar,PRON,14388
disculparse,PRON,12404
disculpe,OTHER,17214
discurso,VERB,24756
discusiones,VERB,12414
discusión,VERB,13689
discutir,PRON,12413
diseminación,VERB,24887
diseminar,PRON,21058
diseñador,PREP,23469
diseñador de jardines,PREP,23561
diseñador de moda,PREP,23496
diseñar,PRON,16195
diseño de jardines,VERB,23560
disfraz,VERB,13418
disfrazarse,PRON,13878
disfrutar,PRON,13938
disminuir,PRON,13651
disparar,PRON,23662
disparate,OTHER,15727
disparates,VERB,15726
dispersar,PRON,17239
dispersión,VERB,24887
disponer,PRON,16244
dispositivo,VERB,12355
dispositivo de almacenamiento digital,VERB,24641
dispositivo digital,VERB,24638
dispositivo intrauterino,VERB,14963
dispositivo señalador,VERB,23593
dispuestos,ADJ,23860
disputar,PRON,12413
disputas,VERB,12414
distancia,VERB,23071
distante,ADJ,14150
distrito,VERB,23847
diu,VERB,14963
diversión,VERB,14675
divertir,PRON,12372
dividido,ADJ,24888
dividir,PRON,13694
divino,ADJ,21041
división,VERB,13857
divorciarse,PRON,13859
divorcio,VERB,13858
doblar,PRON,14375
doctor,PREP,13861
documento,VERB,23479
documento digital,VERB,24643
dolor,VERB,12331
doloroso,ADJ,15955
doma,VERB,22097
domingo,VERB,17464
dominó,VERB,24432
doméstico,ADJ,24086
dona,VERB,22124
donde,NOUN,18236
dormido,ADJ,12589
dormir,PRON,17009
dormirse,PRON,23495
dormitorio,VERB,12650
dos,NOUN,8498
drama,VERB,23480
dreidel,VERB,17759
drenar,PRON,13872
droga,VERB,25446
droga psicotrópica,VERB,24488
droguería,VERB,23072
dromedario,VERB,13885
ducha,VERB,16968
duchar,PRON,16969
ducharse,PRON,16969
duda,VERB,22911
dudar,PRON,13868
duende,PREP,23525
duende que cuida la casa,PREP,23422
dulce,ADJ,17477
dulces,VERB,17479
dulzura,VERB,24946
dumpling,VERB,22128
duplicación,VERB,24934
duplicado,VERB,13412
durante,NOUN,13892
durga,PREP,13891
duro,ADJ,14679
dvd,VERB,24645
dátil,VERB,13637
débil,ADJ,18213
década,VERB,13646
día,VERB,13639
día antes de vacaciones,VERB,25445
día de ayuno,VERB,14153
día de año nuevo,VERB,15711
día de descanso,VERB,16700
día de jerusalén,VERB,14968
día de la ascención,VERB,24014
día de la familia,VERB,24103
día de la independencia,VERB,14937
día de la madre,VERB,24195
día de san valentín,VERB,17998
día de trabajo,VERB,25509
día del niño,VERB,24059
día del padre,VERB,24108
día del recuerdo,VERB,16486
día nacional,VERB,25345
día y noche,VERB,23054
dígitos,NOUN,23476
dólar,VERB,13863
dónde,NOUN,18237
e-mail,VERB,23485
ebrio,ADJ,13886
echar anclas,PRON,24644
echar de menos,PRON,15478
echar vapor,PRON,17256
eclipse lunar,VERB,24690
eclipse solar,VERB,24755
economista,PREP,21561
economía,VERB,21543
ecuador,VERB,22598
edad de bronce,VERB,23036
edad de hierro,VERB,23123
edad de piedra,VERB,23222
edificio,VERB,14905
edificio de dos plantas,VERB,23243
edificio de una planta,VERB,23163
edificio de varias plantas,VERB,23153
edredón,VERB,12854
educación,VERB,13908
educación conductiva,VERB,24068
educador,PREP,23675
eeuu,VERB,24776
efecto,VERB,13910
egipto,VERB,25286
ego,PREP,16752
egocéntrico,ADJ,16755
egoísmo,VERB,24937
egoísta,ADJ,16755
ególatra,ADJ,16755
eje de la tierra,VERB,24605
ejecutivos,VERB,24611
ejemplo,VERB,17978
ejercitar,PRON,16235
ejército,VERB,24967
el,NOUN,17700
el año pasado,VERB,15176
el comercio,VERB,13093
el groke,PREP,25190
el islam,VERB,21029
el mejor,ADJ,12667
el mes pasado,VERB,24835
el más largo,ADJ,15393
el uno al otro,NOUN,25052
elección,VERB,13175
elector,PREP,24092
electorado,PREP,24093
electricidad,VERB,13918
electroimán,VERB,25292
elefante,VERB,13923
elegir,PRON,13178
elemento de limpieza,VERB,22397
elevador,VERB,13924
elfo,PREP,23483
eliminación,VERB,24883
eliminado,ADJ,24968
eliminar,PRON,13665
elipse,VERB,15946
ella,PREP,14688
ellas,PREP,17714
ellos,NOUN,17712
elul,VERB,13925
eléctrico,ADJ,13917
elíptico,ADJ,24924
embarazada,ADJ,16241
embarazo,VERB,16240
embarazoso,ADJ,13927
embarcación fluvial,VERB,22072
embarcar,PRON,23487
embarrilado,VERB,25393
embarrilar,PRON,25386
embrión,VERB,13929
embudo,VERB,22574
emergencia,VERB,13930
emisión nocturna,VERB,15724
emocionado,ADJ,23868
emocionante,ADJ,25192
emoción,VERB,14164
emparedado sin tapa,VERB,23196
empatía,VERB,13931
empleado,PREP,13359
empleados,PREP,17246
empleo,VERB,18273
empobrecer,PRON,21307
empujando,VERB,24825
empujar,PRON,16439
empujón,VERB,24825
en,NOUN,12591
en algún lugar,NOUN,12402
en algún momento,NOUN,12401
en compañía de,NOUN,12364
en cualquier lugar,NOUN,12402
en cualquier momento,NOUN,12401
en destino,ADJ,24017
en ninguna parte,NOUN,15737
en peligro de extinción,ADJ,24094
en punto,VERB,14904
en relación con,NOUN,12324
en tierra,ADJ,23404
en vinagre,ADJ,22350
enagua,VERB,17012
enamorado,ADJ,24815
enanos,PREP,23481
encantador,ADJ,24054
encanto,VERB,24053
encender,PRON,24300
enceradora,VERB,22390
encerrar,PRON,13364
enchufar,PRON,24710
enchufe,VERB,16207
encima,NOUN,15948
encolar,PRON,14448
encontrar,PRON,14179
encontrarse,PRON,15449
encuentro sexual,VERB,16931
endulzante,VERB,17453
energia del petróleo,VERB,25128
energía,VERB,13936
energía de las olas,VERB,25212
energía eolica,VERB,25220
energía geotérmica,VERB,25069
energía hidroeléctrica,VERB,25087
energía nuclear,VERB,15738
energía solar,VERB,25172
enero,VERB,14966
enfadado,ADJ,12377
enfermedad,VERB,16164
enfermedad de la piel,VERB,24266
enfermedad estomacal,VERB,24289
enfermedad mental,VERB,24482
enfermedad respiratoria,VERB,24734
enfermedad venérea,VERB,24333
enfermera,PREP,15905
enfermo,ADJ,16973
enfoque,VERB,12407
enganchar,PRON,24152
enjaezar,PRON,24146
enojado,ADJ,12377
enorme,ADJ,21352
enrollar,PRON,25398
ensalada,VERB,16709
ensalada de frutas,VERB,22142
ensalada de mariscos,VERB,22305
ensalada de pasta,VERB,22306
ensayar,PRON,16235
ensayo,VERB,23242
enseñar,PRON,17512
entender,PRON,17973
enterrar,PRON,12926
entierro,VERB,20579
entonces,NOUN,12352
entrada,VERB,22118
entrar,PRON,13940
entre,NOUN,12669
entreabierto,ADJ,25009
entrepierna,VERB,13615
entretejer,PRON,18215
entretener,PRON,12372
entrevista,VERB,21372
entrevistador,PREP,21374
entrevistar,PRON,21373
entusiasmo,VERB,24804
enviar,PRON,16759
enviar un fax,PRON,23498
envidioso,ADJ,13941
envoltura,VERB,16954
epifanía,VERB,24095
equipaje,VERB,12618
equipo,PREP,17514
equipo de fútbol,VERB,24450
equitación terapéutica,VERB,24310
equitativo,ADJ,23081
equivocado,ADJ,14935
erección,VERB,13944
eris,VERB,24440
erizo,VERB,14699
erizo de mar,VERB,23656
error,VERB,15479
eructar,PRON,12925
erupcionar,PRON,24651
erupción,VERB,24652
escala,VERB,24612
escalada,VERB,22111
escalera,VERB,15166
escaleras,VERB,17247
escaleras mecánicas,VERB,24096
escalones,VERB,17247
escalón,VERB,24761
escapar,PRON,25056
escape,VERB,25055
escarabajo,VERB,12655
escarbacascos,VERB,24156
escayola,VERB,13129
escenario,VERB,24214
esclavitud,VERB,25132
escoba,VERB,12908
escocia,VERB,22614
esconder,PRON,25077
escondite,VERB,25079
escorpio,VERB,22644
escorpión,VERB,16738
escribir,PRON,18285
escritor,PREP,23716
escritorio,VERB,13663
escritura,VERB,23253
escritura a mano,VERB,23107
escroto,VERB,16741
escuchar,PRON,14692
escuela,VERB,16734
escuela de monta,VERB,24246
escuela de primaria,VERB,23076
escupir,PRON,17231
escurreplatos,VERB,24431
escápula,VERB,25491
ese,NOUN,17697
esgrima,VERB,21837
eso,NOUN,14960
espacio,VERB,16193
espada,VERB,15159
espagueti,VERB,17222
espalda,VERB,12609
esparcir cenizas,PRON,21118
espasmo,VERB,24275
españa,VERB,25376
español,VERB,25377
especial,ADJ,17223
específico,ADJ,17224
espejo,VERB,20527
espera,VERB,24832
esperando,VERB,24832
esperanza,VERB,23534
esperanza cristiana,VERB,21303
esperanzado,ADJ,23535
esperar,PRON,14127
esperma,VERB,17226
espermicida,VERB,17227
espina de pescado,VERB,25305
espinilla,VERB,16180
espionaje,VERB,25057
espiral,VERB,17230
esponja,VERB,12325
esposa,PREP,18251
esposo,PREP,17237
espuma,VERB,23875
espuma de afeitar,VERB,16947
espárragos,VERB,24015
espía,PREP,25175
espíritu,VERB,21044
espíritu santo,PREP,23114
esqueleto,VERB,16998
esquina,VERB,13414
esquí,VERB,20597
esquí acuático,VERB,21883
esquí alpino,VERB,21864
esquí de fondo,VERB,21865
esquí libre,VERB,21867
esquís,VERB,17003
esta,NOUN,17720
esta noche,VERB,17753
esta semana,VERB,17721
establo,VERB,12630
estacionar,PRON,23913
estación,VERB,24284
estación de autobuses,VERB,24040
estación de metro,VERB,24322
estación de trenes,VERB,24314
estado,VERB,13423
estado de alerta,VERB,24949
estado de la mente,VERB,25379
estampilla,VERB,16980
estante,VERB,16953
estar,PRON,12639
estar a dieta,PRON,13674
estar de acuerdo,PRON,12353
estar resentido,PRON,16490
estaré,PRON,24261
estaño,VERB,23239
este,VERB,13902
este año,VERB,17722
este mes,VERB,24948
estera,VERB,25410
esterilización,VERB,17262
esternón,VERB,25435
estimar,PRON,14651
estirar,PRON,24291
estofado,VERB,23668
estoma,VERB,25497
estonia,VERB,24097
estonio,VERB,25295
estornudar,PRON,17191
estos,NOUN,17711
estrangular,PRON,13177
estrecho,ADJ,15693
estrella,VERB,17252
estrella de david,VERB,17251
estrella de mar,VERB,17253
estrellarse,PRON,13436
estrellón,VERB,13440
estresado,ADJ,23957
estresar,PRON,24943
estreñimiento,VERB,24070
estribo,VERB,24287
estribor,VERB,24760
estructura,VERB,17445
estrés,VERB,24942
estudiante,PREP,17446
estudiar,PRON,24294
estudio de radio,VERB,24774
estudio de tv,VERB,24774
estudio en casa,VERB,23533
estufa,VERB,17273
estufa de camping,VERB,25272
estupendo,OTHER,18282
está bien,ADJ,14463
estéril,ADJ,14939
estómago,VERB,17265
estúpido,ADJ,17447
esófago,VERB,25479
etanol,VERB,25010
eternidad,VERB,24892
eterno,ADJ,21332
etiqueta,VERB,15691
etrog,VERB,13946
euro,VERB,21541
europa,VERB,22606
eva,PREP,21064
evacuación,VERB,24891
evaluación,VERB,13949
evaluar,PRON,13947
evangelio,VERB,21076
evangelizar,PRON,21346
evento,VERB,14114
evento cristiano,VERB,21100
evento multideporte,VERB,21857
evento religioso,VERB,21095
evento santo,VERB,21101
evidencia,VERB,23079
evidentemente,ADJ,14961
exactitud,VERB,21341
exacto,ADJ,13416
examen,VERB,17528
examen médico,VERB,24480
examinar,PRON,24442
excelencia,VERB,21342
excelente,ADJ,21343
excepto,NOUN,13094
excitación sexual,VERB,16929
excluir,PRON,14121
excremento de animal,VERB,24009
excremento de caballo,VERB,24160
excursión,VERB,15945
excusa,VERB,14122
excusar,PRON,14123
exhausto,ADJ,17735
exhibicionismo,VERB,14125
existencia,VERB,24098
existir,PRON,12639
expectativa,VERB,14128
expedición salvaje,VERB,25162
experimentar,PRON,24099
experimento,VERB,24893
explicar,PRON,14130
exploración,VERB,25371
explorador,PREP,25059
explorar,PRON,25058
explosivo,VERB,24036
explosión,VERB,14132
explotado,ADJ,24100
explotar,PRON,14131
exponerse de manera indecente,PRON,24843
exportación,VERB,23489
exportado,ADJ,23492
exportar,PRON,23490
exposición indecente,VERB,14125
expresar,PRON,16728
extasiado,ADJ,14119
exterior,NOUN,15942
externo,NOUN,15942
extintor de incendios,VERB,25301
extranjero,ADJ,24118
extraño,ADJ,17274
eyaculación,VERB,13915
fabricante,PREP,15412
fabricar,PRON,15410
facebook,VERB,25375
facilidad,VERB,24890
factura,VERB,24681
fagot,VERB,23812
faja,VERB,12664
falafel,VERB,14141
falda,VERB,17002
familia,PREP,14144
familia monoparental,PREP,21093
familia real,VERB,24251
fantasma,PREP,14436
fantasía,VERB,24895
fantástico,ADJ,24829
fanático,ADJ,24105
fanático del bliss,PREP,24027
fanático del deporte,PREP,24280
fanático religioso,PREP,24234
fanáticos,PREP,25183
farfalle,VERB,22131
farmacia,VERB,23072
farmacéutico,PREP,23611
faro,VERB,23143
fatal,ADJ,25061
favorito,ADJ,14158
fax,VERB,23497
febrero,VERB,14161
fecundado,ADJ,24110
felicidad,VERB,14675
felicitaciones,OTHER,15487
felicitar,PRON,15437
felino  félido,VERB,12383
feliz,ADJ,14676
femenino,ADJ,14165
feo,ADJ,17964
feriado,VERB,14884
fertilización,VERB,13395
fertilizante,VERB,24185
festival,VERB,15973
feto,VERB,14170
fichero de datos,VERB,23500
fidelidad,VERB,14172
fideo de arroz,VERB,22136
fiebre,VERB,24112
fiesta,VERB,15973
filete,VERB,25157
filosofía,VERB,23614
filosofía de la religión,VERB,23681
filtrar,PRON,13872
filósofo,PREP,23612
fin de año,VERB,25448
fin de semana,VERB,18218
final,VERB,13935
finalmente,ADJ,14178
fines,VERB,25300
finlandia,VERB,14182
finlandés,VERB,25299
fiordo,VERB,22613
firma,VERB,16979
firme,ADJ,20530
fiscal,PREP,23176
fisgón,ADJ,25125
fisioterapeuta,PREP,21592
fisioterapia,VERB,24211
flatulencia,VERB,25060
flauta,VERB,23871
flauta dulce,VERB,23937
flauta tin whistle,VERB,23920
flauta travesera,VERB,23872
flautín,VERB,23938
flecha,VERB,15476
fletar,PRON,24733
flor,VERB,14205
flor acuática,VERB,24778
flor seca,VERB,24116
flor silvestre,VERB,14370
florero,VERB,21282
florista,VERB,23088
flotar,PRON,14200
fluido,VERB,18209
fluido corporal,VERB,24031
flujo menstrual,VERB,24189
fogata,VERB,12874
folk,VERB,21609
fondo,VERB,12881
forma,VERB,16940
forma ovalada,VERB,23599
fortaleza,VERB,24119
forzados,ADJ,14383
fotocopiadora,VERB,23456
fotografía,VERB,16169
fracasar,PRON,24444
fracaso,VERB,24445
fractura,VERB,24852
fracturar,PRON,12896
fragancia,VERB,15997
frambuesa,VERB,16463
francia,VERB,25063
francés,VERB,25309
franja,VERB,15214
frasco,VERB,12880
frase,VERB,16760
frecuencia,VERB,25310
frecuentemente,ADJ,15913
fregadero,VERB,24511
freidora,VERB,22585
frenar,PRON,24850
freno,VERB,23821
frente,VERB,14384
frente a,NOUN,12656
fresa,VERB,17278
fresas silvestres,VERB,24336
fresco,ADJ,13410
frey,PREP,22818
freya,PREP,22819
freír,PRON,13653
frigg,PREP,22651
frito,ADJ,22351
frotar,PRON,16695
frustración,VERB,14410
frustrado,ADJ,14408
frustrante,ADJ,14409
fruta,VERB,14405
fruta cítrica,VERB,15933
fruta seca,VERB,24121
frágil,ADJ,12897
frío,ADJ,13375
fuego,VERB,14183
fuegos artificiales,VERB,24655
fuente,VERB,24900
fuera de,NOUN,15943
fuerte,ADJ,15397
fuerza aérea,PREP,25250
fuerza policial,PREP,14146
fuerzas armadas,VERB,12579
fumar,PRON,17185
funcional,ADJ,23518
funcionamiento,VERB,21839
funcionar,PRON,23517
función,VERB,23516
funda de almohada,VERB,16178
funda de ordenador,VERB,23448
fundamental,ADJ,24122
fundamentalismo,VERB,24125
fundamentalista,PREP,24127
funeral,VERB,20577
furgoneta,VERB,18000
fuselaje,VERB,25314
fusible,VERB,25313
fusil,VERB,16510
futuro,VERB,14417
fábrica,VERB,14140
fácil,ADJ,13905
fé cristiana,VERB,21302
fértil,ADJ,14168
férula,VERB,24279
férula de mano,VERB,24142
férula de muñeca,VERB,24340
férula de tobillo,VERB,24010
férula para codo,VERB,24091
física,VERB,21556
físico,PREP,24928
fórmula 1,VERB,21830
fútbol,VERB,14380
gacela,VERB,22616
gachas de avena,VERB,23621
gafas,VERB,14443
gaita,VERB,23807
galaxia,VERB,24451
galería,VERB,12620
galería de arte,VERB,12582
galleta,VERB,13409
gallito,VERB,23043
gallo joven,VERB,23043
galopar,PRON,24129
galope,VERB,24901
ganancia,VERB,12339
ganar,PRON,12338
gancho,VERB,14891
ganesh,PREP,14419
ganglio linfático,VERB,25467
ganso,VERB,14458
garaje,VERB,14420
garra,VERB,13354
garrapata,VERB,15480
gas,VERB,14424
gasolina,VERB,14412
gastar,PRON,15979
gastar de más,PRON,24707
gastroenteritis,VERB,24288
gatito,VERB,15156
gato,VERB,12383
gaviota,VERB,14654
gemelos,PREP,23978
general,ADJ,24131
generalización,VERB,14430
generalmente,ADJ,17992
generalmente hacer,VERB,25208
genitales,VERB,14431
genitales femeninos,VERB,14432
genitales masculinos,VERB,14433
genocidio,VERB,21612
geografía,VERB,23093
geología,VERB,21550
gerbo,VERB,14434
gerente,PREP,15418
geógrafo,PREP,24902
geólogo,PREP,21567
gigante,PREP,23521
gigantesco,ADJ,21354
gimnasia,VERB,21798
gimnasio,VERB,14656
ginecólogo,PREP,21580
girar,PRON,16690
girasol,VERB,24297
glaciar,VERB,24133
globo,VERB,12622
glándula,VERB,25452
glándula salivaria,VERB,25489
gnomos,PREP,23481
go-kart,VERB,21831
gobernar,PRON,14461
gobierno,VERB,14462
gofre,VERB,22126
gol,VERB,14450
goleta,VERB,22073
golf,VERB,14453
golpe,VERB,25034
golpe de estado,VERB,25035
golpeado,ADJ,24421
golpear,PRON,14717
gong,VERB,23878
gongs,VERB,23814
gordo,ADJ,14156
gorila,VERB,15485
gorjear,PRON,24060
gorra,VERB,14682
gps,VERB,24660
grabadora de cinta,VERB,17505
gracia,VERB,21040
gracias,OTHER,17533
gracioso,ADJ,14414
gran experiencia,VERB,14640
grande,ADJ,12835
grandes almacenes,VERB,23067
granero,VERB,12630
granizo,VERB,14659
granja,VERB,14151
grano,VERB,12642
grano seco,VERB,24021
gravedad,VERB,25070
grecia,VERB,25071
grieta,VERB,24630
grifo,VERB,24516
gripe,VERB,24117
gris,NOUN,14639
gritar,PRON,13618
grueso,ADJ,14156
grumoso,ADJ,22363
grupo,PREP,14646
grupo de,VERB,14647
grupo musical,PREP,15680
gruñir,PRON,24139
grúa,VERB,13434
guante,VERB,14446
guante de deporte,VERB,14445
guantes de plástico,VERB,22597
guapo,ADJ,12645
guardado,ADJ,24223
guardar,PRON,12612
guardar como,PRON,23649
guardarropa,VERB,24063
guardería,VERB,13640
guardia de reserva militar,VERB,15467
guardian,PREP,25167
guerra,VERB,18036
guiar,PRON,15181
guisante,VERB,15987
guitarra,VERB,23879
guitarra baja,VERB,23811
gusano,VERB,18279
gustar,PRON,15210
guía,PREP,15182
géiser,VERB,24830
géminis,VERB,22655
género,VERB,14428
género masculino,VERB,12335
habichuela,VERB,17442
habichuela seca,VERB,13880
habilidad,VERB,12322
habitación,VERB,16687
habitación de huéspedes,VERB,24465
habitación de los niños,VERB,24841
habitualmente hacer,VERB,25208
hablar,PRON,16728
hace,NOUN,12352
hacer,PRON,13860
hacer caca,PRON,15668
hacer creer,ADJ,15411
hacer ejercicio,PRON,14124
hacer el signo de la cruz,PRON,24183
hacer fuego,PRON,25341
hacer ganchillo,PRON,13611
hacer la cama,PRON,23575
hacer pis,PRON,17989
hacer puré,PRON,15427
hacer un discurso,PRON,25112
hacer un golpe de estado,PRON,25081
hacer un piercing,PRON,25482
hacer una fogata,PRON,25341
hacia,NOUN,17739
hacia abajo,NOUN,13869
hacia abajo y hacia adelante,NOUN,13871
hacia abajo y hacia atrás,NOUN,13870
hacia atrás,NOUN,12613
hacia delante,NOUN,14390
hada,PREP,23494
hada de las flores,PREP,23510
hada madrina,PREP,23494
hagadá,VERB,14658
halcón,VERB,14686
halloween,VERB,14662
halterofilia,VERB,21859
halvah,VERB,14663
hamaca,VERB,24662
hambriento,ADJ,14912
hambruna,VERB,24283
hamburguesa,VERB,14664
hamburguesa de pescado,VERB,22120
hamentasch,VERB,14665
handball,VERB,14669
hangar,VERB,25317
harapos,VERB,25149
harina,VERB,14204
harina de arroz,VERB,22135
harina de maíz,VERB,13415
hasta,NOUN,17982
hattifatteners,PREP,25073
havdalá,VERB,14684
hebreo,VERB,23109
hecho,VERB,12334
hecho por el hombre,VERB,24803
helado,VERB,14920
helicóptero,VERB,14701
hematoma,VERB,24419
hemulen,PREP,25074
hendidura,VERB,24630
heno,VERB,24147
herida,VERB,17213
herir,PRON,14942
hermana,PREP,16994
hermana gemela,PREP,23977
hermano,PREP,12909
hermano gemelo,PREP,23976
hermoso,ADJ,12645
heroico,ADJ,23529
herrador,PREP,24107
herradura,VERB,24163
herramienta,VERB,17755
herrero,PREP,24107
hervir,PRON,12871
heterosexual,ADJ,24910
heterosexualidad,VERB,14709
hibernación,VERB,24150
hidroavión,VERB,22104
hidroterapeuta,PREP,21597
hidroterapia,VERB,24169
hielo,VERB,14919
hierba,VERB,14636
hierro,VERB,23122
hija,PREP,13638
hijo,PREP,17209
hilo dental,VERB,13655
himnario,VERB,21073
himno,VERB,21074
hincha,PREP,24083
hinchada,PREP,25183
hipersensibilidad,VERB,24407
hipo,VERB,25075
hipopótamo,VERB,14714
histerectomía,VERB,14915
historia,VERB,17272
historiador,PREP,21569
hobbit,PREP,23531
hocico,VERB,24196
hockey,VERB,14174
hockey sobre hielo,VERB,14922
hogar,VERB,14185
hogar adoptivo,VERB,23513
hoguera,VERB,12874
hoja,VERB,15183
hoja de cálculo,VERB,23715
hojas de arce,VERB,15422
hola,OTHER,14702
holanda,VERB,15708
holocausto,VERB,21612
hombre,ADJ,15414
hombre araña,PREP,25378
hombre lobo,PREP,25218
hombro,VERB,16964
home run,VERB,14886
homosexual,ADJ,24153
homosexual  gay,ADJ,24814
homosexual  lesbiana,ADJ,24813
homosexualidad,VERB,14887
hora,VERB,14904
horario,VERB,16733
horizontal,ADJ,23116
horizonte,VERB,14894
hormiga,VERB,12395
hormigón,VERB,13397
hornear,PRON,12619
horno,VERB,17273
horno microondas,VERB,15463
horrible,ADJ,21289
hortalizas,VERB,23710
hospedaje y comida,VERB,24876
hospedarse,PRON,23033
hospital,VERB,14899
hotel,VERB,14903
hoy,VERB,17744
hoyo,VERB,16188
huella,VERB,25308
huella dactilar,VERB,25298
huerto,VERB,15934
hueso,VERB,12873
huevo,VERB,13911
huevo duro,VERB,22137
huevo escalfado,VERB,22141
huevo fertilizado,VERB,13395
huevo frito,VERB,22138
huevo revuelto,VERB,22140
hugin y munin,VERB,22823
humedad,VERB,23886
humero,VERB,25457
humilde,ADJ,14910
hummus,VERB,14911
humo,VERB,17022
humor,VERB,15650
hungría,VERB,24165
huracán,VERB,23887
hurra,OTHER,25026
huésped,PREP,18018
hábito,VERB,25072
hámster,VERB,14434
hélice,VERB,25362
héroe,VERB,23528
hígado,VERB,25462
húmedo,ADJ,18226
iceberg,VERB,24171
icono,VERB,16172
idea,VERB,14926
idioma,VERB,15172
iglesia,VERB,13345
iglesia católica romana,VERB,21038
iglesia ortodoxa oriental,VERB,21030
igual,NOUN,16713
igualar,PRON,13943
ilegal,ADJ,23118
ilimitado,VERB,24915
iluminado,ADJ,24845
ilusión,VERB,24895
ilustración,VERB,25325
ilustrado,ADJ,25324
ilustrar,PRON,25323
imagen,VERB,16172
imaginación,VERB,24895
imaginario,ADJ,15411
impacto,VERB,24467
imperdonable,ADJ,21294
impermeable,VERB,16457
importación,VERB,23538
importado,ADJ,23541
importancia,VERB,24913
importante,ADJ,14930
importar,PRON,23539
impresión,VERB,25327
impresora,VERB,17962
imprimir,PRON,23624
impuesto,VERB,23230
imán,VERB,25338
incendio,VERB,14183
incertidumbre,VERB,22911
incesto,VERB,14933
incienso,VERB,21358
incierto,ADJ,22918
incinerable,ADJ,14195
incluir,PRON,14934
incorrecto,ADJ,14935
incómodo,ADJ,17968
indefinido,ADJ,14429
independiente,ADJ,24172
india,VERB,25090
indicador,OTHER,8993
indicar,PRON,16213
infecciosa,ADJ,24471
infección,VERB,24470
infección bacteriana,VERB,24410
infección viral,VERB,24523
infectado,ADJ,24469
infectar,PRON,24468
infelicidad,VERB,16703
infeliz,ADJ,16702
infierno,VERB,21062
infinito,ADJ,14940
inflación,VERB,23119
inflamable,ADJ,14195
inflar,PRON,25091
información,VERB,23542
infértil,ADJ,14939
ingeniero civil,PREP,23441
ingeniero eléctrico,PREP,23482
ingeniero mecánico,PREP,23588
inglaterra,VERB,22610
inglés,VERB,23077
ingrediente,VERB,22380
inhabitado,ADJ,21356
inhalador,VERB,25328
injusto,ADJ,23244
inmoral,ADJ,14929
inmortalidad,VERB,13945
inocencia,VERB,23120
inocente,ADJ,23121
inodoro,VERB,24770
insecto,VERB,14943
inseguro,ADJ,22918
inseminación artificial,VERB,12583
insertar,PRON,13940
insignia,VERB,12616
insomnio,VERB,25329
institución residencial,VERB,16492
instrucciones,VERB,14946
instrucción,VERB,14945
instructor,PREP,17513
instruir,PRON,17512
instrumento,VERB,17755
instrumento de arco y cuerdas,VERB,23820
instrumento de cuerda,VERB,23879
instrumento de lengüeta,VERB,23837
instrumento de metal,VERB,23823
instrumento de percusión,VERB,23921
instrumento de ritmo,VERB,23943
instrumento de viento,VERB,23981
instrumento de viento de madera,VERB,23985
instrumento musical,VERB,15681
instrumentos de vuelo,VERB,25306
insulina,VERB,25459
insípido,ADJ,22353
intelecto,VERB,15471
intelectual,ADJ,15456
inteligente,ADJ,17015
intensidad,NOUN,14947
intentar,PRON,17787
intercambiar,PRON,14118
interesante,ADJ,14948
interior,NOUN,14932
internacional,ADJ,14949
internet,VERB,23543
interrogar,PRON,21333
interruptor,VERB,23569
intervalo,VERB,15212
interés,VERB,24916
intestino,VERB,25460
intestino delgado,VERB,25493
intestino grueso,VERB,25461
intestinos,VERB,12883
intimidad,VERB,14950
intranet,VERB,23545
intro,VERB,23488
introducir,PRON,23547
inundación,VERB,14201
inventar,PRON,14953
inventario,VERB,15220
invernadero,VERB,14643
investigación,VERB,23635
investigador,PREP,23652
investigar,PRON,24935
invierno,VERB,18261
invisible,ADJ,24173
invitación,VERB,25093
invitado,PREP,18018
inyección,VERB,14941
ipod,VERB,23903
ir,PRON,12343
ir a caballo,PRON,21835
ir a medio galope,PRON,24044
ir al mar,PRON,23524
ir en avión,PRON,21834
ir en bicicleta,PRON,21832
ir en coche,PRON,21833
ir hacia la costa,PRON,23523
irak,VERB,25097
irlanda,VERB,14954
irlandés,VERB,25331
irse,PRON,14449
irán,VERB,25330
isla,VERB,14958
islandes,VERB,25322
islandia,VERB,14923
israel,VERB,14959
italia,VERB,25098
italiano,VERB,25332
iyar,VERB,14964
izquierda,ADJ,15187
jabalina,VERB,21854
jabón,VERB,17200
jaca,VERB,24682
jaguar,VERB,24175
jalea,VERB,14965
jalá,VERB,13149
jamón,VERB,16223
janucá,VERB,13153
japón,VERB,25099
jarabe,VERB,22335
jardinero,PREP,23519
jardín,VERB,14422
jarra,VERB,16191
jarrón de cristal,VERB,22589
jaula,VERB,13105
jeans,VERB,15961
jefe,PREP,12878
jengibre,VERB,22318
jeringa,VERB,17491
jersey,VERB,13371
jeshvan,VERB,13160
jesucristo,PREP,14969
jesús,PREP,14969
jet,VERB,14970
jinete,PREP,22091
jinrikisha,VERB,16508
jirafa,VERB,14438
jockey,PREP,22092
jolgorio,VERB,21287
josé,PREP,21047
joven,PREP,13166
joya,VERB,14971
joyería,VERB,24826
joystick,VERB,23549
jubilación,VERB,25156
jubilado,ADJ,25155
judaísmo,VERB,21028
judo,VERB,20595
judía verde,VERB,17442
judío,ADJ,14972
juego,VERB,14418
juego con arena,VERB,23644
juego de agua,VERB,23707
juego de azar,VERB,24477
juego de cartas,VERB,23432
juego de computadora,VERB,23449
juego de construcción,VERB,23455
juego de kim,VERB,25343
juego de memoria,VERB,25343
juego de mesa,VERB,17492
juego de ordenador,VERB,23449
juego sexual,VERB,24259
juegos olímpicos,VERB,25130
jueves,VERB,17728
juez,PREP,23125
jugador,PREP,24454
jugar,PRON,16200
jugar al fútbol,PRON,16201
jugo de frutas,VERB,14406
jugo de uva,VERB,14633
jugoso,ADJ,22349
juguete,VERB,17763
juguete acuático,VERB,23708
juguete musical,VERB,23596
juguete para arena,VERB,23645
juguetería,VERB,23241
juicio,VERB,23242
julio,VERB,15137
jungla,VERB,21351
junio,VERB,15140
junta de directores,VERB,24611
junta de exploradores,VERB,25316
junto con,NOUN,12364
juntos,ADJ,17746
jurado,VERB,23129
jurídico,ADJ,23128
justicia,VERB,23130
justo,ADJ,23081
juzgar,PRON,23126
jáquimas,VERB,24038
júpiter,VERB,24473
kabbalat shabbat,NOUN,15141
kali,PREP,15142
kantele,VERB,23806
kart,VERB,21822
kayak,VERB,22077
kazajstán,VERB,23551
kebab,VERB,23889
ketchup,VERB,23552
kibutz,VERB,15145
kidush,VERB,15147
kipa,VERB,17004
kislev,VERB,15151
koala,VERB,15163
kohl,VERB,15164
la,NOUN,17700
la ley,VERB,23134
la semana pasada,VERB,15175
labios,VERB,15218
laca de pelo,VERB,23880
lacrosse,VERB,22102
lado,VERB,16974
lado superior,VERB,17758
ladrar,PRON,24020
ladrillo,VERB,12860
ladrón,PREP,23638
ladrón armado,PREP,25017
lag b'omer,VERB,15167
lagartija,VERB,12388
lago,VERB,15168
lakshmi,PREP,15169
lamentar,PRON,21296
lamentarse,PRON,16477
lana,VERB,18271
lancha,VERB,22072
lancha de motor,VERB,22074
langosta,VERB,23146
lanzamiento de jabalina,VERB,21851
lanzamiento de martillo,VERB,21848
lanzamiento de peso,VERB,21846
lanzar,PRON,17725
largo,ADJ,15229
largo de ondas,VERB,25391
lasaña,VERB,22133
lata,VERB,13115
lava,VERB,24684
lavable,ADJ,18039
lavado,VERB,16992
lavadora,VERB,18041
lavandería,VERB,15179
lavar,PRON,18038
lavar con champú,PRON,24262
lavar los platos,VERB,23705
lealtad,VERB,14172
lección,VERB,23567
lección de lectura,VERB,23188
lección deportiva,VERB,23218
leche,VERB,15468
lechero,PREP,15469
lechuga,VERB,15200
lechuza,VERB,15949
lectura,VERB,23187
lectura de mapas,VERB,25352
leer,PRON,16465
leer mapa,PRON,25350
legal,ADJ,23138
lego,VERB,23454
lejanía,VERB,24896
lejos,NOUN,12602
lengua,VERB,17752
lenguado,VERB,23083
lenguaje bliss,VERB,23031
lenguaje de signos,VERB,21538
lengüeta,VERB,23942
lentejuelas,VERB,25490
lento,ADJ,17014
leo,VERB,22641
leopardo,VERB,15194
leotardo,VERB,17264
lesionar,PRON,14942
letal,ADJ,25061
letras,VERB,12366
levantar,PRON,15207
levantarse,PRON,16676
ley,VERB,23127
ley fundamental,VERB,24123
leñador,PREP,23572
leño,VERB,17263
león,VERB,15217
león marino,VERB,23655
liberación,VERB,24179
libertad,VERB,14396
libido,VERB,16765
libra,VERB,22643
libra esterlina,VERB,16232
libre,ADJ,14395
libremente,ADJ,14395
librería,VERB,23034
libro,VERB,12875
libro de oraciones,VERB,16238
libro litúrgico,VERB,21075
libro santo,VERB,21068
licencia,VERB,17995
licor,VERB,12359
licuadora,VERB,22392
liderar,PRON,15181
liderazgo,VERB,22913
ligadura de trompas,VERB,17789
ligero,ADJ,25336
limitación,VERB,15213
limonada,VERB,15191
limpiar,PRON,13357
limpio,ADJ,13356
limón,VERB,15190
lineal,ADJ,15215
linfa,VERB,25466
lingüista,PREP,21572
lingüística,VERB,21557
lino,VERB,23084
linterna,VERB,14196
linóleo,VERB,14203
liso,ADJ,17186
lista,VERB,15220
lista de contenidos,VERB,25089
listo,ADJ,16466
litera,VERB,24610
llama,VERB,14194
llamar,PRON,22904
llamarse,PRON,24874
llave,VERB,23928
llegada,VERB,13935
llegar,PRON,13383
llenar,PRON,14176
lleno,ADJ,14413
llevar,PRON,13125
llevar al paso,PRON,24327
llevar puesto,PRON,13877
llorar,PRON,21296
llover,PRON,16456
lluvia,VERB,16455
lluvioso,ADJ,16458
lo,NOUN,14960
lo correcto,VERB,21341
lo siento,OTHER,17698
lobo,VERB,18268
logopeda,PREP,21590
logopedia,VERB,24276
lograr,PRON,24401
logro,VERB,24402
loki,PREP,22822
longitud,VERB,15193
loro,VERB,15970
los muertos,PREP,21314
lotería,VERB,23571
lucha,VERB,18283
luchar,PRON,14175
luego,NOUN,17705
lugar,VERB,16193
lugar de trabajo,VERB,23252
lulav,VERB,15404
luna,VERB,15651
lunes,VERB,15483
lungi,VERB,13668
lupa,VERB,24478
lustrar,PRON,18264
luz,VERB,15208
luz eléctrica,VERB,13919
lámpara,VERB,13919
lámpara de aceite,VERB,21362
lápida sepulcral,VERB,21284
lápiz,VERB,15991
lápiz de cejas,VERB,14135
lápiz de color,VERB,13604
lápiz labial,VERB,15219
líder,PREP,15182
líder religioso,PREP,21055
límites,VERB,15213
línea,VERB,15214
línea curva,VERB,13627
línea de vida,VERB,25335
líquido,VERB,18209
líquido celular,VERB,25440
macarrones,VERB,22130
machacar,PRON,17016
madera,VERB,18270
madrastra,PREP,17261
madre,PREP,15662
madre adoptiva,PREP,14391
madre soltera,PREP,21091
maduración,VERB,15433
maduro,ADJ,12342
maestro,PREP,17513
magdalena,VERB,22123
magma,VERB,24684
magnetismo,VERB,25340
magnitud,VERB,24875
mago,PREP,23574
mal,ADJ,14929
mal olor,VERB,24919
mal uso,VERB,24697
malestar,VERB,13687
maleta,VERB,12618
maletero,VERB,24613
maletín,VERB,23420
malo,ADJ,12615
maloliente,VERB,24919
malísimo,OTHER,17963
mameluco,VERB,12411
mami,PREP,15662
mamá,PREP,15662
mamífero,VERB,12384
manantial termal,VERB,22632
mancha,VERB,17236
manchado,ADJ,13683
mandamientos,VERB,13388
mandar por correo,PRON,15408
mandarina,VERB,17503
mando a distancia,VERB,24730
mandolina,VERB,23899
mango,VERB,15419
manguera,VERB,16187
manifestación,VERB,21078
manifestarse,PRON,23065
mano,VERB,14667
mano de obra,VERB,15165
manta,VERB,12854
manta para caballos,VERB,24159
mantel,VERB,17494
mantener,PRON,15143
mantequilla,VERB,13095
mantequilla de cacahuete,VERB,15985
manualidad,VERB,13431
manzana,VERB,12405
manzana urbana,VERB,23815
maná,VERB,21355
manómetro,VERB,23028
mapa,VERB,15421
mapa de símbolos,VERB,17489
mapache,VERB,16450
maquillaje,VERB,15413
mar,VERB,15909
mar agitado,VERB,24737
maracas,VERB,23900
marca,VERB,17236
marcar todo,PRON,23659
marea,VERB,22626
marea alta,VERB,22628
marea baja,VERB,22627
maremoto,VERB,22624
mareo,ADJ,24642
margarina,VERB,15424
marido,PREP,14914
marina de guerra,VERB,15696
marinero,PREP,16708
mariposa,VERB,13096
mariquita,VERB,25333
marisco,VERB,23204
marmota,VERB,14460
marrón,NOUN,12910
marsopa,VERB,13864
marsupial,VERB,12384
marsupio,VERB,12384
marte,VERB,24479
martes,VERB,17790
martillo,VERB,14666
marzo,VERB,15423
maría,PREP,21046
masa,VERB,22378
masaje,VERB,21606
masajear,PRON,16695
masajista,PREP,21602
mascota,VERB,16168
mascota de deporte,PREP,23666
masculino,PREP,15416
masticar,PRON,13163
masturbación,VERB,15429
matar asesinar,PRON,15148
matemática,VERB,23148
matemáticas,VERB,15432
matemático,PREP,21573
materia,VERB,23669
material,VERB,15431
material absorbente,VERB,12325
material de piedra,VERB,17266
material de vidrio,VERB,14441
material impermeable,VERB,25326
material permeable,VERB,25357
material textil,VERB,13365
matraca,VERB,23935
matrimonio,VERB,15425
matriz,VERB,24904
matzá,VERB,15434
maullar,PRON,24191
mausoleo,VERB,21117
mayo,VERB,15435
mayor que,NOUN,16480
maíz,VERB,13413
mañana,VERB,15655
mañana por la noche,VERB,17751
mecedora,VERB,16681
mecánico,PREP,23587
mecánico de coche,PREP,23429
media hora,VERB,23104
medianoche,VERB,23152
medicamento para la respiración,VERB,25342
medicina,VERB,15448
medida,VERB,15443
medida personal,VERB,25359
medidor,VERB,23092
medidor de agua,VERB,23246
medidor de electricidad,VERB,23075
medidor de gasolina,VERB,23090
medidor de lluvia,VERB,23186
medidor de luz,VERB,23142
medidor de señal,VERB,25372
medio,VERB,15464
medio ambiente,VERB,13942
mediodía,VERB,23157
medir,PRON,15442
meditar,PRON,21097
medusa,VERB,23124
megillah,VERB,15451
mejilla,VERB,13156
mejor que,ADJ,12668
mejora,VERB,24856
mejorar,PRON,14931
melocotón,VERB,15983
melocotón seco,VERB,24012
melodía,VERB,17953
melódica,VERB,23901
melón,VERB,15452
memoria,VERB,23589
memoria digital,VERB,23475
memoria usb,VERB,24694
memorial digital,VERB,24640
memorándum,VERB,24693
menopausia,VERB,15453
menorah,VERB,15454
menos,ADJ,15185
menos que,NOUN,16479
mensaje,VERB,24484
mensaje de texto,VERB,24509
mensajero,PREP,15199
menstruación,VERB,15455
mental,ADJ,15456
mente,VERB,15471
mentir,PRON,15204
mentira,VERB,15203
mercado,VERB,23147
mercurio,VERB,23149
merienda,VERB,20606
mermelada,VERB,14965
mes,VERB,15649
mes siguiente,VERB,24921
mesa,VERB,17493
mesa de trabajo,VERB,13663
mesera,PREP,24777
mesero,PREP,24777
mesías,PREP,21043
metal,VERB,15459
meteorología,VERB,21555
meteorólogo,PREP,21571
metro,VERB,24296
metrópoli,VERB,23151
metáfora,VERB,15460
metálica,VERB,24695
mezcla,VERB,22377
mezcladora,VERB,22392
mezclar,PRON,15481
mezquita,VERB,13345
mezuzá,VERB,15461
mi,PREP,15686
miau,PRON,24191
microorganismo,VERB,24486
microscopio,VERB,24487
micrófono,VERB,23902
miel,VERB,14889
miembro,PREP,24692
mientras tanto,NOUN,13892
milagro,VERB,21299
militar,VERB,12579
mina,VERB,15472
ministro,PREP,24192
minuto,VERB,15475
mirar,PRON,16747
mirlitón,VERB,23888
mirlo,VERB,12851
misal,VERB,21075
miserable,ADJ,15439
misericordia,VERB,21292
misionero,PREP,21060
mismo,NOUN,16713
mismo sonido,OTHER,16714
misterio,VERB,21297
misterioso,ADJ,21298
mitad,NOUN,24906
miércoles,VERB,18216
mjolnir,PREP,22654
mms,VERB,24699
mochila,VERB,12611
modista,PREP,23674
mohamed,PREP,21034
moisés,PREP,21067
mojado,ADJ,18226
molde auricular,VERB,13895
moler,PRON,17016
molestar,PRON,21361
molestia,VERB,24822
molinillo,VERB,22562
molino,VERB,25395
mollete,VERB,22122
momia,VERB,25120
monarquía,VERB,24193
moneda,VERB,13374
monedero,VERB,16438
monitor,VERB,23451
mono,VERB,12411
monopatín para discapacitados,VERB,21813
monoriel,VERB,24267
monoteísmo,VERB,21025
monstruo,VERB,15486
montacargas,VERB,14881
montar en bicicleta,PRON,21832
montaña,VERB,15663
montañismo,VERB,22109
monumento,VERB,24700
moominmamma,PREP,25116
moominpappa,PREP,25117
moomins,PREP,25118
mora,VERB,16463
mora de los pantanos,VERB,24064
moral,ADJ,15653
morder,PRON,12847
moretón,VERB,24419
morir,PRON,13672
morsa,VERB,23704
mortal,ADJ,15657
moshav,VERB,15658
mosquito,VERB,15660
mostaza,VERB,22330
mosto,VERB,14633
mostrar,PRON,16967
moto acuática,VERB,21884
motocicleta,VERB,21810
motociclismo,VERB,21826
motocross,VERB,21826
motonieve,VERB,23950
motor,VERB,15406
mousse,VERB,23875
mover,PRON,13125
mover los intestinos,PRON,15668
moverse,PRON,15667
movimiento,VERB,24702
movimiento intestinal,VERB,12884
mozo de cuadra,PREP,24137
moño,VERB,12882
muchacho,PREP,12888
mucho,ADJ,15671
mucho de,VERB,14647
mucho tiempo,ADJ,24181
mudo,ADJ,15728
muebles,VERB,14416
muelle,VERB,16174
muerte,VERB,13645
muerto,ADJ,13642
muestra,VERB,17978
muffin,VERB,22122
mugir,PRON,24194
mujer,PREP,18269
mula,VERB,13865
muletas,VERB,13617
multa,VERB,23082
multa por estacionamiento indebido,VERB,23915
multiplicación,VERB,15673
multiplicar,PRON,15674
multitud,VERB,15675
mundial,ADJ,21380
mundo,VERB,13900
murciélago,VERB,12636
museo,VERB,12582
musical,VERB,23594
musulmán,ADJ,15659
mutuamente,NOUN,25052
mutuo,ADJ,24066
muñeca,VERB,13862
muñeca robot,VERB,23639
muñeco,VERB,23582
muñeco de nieve,VERB,17196
muñequera,VERB,24142
máquina,VERB,15406
máquina de afeitar,VERB,16946
máquina de cocina,VERB,22393
máquina de coser,VERB,16764
máquina de escribir,VERB,17962
más,NOUN,12374
más allá,ADJ,12670
más largo,ADJ,15230
más tarde,NOUN,17705
máscara,VERB,15428
máscara protectora,VERB,21621
mástil,VERB,22059
máximo,ADJ,15661
médico,PREP,13861
médico general,PREP,21581
méndigo,PREP,25019
método,VERB,16194
método de ritmo,VERB,16503
mía,PREP,15687
míercoles,VERB,25214
mío,PREP,15686
móvil,VERB,23592
músculo,VERB,15676
música,VERB,15679
música country,VERB,23841
música de baile,VERB,23843
música de rock,VERB,24736
música folclórica,VERB,21611
música pop,VERB,23931
músico,PREP,15683
nacimiento,VERB,12842
nacional,ADJ,24086
nación,VERB,21610
nada,NOUN,15725
nadar,PRON,17482
nadie,PREP,15723
nalgas,VERB,13097
nanjea,VERB,24682
naranja,NOUN,15931
nariz,VERB,15732
nascar,VERB,21830
natación,VERB,22053
natación sincronizada,VERB,22056
naturaleza,VERB,13607
naturalismo,VERB,16483
naufragio,VERB,25400
naufragio de avión,VERB,25399
navegación,VERB,22049
navegación a vela,VERB,20519
navegador satelital,VERB,24660
navegar,PRON,25346
navidad,VERB,13181
necesariamente,ADJ,15698
necesario,ADJ,15698
necesitar,PRON,15702
necesito más tiempo,NOUN,24664
negativo,NOUN,15733
negocio,VERB,13093
negro,NOUN,12849
nenúfar,VERB,24778
neptuno,VERB,24492
nervio,VERB,25471
neumático,VERB,17734
neurona,VERB,25473
neurólogo,PREP,21583
nevada,VERB,17198
nevar,PRON,17193
nevera,VERB,23632
ni,NOUN,15706
niebla,VERB,14374
nieve,VERB,17192
ninfa del agua,PREP,23579
ninguno,NOUN,15725
nisan,VERB,15721
nivel,VERB,23085
nivel alto de agua,VERB,22630
niñera,PREP,12608
niño,PREP,12888
niño jesús,PREP,21086
no,OTHER,15722
no bueno,ADJ,15695
no culpable,ADJ,23121
noche,VERB,15719
nochebuena,VERB,25441
nombre,VERB,15691
norte,VERB,15730
noruega,VERB,22612
noruego,VERB,25347
nos vemos de nuevo,OTHER,16748
nosotras,PREP,18210
nosotros,PREP,18211
nota musical,VERB,15682
notario,PREP,23158
noticias,VERB,15712
novia,PREP,25297
novia-a-ser,PREP,25297
noviembre,VERB,15735
novio,PREP,25296
novio-a-ser,PREP,25296
noé,PREP,21065
nube,VERB,13367
nublado,ADJ,13368
nudo,VERB,24177
nuestra,PREP,15939
nuestras,PREP,15939
nuestro,PREP,15940
nuestros,PREP,15940
nueve,NOUN,8505
nuevo,ADJ,15710
nuevo testamento,VERB,21071
nuez,VERB,15906
nunca,ADJ,15709
núcleo,VERB,15741
número,VERB,15742
obedecer,PRON,15907
obediencia,VERB,21309
obispo,PREP,21056
objeto,VERB,17717
objeto de arte,VERB,18275
objeto hecho a mano,VERB,14672
objeto no identificado,VERB,17977
obligados,ADJ,14383
oboe,VERB,23908
obra,VERB,23617
obra de arte,VERB,18275
obrero,PREP,18277
observación,VERB,24846
observar,PRON,15908
obstáculos,VERB,21840
obtener,PRON,14435
ocasión,VERB,14114
occidental,ADJ,18225
ocho,NOUN,8504
octubre,VERB,15910
oculista,PREP,21578
ocultar,PRON,14710
océano,VERB,15909
odiar,PRON,14683
odio,VERB,24908
oeste,VERB,18224
oficial de la prision,PREP,25144
oficial de policía,PREP,16217
oficina,VERB,15911
oficina de correos,VERB,16228
ofrecer,PRON,14440
ofrendar,PRON,22831
oftalmólogo,PREP,21578
ojo,VERB,14133
ok,ADJ,14463
okra,VERB,24706
ola,VERB,21880
oler,PRON,17018
oler mal,PRON,17020
olimpiadas,VERB,25130
oliva,VERB,15917
olla,VERB,16229
olor,VERB,17017
olvidar,PRON,14387
olvido,VERB,24899
ombligo,VERB,24198
omnisciente,ADJ,21328
omóplato,VERB,25491
ondulados,ADJ,18253
operación,VERB,15924
opinar,PRON,25269
opinión,VERB,15925
oponerse,PRON,16421
oportunidad,VERB,24426
oposición,VERB,15928
opresión,VERB,25132
opreso,ADJ,25131
oprimido,ADJ,25131
optometrista,PREP,21594
opuesto a,NOUN,12351
oración,VERB,16237
orar,PRON,16236
orbitar,PRON,16690
ordenador,VERB,13394
ordenador de bolsillo,VERB,23602
ordenador de escritorio,VERB,23470
ordenador portátil,VERB,23562
ordenar,PRON,21335
ordinario,VERB,24962
oreja,VERB,13894
orejeras,VERB,13897
orfebre,PREP,24456
organismo,VERB,24494
organizacíon,VERB,25348
organizar,PRON,15935
orgasmo,VERB,15936
orgullo,ADJ,16422
orientador,PRON,25350
oriental,ADJ,13904
orientar,PRON,25349
orilla,VERB,12640
orina,VERB,17990
orinal,VERB,24717
orinar,PRON,17989
ornamento,VERB,24079
oro,VERB,23100
orquesta,PREP,12624
ortopedista,PREP,21577
oruga,VERB,13132
oscuro,ADJ,13634
oso,VERB,12643
osteópata,PREP,21600
ostra,VERB,15952
otorrinolaringólogo,PREP,21576
otoño,VERB,12597
otra,NOUN,13675
otra vez,NOUN,12350
otro,NOUN,13675
oval,ADJ,24924
ovario,VERB,15947
oveja,VERB,15170
ovino,VERB,12379
oír,PRON,14692
pa,PREP,14157
paciencia,VERB,15976
pacífico,ADJ,15982
padrastro,PREP,17260
padre,PREP,14157
padre soltero,PREP,21092
padres adoptivos,PREP,14392
padres solteros,PREP,21090
pagar,PRON,15979
paisaje,VERB,16731
paja,VERB,17277
pajita para beber,VERB,17277
pala,VERB,16966
palabra,VERB,18272
palabra bliss,VERB,21624
palacio,VERB,23437
palanca de mando,VERB,23549
palillo de tambor,VERB,23856
palma,VERB,15960
palo,VERB,13119
palo para deporte,VERB,17235
palomitas de maíz,VERB,16221
palpar,PRON,17761
pan,VERB,12895
pan plano,VERB,16691
panadero,PREP,23412
panadería,VERB,23027
pandereta,VERB,23964
pantalla de ordenador,VERB,23451
pantalla táctil,VERB,23687
pantalones,VERB,15961
pantalones cortos,VERB,16963
pantano,VERB,17472
pantis,VERB,17264
pantuflas,VERB,17013
panza,VERB,25498
papa,PREP,21057
papel,VERB,15962
papel higiénico,VERB,17748
papel moneda,VERB,23604
papiloma,VERB,24329
papiloma venéreo,VERB,24334
papito,PREP,14157
papá,PREP,14157
papá noel,PREP,23647
paquete,VERB,15966
par,VERB,15959
para,NOUN,14382
paracaidismo,VERB,22106
paracaidista,PREP,15965
paracaídas,VERB,22105
parada de autobús,VERB,13090
parafarmacia,VERB,23108
paraguas,VERB,17966
paralelo,VERB,15964
parapente,VERB,22113
parar,PRON,17268
parasailing,VERB,22112
parcela,VERB,24208
parecer,PRON,16750
parecerse,PRON,16750
parecido,OTHER,16984
pared,VERB,14167
pareja,PREP,13425
pariente,PREP,16481
parpadear,PRON,18260
parque,VERB,15969
parte,OTHER,15972
parte de atrás,NOUN,25364
parte de símbolo bliss,OTHER,12858
parte del cuerpo,VERB,24033
parte inferior del cuerpo,VERB,24182
parte superior,NOUN,25387
parte superior del brazo,VERB,25507
parte superior del cuerpo,VERB,24325
participación,VERB,23918
participante,PREP,23916
participar,PRON,23917
particular,ADJ,17223
partido,VERB,15430
partido empatado,VERB,23584
partir,PRON,14449
parto prematuro,VERB,16243
pasado,ADJ,15173
pasajero,VERB,23605
pasaporte,VERB,24207
pasar,PRON,13404
pasarela,VERB,24328
pasarse del presupuesto,PRON,24707
pasas,VERB,16460
pasas de corinto,VERB,13623
pasatiempo,VERB,14718
pascua,VERB,13903
pascua judía,VERB,15974
pasear,PRON,16509
pasillo,VERB,23047
pasividad,VERB,25137
pasivo,ADJ,25136
paso subterráneo,VERB,24321
pasta,VERB,22129
pastel,VERB,13106
pastel decorado,VERB,22121
pastor,PREP,15473
pastos,VERB,24208
pata,VERB,15978
patata,VERB,16230
patatas chips,VERB,16231
patatas fritas,VERB,14398
patear,PRON,15146
patena,VERB,21366
patinaje,VERB,21860
patinaje artístico,VERB,21862
patinaje en pista,VERB,21861
patinar,PRON,16684
patines,VERB,16685
patines de hielo,VERB,14924
patio,VERB,18287
patio de recreo,VERB,16202
pato,VERB,12840
pausa de las diez para comer,VERB,17521
pausa para el café,VERB,25502
pava,VERB,22584
pava eléctrica,VERB,22587
pavimento,VERB,24209
pavo,VERB,17954
pavo real,VERB,15984
payaso,PREP,23443
paz,VERB,15980
país,VERB,13423
países bajos,VERB,15708
países nórdicos,VERB,22619
pañal,VERB,13670
paño,VERB,13365
paño de altar,VERB,21369
pañuelo,VERB,14671
pañuelos desechables,VERB,17738
pda,VERB,23602
pecado,VERB,16988
pecador,PREP,16993
pecar,PRON,16989
pecho,VERB,13161
pechos,VERB,12899
pedacito,OTHER,15972
pedagogo,PREP,23606
pedagogía,VERB,23607
pediatra,PREP,21574
pedir,PRON,16489
pedo,VERB,25060
pegamento,VERB,14447
pegar,PRON,14448
pegaso,VERB,23608
peinar,PRON,13379
peine,VERB,13378
pelar,PRON,15989
pelea,VERB,25413
pelear,PRON,14175
peligro,VERB,13632
peligroso,ADJ,13633
pelo,VERB,14660
pelo en el pecho,VERB,24056
pelota,VERB,12621
pelota de deportes,VERB,21625
peluquero,PREP,12628
peluquería,VERB,12629
pelícano,VERB,15990
película,VERB,14177
pendiente,VERB,25447
pene,VERB,15994
penetrar,PRON,13940
pensamiento,VERB,14926
pensar,PRON,17718
pensionista,PREP,24497
pensión de jubilación,VERB,24493
pentagrama,VERB,23955
pentateuco,VERB,13182
pep_máscara,VERB,25354
pepino,VERB,13620
pepino de mar,VERB,23654
pequeña my,PREP,25110
pequeña plegaria,VERB,12891
pequeñez,VERB,24917
pera,VERB,15986
perca,VERB,25355
percepción espiritual,VERB,24278
percha,VERB,14891
perder,PRON,15394
perdonado,ADJ,21381
perdonar,PRON,14388
perdón,OTHER,15967
perfección,VERB,21344
perfecto,ADJ,21345
perforadora,VERB,25048
perforar,PRON,25483
perfume,VERB,15997
perico,VERB,15963
periférico de ordenador,VERB,23450
periodista,PREP,23548
periodo,VERB,25356
periodo de descanso,VERB,16497
periódico,VERB,15713
permanecer,PRON,17249
permanente,ADJ,24285
permiso,VERB,17995
permiso de conducir,VERB,23853
permiso de estacionamiento,VERB,23914
permitir,PRON,15196
perno,VERB,16181
pero,NOUN,13094
perpendicular,VERB,15998
perrito caliente,VERB,14902
perro,VERB,12380
perro de tiro,VERB,21878
perro rastreador,VERB,25374
perro salvaje,VERB,18268
persa,VERB,25358
persecución,VERB,25274
perseguir,PRON,25275
perseverancia,VERB,21318
perseverar,PRON,21319
persona,PREP,16161
persona acostada,PREP,16163
persona de fantasía,PREP,23577
persona jurídica,PREP,23140
persona mayor,PREP,12341
persona muerta,PREP,21313
persona necesitada,VERB,15701
persona pequeña,PREP,23570
persona tumbada,PREP,16163
personal,PREP,17246
personalidad,VERB,24210
persuadir,PRON,21311
persuasión,VERB,24927
pertenece a,OTHER,12663
período,VERB,15212
período menstrual,VERB,15455
pesado,ADJ,14698
pesar,PRON,18220
pesca,VERB,14191
pescado,VERB,14189
pescado congelado,VERB,22356
pescado seco,VERB,24115
pescador,PREP,23509
pescar,PRON,14190
peso,VERB,18221
petanca,VERB,21806
petrolero,VERB,22070
petróleo,VERB,15914
pez,VERB,14188
pez de colores,VERB,14452
pez espada,VERB,23671
pezones,VERB,15720
pezuña,VERB,24155
peña de fútbol,VERB,24449
piano,VERB,23922
piano eléctrico,VERB,23862
picadero,VERB,24246
picante,ADJ,14901
picaporte,VERB,17487
picazón,VERB,24472
piccolo,VERB,23924
pichón,VERB,24447
picnic,VERB,16171
pie,VERB,14379
pie de imprenta,VERB,25327
piedra,VERB,16188
piel,VERB,15988
piel de animal,VERB,12387
piercing,VERB,25484
pierna,VERB,15188
piernas y pies,VERB,15189
pijama,VERB,16442
pila,VERB,25033
pilotar,PRON,25346
piloto,PREP,16179
pimienta,ADJ,14901
pimiento,VERB,15995
pinchar,PRON,16432
ping pong,VERB,20603
ping-pong,VERB,16183
pingüino,VERB,15993
pino,VERB,14116
pintar,PRON,15957
pintor,PREP,15958
pintura,VERB,15956
pintura de cuerpo,VERB,25432
pintura de ojos,VERB,14137
pintura de uñas,VERB,15690
pinzas de cocina,VERB,22565
pinzón,VERB,17211
piojo,VERB,25318
pipa de tabaco,VERB,16186
piragua,VERB,23643
piragüismo,VERB,22050
pirata,PREP,23616
pirámide,VERB,16443
pis,VERB,17990
piscina,VERB,16219
piscina para niños,VERB,18026
piscis,VERB,22648
piso,VERB,23085
pista,VERB,13428
pista de aterrizaje,VERB,25366
pista de hielo,VERB,24170
pistola,VERB,13120
pita,VERB,16190
pizarra,VERB,12852
pizarrón,VERB,12852
pizza,VERB,16192
piña,VERB,16182
placenta,VERB,24213
placer,VERB,14675
placer sexual,VERB,16932
plan,VERB,16194
plancha,VERB,14955
planchar,PRON,14956
planeador,VERB,22103
planear,PRON,16195
planeta,VERB,22834
planeta enano,VERB,24437
planeta gaseoso,VERB,24455
planeta rocoso,VERB,24504
planeta terrestre,VERB,24504
planificación familiar,VERB,14147
planificador,PREP,23469
plano,ADJ,14197
planta,VERB,14140
planta de especias,VERB,23111
plata,VERB,23213
plataforma,VERB,16198
plataforma de detención,VERB,24290
plataforma de perforación,VERB,25049
platero,PREP,24510
platillo,VERB,23842
plato,VERB,13690
plato principal,VERB,22119
playa,VERB,12640
plaza,VERB,24281
plegar,PRON,14375
pleno verano,VERB,15465
plomo,VERB,23137
pluma,VERB,14160
plutón,VERB,24498
pluviómetro,VERB,23186
plástico,VERB,16197
plátano,VERB,12623
pobre,ADJ,16220
pobreza,VERB,21306
poco,ADJ,15221
poco a poco,ADJ,17014
poco profundo,ADJ,16935
pocos,ADJ,14171
podar,VERB,16424
poder,PRON,13114
poderoso,ADJ,17444
podólogo,PREP,21596
poema,VERB,16210
poesía,VERB,16211
polder,VERB,21539
polenta,VERB,16216
politeísmo,VERB,21026
pollo,VERB,13164
polo,VERB,22098
polo magnético,VERB,25407
polo norte,VERB,22600
polo sur,VERB,22599
polonia,VERB,25139
polución,VERB,16218
polvo,VERB,16233
polvo de cacao,VERB,13173
polvo de talco,VERB,17500
polvo radioactivo,VERB,15739
política,VERB,24216
político,PREP,24215
pomelo,VERB,14634
poner,PRON,16440
poner la mesa,PRON,23563
poner los arreos,PRON,24144
ponerse,PRON,16440
popa,VERB,22063
por,NOUN,13100
por ciento,VERB,8484
por favor,OTHER,16204
por lo tanto,NOUN,17708
por medio de,NOUN,13100
por qué,NOUN,18249
por siempre,ADJ,12368
porcentaje,VERB,8484
porción,OTHER,15972
porque,NOUN,12647
portabilidad,VERB,24714
portaequipajes,VERB,24613
portamaletas,VERB,24613
portero,PREP,24683
portugal,VERB,25140
portátil,ADJ,24715
poseer,PRON,15950
posesión,VERB,24925
posibilidad,VERB,12329
posible,ADJ,25831
posiblemente,ADJ,16226
posición,VERB,16224
positiva,NOUN,16225
positivo,NOUN,16225
postre,VERB,13664
potencial,VERB,12322
potro,VERB,24448
practicar,PRON,16235
practicar snowboard,VERB,21868
preciado,ADJ,25142
predecir,PRON,21051
predicador,PREP,15473
predicar,PRON,21310
pregunta,VERB,16445
preguntar,PRON,12588
premio,VERB,17774
preocupación,VERB,18280
preocuparse,PRON,18281
preparación,VERB,22908
preparar,PRON,16244
preparar comida,PRON,16245
prepucio,VERB,14385
prescripción,VERB,24219
presentación,VERB,24499
presentar,PRON,16967
presentar cargos,PRON,23004
presente,VERB,14437
presidente,PREP,24051
presión,VERB,23169
preso,PREP,25145
prestar,PRON,12877
presupuesto,VERB,23427
pretender,ADJ,15411
previsión del tiempo,VERB,22637
prima,PREP,25280
primate,VERB,15485
primavera,VERB,17240
primer ministro,PREP,24221
primero,ADJ,14187
primeros auxilios,VERB,25304
primo,PREP,13429
princesa,PREP,23623
princesa heredera,PREP,24075
prisa,VERB,24166
prisión,VERB,16250
prismáticos,VERB,24416
privado,ADJ,16251
proa,VERB,22062
probable,ADJ,16252
problema,VERB,16253
problemático,ADJ,24821
proclamación,VERB,21338
proclamar,PRON,21337
producción,VERB,23583
producir,PRON,15410
producto químico,VERB,13158
productor,PREP,15412
profecía,VERB,21048
profesión,VERB,21360
profesor,PREP,17513
profesor de equitación,PREP,24245
profesor de historia,PREP,23113
profesor de psicología,PREP,21588
profesor de religión,PREP,23191
profeta,PREP,21050
profetizar,PRON,21049
profundo,ADJ,13652
programa,VERB,24222
programa antivirus,VERB,23403
programa de ordenador,VERB,23664
programa de radio,VERB,24773
programa de tv,VERB,24773
promesa,VERB,24930
prometer,PRON,16417
promoción,VERB,23173
promover,PRON,23172
pronto,ADJ,17212
pronóstico marino,VERB,24747
propagación,VERB,17238
proponer,PRON,17454
proporcionar,PRON,14440
propuesta,VERB,17455
propósito,VERB,16437
propósito contrario,VERB,15928
prostitución,VERB,16418
protección,VERB,16420
protección del medioambiente,VERB,24224
protección solar,VERB,17463
protector,PREP,23063
protector de teclado,VERB,23554
proteger,PRON,16419
protegido,ADJ,24223
protesta,VERB,23177
protestantismo,VERB,21039
protestar,PRON,16421
provincia,VERB,16423
proyector,VERB,16254
prueba,VERB,17528
práctica médica,VERB,24920
príncipe,PREP,23622
príncipe heredero,PREP,24074
prótesis auditiva,VERB,14693
próxima semana,VERB,15715
próximo,ADJ,15714
próximo año,VERB,15716
psicología,VERB,21552
psicólogo,PREP,21586
psiquiatra,PREP,21584
pterodáctilo,VERB,23625
pub,VERB,12627
pubertad,VERB,16425
publicación,VERB,15407
pueblo,VERB,18012
puente,VERB,12902
puerco espín,VERB,16222
puerro,VERB,24476
puerta,VERB,13866
puerta de criquet,VERB,21809
puerto,VERB,14678
puesta del sol,VERB,17467
pulga,VERB,14199
pulgar,VERB,17726
pulgón,VERB,25360
pulir,PRON,22389
pulmón,VERB,25465
pulpo,VERB,23160
pulsera,VERB,25433
pulverizar,PRON,23953
punk rock,VERB,23932
punta,VERB,16212
punteado,ADJ,24087
puntero,VERB,23619
punto,NOUN,8486
punto cardinal,VERB,13682
punto de vista,VERB,16214
punto decimal,NOUN,8486
punto y aparte,NOUN,8486
punto y coma,NOUN,8488
puntuación,VERB,16737
purim,VERB,16435
puzzle de piezas,VERB,16441
página,VERB,15962
pájaro,VERB,12837
pájaro cantor,VERB,17211
páncreas,VERB,25481
pánico,VERB,24831
páramo,VERB,21351
párpado,VERB,14136
pérdida,VERB,15396
píldora,VERB,16176
píldora anticonceptiva,VERB,12845
púas espinas,VERB,23627
público,ADJ,16427
púrpura,NOUN,16436
que,NOUN,18238
que vuela,ADJ,14373
quemado,ADJ,12923
quemadura de sol,VERB,24766
quemar,PRON,12922
querer,PRON,15210
querer decir,PRON,15440
querida,OTHER,13644
querido,OTHER,13644
queso,VERB,13157
queso blanco grumoso,VERB,22364
queso blando,VERB,22359
queso duro,VERB,22358
queso fresco,VERB,22361
queso untable,VERB,22360
quilla,VERB,22064
quiropráctico,PREP,21601
quitanieves,VERB,23951
quitar,PRON,17448
quitar el polvo,PRON,18264
quizá,ADJ,16226
quién,NOUN,16482
qué,NOUN,16482
qué cosa,NOUN,18231
qué dijo,OTHER,15967
qué lástima,OTHER,17698
qué pena,OTHER,17698
qué tipo,NOUN,18230
química,VERB,21544
químico,PREP,21562
rabia,VERB,16449
rabino,PREP,15473
racional,ADJ,15456
radiación electromagnética,VERB,13922
radiación nuclear,VERB,15740
radio,VERB,16453
radioactividad,VERB,15740
rallador,VERB,22562
rally,VERB,21830
rama,VERB,12894
ramadán,VERB,21324
rampa,VERB,23629
rana sapo,VERB,14402
rangoli,VERB,12365
rap,VERB,23934
rapidez,VERB,24819
raqueta,VERB,16452
raqueta de nieve,VERB,17197
raro,ADJ,17274
rascacielos,VERB,23215
rasgar,PRON,12896
rastreador,PREP,25388
rastrillo,VERB,16461
rata,VERB,12386
rata almizclera,VERB,15684
ratoncito pérez,PREP,23686
ratón,VERB,15665
ratón virtual,VERB,23526
ravioles,VERB,22134
rayar,PRON,24507
razonar,PRON,17718
razón,VERB,15471
raíces,VERB,16688
reaccionar,PRON,24500
reacción,VERB,24501
real,ADJ,16467
realizar,PRON,23609
realmente,ADJ,17782
rebanada,VERB,22381
rebanado,ADJ,22383
rebanar,PRON,22382
recepción,VERB,24502
recepción de señal,VERB,24753
receptor,VERB,24725
receptor de señal,VERB,24751
receta,VERB,16469
recibir,PRON,14435
reciente,ADJ,16468
recinto,VERB,13934
recoger,PRON,24709
recomendación,VERB,12345
recomendar,PRON,12346
recordar,PRON,16485
recordatorio,VERB,24693
rectangular,ADJ,16473
recto,ADJ,15215
rectángulo,VERB,16472
recubrimiento para pisos,VERB,14203
red,VERB,13365
red de captura,VERB,23595
red de pesca,VERB,21357
red social,VERB,25375
redondo,ADJ,16693
reducir,PRON,13651
reemplazar,VERB,24759
reflector,VERB,22385
reflejo,VERB,22384
reflexionar,PRON,22374
reflexólogo,PREP,21604
refresco,VERB,17202
refrigerador,VERB,16476
refrigerio,VERB,17187
refugio,VERB,16955
refugio subterráneo,VERB,17970
regalo,VERB,14437
regar,PRON,24330
región,VERB,16423
región antártica,VERB,22603
regla,VERB,16697
regla fundamental,VERB,24124
reglamentación,VERB,16697
rehacer,PRON,23630
rehén,PREP,25084
reina,PREP,23626
reino de dios,VERB,24149
reino unido,VERB,17979
relacionar,PRON,13381
relación,VERB,13380
relajado,ADJ,13386
relevo,VERB,21841
religioso,ADJ,16484
religión,VERB,16483
relinchar,PRON,24199
rellenar,PRON,14176
relleno,ADJ,23501
reloj,VERB,13363
reloj de pulsera,VERB,18044
relámpago,VERB,15209
remo,VERB,22051
remolacha,VERB,12654
remolcador,VERB,22080
renacuajo,VERB,24302
reno,VERB,16478
renta,VERB,24731
renunciar,PRON,25150
reparación,VERB,23203
reparar,PRON,14192
repetición,VERB,24934
repetir,PRON,16487
repollo relleno,VERB,23502
representación legal,VERB,24872
reproducción,VERB,16488
reproducir,PRON,16487
reproductor de cd,VERB,16471
reproductor de dvd,VERB,24647
reproductor de medios,VERB,24691
reproductor mp3,VERB,23903
reptil,VERB,12388
repugnancia,VERB,24885
repugnante,ADJ,24886
república,VERB,24238
república checa,VERB,25043
resentirse,PRON,16490
resfriado común,VERB,24065
residente,PREP,16491
residir,PRON,15223
residuos,VERB,18043
resignación,VERB,25152
resistencia,VERB,23179
resistirse,PRON,23178
resolver,PRON,17206
respaldar,PRON,12612
respeto,VERB,16494
respiración,VERB,12900
respiración artificial,VERB,12584
respirador,VERB,24239
respirar,PRON,12901
resplandecer,PRON,24136
responder,PRON,12394
responsabilidad,VERB,24240
responsable,ADJ,24241
respuesta,VERB,12393
restar,PRON,17448
restaurante,VERB,16498
restaurar,VERB,24898
resucitar,PRON,12585
resultado,VERB,13910
resumen,VERB,25179
resurrección,VERB,21316
resurrección de cristo,VERB,24242
retener,PRON,23532
retirar,PRON,17498
retirarse,PRON,25154
retrasado,ADJ,15177
reunir,PRON,14426
reunión,VERB,14427
reunión religiosa,VERB,21288
revista,VERB,15407
revivir,PRON,12585
rey,PREP,23559
rezar,PRON,16236
reír,PRON,15178
reírse de,PRON,17515
reñir,PRON,12413
ribera,VERB,12640
rico,ADJ,16506
rienda,VERB,24729
riendas,VERB,24038
riesgo,VERB,24426
rima,VERB,16502
rincón,VERB,13414
rinoceronte,VERB,16501
risa,VERB,24824
ritual,VERB,21317
rizar,PRON,24728
riña,VERB,25413
riñas,VERB,12414
riñón,VERB,24176
robar,PRON,23637
robo,VERB,25191
robot,VERB,25158
roca,VERB,17267
roca sumergida,VERB,24763
rock duro,VERB,24663
rocío,VERB,24940
rodar,PRON,23640
rodilla,VERB,15157
rodillera,VERB,21619
roedor,VERB,12386
rogar,PRON,21334
rojo,NOUN,16474
rollo,VERB,16683
rollos de relleno,VERB,23504
rompecabeza,VERB,16441
romper,PRON,12896
rompible,ADJ,12897
ronronear,PRON,24228
ropa,VERB,13366
ropa blanca,VERB,16951
ropa de cama,VERB,16951
ropa de montar,VERB,24244
ropa interior,VERB,17974
ropa para dormir,VERB,16442
rosa,NOUN,16184
rosh hashana,VERB,16689
rosquilla,VERB,22124
rotación,VERB,24249
rotar,PRON,16690
roti,VERB,16691
roto,ADJ,12907
rotura,VERB,24852
rozadura,VERB,24420
ruborizarse,PRON,24029
rueda,VERB,18232
rueda dharma,VERB,23472
rueda para cortar pasta,VERB,22132
rugby,VERB,20593
rugir,PRON,24248
ruido,VERB,24922
ruina,VERB,23641
ruina de iglesia,VERB,24966
ruina de templo,VERB,24966
rulot,VERB,13113
rumano,VERB,25420
rumenia,VERB,25417
runas,VERB,22830
rusia,VERB,23642
ruso,VERB,25367
rábano,VERB,16454
rábano picante,VERB,14898
rápido,ADJ,16446
rápidos,VERB,22623
río,VERB,16677
saber,PRON,15161
sabiduría,VERB,22917
sabor,VERB,17506
sabor a chocolate,VERB,13173
sabor a sirope de arce,VERB,22334
saborizante,VERB,22309
saborizante vegetal,VERB,22321
sabroso,ADJ,20526
sacacorchos,VERB,22564
sacar brillo,PRON,22389
sacerdote,PREP,15473
saco,VERB,16701
saco de dormir,VERB,17010
sacramento,VERB,21102
sacramento de la absolución,VERB,21106
sacramento de la comunión,VERB,21105
sacramento de la confirmación,VERB,21104
sacramento de la extremaunción,VERB,21109
sacramento de la ordenación,VERB,21107
sacramento del bautismo,VERB,21103
sacramento del matrimonio,VERB,21108
sacrificar,PRON,22831
sacrificio,VERB,22832
safari,VERB,25162
saga,VERB,17272
sagitario,VERB,22645
sagrada familia,PREP,21089
sagrada trinidad,VERB,23115
sagrado,ADJ,21041
sal,VERB,20523
sala,VERB,23105
sala de conciertos,VERB,13396
sala de examen,VERB,24016
sala de fisioterapia,VERB,24212
sala de logopedia,VERB,24277
sala de psicología,VERB,24226
sala de reparaciones,VERB,24236
sala de reuniones,VERB,24481
sala de secado,VERB,24089
sala de terapia ocupacional,VERB,24201
sala pública,VERB,16430
salado,ADJ,16712
salario,VERB,18027
salchicha,VERB,16726
salida,VERB,13658
salida del sol,VERB,17466
salir,PRON,14126
saliva,VERB,16710
salmo,VERB,21074
salmón,VERB,23195
salsa,VERB,16723
salsa a la pimienta,VERB,22326
salsa de carne,VERB,23586
salsa de chocolate,VERB,22342
salsa de curry,VERB,22329
salsa de hierbas,VERB,22323
salsa de jengibre,VERB,22320
salsa de mostaza,VERB,22332
salsa de tomate,VERB,23552
salsa de vainilla,VERB,22317
saltamontes,VERB,14637
saltar,PRON,15139
saltar a la pata coja,PRON,14892
saltar en una pata,PRON,14892
saltear,PRON,14411
salto,VERB,23550
salto con esquís,VERB,21866
salto con pértiga,VERB,21844
salto de altura,VERB,21843
salto de cama,VERB,13879
salto de cuerda,VERB,15138
salto de longitud,VERB,21845
saltos sincronizados,VERB,22054
salud,VERB,14690
saludable,ADJ,14691
saludos,OTHER,14702
salvación,VERB,24253
salvamanteles,VERB,22595
salón,VERB,15224
salón recreativo,VERB,15482
san josé,PREP,21047
san valentín,VERB,17997
sanar,PRON,24148
sandalias,VERB,16716
sandman,PREP,23646
sangrar,PRON,12855
sangre,VERB,12861
santa claus,PREP,23647
santidad,VERB,21082
santidad de la vida,VERB,21087
santificar,PRON,21084
santo,ADJ,21083
sardina,VERB,23530
sari,VERB,16720
sarna,VERB,24254
sarpullido,VERB,24232
sartén,VERB,16229
sartén eléctrica,VERB,22580
sastre,PREP,23674
satisfacción,VERB,16721
satisfecho,ADJ,25312
saturno,VERB,24505
satélite,VERB,24739
satélite climático,VERB,24779
satélite de comunicación,VERB,24624
satélite espía,VERB,24779
sauna,VERB,16725
savia,VERB,22333
saxofón,VERB,23946
sazón,VERB,14198
schach,VERB,16732
scooter,VERB,21810
se,NOUN,17712
secador de pelo,VERB,24141
secadora,VERB,24320
secaplatos,VERB,24431
secar,PRON,13888
seco,ADJ,13887
secreción vaginal,VERB,24326
secretario,PREP,15418
secreto,VERB,16745
secuestrador,PREP,25082
secuestrar,PRON,25081
secuestro,VERB,25034
seda,VERB,23211
sediento,ADJ,17719
seguir,PRON,14376
segundo,VERB,16743
seguridad,VERB,16705
seguro,VERB,14155
seguro médico,VERB,15447
seis,NOUN,8502
seleccionar,PRON,13178
seleccionar todo,PRON,23659
selección,VERB,13175
sello,VERB,17248
semana,VERB,18217
semen,VERB,16757
semental,VERB,24282
semilla,VERB,16749
sencillamente,ADJ,14961
sencillez,VERB,24890
sendero,VERB,24328
sensación,VERB,14164
sentada,VERB,16165
sentar,PRON,16995
sentarse,PRON,16995
sentencia,VERB,23127
sentenciar,PRON,23202
sentimiento,VERB,14164
sentir,PRON,14163
sentir dolor,PRON,14913
separar,PRON,23471
septiembre,VERB,16761
sequedad,VERB,23859
sequía,VERB,23859
ser,PRON,12639
ser capaz de,PRON,13114
ser humano,PREP,16161
ser igual a,PRON,13943
ser paciente,PRON,15977
ser sobrenatural,PREP,23577
ser sobrenatural femenino,PREP,23581
ser sobrenatural masculino,PREP,23576
serenidad,VERB,15981
sereno,ADJ,15982
serpiente,VERB,17189
serpiente de agua,VERB,17190
serpiente de midgard,VERB,22826
servicio,VERB,12637
servicio religioso,VERB,23192
servilleta,VERB,15692
seré,PRON,24261
seta,VERB,15678
sexo anal,VERB,12373
sexo oral,VERB,15930
sexualidad,VERB,16933
sexualmente maduro,ADJ,24260
señal,VERB,24749
señal cerebral,VERB,25434
señal de navegación,VERB,24704
señal de tráfico,VERB,24735
señal digital,VERB,24639
señal satelital,VERB,24742
señalar,PRON,21537
señorita snork,PREP,25170
shalom,VERB,16936
shavuot,VERB,16948
shevat,VERB,16971
shiva,PREP,16958
shofar,VERB,16960
show,VERB,23610
si,NOUN,14927
si bien,NOUN,12367
siclo,VERB,16952
sidecar,VERB,21821
sidra,VERB,22347
siempre,ADJ,12368
sierra,VERB,16727
siete,NOUN,8503
sif,PREP,22653
siglo,VERB,13144
significado,VERB,15441
significado opuesto,OTHER,15927
significar,PRON,15440
significativo,VERB,24913
signo,VERB,16977
signo de exclamación,NOUN,8483
signo de interrogación,VERB,8485
signo de la cruz,VERB,24265
silbar,PRON,18241
silencio,VERB,16981
silencioso,ADJ,16982
silla,VERB,13148
silla de montar,VERB,22839
silla de ruedas,VERB,18233
silla de ruedas eléctrica,VERB,13920
silla esquí,VERB,23948
silla para ducha,VERB,24748
sillita de paseo,VERB,12605
sillón,VERB,12578
simchat torah,VERB,16983
similar,OTHER,16984
simpatizante,PREP,24083
sin,NOUN,15474
sin fin,ADJ,21331
sinagoga,VERB,17490
sinceridad,ADJ,17782
sindicato,VERB,24324
sintetizador,VERB,23963
sirena,PREP,23590
sirena del bosque,PREP,23663
sirope de arce,VERB,22338
sirope de maíz,VERB,22339
sistema,VERB,16194
sistema cardiovascular,VERB,25438
sistema circulatorio,VERB,25443
sistema endocrino,VERB,25449
sistema gastrointestinal,VERB,25451
sistema linfático,VERB,25468
sistema nervioso,VERB,25472
sistema nervioso central,VERB,21585
sistema respiratorio,VERB,25486
sistema solar,VERB,22836
sistema vascular,VERB,25508
sitio de aparcamiento,VERB,24206
sitio de enterramiento,VERB,22841
sitio de interés turístico,VERB,16970
sitio fogata,VERB,25302
sitio web,VERB,23709
sivan,VERB,16996
skateboard,VERB,16997
slalom,VERB,21863
sleipnir,VERB,22824
sms,VERB,24509
sniff,PREP,25168
snooker,VERB,22100
snork,PREP,25169
snowboard,VERB,21869
snufkin,PREP,25171
snus,VERB,25494
sobre,NOUN,12324
sobrenatural,VERB,21036
sobrina,PREP,15718
sobrina o sobrino,PREP,24817
sobrino,PREP,15707
social,ADJ,24269
sociedad,VERB,24270
sociología,VERB,21551
sociólogo,PREP,21568
software,VERB,23664
sofá,VERB,13419
sol,VERB,17462
soldado,PREP,17204
soleado,ADJ,17465
solicitar,PRON,16489
solidaridad,VERB,14172
solidificar,PRON,14397
solitario,ADJ,12363
solo,ADJ,12363
sombra,VERB,24746
sombrero,VERB,14682
sombrilla,VERB,17966
sonar,PRON,17217
sonido,VERB,17216
sonido similar,OTHER,16986
sonreír,PRON,17021
sopa,VERB,17218
soplar,PRON,12862
soporte respiratorio,VERB,25409
soprano,VERB,23952
sorbete,VERB,22367
sordo,ADJ,13643
sorprender,PRON,17470
sorprendido,ADJ,23962
sorpresa,VERB,23960
sostén,VERB,12889
sotavento,VERB,24685
soñar,PRON,13875
spiderman,PREP,25378
spray para el pelo,VERB,23880
squash,VERB,22101
stickball,VERB,21803
su,PREP,14707
suave,ADJ,17186
subibaja,VERB,16751
subida de precios,VERB,23171
subir,PRON,13360
submarinismo,VERB,22057
substituir,VERB,24759
substraer,PRON,17448
suceder,PRON,14674
suciedad,VERB,22910
sucio,ADJ,13683
sucot,VERB,17458
suculento,ADJ,22352
sucá,VERB,17457
sudadera,VERB,24252
sudar,PRON,17474
sudor,VERB,17475
suecia,VERB,22617
sueco,VERB,23226
sueldo,VERB,18027
suelo,VERB,13901
suerte,VERB,15402
sueño,VERB,17008
sufganiya,VERB,17215
suficiente,ADJ,13939
sufrir,PRON,14913
sugerencia,VERB,17455
sugerir,PRON,17454
suicida,VERB,25380
suiza,VERB,25184
sulky,VERB,22093
superlativo,NOUN,24944
superman,PREP,25381
supermercado,VERB,14645
superposición,VERB,23600
supervisor,PREP,12878
suplicar,PRON,21334
sur,VERB,17219
surf a vela,VERB,21885
sus,NOUN,14962
suspenso,ADJ,25192
sustancia,VERB,24515
sustracción,VERB,17449
susurrar,PRON,18240
suya,PREP,14707
suyas,PREP,17703
suyo,PREP,14687
suyos,PREP,17701
sábado,VERB,16700
sábanas,VERB,16951
sándwich,VERB,16718
sæhrimnir,VERB,22825
sí,OTHER,18294
sí mismo,PREP,16752
símbolo bliss,VERB,12857
símbolos bliss,VERB,23031
síndrome de fatiga crónica,VERB,23836
sólido,VERB,17205
sótano,VERB,23029
tabaco,VERB,17743
taberna,VERB,12627
tabla,VERB,20599
tabla a vela,VERB,21882
tabla de planchar,VERB,14957
tabla de skate,VERB,16997
tabla de surf,VERB,21881
tabla de windsurf,VERB,21882
tablero,VERB,12852
tablet pc,VERB,23672
tableta,VERB,16176
tachar,PRON,13665
tacón,VERB,14700
tahini,VERB,17495
tailandes,VERB,25423
tailandia,VERB,25416
tal vez,ADJ,16226
talento,VERB,22917
talit,VERB,17501
tallar,PRON,25273
taller,VERB,24237
taller adaptado,VERB,23205
taller protegido,VERB,23205
tallo,VERB,17259
taltuza,VERB,14460
tamaño,VERB,23214
también,NOUN,12374
tambor,VERB,23816
tamiz,VERB,16976
tamizar,PRON,13872
tampón,VERB,16719
tamuz,VERB,17502
tanque,VERB,17504
tapa,VERB,22583
tarde,VERB,12349
tarde de sabbat,VERB,14113
tarea,VERB,23533
tareas domésticas,VERB,23536
tarjeta,VERB,15962
tarjeta de crédito,VERB,23415
tarjeta de débito,VERB,23415
tarjeta de memoria,VERB,24694
tarjeta de teléfonos,VERB,23677
tarjeta postal,VERB,16227
tarjetas,VERB,13122
tarzan,PREP,25385
tatuaje,VERB,25499
tauro,VERB,22639
taxi,VERB,17509
taza,VERB,13621
taza del váter,VERB,24770
teatro,VERB,23237
techo,VERB,13139
tecla,VERB,23553
teclado,VERB,23555
teclado superpuesto,VERB,23601
tecnología,VERB,25189
tefilín,VERB,17531
tejanos,VERB,15961
tejer,PRON,15160
tejido,VERB,25504
tejido de algodón,VERB,23049
tejido sintético,VERB,23229
tela,VERB,13365
tela de seda,VERB,23212
telefonear,PRON,22904
teleférico,VERB,24042
telescopio,VERB,22635
telesilla,VERB,24050
televisión,VERB,17519
tellus,VERB,24438
teléfono,VERB,17518
teléfono de texto,VERB,23679
teléfono inalámbrico,VERB,23459
teléfono móvil,VERB,23592
temblar,PRON,18252
temer,PRON,14159
temeroso,ADJ,12347
temor,VERB,22912
temperatura,VERB,17520
temperatura corporal,VERB,24034
templo,VERB,13345
temporada,VERB,23199
temporal,ADJ,24307
temporizador,VERB,23238
temprano,ADJ,13896
tendón,VERB,25503
tenedor,VERB,14389
tenencia,VERB,24912
tener,PRON,14685
tener esperanza,PRON,14893
tener frío,PRON,23444
tener impacto en,PRON,24466
tener miedo,PRON,14159
tener que,PRON,15685
tener sabor,PRON,17507
tener una pausa para el té,PRON,25454
tener éxito,PRON,17450
tenis,VERB,17522
tenis de mesa,VERB,20603
tenis de playa,VERB,12641
tenor,VERB,23966
teología,VERB,23681
terapeuta,PREP,17706
terapeuta de aromaterapia,PREP,21603
terapeuta de baile,PREP,21599
terapeuta de comunicación,PREP,21595
terapeuta musical,PREP,21598
terapeuta ocupacional,PREP,21591
terapia,VERB,21589
terapia ocupacional,VERB,24200
terminado,ADJ,24844
terminal del aeropuerto,VERB,25251
terminar,PRON,14181
termita,VERB,17524
termos,VERB,17710
termómetro,VERB,17709
ternera,VERB,18003
terremoto,VERB,22620
terreno,VERB,13901
terror,VERB,24831
terrorismo,VERB,24820
terrorista,PREP,17526
tesoro,VERB,25143
tesoro escondido,VERB,25201
testificar,PRON,23235
testigo,PREP,23251
testimonio,VERB,23236
testículo,VERB,17529
tetera,VERB,22584
tetina,VERB,24418
tevet,VERB,17530
teñir,PRON,15957
teólogo,PREP,23680
thor,PREP,22652
tibet,VERB,23684
tiburón,VERB,16942
tiempo,VERB,17732
tiempo libre,VERB,23141
tiempo limitado,VERB,15212
tienda,VERB,14645
tienda de alimentos,VERB,23102
tienda de artesanías,VERB,23106
tienda de dulces,VERB,23228
tienda de licores,VERB,23145
tienda de precios bajos,VERB,23070
tienda de regalos,VERB,23096
tienda de ropa,VERB,23042
tienda deportiva,VERB,23219
tierra,VERB,13900
tierra inexplorada,VERB,21351
tigre,VERB,17731
tijeras,VERB,16736
tika,VERB,12836
timbre,VERB,12662
timón,VERB,22066
timón de avion,VERB,25383
tina,VERB,24809
tiovivo,VERB,15458
tipo,VERB,17961
tirador,VERB,17487
tirar,PRON,16431
tiro al arco,VERB,21856
tisha b'av,VERB,17736
tishri,VERB,17737
toalet,VERB,17747
toalla,VERB,17762
toalla higiénica,VERB,16719
toallita de aseo,VERB,18040
tobillo,VERB,12391
tobogán,VERB,17011
tocadiscos,VERB,16471
tocador,VERB,13162
tocar,PRON,17761
tocino,VERB,12614
toda,NOUN,12360
todo,NOUN,12360
todo desapareció,NOUN,12361
todo se fue,NOUN,12361
todopoderoso,ADJ,21329
todos,NOUN,14117
todos se fueron,NOUN,12361
toffle,PREP,25196
tomar,PRON,17497
tomar sol,PRON,24765
tomate,VERB,17749
tono,VERB,23929
toque,VERB,25223
torah,VERB,17760
toreo,VERB,12921
tormenta,VERB,23956
tornado,VERB,23967
tornillo,VERB,16739
toro,VERB,12920
torre,VERB,23240
torre de agua,VERB,23247
torre de control,VERB,23045
torre de vigilancia,VERB,23245
torso,VERB,12870
torta,VERB,13106
torta pequeña,VERB,23949
tortilla,VERB,23603
tortilla francesa,VERB,22139
tortuga,VERB,17959
toser,PRON,13420
tostada,VERB,17740
tostador,VERB,17742
tostar,PRON,17741
touchpad,VERB,23688
tour,VERB,25198
tour por la ciudad,VERB,25030
trabajador,PREP,18277
trabajador social,PREP,17201
trabajar,PRON,18274
trabajo,VERB,18273
trabajo en equipo,VERB,24305
trackball,VERB,23691
tractor,VERB,17765
traducir,PRON,17769
traer,PRON,12904
tragar,PRON,17471
tragedia,VERB,23692
trailer para caballos,VERB,24157
traje,VERB,13418
traje de baño,VERB,17484
traje de invierno,VERB,17199
tramitador planificador de asistencia médica,PREP,24620
trampa,VERB,25199
trampolín,VERB,17768
tranquilidad,VERB,15981
tranquilo,ADJ,16447
transbordador,VERB,22083
transformar,PRON,23453
transmisión,VERB,24750
transmitir,PRON,24615
transparencia,VERB,24878
transparente,ADJ,13358
transportador,VERB,23180
transportar,PRON,13125
transporte para caballos,VERB,24161
transporte público,VERB,24227
tranvía,VERB,24316
trapo,VERB,25148
trapo de limpieza,VERB,22398
trasero,NOUN,25364
trastorno de la alimentación,VERB,24439
tratamiento,VERB,24519
tratamiento médico,VERB,24188
tratar,PRON,24317
travestido,PREP,17770
travieso,ADJ,15694
tregua,VERB,24424
tren,VERB,17767
tren de aterrizaje,VERB,25334
tren para cercanías,VERB,24067
trenza,VERB,25023
trenzar,PRON,25022
trepar,PRON,13360
tres,NOUN,8499
triangular,ADJ,17777
triatlón,VERB,21858
tribu,VERB,21609
tribunal,VERB,23051
triceratops,VERB,23694
triciclo,VERB,17778
trigo,VERB,24780
trineo,VERB,17007
trineo tirado por perros,VERB,21874
tripulación,PREP,24634
triste,ADJ,16702
tristeza,VERB,16703
triángulo,VERB,17776
trocito,OTHER,15972
trol,PREP,23695
trolebús,VERB,24318
trombón,VERB,23970
trompa de falopio,VERB,14143
trompeta,VERB,14895
tronco,VERB,17263
tropezar con,PRON,24423
trotar,PRON,24319
trozar,PRON,13179
trueno,VERB,17727
tráfico,VERB,17766
tráquea,VERB,25505
trébol,VERB,16939
tsunami,VERB,23972
tu,PREP,18473
tu bishvat,VERB,17788
tuba,VERB,23973
tubería,VERB,16187
tubo de oxígeno,VERB,25282
tubo de viento,VERB,25505
tubo endotraqueal,VERB,25506
tubo médico,VERB,25469
tubo para alimentar,VERB,25450
tuerca,VERB,15906
tumba,VERB,14638
tumbarse,PRON,15205
tumbona,VERB,24764
turbina eolica,VERB,25394
turista,PREP,24771
turno,VERB,17956
turno de guardia,VERB,14650
turquesa,NOUN,25389
turquía,VERB,25206
tuyo,PREP,18473
tyr,PREP,22820
tyrannosaurus rex,VERB,23699
té,VERB,17511
tía,PREP,12596
tío,PREP,17967
títere,VERB,16433
título,VERB,15691
tómate tu tiempo,NOUN,24769
tú,PREP,18298
túnel,VERB,24321
ucrania,VERB,25207
ukelele,VERB,23979
un,NOUN,12321
un medio,NOUN,24906
una,NOUN,12321
una cuarta parte,NOUN,24932
una horizontal,VERB,23117
una vez,ADJ,15919
unicornio,VERB,23702
unidad,VERB,17978
unidos,ADJ,17746
uniforme,VERB,25390
uniforme escolar,VERB,24743
universal,ADJ,21380
universidad,VERB,17980
universo,VERB,24520
uno,NOUN,8497
uno mismo,PREP,16752
urano,VERB,24521
uretra,VERB,17988
urna,VERB,21281
usar,PRON,17991
usar incorrectamente,PRON,24698
uso,VERB,24847
utensilio,VERB,17993
utensilios de cocina,VERB,22561
uvas,VERB,14635
uñas,VERB,24114
vaca,VERB,13430
vaca de san antón,VERB,25333
vacaciones,VERB,17995
vaciar,PRON,13933
vacuna,VERB,14941
vacío,ADJ,13932
vagina,VERB,17996
vagón,VERB,18010
vaina,VERB,22837
vainilla,VERB,22314
valentía,VERB,23460
valhalla,VERB,22827
valiente,ADJ,23418
valla,VERB,14167
vallado,VERB,13934
vallas,VERB,21840
valle,VERB,17999
valor,VERB,13949
valorar,PRON,13948
vampiro,PREP,25209
vapor,VERB,17255
vaporera,VERB,22586
vaporización,VERB,24940
vaporizador,VERB,23954
vaporizar,PRON,23953
varios,NOUN,16762
varita de pescado,VERB,23508
varita mágica,VERB,18034
vasectomía,VERB,18002
vaso sanguíneo,VERB,24028
vaticano,VERB,21037
vecindario,VERB,23847
vecino,PREP,15705
vegetal,VERB,13124
vegetal de hoja,VERB,15200
vegetal relleno,VERB,23505
vegetales,VERB,18004
vehículo,VERB,13121
vejiga,VERB,12853
vela,VERB,13117
velcro,VERB,14155
velero,VERB,16707
vello corporal,VERB,24032
vello facial,VERB,24102
vello pectoral,VERB,24056
vello púbico,VERB,16426
velo,VERB,21614
velocidad,VERB,23216
velocímetro,VERB,23217
venado,VERB,12381
vendaje,VERB,12625
vendaval,VERB,17271
vender,PRON,16756
veneno,VERB,16215
venir,PRON,13383
venta,VERB,23194
ventana,VERB,18256
ventana con barrotes,VERB,18257
ventas con rebaja,VERB,23069
ventilador,VERB,24104
venus,VERB,24522
ver,PRON,16747
verano,VERB,17459
veraz,ADJ,17782
verdad,VERB,17786
verde,NOUN,14641
verdulero,VERB,23101
vergüenza,VERB,13928
verruga,VERB,24329
verter,PRON,17232
vertical,ADJ,23249
vestido,VERB,13876
vestiduras,VERB,21370
vestimenta,VERB,13366
vestirse,PRON,13877
vesícula seminal,VERB,16758
veterinario,PREP,25392
viajar,PRON,17772
viaje,VERB,17779
viaje espacial,VERB,25173
viajero,PREP,23693
vibráfono,VERB,23986
vida,VERB,15206
vida eterna,VERB,13945
videocinta,VERB,13128
videograbador,VERB,18011
videojuego,VERB,23449
videoteléfono,VERB,24781
vidrio,VERB,14442
viejo,ADJ,15915
viejo testamento,VERB,21070
viento,VERB,18255
viernes,VERB,14400
viernes santo,VERB,14455
vigilante,ADJ,18046
vigilar,PRON,18045
vikingo,PREP,22828
villancico,VERB,24623
villano,PREP,25166
vinagre,VERB,18013
vincular,PRON,13381
vino,VERB,18258
vino espumoso,VERB,22345
viola,VERB,23982
violación,VERB,16462
violencia,VERB,12327
violencia sexual,VERB,16766
violeta,NOUN,16436
violonchelo,VERB,23834
violín,VERB,23983
virginidad,VERB,18015
virgo,VERB,22642
virus,VERB,23711
visado,VERB,24337
vishnu,PREP,18016
visita,VERB,24859
visitante,PREP,18018
visitar,PRON,18017
visión,VERB,21300
visión de la vida,VERB,21607
visión profunda,VERB,21098
viso,VERB,17012
vispera de año nuevo,VERB,25475
vivero,VERB,23091
vivero de peces,VERB,24656
vivienda,VERB,14905
vivir,PRON,15222
vocación,VERB,21359
volar,PRON,14372
volcar,PRON,24090
volcán,VERB,18020
voleibol,VERB,21804
volquete,VERB,13890
voltaje,VERB,25396
volteo,PRON,24338
voltereta,VERB,24272
voltímetro,VERB,25397
voluntario,PREP,18021
volver,VERB,16499
vomitar,PRON,18022
vosotras,PREP,18302
vosotros,PREP,18302
votante,PREP,24092
voyerismo,VERB,18023
voz,VERB,23984
vuelo,VERB,14371
vuelo de cometas,VERB,22115
vuelo en globo,VERB,22108
vulva,VERB,18025
váter,VERB,17747
vía del tren,VERB,23628
vómito,VERB,24950
waterpolo,VERB,21805
windsurfing,VERB,21885
woden,PREP,22650
wok,VERB,22582
xilófono,VERB,23986
yahrzeit,VERB,18286
yate,VERB,20520
yegua,VERB,24186
yen,VERB,18293
yo,PREP,14916
yogur,VERB,18296
yogur congelado,VERB,22357
yogur de frutas,VERB,14407
yom kippur,VERB,18297
zampoña,VERB,23912
zanahoria,VERB,13124
zapato,VERB,16959
zapatos de tacón alto,VERB,25456
zarigüeya,VERB,15926
zarzamora,VERB,23417
zombie,PREP,25222
zona,VERB,23024
zoo,VERB,18475
zoología,VERB,21549
zoológico,VERB,18475
zorrillo,VERB,17005
zorro,VERB,14394
zorzal,VERB,17211
zoólogo,PREP,21566
zumbador,VERB,24616
zumbar,VERB,23884
zumo de frutas,VERB,14406
zumo de uva,VERB,14633
ácaro,VERB,15480
ácido,ADJ,16944
áfrica,VERB,22602
áfrica del sur,VERB,22615
águila,VERB,14686
ángel,PREP,12375
ángulo,VERB,12376
ángulo derecho,VERB,16674
árabe,VERB,25260
árbol,VERB,17775
árbol de navidad,VERB,21371
área,VERB,16193
ático,VERB,23026
átomo,VERB,12592
él,PREP,14687
éxito,VERB,17451
éxtasis,VERB,14120
índice,VERB,25089
íntimo,ADJ,14951
ópera,VERB,23597
óptico,PREP,23598
órgano,VERB,23911
órgano de tubos,VERB,23911
óvalo,VERB,15946
óvulo,VERB,13911
última,ADJ,23893
último dia del año,VERB,25477
último noche del año,VERB,25478
único,ADJ,12363
útero,VERB,17994
