lemma,pos,bci_av_id
24 h,VERB,23054
3 branches de dattier,VERB,15404
a0,VERB,14685
abeille,VERB,12651
abeille0,VERB,12651
abeilles,VERB,12651
abimé,ADJ,24421
aboie,VERB,24020
aboient,VERB,24020
aboiera,VERB,24020
aboierai,VERB,24020
aboieraient,VERB,24020
aboierais,VERB,24020
aboierait,VERB,24020
aboieras,VERB,24020
aboierez,VERB,24020
aboieriez,VERB,24020
aboierions,VERB,24020
aboierons,VERB,24020
aboieront,VERB,24020
aboies,VERB,24020
aboya,VERB,24020
aboyai,VERB,24020
aboyaient,VERB,24020
aboyais,VERB,24020
aboyait,VERB,24020
aboyant,VERB,24020
aboyas,VERB,24020
aboyasse,VERB,24020
aboyassent,VERB,24020
aboyasses,VERB,24020
aboyassiez,VERB,24020
aboyassions,VERB,24020
aboyer,PRON,24020
aboyez,VERB,24020
aboyiez,VERB,24020
aboyions,VERB,24020
aboyons,VERB,24020
aboyâmes,VERB,24020
aboyât,VERB,24020
aboyâtes,VERB,24020
aboyèrent,VERB,24020
aboyé,VERB,24020
aboyée,VERB,24020
aboyées,VERB,24020
aboyés,VERB,24020
abraham,PREP,21066
abri,VERB,16955
abri souterrain,VERB,17970
abri0,VERB,16955
abricot,VERB,12409
abricot sec,VERB,24012
abricot0,VERB,12409
abricots,VERB,12409
abris,VERB,16955
abrité,ADJ,24931
absorba,VERB,13940
absorbai,VERB,13940
absorbaient,VERB,13940
absorbais,VERB,13940
absorbait,VERB,13940
absorbant,VERB,13940
absorbas,VERB,13940
absorbasse,VERB,13940
absorbassent,VERB,13940
absorbasses,VERB,13940
absorbassiez,VERB,13940
absorbassions,VERB,13940
absorbe,VERB,13940
absorbent,VERB,13940
absorber,PRON,13940
absorbera,VERB,13940
absorberai,VERB,13940
absorberaient,VERB,13940
absorberais,VERB,13940
absorberait,VERB,13940
absorberas,VERB,13940
absorberez,VERB,13940
absorberiez,VERB,13940
absorberions,VERB,13940
absorberons,VERB,13940
absorberont,VERB,13940
absorbes,VERB,13940
absorbez,VERB,13940
absorbiez,VERB,13940
absorbions,VERB,13940
absorbons,VERB,13940
absorbâmes,VERB,13940
absorbât,VERB,13940
absorbâtes,VERB,13940
absorbèrent,VERB,13940
absorbé,VERB,13940
absorbée,VERB,13940
absorbées,VERB,13940
absorbés,VERB,13940
abstention,VERB,21308
abstention0,VERB,21308
abstentions,VERB,21308
abstinence,VERB,12326
abstinence d'alcool,VERB,24306
abstinence sexuelle,VERB,24047
abstinence0,VERB,12326
abstinences,VERB,12326
absurdité,VERB,15726
absurdité0,VERB,15726
absurdités,VERB,15726
abus,VERB,12327
abus d'alcool,VERB,24406
abus d'enfant,VERB,13167
abus sexuel,VERB,16766
académicien,PREP,21559
académicien0,VERB,21559
académicienne,VERB,21559
académiciennes,VERB,21559
académiciens,VERB,21559
accessoire,VERB,12328
accessoire0,VERB,12328
accessoires,VERB,12328
accident,VERB,12329
accident d'avion,VERB,13437
accident de voiture,VERB,13438
accident0,VERB,12329
accidents,VERB,12329
accompli,VERB,24401
accomplie,VERB,24401
accomplies,VERB,24401
accomplir,PRON,24401
accomplira,VERB,24401
accomplirai,VERB,24401
accompliraient,VERB,24401
accomplirais,VERB,24401
accomplirait,VERB,24401
accompliras,VERB,24401
accomplirent,VERB,24401
accomplirez,VERB,24401
accompliriez,VERB,24401
accomplirions,VERB,24401
accomplirons,VERB,24401
accompliront,VERB,24401
accomplis,VERB,24401
accomplissaient,VERB,24401
accomplissais,VERB,24401
accomplissait,VERB,24401
accomplissant,VERB,24401
accomplisse,VERB,24401
accomplissent,VERB,24401
accomplisses,VERB,24401
accomplissez,VERB,24401
accomplissiez,VERB,24401
accomplissions,VERB,24401
accomplissons,VERB,24401
accomplit,VERB,24401
accomplîmes,VERB,24401
accomplît,VERB,24401
accomplîtes,VERB,24401
accord,VERB,12354
accord verbal,VERB,24006
accord écrit,VERB,24007
accord0,VERB,12354
accords,VERB,12354
accordéon,VERB,23802
accordéon0,VERB,23802
accordéons,VERB,23802
accrocha,VERB,14673
accrochai,VERB,14673
accrochaient,VERB,14673
accrochais,VERB,14673
accrochait,VERB,14673
accrochant,VERB,14673
accrochas,VERB,14673
accrochasse,VERB,14673
accrochassent,VERB,14673
accrochasses,VERB,14673
accrochassiez,VERB,14673
accrochassions,VERB,14673
accroche,VERB,14673
accrochent,VERB,14673
accrocher,PRON,14673
accrochera,VERB,14673
accrocherai,VERB,14673
accrocheraient,VERB,14673
accrocherais,VERB,14673
accrocherait,VERB,14673
accrocheras,VERB,14673
accrocherez,VERB,14673
accrocheriez,VERB,14673
accrocherions,VERB,14673
accrocherons,VERB,14673
accrocheront,VERB,14673
accroches,VERB,14673
accrochez,VERB,14673
accrochiez,VERB,14673
accrochions,VERB,14673
accrochons,VERB,14673
accrochâmes,VERB,14673
accrochât,VERB,14673
accrochâtes,VERB,14673
accrochèrent,VERB,14673
accroché,VERB,14673
accrochée,VERB,14673
accrochées,VERB,14673
accrochés,VERB,14673
accueil,OTHER,18223
accueil0,VERB,18223
accueils,VERB,18223
accumulateur,VERB,12638
accumulateur0,VERB,12638
accumulateurs,VERB,12638
accumulatrice,VERB,12638
accumulatrices,VERB,12638
accusa,VERB,23003
accusai,VERB,23003
accusaient,VERB,23003
accusais,VERB,23003
accusait,VERB,23003
accusant,VERB,23003
accusas,VERB,23003
accusasse,VERB,23003
accusassent,VERB,23003
accusasses,VERB,23003
accusassiez,VERB,23003
accusassions,VERB,23003
accusation,VERB,23001
accusation0,VERB,23001
accusations,VERB,23001
accuse,VERB,23003
accusent,VERB,23003
accuser,PRON,23003
accusera,VERB,23003
accuserai,VERB,23003
accuseraient,VERB,23003
accuserais,VERB,23003
accuserait,VERB,23003
accuseras,VERB,23003
accuserez,VERB,23003
accuseriez,VERB,23003
accuserions,VERB,23003
accuserons,VERB,23003
accuseront,VERB,23003
accuses,VERB,23003
accusez,VERB,23003
accusiez,VERB,23003
accusions,VERB,23003
accusons,VERB,23003
accusâmes,VERB,23003
accusât,VERB,23003
accusâtes,VERB,23003
accusèrent,VERB,23003
accusé,VERB,23003
accusée,VERB,23003
accusées,VERB,23003
accusés,VERB,23003
achat par correspondance,VERB,23208
acheta,VERB,13099
achetai,VERB,13099
achetaient,VERB,13099
achetais,VERB,13099
achetait,VERB,13099
achetant,VERB,13099
achetas,VERB,13099
achetasse,VERB,13099
achetassent,VERB,13099
achetasses,VERB,13099
achetassiez,VERB,13099
achetassions,VERB,13099
acheter,PRON,13099
acheter à profusion,PRON,24758
achetez,VERB,13099
achetiez,VERB,13099
achetions,VERB,13099
achetons,VERB,13099
achetâmes,VERB,13099
achetât,VERB,13099
achetâtes,VERB,13099
achetèrent,VERB,13099
acheté,VERB,13099
achetée,VERB,13099
achetées,VERB,13099
achetés,VERB,13099
acheva,VERB,14181
achevai,VERB,14181
achevaient,VERB,14181
achevais,VERB,14181
achevait,VERB,14181
achevant,VERB,14181
achevas,VERB,14181
achevasse,VERB,14181
achevassent,VERB,14181
achevasses,VERB,14181
achevassiez,VERB,14181
achevassions,VERB,14181
achever,PRON,14181
achevez,VERB,14181
acheviez,VERB,14181
achevions,VERB,14181
achevons,VERB,14181
achevâmes,VERB,14181
achevât,VERB,14181
achevâtes,VERB,14181
achevèrent,VERB,14181
achevé,VERB,14181
achevée,VERB,14181
achevées,VERB,14181
achevés,VERB,14181
achète,VERB,13099
achètent,VERB,13099
achètera,VERB,13099
achèterai,VERB,13099
achèteraient,VERB,13099
achèterais,VERB,13099
achèterait,VERB,13099
achèteras,VERB,13099
achèterez,VERB,13099
achèteriez,VERB,13099
achèterions,VERB,13099
achèterons,VERB,13099
achèteront,VERB,13099
achètes,VERB,13099
achève,VERB,14181
achèvent,VERB,14181
achèvera,VERB,14181
achèverai,VERB,14181
achèveraient,VERB,14181
achèverais,VERB,14181
achèverait,VERB,14181
achèveras,VERB,14181
achèverez,VERB,14181
achèveriez,VERB,14181
achèverions,VERB,14181
achèverons,VERB,14181
achèveront,VERB,14181
achèves,VERB,14181
acide,ADJ,16944
acide0,VERB,16944
acides,VERB,16944
acier,VERB,17258
acier0,VERB,17258
aciers,VERB,17258
acné,VERB,12332
acné0,VERB,12332
acnés,VERB,12332
acrobate,PREP,24001
acrobate0,VERB,24001
acrobates,VERB,24001
acrobatie,VERB,24002
acrobatie0,VERB,24002
acrobaties,VERB,24002
actif,ADJ,12336
actif0,VERB,12336
actifs,VERB,12336
actinie,VERB,23653
actinie0,VERB,23653
actinies,VERB,23653
action,VERB,12334
action de grâce,VERB,17534
action en faveur,VERB,23007
action0,VERB,12334
actionner l'interrupteur,PRON,17488
actions,VERB,12334
active,VERB,12336
actives,VERB,12336
activité,VERB,12335
activité sexuelle,VERB,24257
activité0,VERB,12335
activités,VERB,12335
actualité,VERB,13625
actualité0,VERB,13625
actualités,VERB,13625
actuel,ADJ,13624
actuel0,VERB,13624
actuelle,VERB,13624
actuelles,VERB,13624
actuels,VERB,13624
acupuncteur,PREP,21605
acupuncteur0,VERB,21605
acupuncteurs,VERB,21605
acupunctrice,VERB,21605
acupunctrices,VERB,21605
acéré,ADJ,16943
adam,PREP,21063
adar,VERB,12337
additif,VERB,24003
additif0,VERB,24003
additifs,VERB,24003
addition,VERB,12339
addition0,VERB,12339
additions,VERB,12339
additive,VERB,24003
additives,VERB,24003
adepte,PREP,24083
adepte0,VERB,24083
adeptes,VERB,24083
admiration,VERB,16494
admiration0,VERB,16494
admirations,VERB,16494
adolescence,VERB,12340
adolescence0,VERB,12340
adolescences,VERB,12340
adolescent,PREP,17516
adolescent0,VERB,17516
adolescente,VERB,17516
adolescentes,VERB,17516
adolescents,VERB,17516
adorable,ADJ,15398
adorable0,VERB,15398
adorables,VERB,15398
adresse de courriel,VERB,23486
adresse e-mail,VERB,23486
adresse postale,VERB,23402
adulte,PREP,12341
adulte0,VERB,12341
adultes,VERB,12341
aegir,PREP,22821
affamé,ADJ,14912
affamé0,VERB,14912
affamée,VERB,14912
affamées,VERB,14912
affamés,VERB,14912
affection,VERB,15399
affection0,VERB,15399
affections,VERB,15399
affiche,VERB,12344
affiche0,VERB,12344
affiches,VERB,12344
afflux,VERB,14201
affreuse,VERB,21289
affreuses,VERB,21289
affreux,ADJ,21289
affreux0,VERB,21289
afrique,VERB,22602
afrique du sud,VERB,22615
agace,VERB,21361
agacent,VERB,21361
agacer,PRON,21361
agacera,VERB,21361
agacerai,VERB,21361
agaceraient,VERB,21361
agacerais,VERB,21361
agacerait,VERB,21361
agaceras,VERB,21361
agacerez,VERB,21361
agaceriez,VERB,21361
agacerions,VERB,21361
agacerons,VERB,21361
agaceront,VERB,21361
agaces,VERB,21361
agacez,VERB,21361
agaciez,VERB,21361
agacions,VERB,21361
agacèrent,VERB,21361
agacé,VERB,21361
agacée,VERB,21361
agacées,VERB,21361
agacés,VERB,21361
agaça,VERB,21361
agaçai,VERB,21361
agaçaient,VERB,21361
agaçais,VERB,21361
agaçait,VERB,21361
agaçant,VERB,21361
agaças,VERB,21361
agaçasse,VERB,21361
agaçassent,VERB,21361
agaçasses,VERB,21361
agaçassiez,VERB,21361
agaçassions,VERB,21361
agaçons,VERB,21361
agaçâmes,VERB,21361
agaçât,VERB,21361
agaçâtes,VERB,21361
agenda,VERB,24603
agenda0,VERB,24603
agendas,VERB,24603
agenouilla,VERB,15158
agenouillai,VERB,15158
agenouillaient,VERB,15158
agenouillais,VERB,15158
agenouillait,VERB,15158
agenouillant,VERB,15158
agenouillas,VERB,15158
agenouillasse,VERB,15158
agenouillassent,VERB,15158
agenouillasses,VERB,15158
agenouillassiez,VERB,15158
agenouillassions,VERB,15158
agenouille,VERB,15158
agenouillent,VERB,15158
agenouiller,VERB,15158
agenouiller-,PRON,15158
agenouillera,VERB,15158
agenouillerai,VERB,15158
agenouilleraient,VERB,15158
agenouillerais,VERB,15158
agenouillerait,VERB,15158
agenouilleras,VERB,15158
agenouillerez,VERB,15158
agenouilleriez,VERB,15158
agenouillerions,VERB,15158
agenouillerons,VERB,15158
agenouilleront,VERB,15158
agenouilles,VERB,15158
agenouillez,VERB,15158
agenouilliez,VERB,15158
agenouillions,VERB,15158
agenouillons,VERB,15158
agenouillâmes,VERB,15158
agenouillât,VERB,15158
agenouillâtes,VERB,15158
agenouillèrent,VERB,15158
agenouillé,VERB,15158
agenouillée,VERB,15158
agenouillées,VERB,15158
agenouillés,VERB,15158
agi,VERB,13860
agir,PRON,13860
agir en faveur de,PRON,23005
agira,VERB,13860
agirai,VERB,13860
agiraient,VERB,13860
agirais,VERB,13860
agirait,VERB,13860
agiras,VERB,13860
agirent,VERB,13860
agirez,VERB,13860
agiriez,VERB,13860
agirions,VERB,13860
agirons,VERB,13860
agiront,VERB,13860
agis,VERB,13860
agissaient,VERB,13860
agissais,VERB,13860
agissait,VERB,13860
agissant,VERB,13860
agisse,VERB,13860
agissent,VERB,13860
agisses,VERB,13860
agissez,VERB,13860
agissiez,VERB,13860
agissions,VERB,13860
agissons,VERB,13860
agit,VERB,13860
agita,VERB,16934
agitai,VERB,16934
agitaient,VERB,16934
agitais,VERB,16934
agitait,VERB,16934
agitant,VERB,16934
agitas,VERB,16934
agitasse,VERB,16934
agitassent,VERB,16934
agitasses,VERB,16934
agitassiez,VERB,16934
agitassions,VERB,16934
agitation,VERB,24822
agitation0,VERB,24822
agitations,VERB,24822
agite,VERB,16934
agitent,VERB,16934
agiter,PRON,16934
agitera,VERB,16934
agiterai,VERB,16934
agiteraient,VERB,16934
agiterais,VERB,16934
agiterait,VERB,16934
agiteras,VERB,16934
agiterez,VERB,16934
agiteriez,VERB,16934
agiterions,VERB,16934
agiterons,VERB,16934
agiteront,VERB,16934
agites,VERB,16934
agitez,VERB,16934
agitiez,VERB,16934
agitions,VERB,16934
agitons,VERB,16934
agitâmes,VERB,16934
agitât,VERB,16934
agitâtes,VERB,16934
agitèrent,VERB,16934
agité,VERB,16934
agitée,VERB,16934
agitées,VERB,16934
agités,VERB,16934
agneau,VERB,15170
agneau0,VERB,15170
agneaux,VERB,15170
agnelet,VERB,24475
agnelet0,VERB,24475
agnelets,VERB,24475
agnelle,VERB,15170
agnelles,VERB,15170
agnosticisme,VERB,24005
agnosticisme0,VERB,24005
agnosticismes,VERB,24005
agrume,VERB,15933
agrume0,VERB,15933
agrumes,VERB,15933
agréable,ADJ,15717
agréable0,VERB,15717
agréables,VERB,15717
agîmes,VERB,13860
agît,VERB,13860
agîtes,VERB,13860
ai,VERB,14685
aida,VERB,14705
aidai,VERB,14705
aidaient,VERB,14705
aidais,VERB,14705
aidait,VERB,14705
aidant,VERB,14705
aidas,VERB,14705
aidasse,VERB,14705
aidassent,VERB,14705
aidasses,VERB,14705
aidassiez,VERB,14705
aidassions,VERB,14705
aide,VERB,14704
aide financière,VERB,24113
aide technique,VERB,12355
aide technique médicale,VERB,12890
aide technique pour la sexualité,VERB,24258
aide technique pour marcher,VERB,24298
aide technique pour saisir,VERB,22567
aide0,VERB,14704
aident,VERB,14705
aider,PRON,14705
aidera,VERB,14705
aiderai,VERB,14705
aideraient,VERB,14705
aiderais,VERB,14705
aiderait,VERB,14705
aideras,VERB,14705
aiderez,VERB,14705
aideriez,VERB,14705
aiderions,VERB,14705
aiderons,VERB,14705
aideront,VERB,14705
aides,VERB,14704
aidez,VERB,14705
aidiez,VERB,14705
aidions,VERB,14705
aidons,VERB,14705
aidâmes,VERB,14705
aidât,VERB,14705
aidâtes,VERB,14705
aidèrent,VERB,14705
aidé,VERB,14705
aidée,VERB,14705
aidées,VERB,14705
aidés,VERB,14705
aie,VERB,14685
aient,VERB,14685
aies,VERB,14685
aigle,VERB,14686
aigle0,VERB,14686
aigles,VERB,14686
aigre,ADJ,16944
aigre0,VERB,16944
aigres,VERB,16944
aiguille,VERB,15703
aiguille de seringue hypodermique,VERB,15704
aiguille0,VERB,15703
aiguilles,VERB,15703
aiguisé,ADJ,16943
ail,VERB,14423
ail0,VERB,14423
aile,VERB,18259
aile0,VERB,18259
ailes,VERB,18259
aille,VERB,14449
aillent,VERB,14449
ailles,VERB,14449
ails,VERB,14423
aima,VERB,15210
aimable,ADJ,15149
aimable0,VERB,15149
aimables,VERB,15149
aimai,VERB,15210
aimaient,VERB,15210
aimais,VERB,15210
aimait,VERB,15210
aimant,VERB,15210
aimas,VERB,15210
aimasse,VERB,15210
aimassent,VERB,15210
aimasses,VERB,15210
aimassiez,VERB,15210
aimassions,VERB,15210
aime,VERB,15210
aiment,VERB,15210
aimer,PRON,15210
aimera,VERB,15210
aimerai,VERB,15210
aimeraient,VERB,15210
aimerais,VERB,15210
aimerait,VERB,15210
aimeras,VERB,15210
aimerez,VERB,15210
aimeriez,VERB,15210
aimerions,VERB,15210
aimerons,VERB,15210
aimeront,VERB,15210
aimes,VERB,15210
aimez,VERB,15210
aimiez,VERB,15210
aimions,VERB,15210
aimons,VERB,15210
aimâmes,VERB,15210
aimât,VERB,15210
aimâtes,VERB,15210
aimèrent,VERB,15210
aimé,VERB,15210
aimée,VERB,15210
aimées,VERB,15210
aimés,VERB,15210
ainsi que,NOUN,12374
air,VERB,12356
air0,VERB,12356
aire de stationnement,VERB,24206
airelle,VERB,13433
airelle0,VERB,13433
airelles,VERB,13433
airs,VERB,12356
ait,VERB,14685
ajouta,VERB,12338
ajoutai,VERB,12338
ajoutaient,VERB,12338
ajoutais,VERB,12338
ajoutait,VERB,12338
ajoutant,VERB,12338
ajoutas,VERB,12338
ajoutasse,VERB,12338
ajoutassent,VERB,12338
ajoutasses,VERB,12338
ajoutassiez,VERB,12338
ajoutassions,VERB,12338
ajoute,VERB,12338
ajoutent,VERB,12338
ajouter,PRON,12338
ajoutera,VERB,12338
ajouterai,VERB,12338
ajouteraient,VERB,12338
ajouterais,VERB,12338
ajouterait,VERB,12338
ajouteras,VERB,12338
ajouterez,VERB,12338
ajouteriez,VERB,12338
ajouterions,VERB,12338
ajouterons,VERB,12338
ajouteront,VERB,12338
ajoutes,VERB,12338
ajoutez,VERB,12338
ajoutiez,VERB,12338
ajoutions,VERB,12338
ajoutons,VERB,12338
ajoutâmes,VERB,12338
ajoutât,VERB,12338
ajoutâtes,VERB,12338
ajoutèrent,VERB,12338
ajouté,VERB,12338
ajoutée,VERB,12338
ajoutées,VERB,12338
ajoutés,VERB,12338
alcoolisme,VERB,24405
alcoolisme0,VERB,24405
alcoolismes,VERB,24405
algue,VERB,23658
algue0,VERB,23658
algues,VERB,23658
aliment,VERB,14377
aliment farci,VERB,23503
aliment surgelé,VERB,14404
aliment0,VERB,14377
aliments,VERB,14377
alla,VERB,14449
allah,PREP,21035
allai,VERB,14449
allaient,VERB,14449
allais,VERB,14449
allait,VERB,14449
allant,VERB,14449
allas,VERB,14449
allasse,VERB,14449
allassent,VERB,14449
allasses,VERB,14449
allassiez,VERB,14449
allassions,VERB,14449
aller,PRON,12343
aller au pas,PRON,24327
aller au petit galop,PRON,24044
aller en avion,PRON,21834
aller en voiture,PRON,21833
aller à cheval,PRON,21835
aller à l'amble,PRON,24230
aller à pied,PRON,18031
aller à selles,PRON,15668
aller-,PRON,14449
allergie,VERB,24407
allergie0,VERB,24407
allergies,VERB,24407
allez,VERB,14449
allez-vous-en,VERB,14449
allez-y,VERB,14449
alliez,VERB,14449
alligator,VERB,12362
alligator0,VERB,12362
alligators,VERB,12362
allions,VERB,14449
allonge,VERB,15205
allongea,VERB,15205
allongeai,VERB,15205
allongeaient,VERB,15205
allongeais,VERB,15205
allongeait,VERB,15205
allongeant,VERB,15205
allongeas,VERB,15205
allongeasse,VERB,15205
allongeassent,VERB,15205
allongeasses,VERB,15205
allongeassiez,VERB,15205
allongeassions,VERB,15205
allongent,VERB,15205
allongeons,VERB,15205
allonger,VERB,15205
allonger-,PRON,15205
allongera,VERB,15205
allongerai,VERB,15205
allongeraient,VERB,15205
allongerais,VERB,15205
allongerait,VERB,15205
allongeras,VERB,15205
allongerez,VERB,15205
allongeriez,VERB,15205
allongerions,VERB,15205
allongerons,VERB,15205
allongeront,VERB,15205
allonges,VERB,15205
allongez,VERB,15205
allongeâmes,VERB,15205
allongeât,VERB,15205
allongeâtes,VERB,15205
allongiez,VERB,15205
allongions,VERB,15205
allongèrent,VERB,15205
allongé,VERB,15205
allongée,VERB,15205
allongées,VERB,15205
allongés,VERB,15205
allons,VERB,14449
allons-nous-en,VERB,14449
allons-y,VERB,14449
alluma,VERB,24300
allumai,VERB,24300
allumaient,VERB,24300
allumais,VERB,24300
allumait,VERB,24300
allumant,VERB,24300
allumas,VERB,24300
allumasse,VERB,24300
allumassent,VERB,24300
allumasses,VERB,24300
allumassiez,VERB,24300
allumassions,VERB,24300
allume,VERB,24300
allument,VERB,24300
allumer,PRON,24300
allumera,VERB,24300
allumerai,VERB,24300
allumeraient,VERB,24300
allumerais,VERB,24300
allumerait,VERB,24300
allumeras,VERB,24300
allumerez,VERB,24300
allumeriez,VERB,24300
allumerions,VERB,24300
allumerons,VERB,24300
allumeront,VERB,24300
allumes,VERB,24300
allumette,VERB,15430
allumette0,VERB,15430
allumettes,VERB,15430
allumez,VERB,24300
allumiez,VERB,24300
allumions,VERB,24300
allumons,VERB,24300
allumâmes,VERB,24300
allumât,VERB,24300
allumâtes,VERB,24300
allumèrent,VERB,24300
allumé,VERB,24300
allumée,VERB,24300
allumées,VERB,24300
allumés,VERB,24300
allâmes,VERB,14449
allât,VERB,14449
allâtes,VERB,14449
allèrent,VERB,14449
allé,VERB,14449
allée,VERB,24328
allée0,VERB,24328
allées,VERB,14449
allés,VERB,14449
alors,NOUN,12352
alpana,VERB,12365
alphabet,VERB,12366
alphabet runique,VERB,22830
alphabet signé,VERB,23506
alphabet0,VERB,12366
alphabets,VERB,12366
alpinisme,VERB,22109
alpinisme0,VERB,22109
alpinismes,VERB,22109
altimètre,VERB,23018
altimètre0,VERB,23018
altimètres,VERB,23018
alto,VERB,23803
alto0,VERB,23803
altos,VERB,23803
ambulance,VERB,12369
ambulance0,VERB,12369
ambulances,VERB,12369
amen,OTHER,21312
amena,VERB,12904
amenai,VERB,12904
amenaient,VERB,12904
amenais,VERB,12904
amenait,VERB,12904
amenant,VERB,12904
amenas,VERB,12904
amenasse,VERB,12904
amenassent,VERB,12904
amenasses,VERB,12904
amenassiez,VERB,12904
amenassions,VERB,12904
amende,VERB,23082
amende0,VERB,23082
amendes,VERB,23082
amener,PRON,12904
amenez,VERB,12904
ameniez,VERB,12904
amenions,VERB,12904
amenons,VERB,12904
amenâmes,VERB,12904
amenât,VERB,12904
amenâtes,VERB,12904
amenèrent,VERB,12904
amené,VERB,12904
amenée,VERB,12904
amenées,VERB,12904
amenés,VERB,12904
amer,ADJ,12848
amer0,VERB,12848
amers,VERB,12848
ami,PREP,14401
ami0,VERB,14401
amie,VERB,14401
amies,VERB,14401
amis,VERB,14401
amnésie,VERB,24899
amnésie0,VERB,24899
amnésies,VERB,24899
amour,VERB,15399
amour chrétien,VERB,21304
amour0,VERB,15399
amoureuse,VERB,24815
amoureuses,VERB,24815
amoureux,ADJ,24815
amoureux0,VERB,24815
amours,VERB,15399
amphibien,VERB,12371
amphibien0,VERB,12371
amphibienne,VERB,12371
amphibiennes,VERB,12371
amphibiens,VERB,12371
amplificateur,VERB,23804
amplificateur0,VERB,23804
amplificateur_,VERB,23804
amplificateurs,VERB,23804
amplificatrice,VERB,23804
amplificatrices,VERB,23804
amusa,VERB,13938
amusai,VERB,13938
amusaient,VERB,13938
amusais,VERB,13938
amusait,VERB,13938
amusant,ADJ,14414
amusant0,VERB,14414
amusante,VERB,14414
amusantes,VERB,14414
amusants,VERB,14414
amusas,VERB,13938
amusasse,VERB,13938
amusassent,VERB,13938
amusasses,VERB,13938
amusassiez,VERB,13938
amusassions,VERB,13938
amuse,VERB,13938
amuse-gueule,VERB,22118
amuse-gueule0,VERB,22118
amuse-gueules,VERB,22118
amusement,VERB,24824
amusement0,VERB,24824
amusements,VERB,24824
amusent,VERB,13938
amuser,PRON,12372
amuser-,PRON,13938
amusera,VERB,13938
amuserai,VERB,13938
amuseraient,VERB,13938
amuserais,VERB,13938
amuserait,VERB,13938
amuseras,VERB,13938
amuserez,VERB,13938
amuseriez,VERB,13938
amuserions,VERB,13938
amuserons,VERB,13938
amuseront,VERB,13938
amuses,VERB,13938
amusez,VERB,13938
amusiez,VERB,13938
amusions,VERB,13938
amusons,VERB,13938
amusâmes,VERB,13938
amusât,VERB,13938
amusâtes,VERB,13938
amusèrent,VERB,13938
amusé,VERB,13938
amusée,VERB,13938
amusées,VERB,13938
amusés,VERB,13938
amène,VERB,12904
amènent,VERB,12904
amènera,VERB,12904
amènerai,VERB,12904
amèneraient,VERB,12904
amènerais,VERB,12904
amènerait,VERB,12904
amèneras,VERB,12904
amènerez,VERB,12904
amèneriez,VERB,12904
amènerions,VERB,12904
amènerons,VERB,12904
amèneront,VERB,12904
amènes,VERB,12904
améliora,VERB,14931
améliorai,VERB,14931
amélioraient,VERB,14931
améliorais,VERB,14931
améliorait,VERB,14931
améliorant,VERB,14931
amélioras,VERB,14931
améliorasse,VERB,14931
améliorassent,VERB,14931
améliorasses,VERB,14931
améliorassiez,VERB,14931
améliorassions,VERB,14931
amélioration,VERB,24856
amélioration0,VERB,24856
améliorations,VERB,24856
améliore,VERB,14931
améliorent,VERB,14931
améliorer,PRON,14931
améliorera,VERB,14931
améliorerai,VERB,14931
amélioreraient,VERB,14931
améliorerais,VERB,14931
améliorerait,VERB,14931
amélioreras,VERB,14931
améliorerez,VERB,14931
amélioreriez,VERB,14931
améliorerions,VERB,14931
améliorerons,VERB,14931
amélioreront,VERB,14931
améliores,VERB,14931
améliorez,VERB,14931
amélioriez,VERB,14931
améliorions,VERB,14931
améliorons,VERB,14931
améliorâmes,VERB,14931
améliorât,VERB,14931
améliorâtes,VERB,14931
améliorèrent,VERB,14931
amélioré,VERB,14931
améliorée,VERB,14931
améliorées,VERB,14931
améliorés,VERB,14931
aménorrhée,VERB,12370
aménorrhée0,VERB,12370
aménorrhées,VERB,12370
amérique du nord,VERB,22607
amérique du sud,VERB,22608
an dernier,VERB,15176
ananas,VERB,16182
anche,VERB,23942
anche0,VERB,23942
anches,VERB,23942
ancien,ADJ,23910
ancien testament,VERB,21070
ancien0,VERB,23910
ancienne,VERB,23910
anciennes,VERB,23910
anciens,VERB,23910
ancre,VERB,24604
ancre0,VERB,24604
ancres,VERB,24604
ancêtre,PREP,21325
ancêtre0,VERB,21325
ancêtres,VERB,21325
anecdote,VERB,17272
anecdote0,VERB,17272
anecdotes,VERB,17272
ange,PREP,12375
ange0,VERB,20570
ange_,PREP,20570
anges,VERB,20570
anglais,VERB,23078
anglais0,VERB,23078
anglaise,VERB,23078
anglaises,VERB,23078
angle,VERB,12376
angle droit,VERB,16674
angle0,VERB,12376
angles,VERB,12376
angleterre,VERB,22610
angoissa,VERB,24943
angoissai,VERB,24943
angoissaient,VERB,24943
angoissais,VERB,24943
angoissait,VERB,24943
angoissant,VERB,24943
angoissas,VERB,24943
angoissasse,VERB,24943
angoissassent,VERB,24943
angoissasses,VERB,24943
angoissassiez,VERB,24943
angoissassions,VERB,24943
angoisse,VERB,24943
angoissent,VERB,24943
angoisser,VERB,24943
angoisser-,PRON,24943
angoissera,VERB,24943
angoisserai,VERB,24943
angoisseraient,VERB,24943
angoisserais,VERB,24943
angoisserait,VERB,24943
angoisseras,VERB,24943
angoisserez,VERB,24943
angoisseriez,VERB,24943
angoisserions,VERB,24943
angoisserons,VERB,24943
angoisseront,VERB,24943
angoisses,VERB,24943
angoissez,VERB,24943
angoissiez,VERB,24943
angoissions,VERB,24943
angoissons,VERB,24943
angoissâmes,VERB,24943
angoissât,VERB,24943
angoissâtes,VERB,24943
angoissèrent,VERB,24943
angoissé,VERB,24943
angoissée,VERB,24943
angoissées,VERB,24943
angoissés,VERB,24943
anguille,VERB,13909
anguille0,VERB,13909
anguilles,VERB,13909
animal,VERB,12378
animal de compagnie,VERB,16168
animal en peluche,VERB,17764
animal familier,VERB,16168
animal0,VERB,12378
animaux,VERB,12378
anneau,VERB,16675
anneau0,VERB,16675
anneaux,VERB,16675
annexa,VERB,14154
annexai,VERB,14154
annexaient,VERB,14154
annexais,VERB,14154
annexait,VERB,14154
annexant,VERB,14154
annexas,VERB,14154
annexasse,VERB,14154
annexassent,VERB,14154
annexasses,VERB,14154
annexassiez,VERB,14154
annexassions,VERB,14154
annexe,VERB,23409
annexe0,VERB,23409
annexent,VERB,14154
annexer,PRON,14154
annexera,VERB,14154
annexerai,VERB,14154
annexeraient,VERB,14154
annexerais,VERB,14154
annexerait,VERB,14154
annexeras,VERB,14154
annexerez,VERB,14154
annexeriez,VERB,14154
annexerions,VERB,14154
annexerons,VERB,14154
annexeront,VERB,14154
annexes,VERB,14154
annexez,VERB,14154
annexiez,VERB,14154
annexions,VERB,14154
annexons,VERB,14154
annexâmes,VERB,14154
annexât,VERB,14154
annexâtes,VERB,14154
annexèrent,VERB,14154
annexé,VERB,14154
annexée,VERB,14154
annexées,VERB,14154
annexés,VERB,14154
anniversaire,VERB,12392
anniversaire du décès,VERB,18286
anniversaire0,VERB,12392
anniversaires,VERB,12392
annonce,VERB,16977
annonce publicitaire,VERB,12344
annonce0,VERB,16977
annonces,VERB,16977
annula,VERB,23700
annulai,VERB,23700
annulaient,VERB,23700
annulais,VERB,23700
annulait,VERB,23700
annulant,VERB,23700
annulas,VERB,23700
annulasse,VERB,23700
annulassent,VERB,23700
annulasses,VERB,23700
annulassiez,VERB,23700
annulassions,VERB,23700
annule,VERB,23700
annulent,VERB,23700
annuler,PRON,23700
annulera,VERB,23700
annulerai,VERB,23700
annuleraient,VERB,23700
annulerais,VERB,23700
annulerait,VERB,23700
annuleras,VERB,23700
annulerez,VERB,23700
annuleriez,VERB,23700
annulerions,VERB,23700
annulerons,VERB,23700
annuleront,VERB,23700
annules,VERB,23700
annulez,VERB,23700
annuliez,VERB,23700
annulions,VERB,23700
annulons,VERB,23700
annulâmes,VERB,23700
annulât,VERB,23700
annulâtes,VERB,23700
annulèrent,VERB,23700
annulé,VERB,23700
annulée,VERB,23700
annulées,VERB,23700
annulés,VERB,23700
année,VERB,18289
année passée,VERB,15176
année prochaine,VERB,15716
année-lumière,VERB,22634
année0,VERB,18289
années,VERB,18289
antarctique,VERB,22603
antarctique0,VERB,22603
antarctiques,VERB,22603
antenne,VERB,24602
antenne parabolique_,VERB,24740
antenne0,VERB,24602
antennes,VERB,24602
anthropologie,VERB,21548
anthropologie0,VERB,21548
anthropologies,VERB,21548
anthropologue,PREP,24840
anthropologue0,VERB,24840
anthropologues,VERB,24840
anticipa,VERB,14127
anticipai,VERB,14127
anticipaient,VERB,14127
anticipais,VERB,14127
anticipait,VERB,14127
anticipant,VERB,14127
anticipas,VERB,14127
anticipasse,VERB,14127
anticipassent,VERB,14127
anticipasses,VERB,14127
anticipassiez,VERB,14127
anticipassions,VERB,14127
anticipation,VERB,14128
anticipation0,VERB,14128
anticipations,VERB,14128
anticipe,VERB,14127
anticipent,VERB,14127
anticiper,PRON,14127
anticipera,VERB,14127
anticiperai,VERB,14127
anticiperaient,VERB,14127
anticiperais,VERB,14127
anticiperait,VERB,14127
anticiperas,VERB,14127
anticiperez,VERB,14127
anticiperiez,VERB,14127
anticiperions,VERB,14127
anticiperons,VERB,14127
anticiperont,VERB,14127
anticipes,VERB,14127
anticipez,VERB,14127
anticipiez,VERB,14127
anticipions,VERB,14127
anticipons,VERB,14127
anticipâmes,VERB,14127
anticipât,VERB,14127
anticipâtes,VERB,14127
anticipèrent,VERB,14127
anticipé,VERB,14127
anticipée,VERB,14127
anticipées,VERB,14127
anticipés,VERB,14127
antipathie,VERB,13691
antipathie0,VERB,13691
antipathies,VERB,13691
antivirus,VERB,23403
antécédent,ADJ,24218
antécédent0,VERB,24218
antécédente,VERB,24218
antécédentes,VERB,24218
antécédents,VERB,24218
antérieur à,NOUN,12656
anus,VERB,12396
anxieuse,VERB,12398
anxieuses,VERB,12398
anxieux,ADJ,12398
anxieux0,VERB,12398
anxiété,VERB,12397
anxiété0,VERB,12397
anxiétés,VERB,12397
anémomètre,VERB,23019
anémomètre0,VERB,23019
anémomètres,VERB,23019
anémone de mer,VERB,23653
août,VERB,12595
août0,VERB,12595
aoûts,VERB,12595
apparais,VERB,21079
apparaissaient,VERB,21079
apparaissais,VERB,21079
apparaissait,VERB,21079
apparaissant,VERB,21079
apparaisse,VERB,21079
apparaissent,VERB,21079
apparaisses,VERB,21079
apparaissez,VERB,21079
apparaissiez,VERB,21079
apparaissions,VERB,21079
apparaissons,VERB,21079
apparaît,VERB,21079
apparaîtra,VERB,21079
apparaîtrai,VERB,21079
apparaîtraient,VERB,21079
apparaîtrais,VERB,21079
apparaîtrait,VERB,21079
apparaîtras,VERB,21079
apparaître,PRON,21079
apparaîtrez,VERB,21079
apparaîtriez,VERB,21079
apparaîtrions,VERB,21079
apparaîtrons,VERB,21079
apparaîtront,VERB,21079
appareil,VERB,15406
appareil auditif,VERB,13895
appareil d'assistance respiratoire,VERB,24239
appareil ménager,VERB,22393
appareil photographique,VERB,13111
appareil0,VERB,15406
appareils,VERB,15406
apparition,VERB,21078
apparition0,VERB,21078
apparitions,VERB,21078
appartement,VERB,12403
appartement0,VERB,12403
appartements,VERB,12403
appartenance,OTHER,12663
appartenance0,VERB,12663
appartenances,VERB,12663
apparu,VERB,21079
apparue,VERB,21079
apparues,VERB,21079
apparurent,VERB,21079
apparus,VERB,21079
apparusse,VERB,21079
apparussent,VERB,21079
apparusses,VERB,21079
apparussiez,VERB,21079
apparussions,VERB,21079
apparut,VERB,21079
apparûmes,VERB,21079
apparût,VERB,21079
apparûtes,VERB,21079
appauvri,VERB,21307
appauvrie,VERB,21307
appauvries,VERB,21307
appauvrir,PRON,21307
appauvrira,VERB,21307
appauvrirai,VERB,21307
appauvriraient,VERB,21307
appauvrirais,VERB,21307
appauvrirait,VERB,21307
appauvriras,VERB,21307
appauvrirent,VERB,21307
appauvrirez,VERB,21307
appauvririez,VERB,21307
appauvririons,VERB,21307
appauvrirons,VERB,21307
appauvriront,VERB,21307
appauvris,VERB,21307
appauvrissaient,VERB,21307
appauvrissais,VERB,21307
appauvrissait,VERB,21307
appauvrissant,VERB,21307
appauvrisse,VERB,21307
appauvrissent,VERB,21307
appauvrisses,VERB,21307
appauvrissez,VERB,21307
appauvrissiez,VERB,21307
appauvrissions,VERB,21307
appauvrissons,VERB,21307
appauvrit,VERB,21307
appauvrîmes,VERB,21307
appauvrît,VERB,21307
appauvrîtes,VERB,21307
appela,VERB,24874
appelai,VERB,24874
appelaient,VERB,24874
appelais,VERB,24874
appelait,VERB,24874
appelant,VERB,24874
appelas,VERB,24874
appelasse,VERB,24874
appelassent,VERB,24874
appelasses,VERB,24874
appelassiez,VERB,24874
appelassions,VERB,24874
appeler,PRON,22904
appeler-,PRON,24874
appelez,VERB,24874
appeliez,VERB,24874
appelions,VERB,24874
appelle,VERB,24874
appellent,VERB,24874
appellera,VERB,24874
appellerai,VERB,24874
appelleraient,VERB,24874
appellerais,VERB,24874
appellerait,VERB,24874
appelleras,VERB,24874
appellerez,VERB,24874
appelleriez,VERB,24874
appellerions,VERB,24874
appellerons,VERB,24874
appelleront,VERB,24874
appelles,VERB,24874
appelons,VERB,24874
appelâmes,VERB,24874
appelât,VERB,24874
appelâtes,VERB,24874
appelèrent,VERB,24874
appelé,VERB,24874
appelée,VERB,24874
appelées,VERB,24874
appelés,VERB,24874
apporta,VERB,12904
apportai,VERB,12904
apportaient,VERB,12904
apportais,VERB,12904
apportait,VERB,12904
apportant,VERB,12904
apportas,VERB,12904
apportasse,VERB,12904
apportassent,VERB,12904
apportasses,VERB,12904
apportassiez,VERB,12904
apportassions,VERB,12904
apporte,VERB,12904
apportent,VERB,12904
apporter,PRON,12904
apportera,VERB,12904
apporterai,VERB,12904
apporteraient,VERB,12904
apporterais,VERB,12904
apporterait,VERB,12904
apporteras,VERB,12904
apporterez,VERB,12904
apporteriez,VERB,12904
apporterions,VERB,12904
apporterons,VERB,12904
apporteront,VERB,12904
apportes,VERB,12904
apportez,VERB,12904
apportiez,VERB,12904
apportions,VERB,12904
apportons,VERB,12904
apportâmes,VERB,12904
apportât,VERB,12904
apportâtes,VERB,12904
apportèrent,VERB,12904
apporté,VERB,12904
apportée,VERB,12904
apportées,VERB,12904
apportés,VERB,12904
apprenaient,VERB,15184
apprenais,VERB,15184
apprenait,VERB,15184
apprenant,VERB,15184
apprend,VERB,15184
apprendra,VERB,15184
apprendrai,VERB,15184
apprendraient,VERB,15184
apprendrais,VERB,15184
apprendrait,VERB,15184
apprendras,VERB,15184
apprendre,PRON,15184
apprendrez,VERB,15184
apprendriez,VERB,15184
apprendrions,VERB,15184
apprendrons,VERB,15184
apprendront,VERB,15184
apprends,VERB,15184
apprenez,VERB,15184
appreniez,VERB,15184
apprenions,VERB,15184
apprenne,VERB,15184
apprennent,VERB,15184
apprennes,VERB,15184
apprenons,VERB,15184
apprirent,VERB,15184
appris,VERB,15184
apprise,VERB,15184
apprises,VERB,15184
apprisse,VERB,15184
apprissent,VERB,15184
apprisses,VERB,15184
apprissiez,VERB,15184
apprissions,VERB,15184
apprit,VERB,15184
approcha,VERB,13383
approchai,VERB,13383
approchaient,VERB,13383
approchais,VERB,13383
approchait,VERB,13383
approchant,VERB,13383
approchas,VERB,13383
approchasse,VERB,13383
approchassent,VERB,13383
approchasses,VERB,13383
approchassiez,VERB,13383
approchassions,VERB,13383
approche,VERB,12407
approche0,VERB,12407
approchent,VERB,13383
approcher,VERB,13383
approcher-,PRON,13383
approchera,VERB,13383
approcherai,VERB,13383
approcheraient,VERB,13383
approcherais,VERB,13383
approcherait,VERB,13383
approcheras,VERB,13383
approcherez,VERB,13383
approcheriez,VERB,13383
approcherions,VERB,13383
approcherons,VERB,13383
approcheront,VERB,13383
approches,VERB,12407
approchez,VERB,13383
approchiez,VERB,13383
approchions,VERB,13383
approchons,VERB,13383
approchâmes,VERB,13383
approchât,VERB,13383
approchâtes,VERB,13383
approchèrent,VERB,13383
approché,VERB,13383
approchée,VERB,13383
approchées,VERB,13383
approchés,VERB,13383
approuva,VERB,12408
approuvai,VERB,12408
approuvaient,VERB,12408
approuvais,VERB,12408
approuvait,VERB,12408
approuvant,VERB,12408
approuvas,VERB,12408
approuvasse,VERB,12408
approuvassent,VERB,12408
approuvasses,VERB,12408
approuvassiez,VERB,12408
approuvassions,VERB,12408
approuve,VERB,12408
approuvent,VERB,12408
approuver,PRON,12408
approuvera,VERB,12408
approuverai,VERB,12408
approuveraient,VERB,12408
approuverais,VERB,12408
approuverait,VERB,12408
approuveras,VERB,12408
approuverez,VERB,12408
approuveriez,VERB,12408
approuverions,VERB,12408
approuverons,VERB,12408
approuveront,VERB,12408
approuves,VERB,12408
approuvez,VERB,12408
approuviez,VERB,12408
approuvions,VERB,12408
approuvons,VERB,12408
approuvâmes,VERB,12408
approuvât,VERB,12408
approuvâtes,VERB,12408
approuvèrent,VERB,12408
approuvé,VERB,12408
approuvée,VERB,12408
approuvées,VERB,12408
approuvés,VERB,12408
apprécia,VERB,13948
appréciai,VERB,13948
appréciaient,VERB,13948
appréciais,VERB,13948
appréciait,VERB,13948
appréciant,VERB,13948
apprécias,VERB,13948
appréciasse,VERB,13948
appréciassent,VERB,13948
appréciasses,VERB,13948
appréciassiez,VERB,13948
appréciassions,VERB,13948
apprécie,VERB,13948
apprécient,VERB,13948
apprécier,PRON,13948
appréciera,VERB,13948
apprécierai,VERB,13948
apprécieraient,VERB,13948
apprécierais,VERB,13948
apprécierait,VERB,13948
apprécieras,VERB,13948
apprécierez,VERB,13948
apprécieriez,VERB,13948
apprécierions,VERB,13948
apprécierons,VERB,13948
apprécieront,VERB,13948
apprécies,VERB,13948
appréciez,VERB,13948
appréciiez,VERB,13948
appréciions,VERB,13948
apprécions,VERB,13948
appréciâmes,VERB,13948
appréciât,VERB,13948
appréciâtes,VERB,13948
apprécièrent,VERB,13948
apprécié,VERB,13948
appréciée,VERB,13948
appréciées,VERB,13948
appréciés,VERB,13948
appréhenda,VERB,23025
appréhendai,VERB,23025
appréhendaient,VERB,23025
appréhendais,VERB,23025
appréhendait,VERB,23025
appréhendant,VERB,23025
appréhendas,VERB,23025
appréhendasse,VERB,23025
appréhendassent,VERB,23025
appréhendasses,VERB,23025
appréhendassiez,VERB,23025
appréhendassions,VERB,23025
appréhende,VERB,23025
appréhendent,VERB,23025
appréhender,PRON,23025
appréhendera,VERB,23025
appréhenderai,VERB,23025
appréhenderaient,VERB,23025
appréhenderais,VERB,23025
appréhenderait,VERB,23025
appréhenderas,VERB,23025
appréhenderez,VERB,23025
appréhenderiez,VERB,23025
appréhenderions,VERB,23025
appréhenderons,VERB,23025
appréhenderont,VERB,23025
appréhendes,VERB,23025
appréhendez,VERB,23025
appréhendiez,VERB,23025
appréhendions,VERB,23025
appréhendons,VERB,23025
appréhendâmes,VERB,23025
appréhendât,VERB,23025
appréhendâtes,VERB,23025
appréhendèrent,VERB,23025
appréhendé,VERB,23025
appréhendée,VERB,23025
appréhendées,VERB,23025
appréhendés,VERB,23025
apprîmes,VERB,15184
apprît,VERB,15184
apprîtes,VERB,15184
après,NOUN,12348
après-midi,VERB,12349
aptitude,VERB,12322
aptitude0,VERB,12322
aptitudes,VERB,12322
apôtre,PREP,21059
apôtre0,VERB,21059
apôtres,VERB,21059
aqueuse,VERB,18226
aqueuses,VERB,18226
aqueux,ADJ,18226
aqueux0,VERB,18226
araignée,VERB,17229
araignée0,VERB,17229
araignées,VERB,17229
arbre,VERB,17775
arbre à feuilles persistantes,VERB,14116
arbre0,VERB,17775
arbres,VERB,17775
arbuste,VERB,13092
arbuste0,VERB,13092
arbustes,VERB,13092
arc,VERB,23817
arc et flèche,VERB,21855
arc-en-ciel,VERB,23933
arc0,VERB,23817
archet,VERB,23818
archet et corde,VERB,23819
archet0,VERB,23818
archets,VERB,23818
archipel,VERB,23023
archipel0,VERB,23023
archipels,VERB,23023
architecte,PREP,12412
architecte-paysagiste,PREP,23561
architecte0,VERB,12412
architectes,VERB,12412
architecture de jardin,VERB,23560
architecture du paysage,VERB,23560
archéologie,VERB,21554
archéologie0,VERB,21554
archéologies,VERB,21554
archéologue,PREP,21570
archéologue0,VERB,21570
archéologues,VERB,21570
arcs,VERB,23817
argent,VERB,15484
argent liquide,VERB,15484
argent perçu régulièrement,VERB,24489
argent0,VERB,15484
argents,VERB,15484
argot,VERB,24961
argot0,VERB,24961
argots,VERB,24961
arithmétique,VERB,15432
arithmétique _,VERB,15432
arithmétique0,VERB,15432
arithmétiques,VERB,15432
arme à feu,VERB,14655
armistice,VERB,24424
armistice0,VERB,24424
armistices,VERB,24424
armoire,VERB,13622
armoire0,VERB,13622
armoires,VERB,13622
armure,VERB,21622
armure0,VERB,21622
armures,VERB,21622
armée,VERB,24967
armée0,VERB,24967
armées,VERB,24967
aromathérapeute,PREP,21603
aromathérapeute0,VERB,21603
aromathérapeutes,VERB,21603
arrisa,VERB,24728
arrisai,VERB,24728
arrisaient,VERB,24728
arrisais,VERB,24728
arrisait,VERB,24728
arrisant,VERB,24728
arrisas,VERB,24728
arrisasse,VERB,24728
arrisassent,VERB,24728
arrisasses,VERB,24728
arrisassiez,VERB,24728
arrisassions,VERB,24728
arrise,VERB,24728
arrisent,VERB,24728
arriser,PRON,24728
arrisera,VERB,24728
arriserai,VERB,24728
arriseraient,VERB,24728
arriserais,VERB,24728
arriserait,VERB,24728
arriseras,VERB,24728
arriserez,VERB,24728
arriseriez,VERB,24728
arriserions,VERB,24728
arriserons,VERB,24728
arriseront,VERB,24728
arrises,VERB,24728
arrisez,VERB,24728
arrisiez,VERB,24728
arrisions,VERB,24728
arrisons,VERB,24728
arrisâmes,VERB,24728
arrisât,VERB,24728
arrisâtes,VERB,24728
arrisèrent,VERB,24728
arrisé,VERB,24728
arrisée,VERB,24728
arrisées,VERB,24728
arrisés,VERB,24728
arriva,VERB,13383
arrivai,VERB,13383
arrivaient,VERB,13383
arrivais,VERB,13383
arrivait,VERB,13383
arrivant,VERB,13383
arrivas,VERB,13383
arrivasse,VERB,13383
arrivassent,VERB,13383
arrivasses,VERB,13383
arrivassiez,VERB,13383
arrivassions,VERB,13383
arrive,VERB,13383
arrivent,VERB,13383
arriver,PRON,13383
arrivera,VERB,13383
arriverai,VERB,13383
arriveraient,VERB,13383
arriverais,VERB,13383
arriverait,VERB,13383
arriveras,VERB,13383
arriverez,VERB,13383
arriveriez,VERB,13383
arriverions,VERB,13383
arriverons,VERB,13383
arriveront,VERB,13383
arrives,VERB,13383
arrivez,VERB,13383
arriviez,VERB,13383
arrivions,VERB,13383
arrivons,VERB,13383
arrivâmes,VERB,13383
arrivât,VERB,13383
arrivâtes,VERB,13383
arrivèrent,VERB,13383
arrivé,VERB,13383
arrivée,VERB,13383
arrivées,VERB,13383
arrivés,VERB,13383
arrondissement,VERB,16423
arrondissement0,VERB,16423
arrondissements,VERB,16423
arrosa,VERB,24330
arrosai,VERB,24330
arrosaient,VERB,24330
arrosais,VERB,24330
arrosait,VERB,24330
arrosant,VERB,24330
arrosas,VERB,24330
arrosasse,VERB,24330
arrosassent,VERB,24330
arrosasses,VERB,24330
arrosassiez,VERB,24330
arrosassions,VERB,24330
arrose,VERB,24330
arrosent,VERB,24330
arroser,PRON,24330
arrosera,VERB,24330
arroserai,VERB,24330
arroseraient,VERB,24330
arroserais,VERB,24330
arroserait,VERB,24330
arroseras,VERB,24330
arroserez,VERB,24330
arroseriez,VERB,24330
arroserions,VERB,24330
arroserons,VERB,24330
arroseront,VERB,24330
arroses,VERB,24330
arrosez,VERB,24330
arrosiez,VERB,24330
arrosions,VERB,24330
arrosons,VERB,24330
arrosâmes,VERB,24330
arrosât,VERB,24330
arrosâtes,VERB,24330
arrosèrent,VERB,24330
arrosé,VERB,24330
arrosée,VERB,24330
arrosées,VERB,24330
arrosés,VERB,24330
arrêt,VERB,16198
arrêt de bus,VERB,13090
arrêt0,VERB,16198
arrêta,VERB,17268
arrêtai,VERB,17268
arrêtaient,VERB,17268
arrêtais,VERB,17268
arrêtait,VERB,17268
arrêtant,VERB,17268
arrêtas,VERB,17268
arrêtasse,VERB,17268
arrêtassent,VERB,17268
arrêtasses,VERB,17268
arrêtassiez,VERB,17268
arrêtassions,VERB,17268
arrête,VERB,17268
arrêtent,VERB,17268
arrêter,PRON,17268
arrêtera,VERB,17268
arrêterai,VERB,17268
arrêteraient,VERB,17268
arrêterais,VERB,17268
arrêterait,VERB,17268
arrêteras,VERB,17268
arrêterez,VERB,17268
arrêteriez,VERB,17268
arrêterions,VERB,17268
arrêterons,VERB,17268
arrêteront,VERB,17268
arrêtes,VERB,17268
arrêtez,VERB,17268
arrêtiez,VERB,17268
arrêtions,VERB,17268
arrêtons,VERB,17268
arrêts,VERB,16198
arrêtâmes,VERB,17268
arrêtât,VERB,17268
arrêtâtes,VERB,17268
arrêtèrent,VERB,17268
arrêté,VERB,17268
arrêtée,VERB,17268
arrêtées,VERB,17268
arrêtés,VERB,17268
art,VERB,12581
art du papier,VERB,24204
art floral,VERB,24197
art textile,VERB,24308
art0,VERB,12581
articles de verrerie,VERB,14444
articulation,VERB,14973
articulation0,VERB,14973
articulations,VERB,14973
artisanal,ADJ,15420
artisanal0,VERB,15420
artisanale,VERB,15420
artisanales,VERB,15420
artisanat,VERB,13431
artisanat du bois,VERB,24339
artisanat0,VERB,13431
artisanats,VERB,13431
artisanaux,VERB,15420
arts,VERB,12581
arts martiaux,VERB,21838
arôme,VERB,14198
arôme de chocolat,VERB,13173
arôme de sirop d'érable,VERB,22334
arôme0,VERB,14198
arômes,VERB,14198
as,VERB,14685
ascenseur,VERB,13924
ascenseur0,VERB,13924
ascenseurs,VERB,13924
ascension,VERB,24013
ascension0,VERB,24013
ascensions,VERB,24013
asie,VERB,22604
aspect similaire,OTHER,16985
asperge,VERB,24015
asperge0,VERB,24015
asperges,VERB,24015
aspirateur,VERB,22391
aspirateur0,VERB,22391
aspirateurs,VERB,22391
assaisonnement,VERB,14198
assaisonnement aux herbes,VERB,22322
assaisonnement d'herbes en poudre,VERB,22321
assaisonnement0,VERB,14198
assaisonnements,VERB,14198
assassina,VERB,15148
assassinai,VERB,15148
assassinaient,VERB,15148
assassinais,VERB,15148
assassinait,VERB,15148
assassinant,VERB,15148
assassinas,VERB,15148
assassinasse,VERB,15148
assassinassent,VERB,15148
assassinasses,VERB,15148
assassinassiez,VERB,15148
assassinassions,VERB,15148
assassine,VERB,15148
assassinent,VERB,15148
assassiner,PRON,15148
assassinera,VERB,15148
assassinerai,VERB,15148
assassineraient,VERB,15148
assassinerais,VERB,15148
assassinerait,VERB,15148
assassineras,VERB,15148
assassinerez,VERB,15148
assassineriez,VERB,15148
assassinerions,VERB,15148
assassinerons,VERB,15148
assassineront,VERB,15148
assassines,VERB,15148
assassinez,VERB,15148
assassiniez,VERB,15148
assassinions,VERB,15148
assassinons,VERB,15148
assassinâmes,VERB,15148
assassinât,VERB,15148
assassinâtes,VERB,15148
assassinèrent,VERB,15148
assassiné,VERB,15148
assassinée,VERB,15148
assassinées,VERB,15148
assassinés,VERB,15148
assemblée,VERB,14427
assemblée religieuse,VERB,21288
assemblée0,VERB,14427
assemblées,VERB,14427
asseoir,VERB,16995
asseoir-,PRON,16995
asseyaient,VERB,16995
asseyais,VERB,16995
asseyait,VERB,16995
asseyant,VERB,16995
asseye,VERB,16995
asseyent,VERB,16995
asseyes,VERB,16995
asseyez,VERB,16995
asseyiez,VERB,16995
asseyions,VERB,16995
asseyons,VERB,16995
assez,ADJ,13939
assied,VERB,16995
assieds,VERB,16995
assiette,VERB,13690
assiette0,VERB,13690
assiettes,VERB,13690
assirent,VERB,16995
assis,VERB,16995
assise,VERB,16995
assises,VERB,16995
assisse,VERB,16995
assissent,VERB,16995
assisses,VERB,16995
assissiez,VERB,16995
assissions,VERB,16995
assistant,PREP,14706
assistant en justice,PREP,23041
assistant social,PREP,17201
assistant0,VERB,14706
assistante,VERB,14706
assistantes,VERB,14706
assistants,VERB,14706
assit,VERB,16995
assiéra,VERB,16995
assiérai,VERB,16995
assiéraient,VERB,16995
assiérais,VERB,16995
assiérait,VERB,16995
assiéras,VERB,16995
assiérez,VERB,16995
assiériez,VERB,16995
assiérions,VERB,16995
assiérons,VERB,16995
assiéront,VERB,16995
associa,VERB,13381
associai,VERB,13381
associaient,VERB,13381
associais,VERB,13381
associait,VERB,13381
associant,VERB,13381
associas,VERB,13381
associasse,VERB,13381
associassent,VERB,13381
associasses,VERB,13381
associassiez,VERB,13381
associassions,VERB,13381
association,VERB,13380
association0,VERB,13380
associations,VERB,13380
associe,VERB,13381
associent,VERB,13381
associer,PRON,13381
associera,VERB,13381
associerai,VERB,13381
associeraient,VERB,13381
associerais,VERB,13381
associerait,VERB,13381
associeras,VERB,13381
associerez,VERB,13381
associeriez,VERB,13381
associerions,VERB,13381
associerons,VERB,13381
associeront,VERB,13381
associes,VERB,13381
associez,VERB,13381
associiez,VERB,13381
associions,VERB,13381
associons,VERB,13381
associâmes,VERB,13381
associât,VERB,13381
associâtes,VERB,13381
associèrent,VERB,13381
associé,VERB,13381
associée,VERB,13381
associées,VERB,13381
associés,VERB,13381
assoie,VERB,16995
assoient,VERB,16995
assoies,VERB,16995
assoiffé,ADJ,17719
assoiffé0,VERB,17719
assoiffée,VERB,17719
assoiffées,VERB,17719
assoiffés,VERB,17719
assoira,VERB,16995
assoirai,VERB,16995
assoiraient,VERB,16995
assoirais,VERB,16995
assoirait,VERB,16995
assoiras,VERB,16995
assoirez,VERB,16995
assoiriez,VERB,16995
assoirions,VERB,16995
assoirons,VERB,16995
assoiront,VERB,16995
assois,VERB,16995
assoit,VERB,16995
assoyaient,VERB,16995
assoyais,VERB,16995
assoyait,VERB,16995
assoyant,VERB,16995
assoyez,VERB,16995
assoyiez,VERB,16995
assoyions,VERB,16995
assoyons,VERB,16995
assurance médicale,VERB,15447
assèche,VERB,24233
assèchent,VERB,24233
assèches,VERB,24233
assécha,VERB,24233
asséchai,VERB,24233
asséchaient,VERB,24233
asséchais,VERB,24233
asséchait,VERB,24233
asséchant,VERB,24233
asséchas,VERB,24233
asséchasse,VERB,24233
asséchassent,VERB,24233
asséchasses,VERB,24233
asséchassiez,VERB,24233
asséchassions,VERB,24233
assécher,PRON,24233
asséchera,VERB,24233
assécherai,VERB,24233
assécheraient,VERB,24233
assécherais,VERB,24233
assécherait,VERB,24233
assécheras,VERB,24233
assécherez,VERB,24233
assécheriez,VERB,24233
assécherions,VERB,24233
assécherons,VERB,24233
assécheront,VERB,24233
asséchez,VERB,24233
asséchiez,VERB,24233
asséchions,VERB,24233
asséchons,VERB,24233
asséchâmes,VERB,24233
asséchât,VERB,24233
asséchâtes,VERB,24233
asséchèrent,VERB,24233
asséché,VERB,24233
asséchée,VERB,24233
asséchées,VERB,24233
asséchés,VERB,24233
assîmes,VERB,16995
assît,VERB,16995
assîtes,VERB,16995
astrologie,VERB,22636
astrologie0,VERB,22636
astrologies,VERB,22636
astrologue,PREP,22901
astrologue0,VERB,22901
astrologues,VERB,22901
astronaute,PREP,12590
astronaute0,VERB,12590
astronautes,VERB,12590
astronome,PREP,21560
astronome0,VERB,21560
astronomes,VERB,21560
astronomie,VERB,21542
astronomie0,VERB,21542
astronomies,VERB,21542
atelier de réparation,VERB,24236
atelier protégé,VERB,23205
athlétisme,VERB,21628
athlétisme0,VERB,21628
athlétismes,VERB,21628
athéisme,VERB,21301
athéisme0,VERB,21301
athéismes,VERB,21301
atm,VERB,23405
atome,VERB,12592
atome0,VERB,12592
atomes,VERB,12592
attacha,VERB,14154
attachai,VERB,14154
attachaient,VERB,14154
attachais,VERB,14154
attachait,VERB,14154
attachant,VERB,14154
attachas,VERB,14154
attachasse,VERB,14154
attachassent,VERB,14154
attachasses,VERB,14154
attachassiez,VERB,14154
attachassions,VERB,14154
attache,VERB,14155
attache0,VERB,14155
attachement,VERB,23410
attachement0,VERB,23410
attachements,VERB,23410
attachent,VERB,14154
attacher,PRON,14154
attachera,VERB,14154
attacherai,VERB,14154
attacheraient,VERB,14154
attacherais,VERB,14154
attacherait,VERB,14154
attacheras,VERB,14154
attacherez,VERB,14154
attacheriez,VERB,14154
attacherions,VERB,14154
attacherons,VERB,14154
attacheront,VERB,14154
attaches,VERB,14154
attachez,VERB,14154
attachiez,VERB,14154
attachions,VERB,14154
attachons,VERB,14154
attachâmes,VERB,14154
attachât,VERB,14154
attachâtes,VERB,14154
attachèrent,VERB,14154
attaché,ADJ,23408
attaché0,VERB,23408
attachée,VERB,14154
attachées,VERB,14154
attachés,VERB,14154
attela,VERB,24144
attelage,VERB,20601
attelage0,VERB,20601
attelages,VERB,20601
attelai,VERB,24144
attelaient,VERB,24144
attelais,VERB,24144
attelait,VERB,24144
attelant,VERB,24144
attelas,VERB,24144
attelasse,VERB,24144
attelassent,VERB,24144
attelasses,VERB,24144
attelassiez,VERB,24144
attelassions,VERB,24144
atteler,PRON,24144
atteler le cheval,PRON,24146
attelez,VERB,24144
atteliez,VERB,24144
attelions,VERB,24144
attelle,VERB,24279
attelle de cheville,VERB,24010
attelle de coude,VERB,24091
attelle de main,VERB,24142
attelle de poignet,VERB,24340
attelle0,VERB,24279
attellent,VERB,24144
attellera,VERB,24144
attellerai,VERB,24144
attelleraient,VERB,24144
attellerais,VERB,24144
attellerait,VERB,24144
attelleras,VERB,24144
attellerez,VERB,24144
attelleriez,VERB,24144
attellerions,VERB,24144
attellerons,VERB,24144
attelleront,VERB,24144
attelles,VERB,24144
attelons,VERB,24144
attelâmes,VERB,24144
attelât,VERB,24144
attelâtes,VERB,24144
attelèrent,VERB,24144
attelé,VERB,24144
attelée,VERB,24144
attelées,VERB,24144
attelés,VERB,24144
attend,VERB,18030
attendaient,VERB,18030
attendais,VERB,18030
attendait,VERB,18030
attendant,VERB,18030
attende,VERB,18030
attendent,VERB,18030
attendes,VERB,18030
attendez,VERB,18030
attendiez,VERB,18030
attendions,VERB,18030
attendirent,VERB,18030
attendis,VERB,18030
attendisse,VERB,18030
attendissent,VERB,18030
attendisses,VERB,18030
attendissiez,VERB,18030
attendissions,VERB,18030
attendit,VERB,18030
attendons,VERB,18030
attendra,VERB,18030
attendrai,VERB,18030
attendraient,VERB,18030
attendrais,VERB,18030
attendrait,VERB,18030
attendras,VERB,18030
attendre,PRON,18030
attendre à-,PRON,14127
attendrez,VERB,18030
attendriez,VERB,18030
attendrions,VERB,18030
attendrons,VERB,18030
attendront,VERB,18030
attends,VERB,18030
attendu,VERB,18030
attendue,VERB,18030
attendues,VERB,18030
attendus,VERB,18030
attendîmes,VERB,18030
attendît,VERB,18030
attendîtes,VERB,18030
attente,VERB,24832
attente0,VERB,24832
attentes,VERB,14128
attentif,ADJ,13123
attentif0,VERB,13123
attentifs,VERB,13123
attention,VERB,12594
attention0,VERB,12594
attentions,VERB,12594
attentive,VERB,13123
attentives,VERB,13123
atterrissage,VERB,15171
atterrissage0,VERB,15171
atterrissages,VERB,15171
attirant,ADJ,12645
attirant0,VERB,12645
attirante,VERB,12645
attirantes,VERB,12645
attirants,VERB,12645
attrapa,VERB,13131
attrapai,VERB,13131
attrapaient,VERB,13131
attrapais,VERB,13131
attrapait,VERB,13131
attrapant,VERB,13131
attrapas,VERB,13131
attrapasse,VERB,13131
attrapassent,VERB,13131
attrapasses,VERB,13131
attrapassiez,VERB,13131
attrapassions,VERB,13131
attrape,VERB,13131
attrapent,VERB,13131
attraper,PRON,13131
attrapera,VERB,13131
attraperai,VERB,13131
attraperaient,VERB,13131
attraperais,VERB,13131
attraperait,VERB,13131
attraperas,VERB,13131
attraperez,VERB,13131
attraperiez,VERB,13131
attraperions,VERB,13131
attraperons,VERB,13131
attraperont,VERB,13131
attrapes,VERB,13131
attrapez,VERB,13131
attrapiez,VERB,13131
attrapions,VERB,13131
attrapons,VERB,13131
attrapâmes,VERB,13131
attrapât,VERB,13131
attrapâtes,VERB,13131
attrapèrent,VERB,13131
attrapé,VERB,13131
attrapée,VERB,13131
attrapées,VERB,13131
attrapés,VERB,13131
attribution d'un nom,VERB,23155
au loin,NOUN,12602
au revoir,OTHER,14454
au sujet de,NOUN,12324
au-delà,ADJ,12670
au-dessus,NOUN,15948
aubergine,VERB,13913
aubergine0,VERB,13913
aubergines,VERB,13913
aucun,NOUN,15706
aucun0,VERB,15706
aucune,VERB,15706
aucune personne,PREP,15723
aucunes,VERB,15706
aucuns,VERB,15706
audiologiste,PREP,21593
audiologue,PREP,21593
auditorium,VERB,24481
auditorium0,VERB,24481
auditoriums,VERB,24481
augmenta,VERB,14936
augmentai,VERB,14936
augmentaient,VERB,14936
augmentais,VERB,14936
augmentait,VERB,14936
augmentant,VERB,14936
augmentas,VERB,14936
augmentasse,VERB,14936
augmentassent,VERB,14936
augmentasses,VERB,14936
augmentassiez,VERB,14936
augmentassions,VERB,14936
augmente,VERB,14936
augmentent,VERB,14936
augmenter,PRON,14936
augmentera,VERB,14936
augmenterai,VERB,14936
augmenteraient,VERB,14936
augmenterais,VERB,14936
augmenterait,VERB,14936
augmenteras,VERB,14936
augmenterez,VERB,14936
augmenteriez,VERB,14936
augmenterions,VERB,14936
augmenterons,VERB,14936
augmenteront,VERB,14936
augmentes,VERB,14936
augmentez,VERB,14936
augmentiez,VERB,14936
augmentions,VERB,14936
augmentons,VERB,14936
augmentâmes,VERB,14936
augmentât,VERB,14936
augmentâtes,VERB,14936
augmentèrent,VERB,14936
augmenté,VERB,14936
augmentée,VERB,14936
augmentées,VERB,14936
augmentés,VERB,14936
aujourd'hui,VERB,17744
aura,VERB,14685
aurai,VERB,14685
auraient,VERB,14685
aurais,VERB,14685
aurait,VERB,14685
auras,VERB,14685
aurez,VERB,14685
auriez,VERB,14685
aurions,VERB,14685
aurons,VERB,14685
auront,VERB,14685
australie,VERB,22605
autel,VERB,21368
autel0,VERB,21368
autels,VERB,21368
auteur,PREP,23716
auteur0,VERB,23716
auteure,VERB,23716
auteures,VERB,23716
auteurs,VERB,23716
automne,VERB,12598
automne0,VERB,12598
automne_,VERB,12597
automnes,VERB,12598
automutilant,ADJ,22916
automutilation,VERB,16753
automutilation0,VERB,16753
automutilations,VERB,16753
autorisa,VERB,15196
autorisai,VERB,15196
autorisaient,VERB,15196
autorisais,VERB,15196
autorisait,VERB,15196
autorisant,VERB,15196
autorisas,VERB,15196
autorisasse,VERB,15196
autorisassent,VERB,15196
autorisasses,VERB,15196
autorisassiez,VERB,15196
autorisassions,VERB,15196
autorisation,VERB,24650
autorisation0,VERB,24650
autorisations,VERB,24650
autorise,VERB,15196
autorisent,VERB,15196
autoriser,PRON,15196
autorisera,VERB,15196
autoriserai,VERB,15196
autoriseraient,VERB,15196
autoriserais,VERB,15196
autoriserait,VERB,15196
autoriseras,VERB,15196
autoriserez,VERB,15196
autoriseriez,VERB,15196
autoriserions,VERB,15196
autoriserons,VERB,15196
autoriseront,VERB,15196
autorises,VERB,15196
autorisez,VERB,15196
autorisiez,VERB,15196
autorisions,VERB,15196
autorisons,VERB,15196
autorisâmes,VERB,15196
autorisât,VERB,15196
autorisâtes,VERB,15196
autorisèrent,VERB,15196
autorisé,ADJ,24649
autorisée,VERB,15196
autorisées,VERB,15196
autorisés,VERB,15196
autour de,NOUN,12580
autre,PREP,15938
autre0,VERB,15938
autres,VERB,15938
autrice,VERB,23716
autrices,VERB,23716
autruche,VERB,15937
autruche nord-américaine,VERB,16679
autruche0,VERB,15937
autruches,VERB,15937
auxiliaire conditionnel,PRON,24264
auxiliaire de justice,PREP,23041
auxiliaire du futur,PRON,24261
av,VERB,12599
avaient,VERB,14685
avais,VERB,14685
avait,VERB,14685
avala,VERB,17471
avalai,VERB,17471
avalaient,VERB,17471
avalais,VERB,17471
avalait,VERB,17471
avalanche,VERB,24019
avalanche0,VERB,24019
avalanches,VERB,24019
avalant,VERB,17471
avalas,VERB,17471
avalasse,VERB,17471
avalassent,VERB,17471
avalasses,VERB,17471
avalassiez,VERB,17471
avalassions,VERB,17471
avale,VERB,17471
avalent,VERB,17471
avaler,PRON,17471
avalera,VERB,17471
avalerai,VERB,17471
avaleraient,VERB,17471
avalerais,VERB,17471
avalerait,VERB,17471
avaleras,VERB,17471
avalerez,VERB,17471
avaleriez,VERB,17471
avalerions,VERB,17471
avalerons,VERB,17471
avaleront,VERB,17471
avales,VERB,17471
avalez,VERB,17471
avaliez,VERB,17471
avalions,VERB,17471
avalons,VERB,17471
avalâmes,VERB,17471
avalât,VERB,17471
avalâtes,VERB,17471
avalèrent,VERB,17471
avalé,VERB,17471
avalée,VERB,17471
avalées,VERB,17471
avalés,VERB,17471
avance,VERB,12343
avancent,VERB,12343
avancer,PRON,12343
avancera,VERB,12343
avancerai,VERB,12343
avanceraient,VERB,12343
avancerais,VERB,12343
avancerait,VERB,12343
avanceras,VERB,12343
avancerez,VERB,12343
avanceriez,VERB,12343
avancerions,VERB,12343
avancerons,VERB,12343
avanceront,VERB,12343
avances,VERB,12343
avancez,VERB,12343
avanciez,VERB,12343
avancions,VERB,12343
avancèrent,VERB,12343
avancé,VERB,12343
avancée,VERB,12343
avancées,VERB,12343
avancés,VERB,12343
avant,NOUN,12656
avant0,VERB,12656
avants,VERB,12656
avança,VERB,12343
avançai,VERB,12343
avançaient,VERB,12343
avançais,VERB,12343
avançait,VERB,12343
avançant,VERB,12343
avanças,VERB,12343
avançasse,VERB,12343
avançassent,VERB,12343
avançasses,VERB,12343
avançassiez,VERB,12343
avançassions,VERB,12343
avançons,VERB,12343
avançâmes,VERB,12343
avançât,VERB,12343
avançâtes,VERB,12343
avec,NOUN,12364
avent,VERB,24004
avent0,VERB,24004
avents,VERB,24004
aventure,VERB,24601
aventure0,VERB,24601
aventures,VERB,24601
aversion,VERB,13691
aversion0,VERB,13691
aversions,VERB,13691
aveugle,ADJ,12856
aveugle0,VERB,12856
aveugles,VERB,12856
avez,VERB,14685
aviez,VERB,14685
avion,VERB,12357
avion militaire,VERB,15466
avion à réaction,VERB,14970
avion0,VERB,12357
avions,VERB,12357
aviron,VERB,22051
aviron0,VERB,22051
avirons,VERB,22051
avis,VERB,15925
avocat,VERB,12600
avocat de la défense,PREP,23136
avocat0,VERB,12600
avocate,VERB,12600
avocates,VERB,12600
avocats,VERB,12600
avoine,VERB,24705
avoine0,VERB,24705
avoines,VERB,24705
avoir,PRON,14685
avoir besoin,PRON,15702
avoir besoin de temps,NOUN,24664
avoir confiance,PRON,17784
avoir de l'effet sur,PRON,24466
avoir foi en,PRON,12661
avoir froid,PRON,23444
avoir l'air,PRON,16750
avoir peur,PRON,14159
avoir un impact sur,PRON,24466
avons,VERB,14685
avortement,VERB,12323
avortement0,VERB,12323
avortements,VERB,12323
avoua,VERB,21099
avouai,VERB,21099
avouaient,VERB,21099
avouais,VERB,21099
avouait,VERB,21099
avouant,VERB,21099
avouas,VERB,21099
avouasse,VERB,21099
avouassent,VERB,21099
avouasses,VERB,21099
avouassiez,VERB,21099
avouassions,VERB,21099
avoue,VERB,21099
avouent,VERB,21099
avouer,PRON,21099
avouera,VERB,21099
avouerai,VERB,21099
avoueraient,VERB,21099
avouerais,VERB,21099
avouerait,VERB,21099
avoueras,VERB,21099
avouerez,VERB,21099
avoueriez,VERB,21099
avouerions,VERB,21099
avouerons,VERB,21099
avoueront,VERB,21099
avoues,VERB,21099
avouez,VERB,21099
avouiez,VERB,21099
avouions,VERB,21099
avouons,VERB,21099
avouâmes,VERB,21099
avouât,VERB,21099
avouâtes,VERB,21099
avouèrent,VERB,21099
avoué,VERB,21099
avouée,VERB,21099
avouées,VERB,21099
avoués,VERB,21099
avril,VERB,12410
avril0,VERB,12410
avrils,VERB,12410
axe,VERB,24605
axe0,VERB,24605
axes,VERB,24605
ayant,VERB,14685
ayez,VERB,14685
ayons,VERB,14685
aéroglisseur,VERB,22085
aéroglisseur0,VERB,22085
aéroglisseurs,VERB,22085
aéroport,VERB,12358
aéroport0,VERB,12358
aéroports,VERB,12358
aïeul,PREP,21325
aïeul0,VERB,21325
aïeule,PREP,21326
aïeules,VERB,21325
aïeuls,VERB,21325
baby-sitter,PREP,12608
baby-sitter0,VERB,12608
baby-sitters,VERB,12608
bac à sable,VERB,16717
bacon,VERB,12614
bacon0,VERB,12614
bacons,VERB,12614
bactérie,VERB,24411
bactérie0,VERB,24411
bactéries,VERB,24411
badge,VERB,12616
badge0,VERB,12616
badges,VERB,12616
badminton,VERB,12617
badminton0,VERB,12617
badmintons,VERB,12617
bagage,VERB,12618
bagage0,VERB,12618
bagages,VERB,12618
bagel,VERB,22125
bagel0,VERB,22125
bagels,VERB,22125
baguette de tambour,VERB,23856
baguette magique,VERB,18034
baie,VERB,12666
baie de montagne,VERB,15664
baignoire,VERB,24809
baignoire0,VERB,24809
baignoires,VERB,24809
bain,VERB,16992
bain de vapeur,VERB,17257
bain à vapeur,VERB,17257
bain0,VERB,16992
bains,VERB,16992
baisa,VERB,15152
baisai,VERB,15152
baisaient,VERB,15152
baisais,VERB,15152
baisait,VERB,15152
baisant,VERB,15152
baisas,VERB,15152
baisasse,VERB,15152
baisassent,VERB,15152
baisasses,VERB,15152
baisassiez,VERB,15152
baisassions,VERB,15152
baise,VERB,15152
baisent,VERB,15152
baiser,VERB,15152
baisera,VERB,15152
baiserai,VERB,15152
baiseraient,VERB,15152
baiserais,VERB,15152
baiserait,VERB,15152
baiseras,VERB,15152
baiserez,VERB,15152
baiseriez,VERB,15152
baiserions,VERB,15152
baiserons,VERB,15152
baiseront,VERB,15152
baises,VERB,15152
baisez,VERB,15152
baisiez,VERB,15152
baisions,VERB,15152
baisons,VERB,15152
baissa,VERB,24688
baissai,VERB,24688
baissaient,VERB,24688
baissais,VERB,24688
baissait,VERB,24688
baissant,VERB,24688
baissas,VERB,24688
baissasse,VERB,24688
baissassent,VERB,24688
baissasses,VERB,24688
baissassiez,VERB,24688
baissassions,VERB,24688
baisse,VERB,24688
baissent,VERB,24688
baisser,PRON,24688
baissera,VERB,24688
baisserai,VERB,24688
baisseraient,VERB,24688
baisserais,VERB,24688
baisserait,VERB,24688
baisseras,VERB,24688
baisserez,VERB,24688
baisseriez,VERB,24688
baisserions,VERB,24688
baisserons,VERB,24688
baisseront,VERB,24688
baisses,VERB,24688
baissez,VERB,24688
baissiez,VERB,24688
baissions,VERB,24688
baissons,VERB,24688
baissâmes,VERB,24688
baissât,VERB,24688
baissâtes,VERB,24688
baissèrent,VERB,24688
baissé,VERB,24688
baissée,VERB,24688
baissées,VERB,24688
baissés,VERB,24688
baisâmes,VERB,15152
baisât,VERB,15152
baisâtes,VERB,15152
baisèrent,VERB,15152
baisé,VERB,15152
baisée,VERB,15152
baisées,VERB,15152
baisés,VERB,15152
baladeur,VERB,23903
baladeur0,VERB,23903
baladeurs,VERB,23903
baladeuse,VERB,23903
baladeuses,VERB,23903
balai,VERB,12908
balai0,VERB,12908
balais,VERB,12908
balance,VERB,16729
balance0,VERB,16729
balancent,VERB,17486
balancer,VERB,17486
balancer-,PRON,17486
balancera,VERB,17486
balancerai,VERB,17486
balanceraient,VERB,17486
balancerais,VERB,17486
balancerait,VERB,17486
balanceras,VERB,17486
balancerez,VERB,17486
balanceriez,VERB,17486
balancerions,VERB,17486
balancerons,VERB,17486
balanceront,VERB,17486
balances,VERB,16729
balancez,VERB,17486
balanciez,VERB,17486
balancions,VERB,17486
balancèrent,VERB,17486
balancé,VERB,17486
balancée,VERB,17486
balancées,VERB,17486
balancés,VERB,17486
balança,VERB,17486
balançai,VERB,17486
balançaient,VERB,17486
balançais,VERB,17486
balançait,VERB,17486
balançant,VERB,17486
balanças,VERB,17486
balançasse,VERB,17486
balançassent,VERB,17486
balançasses,VERB,17486
balançassiez,VERB,17486
balançassions,VERB,17486
balançoire,VERB,17485
balançoire à bascule,VERB,16751
balançoire0,VERB,17485
balançoires,VERB,17485
balançons,VERB,17486
balançâmes,VERB,17486
balançât,VERB,17486
balançâtes,VERB,17486
balcon,VERB,12620
balcon0,VERB,12620
balcons,VERB,12620
balder,PREP,22817
baleine,VERB,18227
baleine0,VERB,18227
baleines,VERB,18227
balle,VERB,12621
balle0,VERB,12621
balles,VERB,12621
ballet,VERB,23414
ballet0,VERB,23414
ballets,VERB,23414
ballon,VERB,12622
ballon de football américain,VERB,21807
ballon de rugby,VERB,21807
ballon0,VERB,12622
ballons,VERB,12622
banane,VERB,12623
banane0,VERB,12623
bananes,VERB,12623
banc,VERB,12665
banc de poissons,VERB,23206
banc0,VERB,12665
bancs,VERB,12665
bandage,VERB,12625
bandage0,VERB,12625
bandages,VERB,12625
bande,VERB,15214
bande0,VERB,15214
bandes,VERB,15214
bandy,VERB,21042
bangladesh,VERB,24607
banjo,VERB,23808
banjo0,VERB,23808
banjos,VERB,23808
banque,VERB,12626
banque0,VERB,12626
banques,VERB,12626
baptême,VERB,21103
baptême religieux,VERB,23156
baptême0,VERB,21103
baptêmes,VERB,21103
bar,VERB,12627
bar mitsvah,VERB,21112
barbe,VERB,12644
barbe0,VERB,12644
barbes,VERB,12644
baromètre,VERB,23028
baromètre0,VERB,23028
baromètres,VERB,23028
barque,VERB,22076
barque0,VERB,22076
barques,VERB,22076
barre,VERB,22371
barre de chocolat,VERB,22373
barre horizontale,VERB,24180
barre sucrée,VERB,22372
barre0,VERB,22371
barres,VERB,22371
barrière,VERB,14167
barrière contraceptive,VERB,12631
barrière de corail,VERB,23458
barrière0,VERB,14167
barrières,VERB,14167
bas,ADJ,15401
bas du corps,VERB,24182
bascule,VERB,23197
bascule0,VERB,23197
bascules,VERB,23197
base,VERB,24120
base0,VERB,24120
baseball,VERB,12632
baseball0,VERB,12632
baseballs,VERB,12632
bases,VERB,24120
basketball,VERB,12634
basketball0,VERB,12634
basketballs,VERB,12634
basse,VERB,23809
bassin,VERB,24511
bassin de natation,VERB,16219
bassin0,VERB,24511
bassins,VERB,24511
basson,VERB,23812
basson0,VERB,23812
basson_,VERB,23812
bassons,VERB,23812
bat,VERB,14175
bat mitsvah,VERB,21111
bataille,VERB,24855
bataille0,VERB,24855
batailles,VERB,24855
bateau,VERB,12869
bateau de croisière,VERB,22082
bateau pousseur,VERB,22081
bateau à moteur,VERB,22074
bateau à vapeur,VERB,22084
bateau-citerne,VERB,22070
bateau-logement,VERB,22089
bateau0,VERB,12869
bateaux,VERB,12869
bats,VERB,14175
battaient,VERB,14175
battais,VERB,14175
battait,VERB,14175
battant,VERB,14175
batte,VERB,12635
batte0,VERB,12635
battent,VERB,14175
batterie,VERB,12638
batterie0,VERB,12638
batteries,VERB,12638
battes,VERB,12635
batteur,VERB,22563
batteur0,VERB,22563
batteurs,VERB,22563
batteuse,VERB,22563
batteuses,VERB,22563
battez,VERB,14175
battiez,VERB,14175
battions,VERB,14175
battirent,VERB,14175
battis,VERB,14175
battisse,VERB,14175
battissent,VERB,14175
battisses,VERB,14175
battissiez,VERB,14175
battissions,VERB,14175
battit,VERB,14175
battons,VERB,14175
battra,VERB,14175
battrai,VERB,14175
battraient,VERB,14175
battrais,VERB,14175
battrait,VERB,14175
battras,VERB,14175
battre,VERB,14175
battre-,PRON,14175
battrez,VERB,14175
battriez,VERB,14175
battrions,VERB,14175
battrons,VERB,14175
battront,VERB,14175
battu,VERB,14175
battue,VERB,14175
battues,VERB,14175
battus,VERB,14175
battîmes,VERB,14175
battît,VERB,14175
battîtes,VERB,14175
bava,VERB,24433
bavai,VERB,24433
bavaient,VERB,24433
bavais,VERB,24433
bavait,VERB,24433
bavant,VERB,24433
bavas,VERB,24433
bavasse,VERB,24433
bavassent,VERB,24433
bavasses,VERB,24433
bavassiez,VERB,24433
bavassions,VERB,24433
bave,VERB,24433
bavent,VERB,24433
baver,PRON,24433
bavera,VERB,24433
baverai,VERB,24433
baveraient,VERB,24433
baverais,VERB,24433
baverait,VERB,24433
baveras,VERB,24433
baverez,VERB,24433
baveriez,VERB,24433
baverions,VERB,24433
baverons,VERB,24433
baveront,VERB,24433
baves,VERB,24433
bavette,VERB,12833
bavette0,VERB,12833
bavettes,VERB,12833
bavez,VERB,24433
baviez,VERB,24433
bavions,VERB,24433
bavoir,VERB,12833
bavoir0,VERB,12833
bavoirs,VERB,12833
bavons,VERB,24433
bavâmes,VERB,24433
bavât,VERB,24433
bavâtes,VERB,24433
bavèrent,VERB,24433
bavé,VERB,24433
beau,ADJ,12645
beau-père,PREP,17260
beau0,VERB,12645
beaucoup,ADJ,15671
beauté,VERB,22903
beauté0,VERB,22903
beautés,VERB,22903
beaux,VERB,12645
beignet,VERB,22124
beignet0,VERB,22124
beignets,VERB,22124
bel,VERB,12645
belgique,VERB,22609
belle,VERB,12645
belle-mère,PREP,17261
belles,VERB,12645
bels,VERB,12645
berakhah,VERB,12891
berceuse,VERB,24689
berceuse0,VERB,24689
berceuses,VERB,24689
berger,PREP,23661
berger0,VERB,23661
bergers,VERB,23661
bergère,VERB,23661
bergères,VERB,23661
berk,OTHER,17963
betterave rouge,VERB,12654
beurre,VERB,13095
beurre d'arachide,VERB,15985
beurre0,VERB,13095
beurres,VERB,13095
biberon,VERB,24409
biberon0,VERB,24409
biberons,VERB,24409
bible,VERB,21069
bible0,VERB,21069
bibles,VERB,21069
bibliothèque,VERB,15201
bibliothèque0,VERB,15201
bibliothèques,VERB,15201
bibliothécaire,PREP,23568
bibliothécaire0,VERB,23568
bibliothécaires,VERB,23568
bicyclette,VERB,12834
bicyclette tandem,VERB,21816
bicyclette0,VERB,12834
bicyclettes,VERB,12834
bien que,NOUN,12367
bientôt,ADJ,17212
bienveillance,VERB,14456
bienveillance0,VERB,14456
bienveillances,VERB,14456
bienvenue,OTHER,18223
bijou,VERB,14971
bijou0,VERB,14971
bijouterie,VERB,24826
bijouterie0,VERB,24826
bijouteries,VERB,24826
bijoux,VERB,14971
billard,VERB,22099
billard américain,VERB,22100
billard0,VERB,22099
billards,VERB,22099
billet de banque,VERB,23604
bindi,VERB,12836
bindi0,VERB,12836
bindis,VERB,12836
bingo,VERB,23571
bingo0,VERB,23571
bingos,VERB,23571
biochimie,VERB,21545
biochimie0,VERB,21545
biochimies,VERB,21545
biochimiste,PREP,21563
biochimiste0,VERB,21563
biochimistes,VERB,21563
biologie,VERB,21546
biologie0,VERB,21546
biologies,VERB,21546
biologiste,PREP,21564
biologiste0,VERB,21564
biologistes,VERB,21564
biscuit,VERB,13409
biscuit0,VERB,13409
biscuits,VERB,13409
bisexualité,VERB,24024
bisexualité0,VERB,24024
bisexualités,VERB,24024
bisexuel,ADJ,24023
bisexuel0,VERB,24023
bisexuelle,VERB,24023
bisexuelles,VERB,24023
bisexuels,VERB,24023
bison,VERB,12917
bison0,VERB,12917
bisonne,VERB,12917
bisonnes,VERB,12917
bisons,VERB,12917
bisou,VERB,15152
bisou0,VERB,15152
bisous,VERB,15152
bizarre,ADJ,17274
bizarre0,VERB,17274
bizarres,VERB,17274
bière,VERB,12653
bière0,VERB,12653
bières,VERB,12653
blagua,VERB,14974
blaguai,VERB,14974
blaguaient,VERB,14974
blaguais,VERB,14974
blaguait,VERB,14974
blaguant,VERB,14974
blaguas,VERB,14974
blaguasse,VERB,14974
blaguassent,VERB,14974
blaguasses,VERB,14974
blaguassiez,VERB,14974
blaguassions,VERB,14974
blague,VERB,14974
blaguent,VERB,14974
blaguer,PRON,14974
blaguera,VERB,14974
blaguerai,VERB,14974
blagueraient,VERB,14974
blaguerais,VERB,14974
blaguerait,VERB,14974
blagueras,VERB,14974
blaguerez,VERB,14974
blagueriez,VERB,14974
blaguerions,VERB,14974
blaguerons,VERB,14974
blagueront,VERB,14974
blagues,VERB,14974
blaguez,VERB,14974
blaguiez,VERB,14974
blaguions,VERB,14974
blaguons,VERB,14974
blaguâmes,VERB,14974
blaguât,VERB,14974
blaguâtes,VERB,14974
blaguèrent,VERB,14974
blagué,VERB,14974
blaguée,VERB,14974
blaguées,VERB,14974
blagués,VERB,14974
blanc,VERB,18242
blanc0,VERB,18242
blanc_,NOUN,18242
blanche,VERB,18242
blanches,VERB,18242
blanchisserie,VERB,15179
blanchisserie0,VERB,15179
blanchisseries,VERB,15179
blancs,VERB,18242
blessa,VERB,14942
blessai,VERB,14942
blessaient,VERB,14942
blessais,VERB,14942
blessait,VERB,14942
blessant,VERB,14942
blessas,VERB,14942
blessasse,VERB,14942
blessassent,VERB,14942
blessasses,VERB,14942
blessassiez,VERB,14942
blessassions,VERB,14942
blesse,VERB,14942
blessent,VERB,14942
blesser,PRON,14942
blesser-,PRON,14913
blessera,VERB,14942
blesserai,VERB,14942
blesseraient,VERB,14942
blesserais,VERB,14942
blesserait,VERB,14942
blesseras,VERB,14942
blesserez,VERB,14942
blesseriez,VERB,14942
blesserions,VERB,14942
blesserons,VERB,14942
blesseront,VERB,14942
blesses,VERB,14942
blessez,VERB,14942
blessiez,VERB,14942
blessions,VERB,14942
blessons,VERB,14942
blessâmes,VERB,14942
blessât,VERB,14942
blessâtes,VERB,14942
blessèrent,VERB,14942
blessé,VERB,14942
blessée,VERB,14942
blessées,VERB,14942
blessés,VERB,14942
bleu,VERB,24419
bleu indigo,NOUN,14938
bleu0,VERB,24419
bleu_,NOUN,12864
bleue,VERB,24419
bleues,VERB,24419
bleuet,VERB,12866
bleuet0,VERB,12866
bleuets,VERB,12866
bleus,VERB,24419
blin,VERB,23949
blindé,VERB,17504
blindé0,VERB,17504
blindés,VERB,17504
bliss,VERB,23031
bloc,VERB,12860
bloc-notes,VERB,15734
bloc0,VERB,12860
blocs,VERB,23454
blé,VERB,24780
blé0,VERB,24780
blés,VERB,24780
bobsleigh,VERB,21872
bobsleigh0,VERB,21872
bobsleighs,VERB,21872
bocal,VERB,20528
bocal de conservation,VERB,22588
bocal en verre,VERB,22589
bocal0,VERB,20528
bocaux,VERB,20528
boeuf,VERB,15951
boira,VERB,13882
boirai,VERB,13882
boiraient,VERB,13882
boirais,VERB,13882
boirait,VERB,13882
boiras,VERB,13882
boire,PRON,13882
boirez,VERB,13882
boiriez,VERB,13882
boirions,VERB,13882
boirons,VERB,13882
boiront,VERB,13882
bois,VERB,18270
boisson,VERB,13881
boisson alcoolisée,VERB,12359
boisson chocolatée,VERB,13172
boisson gazeuse,VERB,17202
boisson sucrée,VERB,22344
boisson0,VERB,13881
boissons,VERB,13881
boit,VERB,13882
boive,VERB,13882
boivent,VERB,13882
boives,VERB,13882
bol,VERB,13403
bol0,VERB,13403
bols,VERB,13403
bombe,VERB,24036
bombe d'équitation,VERB,21616
bombe0,VERB,24036
bombes,VERB,24036
bon,ADJ,13416
bon marché,ADJ,13155
bon0,VERB,13416
bonbon,VERB,13118
bonbon0,VERB,13118
bonbons,VERB,22376
bonhomme de neige,VERB,17196
bonjour,OTHER,14702
bonjour0,VERB,14702
bonjours,VERB,14702
bonne,VERB,13416
bonne journée,NOUN,24457
bonne matinée,NOUN,24461
bonne nuit,NOUN,24463
bonne soirée,NOUN,24459
bonnes,VERB,13416
bons,VERB,13416
bonsoir,NOUN,24459
bonsoir0,VERB,24459
bonsoirs,VERB,24459
bonté,VERB,14456
bonté0,VERB,14456
bontés,VERB,14456
bord de l'eau,VERB,12640
bord de mer,VERB,22629
bosquet,VERB,14648
bosquet0,VERB,14648
bosquets,VERB,14648
botanique,VERB,21547
botanique0,VERB,21547
botaniques,VERB,21547
botaniste,PREP,21565
botaniste0,VERB,21565
botanistes,VERB,21565
botte,VERB,12876
botte d'équitation,VERB,24243
botte0,VERB,12876
bottes,VERB,12876
boucha,VERB,23428
bouchai,VERB,23428
bouchaient,VERB,23428
bouchais,VERB,23428
bouchait,VERB,23428
bouchant,VERB,23428
bouchas,VERB,23428
bouchasse,VERB,23428
bouchassent,VERB,23428
bouchasses,VERB,23428
bouchassiez,VERB,23428
bouchassions,VERB,23428
bouche,VERB,15666
bouche0,VERB,15666
bouchent,VERB,23428
boucher,PREP,23428
bouchera,VERB,23428
boucherai,VERB,23428
boucheraient,VERB,23428
boucherais,VERB,23428
boucherait,VERB,23428
boucheras,VERB,23428
boucherez,VERB,23428
boucherie,VERB,23037
boucherie0,VERB,23037
boucheries,VERB,23037
boucheriez,VERB,23428
boucherions,VERB,23428
boucherons,VERB,23428
boucheront,VERB,23428
bouches,VERB,15666
bouchez,VERB,23428
bouchiez,VERB,23428
bouchions,VERB,23428
bouchons,VERB,23428
bouchâmes,VERB,23428
bouchât,VERB,23428
bouchâtes,VERB,23428
bouchèrent,VERB,23428
bouché,VERB,23428
bouchée,VERB,23428
bouchées,VERB,23428
bouchés,VERB,23428
bouddha,PREP,23423
bouddha0,VERB,23423
bouddhas,VERB,23423
bouddhisme,VERB,23424
bouddhisme0,VERB,23424
bouddhismes,VERB,23424
bouddhiste,ADJ,23425
bouddhiste0,VERB,23425
bouddhistes,VERB,23425
boue,VERB,15672
boue0,VERB,15672
boues,VERB,15672
bouge,VERB,15667
bougea,VERB,15667
bougeai,VERB,15667
bougeaient,VERB,15667
bougeais,VERB,15667
bougeait,VERB,15667
bougeant,VERB,15667
bougeas,VERB,15667
bougeasse,VERB,15667
bougeassent,VERB,15667
bougeasses,VERB,15667
bougeassiez,VERB,15667
bougeassions,VERB,15667
bougent,VERB,15667
bougeons,VERB,15667
bouger,PRON,15667
bougera,VERB,15667
bougerai,VERB,15667
bougeraient,VERB,15667
bougerais,VERB,15667
bougerait,VERB,15667
bougeras,VERB,15667
bougerez,VERB,15667
bougeriez,VERB,15667
bougerions,VERB,15667
bougerons,VERB,15667
bougeront,VERB,15667
bouges,VERB,15667
bougez,VERB,15667
bougeâmes,VERB,15667
bougeât,VERB,15667
bougeâtes,VERB,15667
bougie,VERB,13117
bougie0,VERB,13117
bougies,VERB,13117
bougiez,VERB,15667
bougions,VERB,15667
bougèrent,VERB,15667
bougé,VERB,15667
bougée,VERB,15667
bougées,VERB,15667
bougés,VERB,15667
bouillaient,VERB,12872
bouillais,VERB,12872
bouillait,VERB,12872
bouillant,VERB,12872
bouille,VERB,12872
bouillent,VERB,12872
bouilles,VERB,12872
bouillez,VERB,12872
bouilli,VERB,12872
bouillie,VERB,12872
bouillies,VERB,12872
bouilliez,VERB,12872
bouillions,VERB,12872
bouillir,PRON,12872
bouillira,VERB,12872
bouillirai,VERB,12872
bouilliraient,VERB,12872
bouillirais,VERB,12872
bouillirait,VERB,12872
bouilliras,VERB,12872
bouillirent,VERB,12872
bouillirez,VERB,12872
bouilliriez,VERB,12872
bouillirions,VERB,12872
bouillirons,VERB,12872
bouilliront,VERB,12872
bouillis,VERB,12872
bouillisse,VERB,12872
bouillissent,VERB,12872
bouillisses,VERB,12872
bouillissiez,VERB,12872
bouillissions,VERB,12872
bouillit,VERB,12872
bouilloire,VERB,16191
bouilloire électrique,VERB,22587
bouilloire0,VERB,16191
bouilloires,VERB,16191
bouillons,VERB,12872
bouillîmes,VERB,12872
bouillît,VERB,12872
bouillîtes,VERB,12872
boulange,VERB,23412
boulangea,VERB,23412
boulangeai,VERB,23412
boulangeaient,VERB,23412
boulangeais,VERB,23412
boulangeait,VERB,23412
boulangeant,VERB,23412
boulangeas,VERB,23412
boulangeasse,VERB,23412
boulangeassent,VERB,23412
boulangeasses,VERB,23412
boulangeassiez,VERB,23412
boulangeassions,VERB,23412
boulangent,VERB,23412
boulangeons,VERB,23412
boulanger,PREP,23412
boulangera,VERB,23412
boulangerai,VERB,23412
boulangeraient,VERB,23412
boulangerais,VERB,23412
boulangerait,VERB,23412
boulangeras,VERB,23412
boulangerez,VERB,23412
boulangerie,VERB,23027
boulangerie0,VERB,23027
boulangeries,VERB,23027
boulangeriez,VERB,23412
boulangerions,VERB,23412
boulangerons,VERB,23412
boulangeront,VERB,23412
boulanges,VERB,23412
boulangez,VERB,23412
boulangeâmes,VERB,23412
boulangeât,VERB,23412
boulangeâtes,VERB,23412
boulangiez,VERB,23412
boulangions,VERB,23412
boulangèrent,VERB,23412
boulangé,VERB,23412
boulangée,VERB,23412
boulangées,VERB,23412
boulangés,VERB,23412
boule de commande,VERB,23691
boule de neige,VERB,17194
boulette de nourriture,VERB,14378
boulette de poisson,VERB,22127
boulette de pâte,VERB,22128
boulette de viande,VERB,15445
boulingrin,VERB,22835
boulingrin0,VERB,22835
boulingrins,VERB,22835
bourse,VERB,16438
bourse séminale,VERB,16758
bourse0,VERB,16438
bourses,VERB,16438
bous,VERB,12872
boussole,VERB,24626
boussole0,VERB,24626
boussoles,VERB,24626
bout,VERB,12872
bouteille,VERB,12880
bouteille0,VERB,12880
bouteilles,VERB,12880
boutique d'artisanat,VERB,23106
boutique de cadeaux,VERB,23096
bouton,VERB,13098
bouton0,VERB,13098
boutons,VERB,13098
bowling,VERB,12885
bowling sur gazon,VERB,22835
bowling0,VERB,12885
bowlings,VERB,12885
box,VERB,24157
boxe,VERB,12887
boxe0,VERB,12887
boxes,VERB,12887
boyau,VERB,12883
boyau0,VERB,12883
boyaux,VERB,12883
boîte,VERB,12886
boîte aux lettres,VERB,15409
boîte cylindrique,VERB,20528
boîte de conserve,VERB,22590
boîte en fer,VERB,22590
boîte à biscuits,VERB,22591
boîte à lunch,VERB,23573
boîte à tartines,VERB,23573
boîte0,VERB,12886
boîtes,VERB,12886
brahma,PREP,12892
brancard,VERB,24911
brancard0,VERB,24911
brancards,VERB,24911
brancha,VERB,24710
branchai,VERB,24710
branchaient,VERB,24710
branchais,VERB,24710
branchait,VERB,24710
branchant,VERB,24710
branchas,VERB,24710
branchasse,VERB,24710
branchassent,VERB,24710
branchasses,VERB,24710
branchassiez,VERB,24710
branchassions,VERB,24710
branche,VERB,12894
branche0,VERB,12894
branchent,VERB,24710
brancher,PRON,24710
branchera,VERB,24710
brancherai,VERB,24710
brancheraient,VERB,24710
brancherais,VERB,24710
brancherait,VERB,24710
brancheras,VERB,24710
brancherez,VERB,24710
brancheriez,VERB,24710
brancherions,VERB,24710
brancherons,VERB,24710
brancheront,VERB,24710
branches,VERB,12894
branchez,VERB,24710
branchiez,VERB,24710
branchions,VERB,24710
branchons,VERB,24710
branchâmes,VERB,24710
branchât,VERB,24710
branchâtes,VERB,24710
branchèrent,VERB,24710
branché,VERB,24710
branchée,VERB,24710
branchées,VERB,24710
branchés,VERB,24710
bras,VERB,12577
bras d'eau,VERB,22625
bras de mer,VERB,22625
brave,ADJ,23418
brave0,VERB,23418
braves,VERB,23418
bricola,VERB,14192
bricolai,VERB,14192
bricolaient,VERB,14192
bricolais,VERB,14192
bricolait,VERB,14192
bricolant,VERB,14192
bricolas,VERB,14192
bricolasse,VERB,14192
bricolassent,VERB,14192
bricolasses,VERB,14192
bricolassiez,VERB,14192
bricolassions,VERB,14192
bricole,VERB,14192
bricolent,VERB,14192
bricoler,PRON,14192
bricolera,VERB,14192
bricolerai,VERB,14192
bricoleraient,VERB,14192
bricolerais,VERB,14192
bricolerait,VERB,14192
bricoleras,VERB,14192
bricolerez,VERB,14192
bricoleriez,VERB,14192
bricolerions,VERB,14192
bricolerons,VERB,14192
bricoleront,VERB,14192
bricoles,VERB,14192
bricolez,VERB,14192
bricoliez,VERB,14192
bricolions,VERB,14192
bricolons,VERB,14192
bricolâmes,VERB,14192
bricolât,VERB,14192
bricolâtes,VERB,14192
bricolèrent,VERB,14192
bricolé,VERB,14192
bricolée,VERB,14192
bricolées,VERB,14192
bricolés,VERB,14192
bride,VERB,24038
bride0,VERB,24038
brides,VERB,24038
brilla,VERB,16956
brillai,VERB,16956
brillaient,VERB,16956
brillais,VERB,16956
brillait,VERB,16956
brillant,ADJ,12903
brillant0,VERB,12903
brillante,VERB,12903
brillantes,VERB,12903
brillants,VERB,12903
brillas,VERB,16956
brillasse,VERB,16956
brillassent,VERB,16956
brillasses,VERB,16956
brillassiez,VERB,16956
brillassions,VERB,16956
brille,VERB,16956
brillent,VERB,16956
briller,PRON,16956
brillera,VERB,16956
brillerai,VERB,16956
brilleraient,VERB,16956
brillerais,VERB,16956
brillerait,VERB,16956
brilleras,VERB,16956
brillerez,VERB,16956
brilleriez,VERB,16956
brillerions,VERB,16956
brillerons,VERB,16956
brilleront,VERB,16956
brilles,VERB,16956
brillez,VERB,16956
brilliez,VERB,16956
brillions,VERB,16956
brillons,VERB,16956
brillâmes,VERB,16956
brillât,VERB,16956
brillâtes,VERB,16956
brillèrent,VERB,16956
brillé,VERB,16956
brioche,VERB,20769
brioche0,VERB,20769
brioches,VERB,20769
brique,VERB,12860
brique0,VERB,12860
briques,VERB,12860
brisa,VERB,12896
brisai,VERB,12896
brisaient,VERB,12896
brisais,VERB,12896
brisait,VERB,12896
brisant,VERB,12896
brisas,VERB,12896
brisasse,VERB,12896
brisassent,VERB,12896
brisasses,VERB,12896
brisassiez,VERB,12896
brisassions,VERB,12896
brise,VERB,23824
brise0,VERB,23824
brisent,VERB,12896
briser,PRON,12896
brisera,VERB,12896
briserai,VERB,12896
briseraient,VERB,12896
briserais,VERB,12896
briserait,VERB,12896
briseras,VERB,12896
briserez,VERB,12896
briseriez,VERB,12896
briserions,VERB,12896
briserons,VERB,12896
briseront,VERB,12896
brises,VERB,12896
brisez,VERB,12896
brisiez,VERB,12896
brisions,VERB,12896
brisons,VERB,12896
brisure,VERB,24852
brisure0,VERB,24852
brisures,VERB,24852
brisâmes,VERB,12896
brisât,VERB,12896
brisâtes,VERB,12896
brisèrent,VERB,12896
brisé,VERB,12896
brisée,VERB,12896
brisées,VERB,12896
brisés,VERB,12896
brocoli,VERB,12905
brocoli0,VERB,12905
brocolis,VERB,12905
broie,VERB,15427
broient,VERB,15427
broiera,VERB,15427
broierai,VERB,15427
broieraient,VERB,15427
broierais,VERB,15427
broierait,VERB,15427
broieras,VERB,15427
broierez,VERB,15427
broieriez,VERB,15427
broierions,VERB,15427
broierons,VERB,15427
broieront,VERB,15427
broies,VERB,15427
brontosaure,VERB,23421
brontosaure0,VERB,23421
brontosaures,VERB,23421
bronzage,VERB,24768
bronzage0,VERB,24768
bronzages,VERB,24768
bronze,VERB,23035
bronze0,VERB,23035
bronzes,VERB,23035
brossa,VERB,12913
brossai,VERB,12913
brossaient,VERB,12913
brossais,VERB,12913
brossait,VERB,12913
brossant,VERB,12913
brossas,VERB,12913
brossasse,VERB,12913
brossassent,VERB,12913
brossasses,VERB,12913
brossassiez,VERB,12913
brossassions,VERB,12913
brosse,VERB,12912
brosse à dents,VERB,17756
brosse0,VERB,12912
brossent,VERB,12913
brosser,PRON,12913
brosser les dents-,PRON,12914
brossera,VERB,12913
brosserai,VERB,12913
brosseraient,VERB,12913
brosserais,VERB,12913
brosserait,VERB,12913
brosseras,VERB,12913
brosserez,VERB,12913
brosseriez,VERB,12913
brosserions,VERB,12913
brosserons,VERB,12913
brosseront,VERB,12913
brosses,VERB,12912
brossez,VERB,12913
brossiez,VERB,12913
brossions,VERB,12913
brossons,VERB,12913
brossâmes,VERB,12913
brossât,VERB,12913
brossâtes,VERB,12913
brossèrent,VERB,12913
brossé,VERB,12913
brossée,VERB,12913
brossées,VERB,12913
brossés,VERB,12913
brouette,VERB,23416
brouette0,VERB,23416
brouettes,VERB,23416
brouillard,VERB,14374
brouillard0,VERB,14374
brouillards,VERB,14374
broya,VERB,15427
broyai,VERB,15427
broyaient,VERB,15427
broyais,VERB,15427
broyait,VERB,15427
broyant,VERB,15427
broyas,VERB,15427
broyasse,VERB,15427
broyassent,VERB,15427
broyasses,VERB,15427
broyassiez,VERB,15427
broyassions,VERB,15427
broyer,PRON,15427
broyez,VERB,15427
broyiez,VERB,15427
broyions,VERB,15427
broyons,VERB,15427
broyâmes,VERB,15427
broyât,VERB,15427
broyâtes,VERB,15427
broyèrent,VERB,15427
broyé,VERB,15427
broyée,VERB,15427
broyées,VERB,15427
broyés,VERB,15427
bruit,VERB,24922
bruit0,VERB,24922
bruits,VERB,24922
brun,VERB,12910
brun0,VERB,12910
brun_,NOUN,12910
brune,VERB,12910
brunes,VERB,12910
bruns,VERB,12910
brusquement,ADJ,17452
bruyant,ADJ,15397
bruyant0,VERB,15397
bruyante,VERB,15397
bruyantes,VERB,15397
bruyants,VERB,15397
brûla,VERB,12922
brûlai,VERB,12922
brûlaient,VERB,12922
brûlais,VERB,12922
brûlait,VERB,12922
brûlant,ADJ,14900
brûlant0,VERB,14900
brûlante,VERB,14900
brûlantes,VERB,14900
brûlants,VERB,14900
brûlas,VERB,12922
brûlasse,VERB,12922
brûlassent,VERB,12922
brûlasses,VERB,12922
brûlassiez,VERB,12922
brûlassions,VERB,12922
brûle,VERB,12922
brûlent,VERB,12922
brûler,PRON,12922
brûlera,VERB,12922
brûlerai,VERB,12922
brûleraient,VERB,12922
brûlerais,VERB,12922
brûlerait,VERB,12922
brûleras,VERB,12922
brûlerez,VERB,12922
brûleriez,VERB,12922
brûlerions,VERB,12922
brûlerons,VERB,12922
brûleront,VERB,12922
brûles,VERB,12922
brûlez,VERB,12922
brûliez,VERB,12922
brûlions,VERB,12922
brûlons,VERB,12922
brûlâmes,VERB,12922
brûlât,VERB,12922
brûlâtes,VERB,12922
brûlèrent,VERB,12922
brûlé,ADJ,12923
brûlé0,VERB,12923
brûlée,VERB,12922
brûlées,VERB,12922
brûlés,VERB,12922
bu,VERB,13882
budget,VERB,23427
budget0,VERB,23427
budgets,VERB,23427
bue,VERB,13882
bues,VERB,13882
buffle,VERB,12917
buffle0,VERB,12917
buffles,VERB,12917
bufflesse,VERB,12917
bufflesses,VERB,12917
buisson,VERB,13092
buisson0,VERB,13092
buissons,VERB,13092
bulbe,VERB,12919
bulbe0,VERB,12919
bulbes,VERB,12919
bulle,VERB,12916
bulle0,VERB,12916
bulles,VERB,12916
bulletin d'information,VERB,15713
bungalow,VERB,23163
bungalow0,VERB,23163
bungalows,VERB,23163
bureau,VERB,13663
bureau0,VERB,13663
bureaux,VERB,13663
burent,VERB,13882
burettes,VERB,21365
burger de poisson,VERB,22120
bus,VERB,13089
busse,VERB,13882
bussent,VERB,13882
busses,VERB,13882
bussiez,VERB,13882
bussions,VERB,13882
but,VERB,14450
but0,VERB,14450
buts,VERB,14450
buvaient,VERB,13882
buvais,VERB,13882
buvait,VERB,13882
buvant,VERB,13882
buvez,VERB,13882
buviez,VERB,13882
buvions,VERB,13882
buvons,VERB,13882
bâbord,VERB,24712
bâbord0,VERB,24712
bâbords,VERB,24712
bâilla,VERB,18288
bâillai,VERB,18288
bâillaient,VERB,18288
bâillais,VERB,18288
bâillait,VERB,18288
bâillant,VERB,18288
bâillas,VERB,18288
bâillasse,VERB,18288
bâillassent,VERB,18288
bâillasses,VERB,18288
bâillassiez,VERB,18288
bâillassions,VERB,18288
bâille,VERB,18288
bâillent,VERB,18288
bâiller,PRON,18288
bâillera,VERB,18288
bâillerai,VERB,18288
bâilleraient,VERB,18288
bâillerais,VERB,18288
bâillerait,VERB,18288
bâilleras,VERB,18288
bâillerez,VERB,18288
bâilleriez,VERB,18288
bâillerions,VERB,18288
bâillerons,VERB,18288
bâilleront,VERB,18288
bâilles,VERB,18288
bâillez,VERB,18288
bâilliez,VERB,18288
bâillions,VERB,18288
bâillons,VERB,18288
bâillâmes,VERB,18288
bâillât,VERB,18288
bâillâtes,VERB,18288
bâillèrent,VERB,18288
bâillé,VERB,18288
bâtiment,VERB,14905
bâtiment0,VERB,14905
bâtiments,VERB,14905
bâton,VERB,17235
bâton0,VERB,17235
bâtons,VERB,17235
bâtons de ski,VERB,17000
bébé,PREP,12603
bébé animal,VERB,24408
bébé0,VERB,12603
bébés,VERB,12603
bélier,VERB,22638
bélier0,VERB,22638
béliers,VERB,22638
bénévole,PREP,18021
bénévole0,VERB,18021
bénévoles,VERB,18021
béquilles,VERB,13617
béton,VERB,13397
béton0,VERB,13397
bétons,VERB,13397
bêla,VERB,24026
bêlai,VERB,24026
bêlaient,VERB,24026
bêlais,VERB,24026
bêlait,VERB,24026
bêlant,VERB,24026
bêlas,VERB,24026
bêlasse,VERB,24026
bêlassent,VERB,24026
bêlasses,VERB,24026
bêlassiez,VERB,24026
bêlassions,VERB,24026
bêle,VERB,24026
bêlent,VERB,24026
bêler,PRON,24026
bêlera,VERB,24026
bêlerai,VERB,24026
bêleraient,VERB,24026
bêlerais,VERB,24026
bêlerait,VERB,24026
bêleras,VERB,24026
bêlerez,VERB,24026
bêleriez,VERB,24026
bêlerions,VERB,24026
bêlerons,VERB,24026
bêleront,VERB,24026
bêles,VERB,24026
bêlez,VERB,24026
bêliez,VERB,24026
bêlions,VERB,24026
bêlons,VERB,24026
bêlâmes,VERB,24026
bêlât,VERB,24026
bêlâtes,VERB,24026
bêlèrent,VERB,24026
bêlé,VERB,24026
bête,ADJ,17447
bête0,VERB,17447
bêtes,VERB,17447
bôme,VERB,22060
bôme0,VERB,22060
bômes,VERB,22060
bûche,VERB,17263
bûche0,VERB,17263
bûcheron,PREP,23572
bûcheron0,VERB,23572
bûcheronne,VERB,23572
bûcheronnes,VERB,23572
bûcherons,VERB,23572
bûches,VERB,17263
bûmes,VERB,13882
bût,VERB,13882
bûtes,VERB,13882
cabane,VERB,13102
cabane0,VERB,13102
cabanes,VERB,13102
cabillaud,VERB,23044
cabillaud0,VERB,23044
cabillauds,VERB,23044
cabine,VERB,13102
cabine0,VERB,13102
cabines,VERB,13102
caca,VERB,12884
caca0,VERB,12884
cacao,VERB,20772
cacao sucré,VERB,22340
cacao0,VERB,20772
cacaos,VERB,20772
cacas,VERB,12884
cacha,VERB,14710
cachai,VERB,14710
cachaient,VERB,14710
cachais,VERB,14710
cachait,VERB,14710
cachant,VERB,14710
cachas,VERB,14710
cachasse,VERB,14710
cachassent,VERB,14710
cachasses,VERB,14710
cachassiez,VERB,14710
cachassions,VERB,14710
cache,VERB,14710
cachent,VERB,14710
cacher,PRON,14710
cachera,VERB,14710
cacherai,VERB,14710
cacheraient,VERB,14710
cacherais,VERB,14710
cacherait,VERB,14710
cacheras,VERB,14710
cacherez,VERB,14710
cacheriez,VERB,14710
cacherions,VERB,14710
cacherons,VERB,14710
cacheront,VERB,14710
caches,VERB,14710
cachet,VERB,16980
cachet0,VERB,16980
cachets,VERB,16980
cachez,VERB,14710
cachiez,VERB,14710
cachions,VERB,14710
cachons,VERB,14710
cachâmes,VERB,14710
cachât,VERB,14710
cachâtes,VERB,14710
cachèrent,VERB,14710
caché,VERB,14710
cachée,VERB,14710
cachées,VERB,14710
cachés,VERB,14710
cadavre,VERB,21315
cadavre0,VERB,21315
cadavres,VERB,21315
cadeau,VERB,14437
cadeau0,VERB,14437
cadeaux,VERB,14437
cafetière,VERB,16191
café,VERB,12627
café0,VERB,12627
cafés,VERB,12627
cafétaria,VERB,16498
cage,VERB,13105
cage0,VERB,13105
cages,VERB,13105
cahier,VERB,18276
cahier0,VERB,18276
cahiers,VERB,18276
cake,VERB,13106
cake0,VERB,13106
cakes,VERB,13106
calcula,VERB,13107
calculai,VERB,13107
calculaient,VERB,13107
calculais,VERB,13107
calculait,VERB,13107
calculant,VERB,13107
calculas,VERB,13107
calculasse,VERB,13107
calculassent,VERB,13107
calculasses,VERB,13107
calculassiez,VERB,13107
calculassions,VERB,13107
calculatrice,VERB,13108
calcule,VERB,13107
calculent,VERB,13107
calculer,PRON,13107
calculera,VERB,13107
calculerai,VERB,13107
calculeraient,VERB,13107
calculerais,VERB,13107
calculerait,VERB,13107
calculeras,VERB,13107
calculerez,VERB,13107
calculeriez,VERB,13107
calculerions,VERB,13107
calculerons,VERB,13107
calculeront,VERB,13107
calcules,VERB,13107
calculez,VERB,13107
calculiez,VERB,13107
calculions,VERB,13107
calculons,VERB,13107
calculâmes,VERB,13107
calculât,VERB,13107
calculâtes,VERB,13107
calculèrent,VERB,13107
calculé,VERB,13107
calculée,VERB,13107
calculées,VERB,13107
calculés,VERB,13107
calendrier,VERB,13109
calendrier de réunions,VERB,16733
calendrier0,VERB,13109
calendriers,VERB,13109
calepin,VERB,15734
calepin0,VERB,15734
calepins,VERB,15734
caleçon,VERB,17971
caleçon0,VERB,17971
caleçons,VERB,17971
calice,VERB,21364
calice0,VERB,21364
calices,VERB,21364
calme,VERB,23828
calme0,VERB,23828
calmes,VERB,23828
calèche,VERB,20601
calèche0,VERB,20601
calèches,VERB,20601
cambrioleur,PREP,23683
cambrioleur0,VERB,23683
cambrioleurs,VERB,23683
cambrioleuse,VERB,23683
cambrioleuses,VERB,23683
camion,VERB,17781
camion benne,VERB,13890
camion de pompiers,VERB,14186
camion0,VERB,17781
camionnette,VERB,18000
camionnette0,VERB,18000
camionnettes,VERB,18000
camions,VERB,17781
camp,VERB,12633
camp de vacances,VERB,17461
camp0,VERB,12633
campagne,VERB,13424
campagne0,VERB,13424
campagnes,VERB,13424
campement,VERB,13112
campement0,VERB,13112
campements,VERB,13112
camping-car,VERB,13113
camping-car0,VERB,13113
camping-cars,VERB,13113
camps,VERB,12633
caméléon,VERB,13150
caméléon0,VERB,13150
caméléons,VERB,13150
caméra,VERB,13111
caméra0,VERB,13111
caméras,VERB,13111
canada,VERB,13116
canada0,VERB,13116
canadas,VERB,13116
canal,VERB,24619
canal déférent,VERB,18001
canal0,VERB,24619
canalisation,VERB,16187
canalisation0,VERB,16187
canalisation_,VERB,16187
canalisations,VERB,16187
canapé,VERB,13419
canapé0,VERB,13419
canapés,VERB,13419
canard,VERB,12840
canard0,VERB,12840
canards,VERB,12840
canaux,VERB,24619
cancer,VERB,22640
cancer0,VERB,22640
cancers,VERB,22640
canette,VERB,13115
canette0,VERB,13115
canettes,VERB,13115
canidé,VERB,12380
canidé0,VERB,12380
canidés,VERB,12380
canne,VERB,13119
canne0,VERB,13119
canneberge,VERB,13433
canneberge0,VERB,13433
canneberges,VERB,13433
cannelle,VERB,22312
cannelle0,VERB,22312
cannelles,VERB,22312
cannes,VERB,13119
canon,VERB,13120
canon0,VERB,13120
canons,VERB,13120
canot,VERB,22076
canot automobile,VERB,22074
canot de sauvetage,VERB,22078
canot pneumatique,VERB,22086
canot0,VERB,22076
canotage,VERB,21801
canotage0,VERB,21801
canotages,VERB,21801
canots,VERB,22076
canoë,VERB,22050
canoë0,VERB,22050
canoës,VERB,22050
cantine,VERB,16498
cantine0,VERB,16498
cantines,VERB,16498
cantique,VERB,21074
cantique0,VERB,21074
cantiques,VERB,21074
canton,VERB,16423
canton0,VERB,16423
cantons,VERB,16423
capacité,VERB,12322
capacité0,VERB,12322
capacités,VERB,12322
capitaine,VERB,24744
capitaine0,VERB,24744
capitaines,VERB,24744
capricorne,VERB,22646
capricorne0,VERB,22646
capricornes,VERB,22646
car,NOUN,12647
car0,VERB,12647
carabine,VERB,16510
carabine0,VERB,16510
carabines,VERB,16510
caractère numérique,NOUN,23476
caractère sacré de la vie,VERB,21087
caramel,VERB,22375
caramel0,VERB,22375
caramels,VERB,22375
caravane,VERB,13113
caravane0,VERB,13113
caravanes,VERB,13113
carbonnade,VERB,23473
carbonnade0,VERB,23473
carbonnades,VERB,23473
cardiologue,PREP,21582
cardiologue0,VERB,21582
cardiologues,VERB,21582
caressa,VERB,17443
caressai,VERB,17443
caressaient,VERB,17443
caressais,VERB,17443
caressait,VERB,17443
caressant,VERB,17443
caressas,VERB,17443
caressasse,VERB,17443
caressassent,VERB,17443
caressasses,VERB,17443
caressassiez,VERB,17443
caressassions,VERB,17443
caresse,VERB,17443
caressent,VERB,17443
caresser,PRON,17443
caressera,VERB,17443
caresserai,VERB,17443
caresseraient,VERB,17443
caresserais,VERB,17443
caresserait,VERB,17443
caresseras,VERB,17443
caresserez,VERB,17443
caresseriez,VERB,17443
caresserions,VERB,17443
caresserons,VERB,17443
caresseront,VERB,17443
caresses,VERB,17443
caressez,VERB,17443
caressiez,VERB,17443
caressions,VERB,17443
caressons,VERB,17443
caressâmes,VERB,17443
caressât,VERB,17443
caressâtes,VERB,17443
caressèrent,VERB,17443
caressé,VERB,17443
caressée,VERB,17443
caressées,VERB,17443
caressés,VERB,17443
cargo,VERB,22069
cargo0,VERB,22069
cargos,VERB,22069
caribou,VERB,16478
caribou0,VERB,16478
caribous,VERB,16478
carie,VERB,13138
carie0,VERB,13138
caries,VERB,13138
carillon,VERB,23814
carillon0,VERB,23814
carillons,VERB,23814
carnet,VERB,15734
carnet0,VERB,15734
carnets,VERB,15734
carotte,VERB,13124
carotte0,VERB,13124
carottes,VERB,13124
carpette,VERB,16696
carpette0,VERB,16696
carpettes,VERB,16696
carriole,VERB,13127
carriole0,VERB,13127
carrioles,VERB,13127
carrière,VERB,21360
carrosse,VERB,20601
carrosse0,VERB,20601
carrosses,VERB,20601
carré,VERB,17242
carré0,VERB,17242
carrée,VERB,17242
carrées,VERB,17242
carrés,VERB,17242
cars,VERB,12647
cartable,VERB,23650
cartable0,VERB,23650
cartables,VERB,23650
carte,VERB,23431
carte bancaire,VERB,23415
carte de crédit,VERB,24633
carte de la saint-valentin,VERB,17997
carte de stationnement,VERB,23914
carte de téléphone,VERB,23677
carte géographique,VERB,15421
carte maritime,VERB,24745
carte postale,VERB,16227
carte topographique,VERB,15421
carte0,VERB,23431
cartes,VERB,23431
cartographe,PREP,23433
cartographe0,VERB,23433
cartographes,VERB,23433
cartographie,VERB,23434
cartographie0,VERB,23434
cartographies,VERB,23434
carême,VERB,24178
carême0,VERB,24178
carêmes,VERB,24178
cascade,VERB,22622
cascade0,VERB,22622
cascades,VERB,22622
casier,VERB,24656
casier0,VERB,24656
casiers,VERB,24656
casque,VERB,14703
casque de cycliste,VERB,21618
casque de hockey,VERB,21617
casque0,VERB,14703
casques,VERB,14703
casquette,VERB,21623
casquette0,VERB,21623
casquettes,VERB,21623
cassa,VERB,12896
cassable,ADJ,12897
cassable0,VERB,12897
cassables,VERB,12897
cassai,VERB,12896
cassaient,VERB,12896
cassais,VERB,12896
cassait,VERB,12896
cassant,VERB,12896
cassas,VERB,12896
cassasse,VERB,12896
cassassent,VERB,12896
cassasses,VERB,12896
cassassiez,VERB,12896
cassassions,VERB,12896
casse,VERB,12896
casse-croûte,VERB,17187
casse-noix,VERB,22566
cassent,VERB,12896
casser,PRON,12896
casser en morceaux,PRON,17016
cassera,VERB,12896
casserai,VERB,12896
casseraient,VERB,12896
casserais,VERB,12896
casserait,VERB,12896
casseras,VERB,12896
casserez,VERB,12896
casseriez,VERB,12896
casserions,VERB,12896
casserole,VERB,16229
casserole à pression,VERB,22586
casserole à vapeur,VERB,22586
casserole électrique,VERB,22580
casserole0,VERB,16229
casseroles,VERB,16229
casserons,VERB,12896
casseront,VERB,12896
casses,VERB,12896
cassette vidéo,VERB,13128
cassez,VERB,12896
cassiez,VERB,12896
cassions,VERB,12896
cassons,VERB,12896
cassure,VERB,24852
cassure0,VERB,24852
cassures,VERB,24852
cassâmes,VERB,12896
cassât,VERB,12896
cassâtes,VERB,12896
cassèrent,VERB,12896
cassé,ADJ,12907
cassée,VERB,12896
cassées,VERB,12896
cassés,VERB,12896
castagnettes,VERB,23830
castagnettes_,VERB,23830
castor,VERB,12646
castor0,VERB,12646
castors,VERB,12646
catadioptre,VERB,22385
catadioptre0,VERB,22385
catadioptres,VERB,22385
catamaran,VERB,22087
catamaran0,VERB,22087
catamarans,VERB,22087
catastrophe,VERB,23846
catastrophe0,VERB,23846
catastrophes,VERB,23846
catch,VERB,18283
catch0,VERB,18283
catchs,VERB,18283
causalité,VERB,23439
causalité0,VERB,23439
causalités,VERB,23439
cause,VERB,13134
cause0,VERB,13134
causer provoquer,PRON,13135
causes,VERB,13134
causé par,PRON,13136
cavalier,PREP,22091
cavalier0,VERB,22091
cavaliers,VERB,22091
cavalière,VERB,22091
cavalières,VERB,22091
cave,VERB,23029
cave0,VERB,23029
caverne,VERB,13137
caverne0,VERB,13137
cavernes,VERB,13137
caves,VERB,23029
cd,VERB,16470
ce,NOUN,17720
ce mois-ci,VERB,24948
ce soir,VERB,17753
ceci,NOUN,17720
ceinture,VERB,12664
ceinture de sécurité,VERB,24255
ceinture0,VERB,12664
ceintures,VERB,12664
cela,NOUN,17697
cellule,VERB,21540
cellule0,VERB,21540
cellules,VERB,21540
cendres,VERB,12586
cendrier,VERB,12587
cendrier0,VERB,12587
cendriers,VERB,12587
cent,VERB,13143
centime,VERB,13143
centime de couronne,VERB,24923
centime0,VERB,13143
centimes,VERB,13143
centre,VERB,15464
centre commercial,VERB,16961
centre communautaire,VERB,23446
centre d'accueil,VERB,23038
centre d'accueil de jour,VERB,13641
centre d'activités,VERB,23008
centre d'échange,VERB,16493
centre de documentation,VERB,16493
centre de jour,VERB,23055
centre de loisirs,VERB,23010
centre de planning familial,VERB,14148
centre de ressources,VERB,16493
centre de ressources bliss,VERB,12859
centre de revalidation,VERB,23682
centre de rééducation,VERB,23682
centre hospitalier,VERB,13361
centre0,VERB,15464
centres,VERB,15464
cents,VERB,13143
cependant,NOUN,13094
cercle,VERB,13347
cercle de fans,VERB,24446
cercle0,VERB,13347
cercles,VERB,13347
cercueil,VERB,21116
cercueil0,VERB,21116
cercueils,VERB,21116
cerf,VERB,12381
cerf-volant,VERB,15155
cerf0,VERB,12381
cerfs,VERB,12381
cerises,VERB,13159
certain,ADJ,13146
certain0,VERB,13146
certaine,VERB,13146
certaines,VERB,13146
certains,VERB,13146
cerveau,VERB,12893
cerveau0,VERB,12893
cerveaux,VERB,12893
cervidé,VERB,12381
cervidé0,VERB,12381
cervidés,VERB,12381
ces,NOUN,17711
cessez-le-feu,VERB,24424
cette année-ci,VERB,17722
cette semaine-ci,VERB,17721
ceux-là,NOUN,17723
chaise,VERB,13148
chaise percée,VERB,24770
chaise roulante,VERB,18233
chaise roulante électrique,VERB,13920
chaise0,VERB,13148
chaises,VERB,13148
chalet,VERB,13102
chalet0,VERB,13102
chalets,VERB,13102
chaleur,VERB,14696
chaleur0,VERB,14696
chaleurs,VERB,14696
challah,VERB,13149
chalumeau,VERB,17277
chalumeau0,VERB,17277
chalumeaux,VERB,17277
chambre d'enfant,VERB,24841
chambre d'hôte,VERB,24465
chambre à coucher,VERB,12650
chameau,VERB,13110
chameau0,VERB,13110
chameaux,VERB,13110
champ,VERB,14173
champ0,VERB,14173
champagne,VERB,22346
champagne0,VERB,22346
champagnes,VERB,22346
champignon,VERB,15678
champignon0,VERB,15678
champignons,VERB,15678
champs,VERB,14173
chance,VERB,15402
chance0,VERB,15402
chances,VERB,15402
chanceuse,VERB,15403
chanceuses,VERB,15403
chanceux,ADJ,15403
chanceux0,VERB,15403
chandelle,VERB,13117
chandelle0,VERB,13117
chandelles,VERB,13117
change,VERB,13152
changea,VERB,13152
changeai,VERB,13152
changeaient,VERB,13152
changeais,VERB,13152
changeait,VERB,13152
changeant,VERB,13152
changeas,VERB,13152
changeasse,VERB,13152
changeassent,VERB,13152
changeasses,VERB,13152
changeassiez,VERB,13152
changeassions,VERB,13152
changement,VERB,13151
changement0,VERB,13151
changements,VERB,13151
changent,VERB,13152
changeons,VERB,13152
changer,PRON,13152
changer en,PRON,23453
changera,VERB,13152
changerai,VERB,13152
changeraient,VERB,13152
changerais,VERB,13152
changerait,VERB,13152
changeras,VERB,13152
changerez,VERB,13152
changeriez,VERB,13152
changerions,VERB,13152
changerons,VERB,13152
changeront,VERB,13152
changes,VERB,13152
changez,VERB,13152
changeâmes,VERB,13152
changeât,VERB,13152
changeâtes,VERB,13152
changiez,VERB,13152
changions,VERB,13152
changèrent,VERB,13152
changé,VERB,13152
changée,VERB,13152
changées,VERB,13152
changés,VERB,13152
chanson,VERB,17210
chanson enfantine,VERB,23835
chanson0,VERB,17210
chansons,VERB,17210
chant de noël,VERB,24623
chant en  chœur,VERB,24754
chanta,VERB,16990
chantai,VERB,16990
chantaient,VERB,16990
chantais,VERB,16990
chantait,VERB,16990
chantant,VERB,16990
chantas,VERB,16990
chantasse,VERB,16990
chantassent,VERB,16990
chantasses,VERB,16990
chantassiez,VERB,16990
chantassions,VERB,16990
chante,VERB,16990
chantent,VERB,16990
chanter,PRON,16990
chantera,VERB,16990
chanterai,VERB,16990
chanteraient,VERB,16990
chanterais,VERB,16990
chanterait,VERB,16990
chanteras,VERB,16990
chanterez,VERB,16990
chanteriez,VERB,16990
chanterions,VERB,16990
chanterons,VERB,16990
chanteront,VERB,16990
chantes,VERB,16990
chanteur,PREP,16991
chanteur0,VERB,16991
chanteurs,VERB,16991
chanteuse,VERB,16991
chanteuses,VERB,16991
chantez,VERB,16990
chantiez,VERB,16990
chantions,VERB,16990
chantons,VERB,16990
chantâmes,VERB,16990
chantât,VERB,16990
chantâtes,VERB,16990
chantèrent,VERB,16990
chanté,VERB,16990
chantée,VERB,16990
chantées,VERB,16990
chantés,VERB,16990
chapeau,VERB,14682
chapeau0,VERB,14682
chapeaux,VERB,14682
chaque,NOUN,13893
char,VERB,17504
char0,VERB,17504
charbon,VERB,13370
charbon0,VERB,13370
charbons,VERB,13370
charité,VERB,13154
charité chrétienne,VERB,21305
charité0,VERB,13154
charités,VERB,13154
charmant,ADJ,24054
charmant0,VERB,24054
charmante,VERB,24054
charmantes,VERB,24054
charmants,VERB,24054
charme,VERB,24053
charme0,VERB,24053
charmes,VERB,24053
charrette,VERB,13127
charrette à bras,VERB,23416
charrette0,VERB,13127
charrettes,VERB,13127
charrue,VERB,16206
charrue0,VERB,16206
charrues,VERB,16206
chars,VERB,17504
chassa,VERB,23537
chassai,VERB,23537
chassaient,VERB,23537
chassais,VERB,23537
chassait,VERB,23537
chassant,VERB,23537
chassas,VERB,23537
chassasse,VERB,23537
chassassent,VERB,23537
chassasses,VERB,23537
chassassiez,VERB,23537
chassassions,VERB,23537
chasse,VERB,23537
chasse-neige,VERB,23951
chassent,VERB,23537
chasser,PRON,23537
chassera,VERB,23537
chasserai,VERB,23537
chasseraient,VERB,23537
chasserais,VERB,23537
chasserait,VERB,23537
chasseras,VERB,23537
chasserez,VERB,23537
chasseriez,VERB,23537
chasserions,VERB,23537
chasserons,VERB,23537
chasseront,VERB,23537
chasses,VERB,23537
chassez,VERB,23537
chassiez,VERB,23537
chassions,VERB,23537
chassons,VERB,23537
chassâmes,VERB,23537
chassât,VERB,23537
chassâtes,VERB,23537
chassèrent,VERB,23537
chassé,VERB,23537
chassée,VERB,23537
chassées,VERB,23537
chassés,VERB,23537
chasteté,VERB,12326
chasteté0,VERB,12326
chastetés,VERB,12326
chat,VERB,12383
chat0,VERB,12383
chaton,VERB,15156
chaton0,VERB,15156
chatons,VERB,15156
chats,VERB,12383
chatte,VERB,12383
chattes,VERB,12383
chaud,ADJ,14900
chaud0,VERB,14900
chaude,VERB,14900
chaudes,VERB,14900
chauds,VERB,14900
chauffa,VERB,14697
chauffage,VERB,17273
chauffage0,VERB,17273
chauffages,VERB,17273
chauffai,VERB,14697
chauffaient,VERB,14697
chauffais,VERB,14697
chauffait,VERB,14697
chauffant,VERB,14697
chauffas,VERB,14697
chauffasse,VERB,14697
chauffassent,VERB,14697
chauffasses,VERB,14697
chauffassiez,VERB,14697
chauffassions,VERB,14697
chauffe,VERB,14697
chauffe-plats,VERB,22593
chauffent,VERB,14697
chauffer,PRON,14697
chauffera,VERB,14697
chaufferai,VERB,14697
chaufferaient,VERB,14697
chaufferais,VERB,14697
chaufferait,VERB,14697
chaufferas,VERB,14697
chaufferez,VERB,14697
chaufferiez,VERB,14697
chaufferions,VERB,14697
chaufferons,VERB,14697
chaufferont,VERB,14697
chauffes,VERB,14697
chauffeur,PREP,13884
chauffeur de bus,PREP,13091
chauffeur de taxi,PREP,17510
chauffeur0,VERB,13884
chauffeurs,VERB,13884
chauffeuse,VERB,13884
chauffeuses,VERB,13884
chauffez,VERB,14697
chauffiez,VERB,14697
chauffions,VERB,14697
chauffons,VERB,14697
chauffâmes,VERB,14697
chauffât,VERB,14697
chauffâtes,VERB,14697
chauffèrent,VERB,14697
chauffé,VERB,14697
chauffée,VERB,14697
chauffées,VERB,14697
chauffés,VERB,14697
chaussette,VERB,17264
chaussette0,VERB,17264
chaussettes,VERB,17264
chaussure,VERB,16959
chaussure de skis,VERB,16999
chaussure0,VERB,16959
chaussures,VERB,16959
chauve-souris,VERB,12636
chaîne,VERB,21849
chaîne payante,VERB,24708
chaîne0,VERB,21849
chaînes,VERB,21849
chef,PREP,12878
chef cuisinier,PREP,22907
chef d'orchestre,PREP,13399
chef du service social,PREP,24620
chef religieux,PREP,21055
chef0,VERB,12878
cheffe,VERB,12878
cheffes,VERB,12878
chefs,VERB,12878
chemin,VERB,24328
chemin0,VERB,24328
chemins,VERB,24328
cheminée,VERB,13168
cheminée0,VERB,13168
cheminées,VERB,13168
chemise,VERB,16957
chemise de nuit,VERB,16442
chemise0,VERB,16957
chemises,VERB,16957
chemisette,VERB,17972
chemisette0,VERB,17972
chemisettes,VERB,17972
chenille,VERB,13132
chenille0,VERB,13132
chenilles,VERB,13132
cher,OTHER,13644
cher0,VERB,13644
chercher partout,PRON,16742
chercheur,PREP,23652
chercheur0,VERB,23652
chercheurs,VERB,23652
chercheuse,VERB,23652
chercheuses,VERB,23652
chers,VERB,13644
cheval,VERB,14897
cheval à bascule,VERB,16682
cheval0,VERB,14897
chevaux,VERB,14897
cheveux,VERB,14660
cheville,VERB,12391
cheville0,VERB,12391
chevilles,VERB,12391
chevreuil,VERB,23944
chevreuil0,VERB,23944
chevreuils,VERB,23944
chez,NOUN,12591
chez soi,VERB,14885
chien,VERB,12380
chien de luge,VERB,21878
chien0,VERB,12380
chienne,VERB,12380
chiennes,VERB,12380
chiens,VERB,12380
chiffre numérique,NOUN,23476
chimie,VERB,21544
chimie0,VERB,21544
chimies,VERB,21544
chimiste,PREP,21562
chimiste0,VERB,21562
chimistes,VERB,21562
chiot,VERB,16434
chiot0,VERB,16434
chiots,VERB,16434
chipmunk,VERB,13170
chips,VERB,24716
chiropodiste,PREP,21596
chiropracteur,PREP,21601
chiropracteur0,VERB,21601
chiropracteurs,VERB,21601
chiropractrice,VERB,21601
chiropractrices,VERB,21601
chiropraticien,PREP,21601
chiropraticien0,VERB,21601
chiropraticienne,VERB,21601
chiropraticiennes,VERB,21601
chiropraticiens,VERB,21601
chirurgien,PREP,21575
chirurgien0,VERB,21575
chirurgienne,VERB,21575
chirurgiennes,VERB,21575
chirurgiens,VERB,21575
choc,VERB,24422
choc0,VERB,24422
choco,VERB,13174
chocolat,VERB,13171
chocolat granulé,VERB,22343
chocolat liquide,VERB,22342
chocolat vermicelle,VERB,22343
chocolat à tartiner,VERB,22906
chocolat0,VERB,13171
chocolats,VERB,13171
chocs,VERB,24422
choisi,VERB,13178
choisie,VERB,13178
choisies,VERB,13178
choisir,PRON,13178
choisira,VERB,13178
choisirai,VERB,13178
choisiraient,VERB,13178
choisirais,VERB,13178
choisirait,VERB,13178
choisiras,VERB,13178
choisirent,VERB,13178
choisirez,VERB,13178
choisiriez,VERB,13178
choisirions,VERB,13178
choisirons,VERB,13178
choisiront,VERB,13178
choisis,VERB,13178
choisissaient,VERB,13178
choisissais,VERB,13178
choisissait,VERB,13178
choisissant,VERB,13178
choisisse,VERB,13178
choisissent,VERB,13178
choisisses,VERB,13178
choisissez,VERB,13178
choisissiez,VERB,13178
choisissions,VERB,13178
choisissons,VERB,13178
choisit,VERB,13178
choisîmes,VERB,13178
choisît,VERB,13178
choisîtes,VERB,13178
choix,VERB,13175
chope,VERB,13621
chope0,VERB,13621
chopes,VERB,13621
chorale,PREP,13176
chose,VERB,17717
chose0,VERB,17717
choses,VERB,17717
chou,VERB,13101
chou de bruxelles,VERB,12915
chou farci,VERB,23502
chou-fleur,VERB,13133
chou0,VERB,13101
choucroute,VERB,16724
choucroute0,VERB,16724
choucroutes,VERB,16724
chouette,VERB,15949
chouette0,VERB,15949
chouettes,VERB,15949
choux,VERB,13101
christianisme,VERB,21027
christianisme0,VERB,21027
christianismes,VERB,21027
christmas pudding,VERB,22308
chronomètre,VERB,23238
chronomètre0,VERB,23238
chronomètres,VERB,23238
chrétien,ADJ,13180
chrétien0,VERB,13180
chrétienne,VERB,13180
chrétiennes,VERB,13180
chrétiens,VERB,13180
chrétienté,VERB,21027
chrétienté0,VERB,21027
chrétientés,VERB,21027
chuchota,VERB,18240
chuchotai,VERB,18240
chuchotaient,VERB,18240
chuchotais,VERB,18240
chuchotait,VERB,18240
chuchotant,VERB,18240
chuchotas,VERB,18240
chuchotasse,VERB,18240
chuchotassent,VERB,18240
chuchotasses,VERB,18240
chuchotassiez,VERB,18240
chuchotassions,VERB,18240
chuchote,VERB,18240
chuchotent,VERB,18240
chuchoter,PRON,18240
chuchotera,VERB,18240
chuchoterai,VERB,18240
chuchoteraient,VERB,18240
chuchoterais,VERB,18240
chuchoterait,VERB,18240
chuchoteras,VERB,18240
chuchoterez,VERB,18240
chuchoteriez,VERB,18240
chuchoterions,VERB,18240
chuchoterons,VERB,18240
chuchoteront,VERB,18240
chuchotes,VERB,18240
chuchotez,VERB,18240
chuchotiez,VERB,18240
chuchotions,VERB,18240
chuchotons,VERB,18240
chuchotâmes,VERB,18240
chuchotât,VERB,18240
chuchotâtes,VERB,18240
chuchotèrent,VERB,18240
chuchoté,VERB,18240
chuchotée,VERB,18240
chuchotées,VERB,18240
chuchotés,VERB,18240
chuta,VERB,14142
chutai,VERB,14142
chutaient,VERB,14142
chutais,VERB,14142
chutait,VERB,14142
chutant,VERB,14142
chutas,VERB,14142
chutasse,VERB,14142
chutassent,VERB,14142
chutasses,VERB,14142
chutassiez,VERB,14142
chutassions,VERB,14142
chute,VERB,13440
chute d'eau,VERB,22622
chute0,VERB,13440
chutent,VERB,14142
chuter,PRON,14142
chutera,VERB,14142
chuterai,VERB,14142
chuteraient,VERB,14142
chuterais,VERB,14142
chuterait,VERB,14142
chuteras,VERB,14142
chuterez,VERB,14142
chuteriez,VERB,14142
chuterions,VERB,14142
chuterons,VERB,14142
chuteront,VERB,14142
chutes,VERB,13440
chutez,VERB,14142
chutiez,VERB,14142
chutions,VERB,14142
chutons,VERB,14142
chutâmes,VERB,14142
chutât,VERB,14142
chutâtes,VERB,14142
chutèrent,VERB,14142
chuté,VERB,14142
château,VERB,23437
château d'eau,VERB,23247
château fort,VERB,24119
château0,VERB,23437
châteaux,VERB,23437
chère,VERB,13644
chères,VERB,13644
chèvre,VERB,23097
chèvre0,VERB,23097
chèvres,VERB,23097
chômage,VERB,17975
chômage0,VERB,17975
chômages,VERB,17975
ciboulette,VERB,24427
ciboulette0,VERB,24427
ciboulettes,VERB,24427
cicatrisa,VERB,24148
cicatrisai,VERB,24148
cicatrisaient,VERB,24148
cicatrisais,VERB,24148
cicatrisait,VERB,24148
cicatrisant,VERB,24148
cicatrisas,VERB,24148
cicatrisasse,VERB,24148
cicatrisassent,VERB,24148
cicatrisasses,VERB,24148
cicatrisassiez,VERB,24148
cicatrisassions,VERB,24148
cicatrise,VERB,24148
cicatrisent,VERB,24148
cicatriser,PRON,24148
cicatrisera,VERB,24148
cicatriserai,VERB,24148
cicatriseraient,VERB,24148
cicatriserais,VERB,24148
cicatriserait,VERB,24148
cicatriseras,VERB,24148
cicatriserez,VERB,24148
cicatriseriez,VERB,24148
cicatriserions,VERB,24148
cicatriserons,VERB,24148
cicatriseront,VERB,24148
cicatrises,VERB,24148
cicatrisez,VERB,24148
cicatrisiez,VERB,24148
cicatrisions,VERB,24148
cicatrisons,VERB,24148
cicatrisâmes,VERB,24148
cicatrisât,VERB,24148
cicatrisâtes,VERB,24148
cicatrisèrent,VERB,24148
cicatrisé,VERB,24148
cicatrisée,VERB,24148
cicatrisées,VERB,24148
cicatrisés,VERB,24148
cidre,VERB,22347
cidre0,VERB,22347
cidres,VERB,22347
ciel,VERB,17006
ciel0,VERB,17006
ciels,VERB,17006
cigarette,VERB,13346
cigarette0,VERB,13346
cigarettes,VERB,13346
ciment,VERB,13397
ciment0,VERB,13397
ciments,VERB,13397
cimetière,VERB,13142
cimetière0,VERB,13142
cimetières,VERB,13142
cinq,NOUN,8501
cira,VERB,22389
cirai,VERB,22389
ciraient,VERB,22389
cirais,VERB,22389
cirait,VERB,22389
cirant,VERB,22389
ciras,VERB,22389
cirasse,VERB,22389
cirassent,VERB,22389
cirasses,VERB,22389
cirassiez,VERB,22389
cirassions,VERB,22389
circoncision,VERB,13348
circoncision0,VERB,13348
circoncisions,VERB,13348
circuit,VERB,14886
circuit0,VERB,14886
circuits,VERB,14886
circula,VERB,15667
circulai,VERB,15667
circulaient,VERB,15667
circulais,VERB,15667
circulait,VERB,15667
circulant,VERB,15667
circulas,VERB,15667
circulasse,VERB,15667
circulassent,VERB,15667
circulasses,VERB,15667
circulassiez,VERB,15667
circulassions,VERB,15667
circulation,VERB,17766
circulation0,VERB,17766
circulations,VERB,17766
circule,VERB,15667
circulent,VERB,15667
circuler,PRON,15667
circulera,VERB,15667
circulerai,VERB,15667
circuleraient,VERB,15667
circulerais,VERB,15667
circulerait,VERB,15667
circuleras,VERB,15667
circulerez,VERB,15667
circuleriez,VERB,15667
circulerions,VERB,15667
circulerons,VERB,15667
circuleront,VERB,15667
circules,VERB,15667
circulez,VERB,15667
circuliez,VERB,15667
circulions,VERB,15667
circulons,VERB,15667
circulâmes,VERB,15667
circulât,VERB,15667
circulâtes,VERB,15667
circulèrent,VERB,15667
circulé,VERB,15667
cire,VERB,22389
cirent,VERB,22389
cirer,PRON,22389
cirera,VERB,22389
cirerai,VERB,22389
cireraient,VERB,22389
cirerais,VERB,22389
cirerait,VERB,22389
cireras,VERB,22389
cirerez,VERB,22389
cireriez,VERB,22389
cirerions,VERB,22389
cirerons,VERB,22389
cireront,VERB,22389
cires,VERB,22389
cireuse,VERB,22390
cirez,VERB,22389
ciriez,VERB,22389
cirions,VERB,22389
cirons,VERB,22389
cirque,VERB,24061
cirque0,VERB,24061
cirques,VERB,24061
cirâmes,VERB,22389
cirât,VERB,22389
cirâtes,VERB,22389
cirèrent,VERB,22389
ciré,VERB,22389
cirée,VERB,22389
cirées,VERB,22389
cirés,VERB,22389
ciseaux,VERB,16736
cithare,VERB,23806
cithare0,VERB,23806
cithares,VERB,23806
citoyen,VERB,13349
citoyen0,VERB,13349
citoyenne,VERB,13349
citoyennes,VERB,13349
citoyens,VERB,13349
citron,VERB,15190
citron vert,VERB,15211
citron0,VERB,15190
citronnade,VERB,15191
citronnade0,VERB,15191
citronnades,VERB,15191
citrons,VERB,15190
citrouille,VERB,17244
citrouille0,VERB,17244
citrouilles,VERB,17244
cité du vatican,VERB,21037
clair,ADJ,12903
clair0,VERB,12903
claire,VERB,12903
claires,VERB,12903
clairon,VERB,24810
clairon0,VERB,24810
clairon_,VERB,23825
clairons,VERB,24810
clairs,VERB,12903
clan,VERB,21609
clan0,VERB,21609
clans,VERB,21609
clarinette,VERB,23837
clarinette basse,VERB,23810
clarinette0,VERB,23837
clarinette_,VERB,23837
clarinettes,VERB,23837
clarté,VERB,24878
clarté0,VERB,24878
clartés,VERB,24878
classe,VERB,13352
classe0,VERB,13352
classes,VERB,13352
classeur,VERB,23511
classeur0,VERB,23511
classeurs,VERB,23511
classeuse,VERB,23511
classeuses,VERB,23511
clavecin,VERB,23882
clavecin0,VERB,23882
clavecins,VERB,23882
clavier,VERB,23555
clavier0,VERB,23555
claviers,VERB,23555
clef,VERB,15144
clef usb,VERB,24694
clef0,VERB,15144
clefs,VERB,15144
cligna,VERB,18260
clignai,VERB,18260
clignaient,VERB,18260
clignais,VERB,18260
clignait,VERB,18260
clignant,VERB,18260
clignas,VERB,18260
clignasse,VERB,18260
clignassent,VERB,18260
clignasses,VERB,18260
clignassiez,VERB,18260
clignassions,VERB,18260
cligne,VERB,18260
clignent,VERB,18260
cligner,PRON,18260
clignera,VERB,18260
clignerai,VERB,18260
cligneraient,VERB,18260
clignerais,VERB,18260
clignerait,VERB,18260
cligneras,VERB,18260
clignerez,VERB,18260
cligneriez,VERB,18260
clignerions,VERB,18260
clignerons,VERB,18260
cligneront,VERB,18260
clignes,VERB,18260
clignez,VERB,18260
cligniez,VERB,18260
clignions,VERB,18260
clignons,VERB,18260
clignâmes,VERB,18260
clignât,VERB,18260
clignâtes,VERB,18260
clignèrent,VERB,18260
cligné,VERB,18260
clignée,VERB,18260
clignées,VERB,18260
clignés,VERB,18260
clinique,VERB,14899
clinique0,VERB,14899
cliniques,VERB,14899
clitoris,VERB,13362
cloche,VERB,12662
cloche0,VERB,12662
cloches,VERB,12662
clochette,VERB,23814
clochette0,VERB,23814
clochettes,VERB,23814
clou,VERB,15689
clou de fer à cheval,VERB,24164
clou0,VERB,15689
clous,VERB,15689
clown,PREP,23443
clown0,VERB,23443
clowns,VERB,23443
club,VERB,13369
club de fans,VERB,24446
club de supporters de football,VERB,24449
club0,VERB,13369
clubs,VERB,13369
clé usb,VERB,24694
clémentine,VERB,17503
clémentine0,VERB,17503
clémentines,VERB,17503
clôture,VERB,14167
clôture0,VERB,14167
clôtures,VERB,14167
coassa,VERB,24073
coassai,VERB,24073
coassaient,VERB,24073
coassais,VERB,24073
coassait,VERB,24073
coassant,VERB,24073
coassas,VERB,24073
coassasse,VERB,24073
coassassent,VERB,24073
coassasses,VERB,24073
coassassiez,VERB,24073
coassassions,VERB,24073
coasse,VERB,24073
coassent,VERB,24073
coasser,PRON,24073
coassera,VERB,24073
coasserai,VERB,24073
coasseraient,VERB,24073
coasserais,VERB,24073
coasserait,VERB,24073
coasseras,VERB,24073
coasserez,VERB,24073
coasseriez,VERB,24073
coasserions,VERB,24073
coasserons,VERB,24073
coasseront,VERB,24073
coasses,VERB,24073
coassez,VERB,24073
coassiez,VERB,24073
coassions,VERB,24073
coassons,VERB,24073
coassâmes,VERB,24073
coassât,VERB,24073
coassâtes,VERB,24073
coassèrent,VERB,24073
coassé,VERB,24073
coassée,VERB,24073
coassées,VERB,24073
coassés,VERB,24073
cochon,VERB,16175
cochon d'inde,VERB,14434
cochon0,VERB,16175
cochonne,VERB,16175
cochonnes,VERB,16175
cochons,VERB,16175
code,VERB,23134
code0,VERB,23134
codes,VERB,23134
coffre,VERB,24613
coffre de toit,VERB,24613
coffre0,VERB,24613
coffres,VERB,24613
cogna,VERB,13439
cognai,VERB,13439
cognaient,VERB,13439
cognais,VERB,13439
cognait,VERB,13439
cognant,VERB,13439
cognas,VERB,13439
cognasse,VERB,13439
cognassent,VERB,13439
cognasses,VERB,13439
cognassiez,VERB,13439
cognassions,VERB,13439
cogne,VERB,13439
cognent,VERB,13439
cogner,PRON,13439
cognera,VERB,13439
cognerai,VERB,13439
cogneraient,VERB,13439
cognerais,VERB,13439
cognerait,VERB,13439
cogneras,VERB,13439
cognerez,VERB,13439
cogneriez,VERB,13439
cognerions,VERB,13439
cognerons,VERB,13439
cogneront,VERB,13439
cognes,VERB,13439
cognez,VERB,13439
cogniez,VERB,13439
cognions,VERB,13439
cognons,VERB,13439
cognâmes,VERB,13439
cognât,VERB,13439
cognâtes,VERB,13439
cognèrent,VERB,13439
cogné,VERB,13439
cognée,VERB,13439
cognées,VERB,13439
cognés,VERB,13439
coiffa,VERB,13379
coiffai,VERB,13379
coiffaient,VERB,13379
coiffais,VERB,13379
coiffait,VERB,13379
coiffant,VERB,13379
coiffas,VERB,13379
coiffasse,VERB,13379
coiffassent,VERB,13379
coiffasses,VERB,13379
coiffassiez,VERB,13379
coiffassions,VERB,13379
coiffe,VERB,13379
coiffent,VERB,13379
coiffer,PRON,13379
coiffer-,PRON,13379
coiffera,VERB,13379
coifferai,VERB,13379
coifferaient,VERB,13379
coifferais,VERB,13379
coifferait,VERB,13379
coifferas,VERB,13379
coifferez,VERB,13379
coifferiez,VERB,13379
coifferions,VERB,13379
coifferons,VERB,13379
coifferont,VERB,13379
coiffes,VERB,13379
coiffeur,PREP,12628
coiffeur0,VERB,12628
coiffeurs,VERB,12628
coiffeuse,VERB,12628
coiffeuses,VERB,12628
coiffez,VERB,13379
coiffiez,VERB,13379
coiffions,VERB,13379
coiffons,VERB,13379
coiffâmes,VERB,13379
coiffât,VERB,13379
coiffâtes,VERB,13379
coiffèrent,VERB,13379
coiffé,VERB,13379
coiffée,VERB,13379
coiffées,VERB,13379
coiffés,VERB,13379
coin,VERB,13414
coin0,VERB,13414
coins,VERB,13414
col de l'utérus,VERB,13147
colis,VERB,15966
colla,VERB,14448
collai,VERB,14448
collaient,VERB,14448
collais,VERB,14448
collait,VERB,14448
collant,VERB,14448
collas,VERB,14448
collasse,VERB,14448
collassent,VERB,14448
collasses,VERB,14448
collassiez,VERB,14448
collassions,VERB,14448
collation,VERB,20606
collation de 10 heures,VERB,17521
collation de 4 heures,VERB,14393
collation0,VERB,20606
collations,VERB,20606
colle,VERB,14447
colle0,VERB,14447
collent,VERB,14448
coller,PRON,14448
collera,VERB,14448
collerai,VERB,14448
colleraient,VERB,14448
collerais,VERB,14448
collerait,VERB,14448
colleras,VERB,14448
collerez,VERB,14448
colleriez,VERB,14448
collerions,VERB,14448
collerons,VERB,14448
colleront,VERB,14448
colles,VERB,14447
collez,VERB,14448
colliez,VERB,14448
colline,VERB,14712
colline0,VERB,14712
collines,VERB,14712
collions,VERB,14448
collision,VERB,13438
collision frontale,VERB,13435
collision0,VERB,13438
collisions,VERB,13438
collons,VERB,14448
collâmes,VERB,14448
collât,VERB,14448
collâtes,VERB,14448
collèrent,VERB,14448
collé,VERB,14448
collée,VERB,14448
collées,VERB,14448
collés,VERB,14448
colocataire,PREP,17237
colocataire0,VERB,17237
colocataires,VERB,17237
colonie de vacances,VERB,17461
coléoptère,VERB,12655
coléoptère0,VERB,12655
coléoptères,VERB,12655
combat,VERB,24855
combat0,VERB,24855
combats,VERB,14175
combattaient,VERB,14175
combattais,VERB,14175
combattait,VERB,14175
combattant,VERB,14175
combatte,VERB,14175
combattent,VERB,14175
combattes,VERB,14175
combattez,VERB,14175
combattiez,VERB,14175
combattions,VERB,14175
combattirent,VERB,14175
combattis,VERB,14175
combattisse,VERB,14175
combattissent,VERB,14175
combattisses,VERB,14175
combattissiez,VERB,14175
combattissions,VERB,14175
combattit,VERB,14175
combattons,VERB,14175
combattra,VERB,14175
combattrai,VERB,14175
combattraient,VERB,14175
combattrais,VERB,14175
combattrait,VERB,14175
combattras,VERB,14175
combattre,VERB,14175
combattre-,PRON,14175
combattrez,VERB,14175
combattriez,VERB,14175
combattrions,VERB,14175
combattrons,VERB,14175
combattront,VERB,14175
combattu,VERB,14175
combattue,VERB,14175
combattues,VERB,14175
combattus,VERB,14175
combattîmes,VERB,14175
combattît,VERB,14175
combattîtes,VERB,14175
combien,NOUN,14908
combina,VERB,13381
combinai,VERB,13381
combinaient,VERB,13381
combinais,VERB,13381
combinaison,VERB,13380
combinaison0,VERB,13380
combinaisons,VERB,13380
combinait,VERB,13381
combinant,VERB,13381
combinas,VERB,13381
combinasse,VERB,13381
combinassent,VERB,13381
combinasses,VERB,13381
combinassiez,VERB,13381
combinassions,VERB,13381
combine,VERB,13381
combinent,VERB,13381
combiner,PRON,13381
combinera,VERB,13381
combinerai,VERB,13381
combineraient,VERB,13381
combinerais,VERB,13381
combinerait,VERB,13381
combineras,VERB,13381
combinerez,VERB,13381
combineriez,VERB,13381
combinerions,VERB,13381
combinerons,VERB,13381
combineront,VERB,13381
combines,VERB,13381
combinez,VERB,13381
combiniez,VERB,13381
combinions,VERB,13381
combinons,VERB,13381
combinâmes,VERB,13381
combinât,VERB,13381
combinâtes,VERB,13381
combinèrent,VERB,13381
combiné,VERB,13381
combinée,VERB,13381
combinées,VERB,13381
combinés,VERB,13381
combustible,ADJ,14195
combustible0,VERB,14195
combustibles,VERB,14195
comique,ADJ,14414
comique0,VERB,14414
comiques,VERB,14414
commanda,VERB,21335
commandai,VERB,21335
commandaient,VERB,21335
commandais,VERB,21335
commandait,VERB,21335
commandant,VERB,21335
commandas,VERB,21335
commandasse,VERB,21335
commandassent,VERB,21335
commandasses,VERB,21335
commandassiez,VERB,21335
commandassions,VERB,21335
commande,VERB,21335
commandements,VERB,13388
commandent,VERB,21335
commander,PRON,21335
commandera,VERB,21335
commanderai,VERB,21335
commanderaient,VERB,21335
commanderais,VERB,21335
commanderait,VERB,21335
commanderas,VERB,21335
commanderez,VERB,21335
commanderiez,VERB,21335
commanderions,VERB,21335
commanderons,VERB,21335
commanderont,VERB,21335
commandes,VERB,21335
commandez,VERB,21335
commandiez,VERB,21335
commandions,VERB,21335
commandons,VERB,21335
commandâmes,VERB,21335
commandât,VERB,21335
commandâtes,VERB,21335
commandèrent,VERB,21335
commandé,VERB,21335
commandée,VERB,21335
commandées,VERB,21335
commandés,VERB,21335
commence,VERB,12657
commencement,VERB,12658
commencement0,VERB,12658
commencements,VERB,12658
commencent,VERB,12657
commencer,PRON,12657
commencera,VERB,12657
commencerai,VERB,12657
commenceraient,VERB,12657
commencerais,VERB,12657
commencerait,VERB,12657
commenceras,VERB,12657
commencerez,VERB,12657
commenceriez,VERB,12657
commencerions,VERB,12657
commencerons,VERB,12657
commenceront,VERB,12657
commences,VERB,12657
commencez,VERB,12657
commenciez,VERB,12657
commencions,VERB,12657
commencèrent,VERB,12657
commencé,VERB,12657
commencée,VERB,12657
commencées,VERB,12657
commencés,VERB,12657
comment,NOUN,14906
commença,VERB,12657
commençai,VERB,12657
commençaient,VERB,12657
commençais,VERB,12657
commençait,VERB,12657
commençant,VERB,12657
commenças,VERB,12657
commençasse,VERB,12657
commençassent,VERB,12657
commençasses,VERB,12657
commençassiez,VERB,12657
commençassions,VERB,12657
commençons,VERB,12657
commençâmes,VERB,12657
commençât,VERB,12657
commençâtes,VERB,12657
commerce,VERB,13093
commerce0,VERB,13093
commerces,VERB,13093
commettre un outrage à la pudeur,PRON,24843
commissaire aux comptes,PREP,24018
commission,VERB,24484
commission0,VERB,24484
commissions,VERB,24484
commode,VERB,13162
commode0,VERB,13162
commodes,VERB,13162
communication,VERB,13390
communication0,VERB,13390
communications,VERB,13390
communiqua,VERB,13389
communiquai,VERB,13389
communiquaient,VERB,13389
communiquais,VERB,13389
communiquait,VERB,13389
communiquant,VERB,13389
communiquas,VERB,13389
communiquasse,VERB,13389
communiquassent,VERB,13389
communiquasses,VERB,13389
communiquassiez,VERB,13389
communiquassions,VERB,13389
communique,VERB,13389
communiquent,VERB,13389
communiquer,PRON,13389
communiquera,VERB,13389
communiquerai,VERB,13389
communiqueraient,VERB,13389
communiquerais,VERB,13389
communiquerait,VERB,13389
communiqueras,VERB,13389
communiquerez,VERB,13389
communiqueriez,VERB,13389
communiquerions,VERB,13389
communiquerons,VERB,13389
communiqueront,VERB,13389
communiques,VERB,13389
communiquez,VERB,13389
communiquiez,VERB,13389
communiquions,VERB,13389
communiquons,VERB,13389
communiquâmes,VERB,13389
communiquât,VERB,13389
communiquâtes,VERB,13389
communiquèrent,VERB,13389
communiqué,VERB,13389
communiquée,VERB,13389
communiquées,VERB,13389
communiqués,VERB,13389
commutateur,VERB,17487
commutateur0,VERB,17487
commutateurs,VERB,17487
commutatrice,VERB,17487
commutatrices,VERB,17487
compara,VERB,13391
comparai,VERB,13391
comparaient,VERB,13391
comparais,VERB,13391
comparait,VERB,13391
comparant,VERB,13391
comparas,VERB,13391
comparasse,VERB,13391
comparassent,VERB,13391
comparasses,VERB,13391
comparassiez,VERB,13391
comparassions,VERB,13391
compare,VERB,13391
comparent,VERB,13391
comparer,PRON,13391
comparera,VERB,13391
comparerai,VERB,13391
compareraient,VERB,13391
comparerais,VERB,13391
comparerait,VERB,13391
compareras,VERB,13391
comparerez,VERB,13391
compareriez,VERB,13391
comparerions,VERB,13391
comparerons,VERB,13391
compareront,VERB,13391
compares,VERB,13391
comparez,VERB,13391
compariez,VERB,13391
comparions,VERB,13391
comparons,VERB,13391
compartiment,VERB,24625
compartiment0,VERB,24625
compartiments,VERB,24625
comparâmes,VERB,13391
comparât,VERB,13391
comparâtes,VERB,13391
comparèrent,VERB,13391
comparé,VERB,13391
comparée,VERB,13391
comparées,VERB,13391
comparés,VERB,13391
compassion,VERB,13931
compassion0,VERB,13931
compassions,VERB,13931
complet,ADJ,24844
complet0,VERB,24844
complets,VERB,24844
comportement,VERB,12659
comportement0,VERB,12659
comportements,VERB,12659
compositeur,PREP,13393
compositeur0,VERB,13393
compositeurs,VERB,13393
compositrice,VERB,13393
compositrices,VERB,13393
compote,VERB,23515
compote0,VERB,23515
compotes,VERB,23515
comprenaient,VERB,17973
comprenais,VERB,17973
comprenait,VERB,17973
comprenant,VERB,17973
comprend,VERB,17973
comprendra,VERB,17973
comprendrai,VERB,17973
comprendraient,VERB,17973
comprendrais,VERB,17973
comprendrait,VERB,17973
comprendras,VERB,17973
comprendre,PRON,17973
comprendrez,VERB,17973
comprendriez,VERB,17973
comprendrions,VERB,17973
comprendrons,VERB,17973
comprendront,VERB,17973
comprends,VERB,17973
comprenez,VERB,17973
compreniez,VERB,17973
comprenions,VERB,17973
comprenne,VERB,17973
comprennent,VERB,17973
comprennes,VERB,17973
comprenons,VERB,17973
compresse,VERB,12625
compresse0,VERB,12625
compresses,VERB,12625
comprirent,VERB,17973
compris,VERB,17973
comprise,VERB,17973
comprises,VERB,17973
comprisse,VERB,17973
comprissent,VERB,17973
comprisses,VERB,17973
comprissiez,VERB,17973
comprissions,VERB,17973
comprit,VERB,17973
comprîmes,VERB,17973
comprît,VERB,17973
comprîtes,VERB,17973
compta,VERB,13422
comptai,VERB,13422
comptaient,VERB,13422
comptais,VERB,13422
comptait,VERB,13422
comptant,VERB,13422
comptas,VERB,13422
comptasse,VERB,13422
comptassent,VERB,13422
comptasses,VERB,13422
comptassiez,VERB,13422
comptassions,VERB,13422
compte,VERB,23050
compte rendu,VERB,24696
compte-rendu,VERB,12330
compte0,VERB,23050
comptent,VERB,13422
compter,PRON,13422
comptera,VERB,13422
compterai,VERB,13422
compteraient,VERB,13422
compterais,VERB,13422
compterait,VERB,13422
compteras,VERB,13422
compterez,VERB,13422
compteriez,VERB,13422
compterions,VERB,13422
compterons,VERB,13422
compteront,VERB,13422
comptes,VERB,13422
compteur d'eau,VERB,23246
compteur de vitesse,VERB,23217
compteur kilométrique,VERB,23161
compteur électrique,VERB,23075
comptez,VERB,13422
comptiez,VERB,13422
comptions,VERB,13422
comptons,VERB,13422
comptâmes,VERB,13422
comptât,VERB,13422
comptâtes,VERB,13422
comptèrent,VERB,13422
compté,VERB,13422
comptée,VERB,13422
comptées,VERB,13422
comptés,VERB,13422
compétence,VERB,12322
compétence0,VERB,12322
compétences,VERB,12322
comté,VERB,16423
comté0,VERB,16423
comtés,VERB,16423
comète,VERB,13384
comète0,VERB,13384
comètes,VERB,13384
comédie,VERB,23445
comédie musicale,VERB,23594
comédie0,VERB,23445
comédies,VERB,23445
concepteur,PREP,23469
concepteur0,VERB,23469
concepteurs,VERB,23469
conception,VERB,13395
conception0,VERB,13395
conceptions,VERB,13395
conceptrice,VERB,23469
conceptrices,VERB,23469
concernant,NOUN,12324
concert,VERB,23452
concert0,VERB,23452
concerts,VERB,23452
concierge,PREP,24683
concierge0,VERB,24683
concierges,VERB,24683
concombre,VERB,13620
concombre de mer,VERB,23654
concombre0,VERB,13620
concombres,VERB,13620
concouraient,VERB,13392
concourais,VERB,13392
concourait,VERB,13392
concourant,VERB,13392
concoure,VERB,13392
concourent,VERB,13392
concoures,VERB,13392
concourez,VERB,13392
concouriez,VERB,13392
concourions,VERB,13392
concourir,PRON,13392
concourons,VERB,13392
concourra,VERB,13392
concourrai,VERB,13392
concourraient,VERB,13392
concourrais,VERB,13392
concourrait,VERB,13392
concourras,VERB,13392
concourrez,VERB,13392
concourriez,VERB,13392
concourrions,VERB,13392
concourrons,VERB,13392
concourront,VERB,13392
concours,VERB,16451
concourt,VERB,13392
concouru,VERB,13392
concourue,VERB,13392
concourues,VERB,13392
concoururent,VERB,13392
concourus,VERB,13392
concourusse,VERB,13392
concourussent,VERB,13392
concourusses,VERB,13392
concourussiez,VERB,13392
concourussions,VERB,13392
concourut,VERB,13392
concourûmes,VERB,13392
concourût,VERB,13392
concourûtes,VERB,13392
condamna,VERB,23202
condamnai,VERB,23202
condamnaient,VERB,23202
condamnais,VERB,23202
condamnait,VERB,23202
condamnant,VERB,23202
condamnas,VERB,23202
condamnasse,VERB,23202
condamnassent,VERB,23202
condamnasses,VERB,23202
condamnassiez,VERB,23202
condamnassions,VERB,23202
condamne,VERB,23202
condamnent,VERB,23202
condamner,PRON,23202
condamnera,VERB,23202
condamnerai,VERB,23202
condamneraient,VERB,23202
condamnerais,VERB,23202
condamnerait,VERB,23202
condamneras,VERB,23202
condamnerez,VERB,23202
condamneriez,VERB,23202
condamnerions,VERB,23202
condamnerons,VERB,23202
condamneront,VERB,23202
condamnes,VERB,23202
condamnez,VERB,23202
condamniez,VERB,23202
condamnions,VERB,23202
condamnons,VERB,23202
condamnâmes,VERB,23202
condamnât,VERB,23202
condamnâtes,VERB,23202
condamnèrent,VERB,23202
condamné,VERB,23202
condamnée,VERB,23202
condamnées,VERB,23202
condamnés,VERB,23202
condensa,VERB,23840
condensai,VERB,23840
condensaient,VERB,23840
condensais,VERB,23840
condensait,VERB,23840
condensant,VERB,23840
condensas,VERB,23840
condensasse,VERB,23840
condensassent,VERB,23840
condensasses,VERB,23840
condensassiez,VERB,23840
condensassions,VERB,23840
condensation,VERB,23839
condensation0,VERB,23839
condensations,VERB,23839
condense,VERB,23840
condensent,VERB,23840
condenser,PRON,23840
condensera,VERB,23840
condenserai,VERB,23840
condenseraient,VERB,23840
condenserais,VERB,23840
condenserait,VERB,23840
condenseras,VERB,23840
condenserez,VERB,23840
condenseriez,VERB,23840
condenserions,VERB,23840
condenserons,VERB,23840
condenseront,VERB,23840
condenses,VERB,23840
condensez,VERB,23840
condensiez,VERB,23840
condensions,VERB,23840
condensons,VERB,23840
condensâmes,VERB,23840
condensât,VERB,23840
condensâtes,VERB,23840
condensèrent,VERB,23840
condensé,VERB,23840
condensée,VERB,23840
condensées,VERB,23840
condensés,VERB,23840
condom,VERB,13398
condom0,VERB,13398
condoms,VERB,13398
conducteur,PREP,24069
conducteur0,VERB,24069
conducteurs,VERB,24069
conductrice,VERB,24069
conductrices,VERB,24069
conduira,VERB,13883
conduirai,VERB,13883
conduiraient,VERB,13883
conduirais,VERB,13883
conduirait,VERB,13883
conduiras,VERB,13883
conduire,PRON,13883
conduirez,VERB,13883
conduiriez,VERB,13883
conduirions,VERB,13883
conduirons,VERB,13883
conduiront,VERB,13883
conduis,VERB,13883
conduisaient,VERB,13883
conduisais,VERB,13883
conduisait,VERB,13883
conduisant,VERB,13883
conduise,VERB,13883
conduisent,VERB,13883
conduises,VERB,13883
conduisez,VERB,13883
conduisiez,VERB,13883
conduisions,VERB,13883
conduisirent,VERB,13883
conduisis,VERB,13883
conduisisse,VERB,13883
conduisissent,VERB,13883
conduisisses,VERB,13883
conduisissiez,VERB,13883
conduisissions,VERB,13883
conduisit,VERB,13883
conduisons,VERB,13883
conduisîmes,VERB,13883
conduisît,VERB,13883
conduisîtes,VERB,13883
conduit,VERB,13883
conduite,VERB,22913
conduites,VERB,13883
conduits,VERB,13883
confession,VERB,23190
confession0,VERB,23190
confessions,VERB,23190
confiance,VERB,17785
confiance0,VERB,17785
confiances,VERB,17785
confirmation,VERB,21110
confirmation0,VERB,21110
confirmations,VERB,21110
confiture,VERB,14965
confiture0,VERB,14965
confitures,VERB,14965
confortable,ADJ,13386
confortable0,VERB,13386
confortables,VERB,13386
confrère,PREP,23165
confrère0,VERB,23165
confrères,VERB,23165
confus,ADJ,13926
confus0,VERB,13926
confuse,VERB,13926
confuses,VERB,13926
confusion,VERB,13928
confusion0,VERB,13928
confusions,VERB,13928
conférence,VERB,14427
conférence0,VERB,14427
conférences,VERB,14427
congélateur,VERB,23514
congélateur0,VERB,23514
congélateurs,VERB,23514
conjoint,PREP,17237
conjoint0,VERB,17237
conjointe,VERB,17237
conjointes,VERB,17237
conjoints,VERB,17237
connaissance,VERB,15162
connaissance0,VERB,15162
connaissances,VERB,15162
connecta,VERB,13381
connectai,VERB,13381
connectaient,VERB,13381
connectais,VERB,13381
connectait,VERB,13381
connectant,VERB,13381
connectas,VERB,13381
connectasse,VERB,13381
connectassent,VERB,13381
connectasses,VERB,13381
connectassiez,VERB,13381
connectassions,VERB,13381
connecte,VERB,13381
connectent,VERB,13381
connecter,PRON,13381
connectera,VERB,13381
connecterai,VERB,13381
connecteraient,VERB,13381
connecterais,VERB,13381
connecterait,VERB,13381
connecteras,VERB,13381
connecterez,VERB,13381
connecteriez,VERB,13381
connecterions,VERB,13381
connecterons,VERB,13381
connecteront,VERB,13381
connectes,VERB,13381
connecteur,VERB,24628
connecteur0,VERB,24628
connecteurs,VERB,24628
connectez,VERB,13381
connectiez,VERB,13381
connections,VERB,13381
connectons,VERB,13381
connectâmes,VERB,13381
connectât,VERB,13381
connectâtes,VERB,13381
connectèrent,VERB,13381
connecté,VERB,13381
connectée,VERB,13381
connectées,VERB,13381
connectés,VERB,13381
connexion,VERB,13380
connexion sans fil,VERB,24782
connexion0,VERB,13380
connexions,VERB,13380
consacra,VERB,21084
consacrai,VERB,21084
consacraient,VERB,21084
consacrais,VERB,21084
consacrait,VERB,21084
consacrant,VERB,21084
consacras,VERB,21084
consacrasse,VERB,21084
consacrassent,VERB,21084
consacrasses,VERB,21084
consacrassiez,VERB,21084
consacrassions,VERB,21084
consacre,VERB,21084
consacrent,VERB,21084
consacrer,PRON,21084
consacrera,VERB,21084
consacrerai,VERB,21084
consacreraient,VERB,21084
consacrerais,VERB,21084
consacrerait,VERB,21084
consacreras,VERB,21084
consacrerez,VERB,21084
consacreriez,VERB,21084
consacrerions,VERB,21084
consacrerons,VERB,21084
consacreront,VERB,21084
consacres,VERB,21084
consacrez,VERB,21084
consacriez,VERB,21084
consacrions,VERB,21084
consacrons,VERB,21084
consacrâmes,VERB,21084
consacrât,VERB,21084
consacrâtes,VERB,21084
consacrèrent,VERB,21084
consacré,VERB,21084
consacré à,ADJ,24082
consacrée,VERB,21084
consacrées,VERB,21084
consacrés,VERB,21084
conscience,VERB,13401
conscience0,VERB,13401
consciences,VERB,13401
conseil,VERB,12345
conseil d'administration,VERB,24611
conseil juridique,PREP,23139
conseil0,VERB,12345
conseilla,VERB,12346
conseillai,VERB,12346
conseillaient,VERB,12346
conseillais,VERB,12346
conseillait,VERB,12346
conseillant,VERB,12346
conseillas,VERB,12346
conseillasse,VERB,12346
conseillassent,VERB,12346
conseillasses,VERB,12346
conseillassiez,VERB,12346
conseillassions,VERB,12346
conseille,VERB,12346
conseillent,VERB,12346
conseiller,PRON,12346
conseillera,VERB,12346
conseillerai,VERB,12346
conseilleraient,VERB,12346
conseillerais,VERB,12346
conseillerait,VERB,12346
conseilleras,VERB,12346
conseillerez,VERB,12346
conseilleriez,VERB,12346
conseillerions,VERB,12346
conseillerons,VERB,12346
conseilleront,VERB,12346
conseilles,VERB,12346
conseillez,VERB,12346
conseilliez,VERB,12346
conseillions,VERB,12346
conseillons,VERB,12346
conseillâmes,VERB,12346
conseillât,VERB,12346
conseillâtes,VERB,12346
conseillèrent,VERB,12346
conseillé,VERB,12346
conseillée,VERB,12346
conseillées,VERB,12346
conseillés,VERB,12346
conseils,VERB,12345
conserva,VERB,15143
conservai,VERB,15143
conservaient,VERB,15143
conservais,VERB,15143
conservait,VERB,15143
conservant,VERB,15143
conservas,VERB,15143
conservasse,VERB,15143
conservassent,VERB,15143
conservasses,VERB,15143
conservassiez,VERB,15143
conservassions,VERB,15143
conserve,VERB,15143
conservent,VERB,15143
conserver,PRON,15143
conservera,VERB,15143
conserverai,VERB,15143
conserveraient,VERB,15143
conserverais,VERB,15143
conserverait,VERB,15143
conserveras,VERB,15143
conserverez,VERB,15143
conserveriez,VERB,15143
conserverions,VERB,15143
conserverons,VERB,15143
conserveront,VERB,15143
conserves,VERB,15143
conservez,VERB,15143
conserviez,VERB,15143
conservions,VERB,15143
conservons,VERB,15143
conservâmes,VERB,15143
conservât,VERB,15143
conservâtes,VERB,15143
conservèrent,VERB,15143
conservé,VERB,15143
conservée,VERB,15143
conservées,VERB,15143
conservés,VERB,15143
considère,VERB,22374
considèrent,VERB,22374
considères,VERB,22374
considéra,VERB,22374
considérai,VERB,22374
considéraient,VERB,22374
considérais,VERB,22374
considérait,VERB,22374
considérant,VERB,22374
considéras,VERB,22374
considérasse,VERB,22374
considérassent,VERB,22374
considérasses,VERB,22374
considérassiez,VERB,22374
considérassions,VERB,22374
considérer,PRON,22374
considérera,VERB,22374
considérerai,VERB,22374
considéreraient,VERB,22374
considérerais,VERB,22374
considérerait,VERB,22374
considéreras,VERB,22374
considérerez,VERB,22374
considéreriez,VERB,22374
considérerions,VERB,22374
considérerons,VERB,22374
considéreront,VERB,22374
considérez,VERB,22374
considériez,VERB,22374
considérions,VERB,22374
considérons,VERB,22374
considérâmes,VERB,22374
considérât,VERB,22374
considérâtes,VERB,22374
considérèrent,VERB,22374
considéré,VERB,22374
considérée,VERB,22374
considérées,VERB,22374
considérés,VERB,22374
consignes,VERB,14946
consola,VERB,13385
consolai,VERB,13385
consolaient,VERB,13385
consolais,VERB,13385
consolait,VERB,13385
consolant,VERB,13385
consolas,VERB,13385
consolasse,VERB,13385
consolassent,VERB,13385
consolasses,VERB,13385
consolassiez,VERB,13385
consolassions,VERB,13385
console,VERB,13385
console de jeux,VERB,24659
consolent,VERB,13385
consoler,PRON,13385
consolera,VERB,13385
consolerai,VERB,13385
consoleraient,VERB,13385
consolerais,VERB,13385
consolerait,VERB,13385
consoleras,VERB,13385
consolerez,VERB,13385
consoleriez,VERB,13385
consolerions,VERB,13385
consolerons,VERB,13385
consoleront,VERB,13385
consoles,VERB,13385
consolez,VERB,13385
consoliez,VERB,13385
consolions,VERB,13385
consolons,VERB,13385
consolâmes,VERB,13385
consolât,VERB,13385
consolâtes,VERB,13385
consolèrent,VERB,13385
consolé,VERB,13385
consolée,VERB,13385
consolées,VERB,13385
consolés,VERB,13385
constellation,VERB,22633
constellation du taureau,VERB,22639
constellation0,VERB,22633
constellations,VERB,22633
constipation,VERB,24070
constipation0,VERB,24070
constipation_,VERB,24070
constipations,VERB,24070
constitution,VERB,24072
constitution0,VERB,24072
constitutions,VERB,24072
construira,VERB,24877
construirai,VERB,24877
construiraient,VERB,24877
construirais,VERB,24877
construirait,VERB,24877
construiras,VERB,24877
construire,PRON,24877
construirez,VERB,24877
construiriez,VERB,24877
construirions,VERB,24877
construirons,VERB,24877
construiront,VERB,24877
construis,VERB,24877
construisaient,VERB,24877
construisais,VERB,24877
construisait,VERB,24877
construisant,VERB,24877
construise,VERB,24877
construisent,VERB,24877
construises,VERB,24877
construisez,VERB,24877
construisiez,VERB,24877
construisions,VERB,24877
construisirent,VERB,24877
construisis,VERB,24877
construisisse,VERB,24877
construisissent,VERB,24877
construisisses,VERB,24877
construisissiez,VERB,24877
construisissions,VERB,24877
construisit,VERB,24877
construisons,VERB,24877
construisîmes,VERB,24877
construisît,VERB,24877
construisîtes,VERB,24877
construit,VERB,24877
construite,VERB,24877
construites,VERB,24877
construits,VERB,24877
conséquence,VERB,13910
conséquence0,VERB,13910
conséquences,VERB,13910
contagieuse,VERB,24471
contagieuses,VERB,24471
contagieux,ADJ,24471
contagieux0,VERB,24471
contamina,VERB,24468
contaminai,VERB,24468
contaminaient,VERB,24468
contaminais,VERB,24468
contaminait,VERB,24468
contaminant,VERB,24468
contaminas,VERB,24468
contaminasse,VERB,24468
contaminassent,VERB,24468
contaminasses,VERB,24468
contaminassiez,VERB,24468
contaminassions,VERB,24468
contamine,VERB,24468
contaminent,VERB,24468
contaminer,PRON,24468
contaminera,VERB,24468
contaminerai,VERB,24468
contamineraient,VERB,24468
contaminerais,VERB,24468
contaminerait,VERB,24468
contamineras,VERB,24468
contaminerez,VERB,24468
contamineriez,VERB,24468
contaminerions,VERB,24468
contaminerons,VERB,24468
contamineront,VERB,24468
contamines,VERB,24468
contaminez,VERB,24468
contaminiez,VERB,24468
contaminions,VERB,24468
contaminons,VERB,24468
contaminâmes,VERB,24468
contaminât,VERB,24468
contaminâtes,VERB,24468
contaminèrent,VERB,24468
contaminé,VERB,24468
contaminée,VERB,24468
contaminées,VERB,24468
contaminés,VERB,24468
conte,VERB,17272
conte0,VERB,17272
contenaient,VERB,14882
contenais,VERB,14882
contenait,VERB,14882
contenant,VERB,13403
contenant0,VERB,13403
contenante,VERB,13403
contenantes,VERB,13403
contenants,VERB,13403
contenez,VERB,14882
conteniez,VERB,14882
contenions,VERB,14882
contenir,VERB,14882
contenir_,PRON,14882
contenons,VERB,14882
contenu,VERB,14457
contenu0,VERB,14457
contenue,VERB,14882
contenues,VERB,14882
contenus,VERB,14457
contes,VERB,17272
contiendra,VERB,14882
contiendrai,VERB,14882
contiendraient,VERB,14882
contiendrais,VERB,14882
contiendrait,VERB,14882
contiendras,VERB,14882
contiendrez,VERB,14882
contiendriez,VERB,14882
contiendrions,VERB,14882
contiendrons,VERB,14882
contiendront,VERB,14882
contienne,VERB,14882
contiennent,VERB,14882
contiennes,VERB,14882
contiens,VERB,14882
contient,VERB,14882
continent,VERB,22601
continent0,VERB,22601
continents,VERB,22601
continrent,VERB,14882
contins,VERB,14882
continsse,VERB,14882
continssent,VERB,14882
continsses,VERB,14882
continssiez,VERB,14882
continssions,VERB,14882
contint,VERB,14882
continu,ADJ,24285
continu0,VERB,24285
continua,VERB,13404
continuai,VERB,13404
continuaient,VERB,13404
continuais,VERB,13404
continuait,VERB,13404
continuant,VERB,13404
continuas,VERB,13404
continuasse,VERB,13404
continuassent,VERB,13404
continuasses,VERB,13404
continuassiez,VERB,13404
continuassions,VERB,13404
continuation,VERB,24881
continuation0,VERB,24881
continuations,VERB,24881
continue,VERB,13404
continuellement,ADJ,24286
continuent,VERB,13404
continuer,PRON,13404
continuera,VERB,13404
continuerai,VERB,13404
continueraient,VERB,13404
continuerais,VERB,13404
continuerait,VERB,13404
continueras,VERB,13404
continuerez,VERB,13404
continueriez,VERB,13404
continuerions,VERB,13404
continuerons,VERB,13404
continueront,VERB,13404
continues,VERB,13404
continuez,VERB,13404
continuiez,VERB,13404
continuions,VERB,13404
continuons,VERB,13404
continus,VERB,24285
continuâmes,VERB,13404
continuât,VERB,13404
continuâtes,VERB,13404
continuèrent,VERB,13404
continué,VERB,13404
continuée,VERB,13404
continuées,VERB,13404
continués,VERB,13404
contraceptif,VERB,12631
contraceptif0,VERB,12631
contraceptifs,VERB,12631
contraception,VERB,12844
contraception0,VERB,12844
contraceptions,VERB,12844
contraction utérine,VERB,13405
contraire de,OTHER,15927
contrasta,VERB,13406
contrastai,VERB,13406
contrastaient,VERB,13406
contrastais,VERB,13406
contrastait,VERB,13406
contrastant,VERB,13406
contrastas,VERB,13406
contrastasse,VERB,13406
contrastassent,VERB,13406
contrastasses,VERB,13406
contrastassiez,VERB,13406
contrastassions,VERB,13406
contraste,VERB,13406
contrastent,VERB,13406
contraster,PRON,13406
contrastera,VERB,13406
contrasterai,VERB,13406
contrasteraient,VERB,13406
contrasterais,VERB,13406
contrasterait,VERB,13406
contrasteras,VERB,13406
contrasterez,VERB,13406
contrasteriez,VERB,13406
contrasterions,VERB,13406
contrasterons,VERB,13406
contrasteront,VERB,13406
contrastes,VERB,13406
contrastez,VERB,13406
contrastiez,VERB,13406
contrastions,VERB,13406
contrastons,VERB,13406
contrastâmes,VERB,13406
contrastât,VERB,13406
contrastâtes,VERB,13406
contrastèrent,VERB,13406
contrasté,VERB,13406
contrastée,VERB,13406
contrastées,VERB,13406
contrastés,VERB,13406
contrat,VERB,24007
contrat oral,VERB,24006
contrat0,VERB,24007
contrats,VERB,24007
contravention,VERB,23082
contravention0,VERB,23082
contraventions,VERB,23082
contre,NOUN,12351
contre0,VERB,12351
contrebasse,VERB,23849
contrebasse0,VERB,23849
contrebasses,VERB,23849
contrebasson,VERB,23850
contrebasson0,VERB,23850
contrebasson_,VERB,23850
contrebassons,VERB,23850
contres,VERB,12351
contrôla,VERB,13407
contrôlai,VERB,13407
contrôlaient,VERB,13407
contrôlais,VERB,13407
contrôlait,VERB,13407
contrôlant,VERB,13407
contrôlas,VERB,13407
contrôlasse,VERB,13407
contrôlassent,VERB,13407
contrôlasses,VERB,13407
contrôlassiez,VERB,13407
contrôlassions,VERB,13407
contrôle,VERB,24428
contrôle0,VERB,24428
contrôlent,VERB,13407
contrôler,VERB,13407
contrôler-,PRON,13407
contrôlera,VERB,13407
contrôlerai,VERB,13407
contrôleraient,VERB,13407
contrôlerais,VERB,13407
contrôlerait,VERB,13407
contrôleras,VERB,13407
contrôlerez,VERB,13407
contrôleriez,VERB,13407
contrôlerions,VERB,13407
contrôlerons,VERB,13407
contrôleront,VERB,13407
contrôles,VERB,13407
contrôlez,VERB,13407
contrôliez,VERB,13407
contrôlions,VERB,13407
contrôlons,VERB,13407
contrôlâmes,VERB,13407
contrôlât,VERB,13407
contrôlâtes,VERB,13407
contrôlèrent,VERB,13407
contrôlé,VERB,13407
contrôlée,VERB,13407
contrôlées,VERB,13407
contrôlés,VERB,13407
contusion,VERB,24419
contusion0,VERB,24419
contusions,VERB,24419
contînmes,VERB,14882
contînt,VERB,14882
contîntes,VERB,14882
convainc,VERB,21311
convaincra,VERB,21311
convaincrai,VERB,21311
convaincraient,VERB,21311
convaincrais,VERB,21311
convaincrait,VERB,21311
convaincras,VERB,21311
convaincre,PRON,21311
convaincrez,VERB,21311
convaincriez,VERB,21311
convaincrions,VERB,21311
convaincrons,VERB,21311
convaincront,VERB,21311
convaincs,VERB,21311
convaincu,VERB,21311
convaincue,VERB,21311
convaincues,VERB,21311
convaincus,VERB,21311
convainquaient,VERB,21311
convainquais,VERB,21311
convainquait,VERB,21311
convainquant,VERB,21311
convainque,VERB,21311
convainquent,VERB,21311
convainques,VERB,21311
convainquez,VERB,21311
convainquiez,VERB,21311
convainquions,VERB,21311
convainquirent,VERB,21311
convainquis,VERB,21311
convainquisse,VERB,21311
convainquissent,VERB,21311
convainquisses,VERB,21311
convainquissiez,VERB,21311
convainquissions,VERB,21311
convainquit,VERB,21311
convainquons,VERB,21311
convainquîmes,VERB,21311
convainquît,VERB,21311
convainquîtes,VERB,21311
conversation,VERB,13689
conversation0,VERB,13689
conversations,VERB,13689
conversion,VERB,21321
conversion0,VERB,21321
conversions,VERB,21321
converti,VERB,21320
convertie,VERB,21320
converties,VERB,21320
convertir,VERB,21320
convertir-,PRON,21320
convertira,VERB,21320
convertirai,VERB,21320
convertiraient,VERB,21320
convertirais,VERB,21320
convertirait,VERB,21320
convertiras,VERB,21320
convertirent,VERB,21320
convertirez,VERB,21320
convertiriez,VERB,21320
convertirions,VERB,21320
convertirons,VERB,21320
convertiront,VERB,21320
convertis,VERB,21320
convertissaient,VERB,21320
convertissais,VERB,21320
convertissait,VERB,21320
convertissant,VERB,21320
convertisse,VERB,21320
convertissent,VERB,21320
convertisses,VERB,21320
convertissez,VERB,21320
convertissiez,VERB,21320
convertissions,VERB,21320
convertissons,VERB,21320
convertit,VERB,21320
convertîmes,VERB,21320
convertît,VERB,21320
convertîtes,VERB,21320
cool,OTHER,18282
copain,PREP,17481
copain0,VERB,17481
copains,VERB,17481
copia,VERB,16487
copiai,VERB,16487
copiaient,VERB,16487
copiais,VERB,16487
copiait,VERB,16487
copiant,VERB,16487
copias,VERB,16487
copiasse,VERB,16487
copiassent,VERB,16487
copiasses,VERB,16487
copiassiez,VERB,16487
copiassions,VERB,16487
copie,VERB,13412
copie0,VERB,13412
copient,VERB,16487
copier,PRON,16487
copiera,VERB,16487
copierai,VERB,16487
copieraient,VERB,16487
copierais,VERB,16487
copierait,VERB,16487
copieras,VERB,16487
copierez,VERB,16487
copieriez,VERB,16487
copierions,VERB,16487
copierons,VERB,16487
copieront,VERB,16487
copies,VERB,13412
copieur,VERB,23456
copieur0,VERB,23456
copieurs,VERB,23456
copieuse,VERB,23456
copieuses,VERB,23456
copiez,VERB,16487
copiiez,VERB,16487
copiions,VERB,16487
copions,VERB,16487
copiâmes,VERB,16487
copiât,VERB,16487
copiâtes,VERB,16487
copièrent,VERB,16487
copié,VERB,16487
copiée,VERB,16487
copiées,VERB,16487
copiés,VERB,16487
coq,VERB,23043
coq0,VERB,23043
coqs,VERB,23043
coque,VERB,22065
coque0,VERB,22065
coquelet,VERB,23043
coquelet0,VERB,23043
coquelets,VERB,23043
coques,VERB,22065
coquillage,VERB,15952
coquillage0,VERB,15952
coquillages,VERB,15952
coquille,VERB,16954
coquille0,VERB,16954
coquilles,VERB,16954
cor,VERB,14895
cor d'harmonie_,VERB,23876
cor de chasse,VERB,24810
cor0,VERB,14895
corail,VERB,23457
corail0,VERB,23457
coran,VERB,21072
coran0,VERB,21072
corans,VERB,21072
coraux,VERB,23457
corbeau,VERB,12851
corbeau0,VERB,12851
corbeaux,VERB,12851
corde,VERB,23958
corde à sauter,VERB,15138
corde0,VERB,23958
cordes,VERB,23958
cordon ombilical,VERB,17965
corne,VERB,14896
corne0,VERB,14896
corneille,VERB,12851
corneille0,VERB,12851
corneilles,VERB,12851
cornemuse,VERB,23807
cornemuse0,VERB,23807
cornemuses,VERB,23807
cornes,VERB,14896
cornet à piston_,VERB,14895
corniche,VERB,23073
corniche0,VERB,23073
corniches,VERB,23073
corps,VERB,12870
corps de la connaissance,VERB,16735
corps sans vie,VERB,21315
correct,ADJ,13416
correct0,VERB,13416
correcte,VERB,13416
correctes,VERB,13416
correction,VERB,21341
correction0,VERB,21341
corrections,VERB,21341
corrects,VERB,13416
corridor,VERB,23047
corridor0,VERB,23047
corridors,VERB,23047
corruption,VERB,24629
corruption0,VERB,24629
corruptions,VERB,24629
cors,VERB,14895
corset,VERB,24030
corset0,VERB,24030
corsets,VERB,24030
cosmonaute,PREP,12590
cosmonaute0,VERB,12590
cosmonautes,VERB,12590
cosse,VERB,22837
cosse0,VERB,22837
cosses,VERB,22837
costume,VERB,13418
costume0,VERB,13418
costumes,VERB,13418
coton,VERB,23048
coton0,VERB,23048
cotons,VERB,23048
cottage,VERB,22364
cottage0,VERB,22364
cottages,VERB,22364
cou,VERB,15699
cou0,VERB,15699
coucha,VERB,15205
couchai,VERB,15205
couchaient,VERB,15205
couchais,VERB,15205
couchait,VERB,15205
couchant,VERB,15205
couchas,VERB,15205
couchasse,VERB,15205
couchassent,VERB,15205
couchasses,VERB,15205
couchassiez,VERB,15205
couchassions,VERB,15205
couche,VERB,13670
couche0,VERB,13670
couchent,VERB,15205
coucher,VERB,15205
coucher du soleil,VERB,17467
coucher-,PRON,15205
couchera,VERB,15205
coucherai,VERB,15205
coucheraient,VERB,15205
coucherais,VERB,15205
coucherait,VERB,15205
coucheras,VERB,15205
coucherez,VERB,15205
coucheriez,VERB,15205
coucherions,VERB,15205
coucherons,VERB,15205
coucheront,VERB,15205
couches,VERB,13670
couchette,VERB,24610
couchette0,VERB,24610
couchettes,VERB,24610
couchez,VERB,15205
couchiez,VERB,15205
couchions,VERB,15205
couchons,VERB,15205
couchâmes,VERB,15205
couchât,VERB,15205
couchâtes,VERB,15205
couchèrent,VERB,15205
couché,VERB,15205
couchée,VERB,15205
couchées,VERB,15205
couchés,VERB,15205
coud,VERB,16763
coude,VERB,13916
coude0,VERB,13916
coudes,VERB,13916
coudière,VERB,21620
coudière0,VERB,21620
coudières,VERB,21620
coudra,VERB,16763
coudrai,VERB,16763
coudraient,VERB,16763
coudrais,VERB,16763
coudrait,VERB,16763
coudras,VERB,16763
coudre,PRON,16763
coudrez,VERB,16763
coudriez,VERB,16763
coudrions,VERB,16763
coudrons,VERB,16763
coudront,VERB,16763
couds,VERB,16763
couette,VERB,12854
couette0,VERB,12854
couettes,VERB,12854
couffin,VERB,13126
couffin0,VERB,13126
couffins,VERB,13126
couleur,VERB,13377
couleur0,VERB,13377
couleurs,VERB,13377
couloir,VERB,23105
couloir0,VERB,23105
couloirs,VERB,23105
coup de soleil,VERB,24766
coup de vent,VERB,17271
coupa,VERB,13628
coupable,ADJ,14653
coupable0,VERB,14653
coupables,VERB,14653
coupai,VERB,13628
coupaient,VERB,13628
coupais,VERB,13628
coupait,VERB,13628
coupant,VERB,13628
coupas,VERB,13628
coupasse,VERB,13628
coupassent,VERB,13628
coupasses,VERB,13628
coupassiez,VERB,13628
coupassions,VERB,13628
coupe,VERB,21282
coupe0,VERB,21282
coupent,VERB,13628
couper,PRON,13628
couper-coller,PRON,23465
coupera,VERB,13628
couperai,VERB,13628
couperaient,VERB,13628
couperais,VERB,13628
couperait,VERB,13628
couperas,VERB,13628
couperez,VERB,13628
couperiez,VERB,13628
couperions,VERB,13628
couperons,VERB,13628
couperont,VERB,13628
coupes,VERB,13628
coupez,VERB,13628
coupiez,VERB,13628
coupions,VERB,13628
couple,PREP,13425
couple0,VERB,13425
couples,VERB,13425
coupons,VERB,13628
coupâmes,VERB,13628
coupât,VERB,13628
coupâtes,VERB,13628
coupèrent,VERB,13628
coupé,VERB,13628
coupée,VERB,13628
coupées,VERB,13628
coupés,VERB,13628
cour,VERB,18287
cour de récréation,VERB,16202
cour0,VERB,18287
courage,VERB,23460
courage0,VERB,23460
courages,VERB,23460
courageuse,VERB,23418
courageuses,VERB,23418
courageux,ADJ,23418
courageux0,VERB,23418
couraient,VERB,16699
courais,VERB,16699
courait,VERB,16699
courant,ADJ,13624
courant0,VERB,13624
courante,VERB,13624
courantes,VERB,13624
courants,VERB,13624
courba,VERB,24412
courbai,VERB,24412
courbaient,VERB,24412
courbais,VERB,24412
courbait,VERB,24412
courbant,VERB,24412
courbas,VERB,24412
courbasse,VERB,24412
courbassent,VERB,24412
courbasses,VERB,24412
courbassiez,VERB,24412
courbassions,VERB,24412
courbe,VERB,13627
courbe0,VERB,13627
courbent,VERB,24412
courber,PRON,24412
courbera,VERB,24412
courberai,VERB,24412
courberaient,VERB,24412
courberais,VERB,24412
courberait,VERB,24412
courberas,VERB,24412
courberez,VERB,24412
courberiez,VERB,24412
courberions,VERB,24412
courberons,VERB,24412
courberont,VERB,24412
courbes,VERB,13627
courbez,VERB,24412
courbiez,VERB,24412
courbions,VERB,24412
courbons,VERB,24412
courbâmes,VERB,24412
courbât,VERB,24412
courbâtes,VERB,24412
courbèrent,VERB,24412
courbé,VERB,24412
courbée,VERB,24412
courbées,VERB,24412
courbés,VERB,24412
coure,VERB,16699
courent,VERB,16699
coures,VERB,16699
courez,VERB,16699
courge,VERB,17244
courge0,VERB,17244
courges,VERB,17244
couriez,VERB,16699
courions,VERB,16699
courir,PRON,16699
couronne,VERB,22618
couronne0,VERB,22618
couronnes,VERB,22618
courons,VERB,16699
courra,VERB,16699
courrai,VERB,16699
courraient,VERB,16699
courrais,VERB,16699
courrait,VERB,16699
courras,VERB,16699
courrez,VERB,16699
courriel,VERB,23485
courriel0,VERB,23485
courriels,VERB,23485
courrier postal,VERB,15198
courriez,VERB,16699
courrions,VERB,16699
courroie,VERB,17276
courroie0,VERB,17276
courroies,VERB,17276
courrons,VERB,16699
courront,VERB,16699
cours,VERB,15162
cours d'anglais,VERB,23077
cours d'histoire,VERB,23112
cours d'hébreu,VERB,23109
cours d'économie,VERB,23074
cours d'écriture,VERB,23253
cours de biologie,VERB,23030
cours de bliss,VERB,23032
cours de calligraphie,VERB,23107
cours de chimie,VERB,23040
cours de gymnastique,VERB,24939
cours de géographie,VERB,23094
cours de géologie,VERB,23095
cours de langue,VERB,23131
cours de lecture,VERB,23187
cours de philosophie,VERB,23615
cours de physique,VERB,23167
cours de psychologie,VERB,24818
cours de religion,VERB,23189
cours de sport,VERB,24939
cours de suédois,VERB,23226
course,VERB,16451
course automobile,VERB,21829
course cycliste,VERB,21824
course d'attelage,VERB,22095
course d'obstacles,VERB,21840
course de chevaux,VERB,22094
course de chevaux avec traîneau,VERB,21875
course de chiens de traîneau,VERB,21877
course de haies,VERB,21840
course de moto,VERB,21827
course à pied,VERB,21839
course0,VERB,16451
courses,VERB,16451
court,VERB,13428
court0,VERB,13428
courte,VERB,13428
courtes,VERB,13428
courts,VERB,13428
couru,VERB,16699
courue,VERB,16699
courues,VERB,16699
coururent,VERB,16699
courus,VERB,16699
courusse,VERB,16699
courussent,VERB,16699
courusses,VERB,16699
courussiez,VERB,16699
courussions,VERB,16699
courut,VERB,16699
courûmes,VERB,16699
courût,VERB,16699
courûtes,VERB,16699
cous,VERB,15699
cousaient,VERB,16763
cousais,VERB,16763
cousait,VERB,16763
cousant,VERB,16763
couse,VERB,16763
cousent,VERB,16763
couses,VERB,16763
cousez,VERB,16763
cousiez,VERB,16763
cousin,PREP,13429
cousin0,VERB,13429
cousine,PREP,13429
cousines,VERB,13429
cousins,VERB,13429
cousions,VERB,16763
cousirent,VERB,16763
cousis,VERB,16763
cousisse,VERB,16763
cousissent,VERB,16763
cousisses,VERB,16763
cousissiez,VERB,16763
cousissions,VERB,16763
cousit,VERB,16763
cousons,VERB,16763
cousu,VERB,16763
cousue,VERB,16763
cousues,VERB,16763
cousus,VERB,16763
cousîmes,VERB,16763
cousît,VERB,16763
cousîtes,VERB,16763
couteau,VERB,15159
couteau0,VERB,15159
couteaux,VERB,15159
coutellerie,VERB,13630
coutellerie0,VERB,13630
coutelleries,VERB,13630
couturier,PREP,23674
couturier0,VERB,23674
couturiers,VERB,23674
couturière,VERB,23674
couturières,VERB,23674
couvercle,VERB,22583
couvercle0,VERB,22583
couvercles,VERB,22583
couvert,VERB,16419
couverte,VERB,16419
couvertes,VERB,16419
couverts,VERB,13630
couverture,VERB,12854
couverture de cheval,VERB,24159
couverture0,VERB,12854
couvertures,VERB,12854
couvraient,VERB,16419
couvrais,VERB,16419
couvrait,VERB,16419
couvrant,VERB,16419
couvre,VERB,16419
couvre-chef juif,VERB,17004
couvre-lit,VERB,12854
couvre-lit0,VERB,12854
couvre-lits,VERB,12854
couvrent,VERB,16419
couvres,VERB,16419
couvrez,VERB,16419
couvriez,VERB,16419
couvrions,VERB,16419
couvrir,PRON,16419
couvrira,VERB,16419
couvrirai,VERB,16419
couvriraient,VERB,16419
couvrirais,VERB,16419
couvrirait,VERB,16419
couvriras,VERB,16419
couvrirent,VERB,16419
couvrirez,VERB,16419
couvririez,VERB,16419
couvririons,VERB,16419
couvrirons,VERB,16419
couvriront,VERB,16419
couvris,VERB,16419
couvrisse,VERB,16419
couvrissent,VERB,16419
couvrisses,VERB,16419
couvrissiez,VERB,16419
couvrissions,VERB,16419
couvrit,VERB,16419
couvrons,VERB,16419
couvrîmes,VERB,16419
couvrît,VERB,16419
couvrîtes,VERB,16419
coût,VERB,13417
coût0,VERB,13417
coûta,VERB,24842
coûtai,VERB,24842
coûtaient,VERB,24842
coûtais,VERB,24842
coûtait,VERB,24842
coûtant,VERB,24842
coûtas,VERB,24842
coûtasse,VERB,24842
coûtassent,VERB,24842
coûtasses,VERB,24842
coûtassiez,VERB,24842
coûtassions,VERB,24842
coûte,VERB,24842
coûtent,VERB,24842
coûter,PRON,24842
coûtera,VERB,24842
coûterai,VERB,24842
coûteraient,VERB,24842
coûterais,VERB,24842
coûterait,VERB,24842
coûteras,VERB,24842
coûterez,VERB,24842
coûteriez,VERB,24842
coûterions,VERB,24842
coûterons,VERB,24842
coûteront,VERB,24842
coûtes,VERB,24842
coûteuse,VERB,14129
coûteuses,VERB,14129
coûteux,ADJ,14129
coûteux0,VERB,14129
coûtez,VERB,24842
coûtiez,VERB,24842
coûtions,VERB,24842
coûtons,VERB,24842
coûts,VERB,13417
coûtâmes,VERB,24842
coûtât,VERB,24842
coûtâtes,VERB,24842
coûtèrent,VERB,24842
coûté,VERB,24842
coûtée,VERB,24842
coûtées,VERB,24842
coûtés,VERB,24842
crabe,VERB,15226
crabe0,VERB,15226
crabes,VERB,15226
cracha,VERB,17231
crachai,VERB,17231
crachaient,VERB,17231
crachais,VERB,17231
crachait,VERB,17231
crachant,VERB,17231
crachas,VERB,17231
crachasse,VERB,17231
crachassent,VERB,17231
crachasses,VERB,17231
crachassiez,VERB,17231
crachassions,VERB,17231
crachat,VERB,16710
crachat0,VERB,16710
crachats,VERB,16710
crache,VERB,17231
crachent,VERB,17231
cracher,PRON,17231
crachera,VERB,17231
cracherai,VERB,17231
cracheraient,VERB,17231
cracherais,VERB,17231
cracherait,VERB,17231
cracheras,VERB,17231
cracherez,VERB,17231
cracheriez,VERB,17231
cracherions,VERB,17231
cracherons,VERB,17231
cracheront,VERB,17231
craches,VERB,17231
crachez,VERB,17231
crachiez,VERB,17231
crachions,VERB,17231
crachons,VERB,17231
crachâmes,VERB,17231
crachât,VERB,17231
crachâtes,VERB,17231
crachèrent,VERB,17231
craché,VERB,17231
crachée,VERB,17231
crachées,VERB,17231
crachés,VERB,17231
craignaient,VERB,14159
craignais,VERB,14159
craignait,VERB,14159
craignant,VERB,14159
craigne,VERB,14159
craignent,VERB,14159
craignes,VERB,14159
craignez,VERB,14159
craigniez,VERB,14159
craignions,VERB,14159
craignirent,VERB,14159
craignis,VERB,14159
craignisse,VERB,14159
craignissent,VERB,14159
craignisses,VERB,14159
craignissiez,VERB,14159
craignissions,VERB,14159
craignit,VERB,14159
craignons,VERB,14159
craignîmes,VERB,14159
craignît,VERB,14159
craignîtes,VERB,14159
craindra,VERB,14159
craindrai,VERB,14159
craindraient,VERB,14159
craindrais,VERB,14159
craindrait,VERB,14159
craindras,VERB,14159
craindre,PRON,14159
craindrez,VERB,14159
craindriez,VERB,14159
craindrions,VERB,14159
craindrons,VERB,14159
craindront,VERB,14159
crains,VERB,14159
craint,VERB,14159
crainte,VERB,14159
craintes,VERB,14159
craints,VERB,14159
crampe,VERB,13432
crampe0,VERB,13432
crampes,VERB,13432
crapaud,VERB,14402
crapaud0,VERB,14402
crapauds,VERB,14402
crasse,VERB,22910
crasse0,VERB,22910
crasses,VERB,22910
cratère,VERB,24631
cratère0,VERB,24631
cratères,VERB,24631
cravate,VERB,17730
cravate0,VERB,17730
cravates,VERB,17730
crayon,VERB,15991
crayon de couleur,VERB,13604
crayon à sourcils,VERB,14135
crayon0,VERB,15991
crayons,VERB,15991
creusa,VERB,13677
creusai,VERB,13677
creusaient,VERB,13677
creusais,VERB,13677
creusait,VERB,13677
creusant,VERB,13677
creusas,VERB,13677
creusasse,VERB,13677
creusassent,VERB,13677
creusasses,VERB,13677
creusassiez,VERB,13677
creusassions,VERB,13677
creuse,VERB,13677
creusent,VERB,13677
creuser,PRON,13677
creusera,VERB,13677
creuserai,VERB,13677
creuseraient,VERB,13677
creuserais,VERB,13677
creuserait,VERB,13677
creuseras,VERB,13677
creuserez,VERB,13677
creuseriez,VERB,13677
creuserions,VERB,13677
creuserons,VERB,13677
creuseront,VERB,13677
creuses,VERB,13677
creusez,VERB,13677
creusiez,VERB,13677
creusions,VERB,13677
creusons,VERB,13677
creusâmes,VERB,13677
creusât,VERB,13677
creusâtes,VERB,13677
creusèrent,VERB,13677
creusé,VERB,13677
creusée,VERB,13677
creusées,VERB,13677
creusés,VERB,13677
crevassa,VERB,24630
crevassai,VERB,24630
crevassaient,VERB,24630
crevassais,VERB,24630
crevassait,VERB,24630
crevassant,VERB,24630
crevassas,VERB,24630
crevassasse,VERB,24630
crevassassent,VERB,24630
crevassasses,VERB,24630
crevassassiez,VERB,24630
crevassassions,VERB,24630
crevasse,VERB,24630
crevassent,VERB,24630
crevasser,VERB,24630
crevassera,VERB,24630
crevasserai,VERB,24630
crevasseraient,VERB,24630
crevasserais,VERB,24630
crevasserait,VERB,24630
crevasseras,VERB,24630
crevasserez,VERB,24630
crevasseriez,VERB,24630
crevasserions,VERB,24630
crevasserons,VERB,24630
crevasseront,VERB,24630
crevasses,VERB,24630
crevassez,VERB,24630
crevassiez,VERB,24630
crevassions,VERB,24630
crevassons,VERB,24630
crevassâmes,VERB,24630
crevassât,VERB,24630
crevassâtes,VERB,24630
crevassèrent,VERB,24630
crevassé,VERB,24630
crevassée,VERB,24630
crevassées,VERB,24630
crevassés,VERB,24630
crevette,VERB,23168
crevette0,VERB,23168
crevettes,VERB,23168
cria,VERB,24823
criai,VERB,24823
criaient,VERB,24823
criais,VERB,24823
criait,VERB,24823
criant,VERB,24823
crias,VERB,24823
criasse,VERB,24823
criassent,VERB,24823
criasses,VERB,24823
criassiez,VERB,24823
criassions,VERB,24823
cricket,VERB,21808
cricket0,VERB,21808
crickets,VERB,21808
crie,VERB,24823
crient,VERB,24823
crier,PRON,24823
crier fort,PRON,16965
criera,VERB,24823
crierai,VERB,24823
crieraient,VERB,24823
crierais,VERB,24823
crierait,VERB,24823
crieras,VERB,24823
crierez,VERB,24823
crieriez,VERB,24823
crierions,VERB,24823
crierons,VERB,24823
crieront,VERB,24823
cries,VERB,24823
criez,VERB,24823
criiez,VERB,24823
criions,VERB,24823
crin,VERB,24162
crin0,VERB,24162
crinière,VERB,24184
crinière0,VERB,24184
crinières,VERB,24184
crins,VERB,24162
crions,VERB,24823
crique,VERB,22625
crique0,VERB,22625
criques,VERB,22625
crise,VERB,12593
crise0,VERB,12593
crises,VERB,12593
cristal,VERB,13619
cristal0,VERB,13619
cristaux,VERB,13619
criâmes,VERB,24823
criât,VERB,24823
criâtes,VERB,24823
crièrent,VERB,24823
crié,VERB,24823
criée,VERB,24823
criées,VERB,24823
criés,VERB,24823
crochet,VERB,14891
crochet0,VERB,14891
crocheta,VERB,13611
crochetai,VERB,13611
crochetaient,VERB,13611
crochetais,VERB,13611
crochetait,VERB,13611
crochetant,VERB,13611
crochetas,VERB,13611
crochetasse,VERB,13611
crochetassent,VERB,13611
crochetasses,VERB,13611
crochetassiez,VERB,13611
crochetassions,VERB,13611
crocheter,PRON,13611
crochetez,VERB,13611
crochetiez,VERB,13611
crochetions,VERB,13611
crochetons,VERB,13611
crochets,VERB,14891
crochetâmes,VERB,13611
crochetât,VERB,13611
crochetâtes,VERB,13611
crochetèrent,VERB,13611
crocheté,VERB,13611
crochetée,VERB,13611
crochetées,VERB,13611
crochetés,VERB,13611
crochète,VERB,13611
crochètent,VERB,13611
crochètera,VERB,13611
crochèterai,VERB,13611
crochèteraient,VERB,13611
crochèterais,VERB,13611
crochèterait,VERB,13611
crochèteras,VERB,13611
crochèterez,VERB,13611
crochèteriez,VERB,13611
crochèterions,VERB,13611
crochèterons,VERB,13611
crochèteront,VERB,13611
crochètes,VERB,13611
croie,VERB,12661
croient,VERB,12661
croies,VERB,12661
croira,VERB,12661
croirai,VERB,12661
croiraient,VERB,12661
croirais,VERB,12661
croirait,VERB,12661
croiras,VERB,12661
croire,PRON,12661
croirez,VERB,12661
croiriez,VERB,12661
croirions,VERB,12661
croirons,VERB,12661
croiront,VERB,12661
crois,VERB,12661
croisa,VERB,13614
croisai,VERB,13614
croisaient,VERB,13614
croisais,VERB,13614
croisait,VERB,13614
croisant,VERB,13614
croisas,VERB,13614
croisasse,VERB,13614
croisassent,VERB,13614
croisasses,VERB,13614
croisassiez,VERB,13614
croisassions,VERB,13614
croise,VERB,13614
croisent,VERB,13614
croiser,PRON,13614
croisera,VERB,13614
croiserai,VERB,13614
croiseraient,VERB,13614
croiserais,VERB,13614
croiserait,VERB,13614
croiseras,VERB,13614
croiserez,VERB,13614
croiseriez,VERB,13614
croiserions,VERB,13614
croiserons,VERB,13614
croiseront,VERB,13614
croises,VERB,13614
croisez,VERB,13614
croisiez,VERB,13614
croisions,VERB,13614
croisons,VERB,13614
croissance,VERB,24905
croissance0,VERB,24905
croissances,VERB,24905
croissant,VERB,13610
croissant0,VERB,13610
croissants,VERB,13610
croisâmes,VERB,13614
croisât,VERB,13614
croisâtes,VERB,13614
croisèrent,VERB,13614
croisé,VERB,13614
croisée,VERB,13614
croisées,VERB,13614
croisés,VERB,13614
croit,VERB,12661
croix,VERB,13613
croquet,VERB,13612
croquet0,VERB,13612
croquets,VERB,13612
crosse,VERB,22102
crosse0,VERB,22102
crosses,VERB,22102
crotte,VERB,24009
crotte0,VERB,24009
crottes,VERB,24009
crottin de cheval,VERB,24160
croupe,VERB,13097
croupe0,VERB,13097
croupes,VERB,13097
croyaient,VERB,12661
croyais,VERB,12661
croyait,VERB,12661
croyance,VERB,12660
croyance0,VERB,12660
croyances,VERB,12660
croyant,PREP,20565
croyant0,VERB,20565
croyante,VERB,20565
croyantes,VERB,20565
croyants,VERB,20565
croyez,VERB,12661
croyiez,VERB,12661
croyions,VERB,12661
croyons,VERB,12661
cru,ADJ,16464
cru0,VERB,16464
cruche,VERB,16191
cruche0,VERB,16191
cruches,VERB,16191
crue,VERB,12661
cruel,ADJ,15439
cruel0,VERB,15439
cruelle,VERB,15439
cruelles,VERB,15439
cruels,VERB,15439
crues,VERB,12661
crurent,VERB,12661
crus,VERB,12661
crusse,VERB,12661
crussent,VERB,12661
crusses,VERB,12661
crussiez,VERB,12661
crussions,VERB,12661
crustacé sans pince,VERB,23204
crustacé à pinces,VERB,15226
crustacés,VERB,23660
crut,VERB,12661
crème,VERB,22307
crème de sésame,VERB,17495
crème fraîche,VERB,13605
crème glacée,VERB,14920
crème solaire,VERB,17463
crème0,VERB,22307
crèmes,VERB,22307
créa,VERB,13606
créai,VERB,13606
créaient,VERB,13606
créais,VERB,13606
créait,VERB,13606
créant,VERB,13606
créas,VERB,13606
créasse,VERB,13606
créassent,VERB,13606
créasses,VERB,13606
créassiez,VERB,13606
créassions,VERB,13606
créateur,PREP,23469
créateur de mode,PREP,23496
créateur0,VERB,23469
créateurs,VERB,23469
créatif,ADJ,13608
créatif0,VERB,13608
créatifs,VERB,13608
création,VERB,13607
création0,VERB,13607
créations,VERB,13607
créative,VERB,13608
créatives,VERB,13608
créatrice,VERB,23469
créatrices,VERB,23469
créature,VERB,13609
créature marine,VERB,23706
créature0,VERB,13609
créatures,VERB,13609
crécelle,VERB,23596
crécelle0,VERB,23596
crécelles,VERB,23596
crédit,VERB,24632
crédit0,VERB,24632
crédits,VERB,24632
crée,VERB,13606
créent,VERB,13606
créer,PRON,13606
créera,VERB,13606
créerai,VERB,13606
créeraient,VERB,13606
créerais,VERB,13606
créerait,VERB,13606
créeras,VERB,13606
créerez,VERB,13606
créeriez,VERB,13606
créerions,VERB,13606
créerons,VERB,13606
créeront,VERB,13606
crées,VERB,13606
créez,VERB,13606
créiez,VERB,13606
créions,VERB,13606
créons,VERB,13606
créâmes,VERB,13606
créât,VERB,13606
créâtes,VERB,13606
créèrent,VERB,13606
créé,VERB,13606
créée,VERB,13606
créées,VERB,13606
créés,VERB,13606
crêpe,VERB,23603
crêpe0,VERB,23603
crêpes,VERB,23603
crûmes,VERB,12661
crût,VERB,12661
crûtes,VERB,12661
cube,VERB,12886
cube0,VERB,12886
cubes,VERB,23454
cueillaient,VERB,24709
cueillais,VERB,24709
cueillait,VERB,24709
cueillant,VERB,24709
cueille,VERB,24709
cueillent,VERB,24709
cueillera,VERB,24709
cueillerai,VERB,24709
cueilleraient,VERB,24709
cueillerais,VERB,24709
cueillerait,VERB,24709
cueilleras,VERB,24709
cueillerez,VERB,24709
cueilleriez,VERB,24709
cueillerions,VERB,24709
cueillerons,VERB,24709
cueilleront,VERB,24709
cueilles,VERB,24709
cueillez,VERB,24709
cueilli,VERB,24709
cueillie,VERB,24709
cueillies,VERB,24709
cueilliez,VERB,24709
cueillions,VERB,24709
cueillir,PRON,24709
cueillirent,VERB,24709
cueillis,VERB,24709
cueillisse,VERB,24709
cueillissent,VERB,24709
cueillisses,VERB,24709
cueillissiez,VERB,24709
cueillissions,VERB,24709
cueillit,VERB,24709
cueillons,VERB,24709
cueillîmes,VERB,24709
cueillît,VERB,24709
cueillîtes,VERB,24709
cuiller,VERB,17233
cuiller de service,VERB,22571
cuiller mesurette,VERB,22568
cuiller à café,VERB,22569
cuiller à mélanger,VERB,22572
cuiller à soupe,VERB,22570
cuiller0,VERB,17233
cuillers,VERB,17233
cuillère,VERB,17233
cuillère à mesure,VERB,22568
cuillère à servir,VERB,22571
cuillère0,VERB,17233
cuillères,VERB,17233
cuir,VERB,15186
cuir0,VERB,15186
cuira,VERB,13408
cuirai,VERB,13408
cuiraient,VERB,13408
cuirais,VERB,13408
cuirait,VERB,13408
cuiras,VERB,13408
cuire,PRON,13408
cuire au four,PRON,12619
cuire au four micro-ondes,PRON,15462
cuire à l'eau,PRON,12871
cuire à la vapeur,PRON,17256
cuirez,VERB,13408
cuiriez,VERB,13408
cuirions,VERB,13408
cuirons,VERB,13408
cuiront,VERB,13408
cuirs,VERB,15186
cuis,VERB,13408
cuisaient,VERB,13408
cuisais,VERB,13408
cuisait,VERB,13408
cuisant,VERB,13408
cuise,VERB,13408
cuisent,VERB,13408
cuises,VERB,13408
cuisez,VERB,13408
cuisiez,VERB,13408
cuisina,VERB,13408
cuisinai,VERB,13408
cuisinaient,VERB,13408
cuisinais,VERB,13408
cuisinait,VERB,13408
cuisinant,VERB,13408
cuisinas,VERB,13408
cuisinasse,VERB,13408
cuisinassent,VERB,13408
cuisinasses,VERB,13408
cuisinassiez,VERB,13408
cuisinassions,VERB,13408
cuisine,VERB,15154
cuisine de bateau,VERB,24658
cuisine0,VERB,15154
cuisinent,VERB,13408
cuisiner,PRON,13408
cuisinera,VERB,13408
cuisinerai,VERB,13408
cuisineraient,VERB,13408
cuisinerais,VERB,13408
cuisinerait,VERB,13408
cuisineras,VERB,13408
cuisinerez,VERB,13408
cuisineriez,VERB,13408
cuisinerions,VERB,13408
cuisinerons,VERB,13408
cuisineront,VERB,13408
cuisines,VERB,13408
cuisinez,VERB,13408
cuisinier,PREP,22907
cuisinier0,VERB,22907
cuisiniers,VERB,22907
cuisiniez,VERB,13408
cuisinions,VERB,13408
cuisinière,VERB,17273
cuisinières,VERB,22907
cuisinons,VERB,13408
cuisinâmes,VERB,13408
cuisinât,VERB,13408
cuisinâtes,VERB,13408
cuisinèrent,VERB,13408
cuisiné,VERB,13408
cuisinée,VERB,13408
cuisinées,VERB,13408
cuisinés,VERB,13408
cuisions,VERB,13408
cuisirent,VERB,13408
cuisis,VERB,13408
cuisisse,VERB,13408
cuisissent,VERB,13408
cuisisses,VERB,13408
cuisissiez,VERB,13408
cuisissions,VERB,13408
cuisit,VERB,13408
cuisons,VERB,13408
cuisîmes,VERB,13408
cuisît,VERB,13408
cuisîtes,VERB,13408
cuit,VERB,13408
cuite,VERB,13408
cuites,VERB,13408
cuits,VERB,13408
cuivre,VERB,23046
cuivre0,VERB,23046
cuivres,VERB,23823
culbute,VERB,24272
culbute0,VERB,24272
culbutes,VERB,24272
culpabilité,VERB,14652
culpabilité0,VERB,14652
culpabilités,VERB,14652
cultiva,VERB,16459
cultivai,VERB,16459
cultivaient,VERB,16459
cultivais,VERB,16459
cultivait,VERB,16459
cultivant,VERB,16459
cultivas,VERB,16459
cultivasse,VERB,16459
cultivassent,VERB,16459
cultivasses,VERB,16459
cultivassiez,VERB,16459
cultivassions,VERB,16459
cultive,VERB,16459
cultivent,VERB,16459
cultiver,PRON,16459
cultivera,VERB,16459
cultiverai,VERB,16459
cultiveraient,VERB,16459
cultiverais,VERB,16459
cultiverait,VERB,16459
cultiveras,VERB,16459
cultiverez,VERB,16459
cultiveriez,VERB,16459
cultiverions,VERB,16459
cultiverons,VERB,16459
cultiveront,VERB,16459
cultives,VERB,16459
cultivez,VERB,16459
cultiviez,VERB,16459
cultivions,VERB,16459
cultivons,VERB,16459
cultivâmes,VERB,16459
cultivât,VERB,16459
cultivâtes,VERB,16459
cultivèrent,VERB,16459
cultivé,VERB,16459
cultivée,VERB,16459
cultivées,VERB,16459
cultivés,VERB,16459
culture,VERB,21608
culture0,VERB,21608
cultures,VERB,21608
cure-pied,VERB,24156
curling,VERB,21879
curling0,VERB,21879
curlings,VERB,21879
curry,VERB,22327
curry0,VERB,22327
currys,VERB,22327
cyclisme,VERB,21823
cyclisme0,VERB,21823
cyclismes,VERB,21823
cygne,VERB,17473
cygne0,VERB,17473
cygnes,VERB,17473
cylindre,VERB,13115
cylindre0,VERB,13115
cylindres,VERB,13115
cymbale,VERB,23842
cymbale0,VERB,23842
cymbales,VERB,23842
câble métallique,VERB,18265
câble électrique,VERB,13921
câlina,VERB,24076
câlinai,VERB,24076
câlinaient,VERB,24076
câlinais,VERB,24076
câlinait,VERB,24076
câlinant,VERB,24076
câlinas,VERB,24076
câlinasse,VERB,24076
câlinassent,VERB,24076
câlinasses,VERB,24076
câlinassiez,VERB,24076
câlinassions,VERB,24076
câline,VERB,24076
câlinent,VERB,24076
câliner,PRON,24076
câlinera,VERB,24076
câlinerai,VERB,24076
câlineraient,VERB,24076
câlinerais,VERB,24076
câlinerait,VERB,24076
câlineras,VERB,24076
câlinerez,VERB,24076
câlineriez,VERB,24076
câlinerions,VERB,24076
câlinerons,VERB,24076
câlineront,VERB,24076
câlines,VERB,24076
câlinez,VERB,24076
câliniez,VERB,24076
câlinions,VERB,24076
câlinons,VERB,24076
câlinâmes,VERB,24076
câlinât,VERB,24076
câlinâtes,VERB,24076
câlinèrent,VERB,24076
câliné,VERB,24076
câlinée,VERB,24076
câlinées,VERB,24076
câlinés,VERB,24076
céleri,VERB,13140
céleri-rave,VERB,23833
céleri0,VERB,13140
céleris,VERB,13140
célibat,VERB,12326
célibat0,VERB,12326
célibats,VERB,12326
célébration,VERB,21290
célébration0,VERB,21290
célébrations,VERB,21290
céramique,VERB,24048
céramique0,VERB,24048
céramiques,VERB,24048
céréale,VERB,13145
céréale0,VERB,13145
céréales,VERB,13145
cérémonie,VERB,21096
cérémonie de la circoncision,VERB,21113
cérémonie de sacrifice,VERB,22833
cérémonie religieuse,VERB,20573
cérémonie0,VERB,21096
cérémonies,VERB,21096
césarienne,VERB,13103
cône,VERB,13400
cône0,VERB,13400
cônes,VERB,13400
côte,VERB,12640
côte0,VERB,12640
côtes,VERB,12640
côté,VERB,16974
côté0,VERB,16974
côtés,VERB,16974
cœur,VERB,14695
cœur0,VERB,14695
cœurs,VERB,14695
d'intérieur,ADJ,24914
d'un côté à l'autre,NOUN,12333
dactylographia,VERB,23698
dactylographiai,VERB,23698
dactylographiaient,VERB,23698
dactylographiais,VERB,23698
dactylographiait,VERB,23698
dactylographiant,VERB,23698
dactylographias,VERB,23698
dactylographiasse,VERB,23698
dactylographiassent,VERB,23698
dactylographiasses,VERB,23698
dactylographiassiez,VERB,23698
dactylographiassions,VERB,23698
dactylographie,VERB,23698
dactylographient,VERB,23698
dactylographier,PRON,23698
dactylographiera,VERB,23698
dactylographierai,VERB,23698
dactylographieraient,VERB,23698
dactylographierais,VERB,23698
dactylographierait,VERB,23698
dactylographieras,VERB,23698
dactylographierez,VERB,23698
dactylographieriez,VERB,23698
dactylographierions,VERB,23698
dactylographierons,VERB,23698
dactylographieront,VERB,23698
dactylographies,VERB,23698
dactylographiez,VERB,23698
dactylographiiez,VERB,23698
dactylographiions,VERB,23698
dactylographions,VERB,23698
dactylographiâmes,VERB,23698
dactylographiât,VERB,23698
dactylographiâtes,VERB,23698
dactylographièrent,VERB,23698
dactylographié,VERB,23698
dactylographiée,VERB,23698
dactylographiées,VERB,23698
dactylographiés,VERB,23698
daim,VERB,23944
daim0,VERB,23944
daims,VERB,23944
danemark,VERB,13654
danger,VERB,13632
danger0,VERB,13632
dangereuse,VERB,13633
dangereuses,VERB,13633
dangereux,ADJ,13633
dangereux0,VERB,13633
dangers,VERB,13632
dans,NOUN,14932
dans un véhicule,ADJ,23401
dansa,VERB,13631
dansai,VERB,13631
dansaient,VERB,13631
dansais,VERB,13631
dansait,VERB,13631
dansant,VERB,13631
dansas,VERB,13631
dansasse,VERB,13631
dansassent,VERB,13631
dansasses,VERB,13631
dansassiez,VERB,13631
dansassions,VERB,13631
danse,VERB,24853
danse0,VERB,24853
dansent,VERB,13631
danser,PRON,13631
dansera,VERB,13631
danserai,VERB,13631
danseraient,VERB,13631
danserais,VERB,13631
danserait,VERB,13631
danseras,VERB,13631
danserez,VERB,13631
danseriez,VERB,13631
danserions,VERB,13631
danserons,VERB,13631
danseront,VERB,13631
danses,VERB,13631
dansez,VERB,13631
dansiez,VERB,13631
dansions,VERB,13631
dansons,VERB,13631
dansâmes,VERB,13631
dansât,VERB,13631
dansâtes,VERB,13631
dansèrent,VERB,13631
dansé,VERB,13631
dansée,VERB,13631
dansées,VERB,13631
dansés,VERB,13631
datte,VERB,13637
datte0,VERB,13637
dattes,VERB,13637
dauphin,VERB,13864
dauphin0,VERB,13864
dauphine,VERB,13864
dauphines,VERB,13864
dauphins,VERB,13864
de,OTHER,12663
de haut en bas,NOUN,17984
de l'autre côté de,ADJ,12670
de l'est,ADJ,13904
de l'ouest,ADJ,18225
de nouveau,NOUN,12350
de qui,NOUN,18246
de rien,OTHER,18466
dehors,NOUN,15942
deltaplane,VERB,22114
deltaplane0,VERB,22114
deltaplanes,VERB,22114
demain,VERB,17750
demain soir,VERB,17751
demain0,VERB,17750
demains,VERB,17750
demanda,VERB,12588
demandai,VERB,12588
demandaient,VERB,12588
demandais,VERB,12588
demandait,VERB,12588
demandant,VERB,12588
demandas,VERB,12588
demandasse,VERB,12588
demandassent,VERB,12588
demandasses,VERB,12588
demandassiez,VERB,12588
demandassions,VERB,12588
demande,VERB,12588
demandent,VERB,12588
demander,PRON,12588
demandera,VERB,12588
demanderai,VERB,12588
demanderaient,VERB,12588
demanderais,VERB,12588
demanderait,VERB,12588
demanderas,VERB,12588
demanderez,VERB,12588
demanderiez,VERB,12588
demanderions,VERB,12588
demanderons,VERB,12588
demanderont,VERB,12588
demandes,VERB,12588
demandez,VERB,12588
demandiez,VERB,12588
demandions,VERB,12588
demandons,VERB,12588
demandâmes,VERB,12588
demandât,VERB,12588
demandâtes,VERB,12588
demandèrent,VERB,12588
demandé,VERB,12588
demandée,VERB,12588
demandées,VERB,12588
demandés,VERB,12588
demi-heure,VERB,23104
demi-heure0,VERB,23104
demi-heures,VERB,23104
dentifrice,VERB,17757
dentifrice0,VERB,17757
dentifrices,VERB,17757
dentiste,PREP,13656
dentiste0,VERB,13656
dentistes,VERB,13656
dents,VERB,17517
dernier,ADJ,15173
dernier0,VERB,15173
derniers,VERB,15173
dernière,VERB,15173
dernières,VERB,15173
derrière,NOUN,12348
derrière0,VERB,12348
derrières,VERB,12348
des,NOUN,12321
descend,VERB,13660
descendaient,VERB,13660
descendais,VERB,13660
descendait,VERB,13660
descendance,PREP,15912
descendance0,VERB,15912
descendances,VERB,15912
descendant,VERB,13660
descende,VERB,13660
descendent,VERB,13660
descendes,VERB,13660
descendez,VERB,13660
descendiez,VERB,13660
descendions,VERB,13660
descendirent,VERB,13660
descendis,VERB,13660
descendisse,VERB,13660
descendissent,VERB,13660
descendisses,VERB,13660
descendissiez,VERB,13660
descendissions,VERB,13660
descendit,VERB,13660
descendons,VERB,13660
descendra,VERB,13660
descendrai,VERB,13660
descendraient,VERB,13660
descendrais,VERB,13660
descendrait,VERB,13660
descendras,VERB,13660
descendre,PRON,13660
descendrez,VERB,13660
descendriez,VERB,13660
descendrions,VERB,13660
descendrons,VERB,13660
descendront,VERB,13660
descends,VERB,13660
descendu,VERB,13660
descendue,VERB,13660
descendues,VERB,13660
descendus,VERB,13660
descendîmes,VERB,13660
descendît,VERB,13660
descendîtes,VERB,13660
descente de lit,VERB,16696
descente en rappel,VERB,22110
descente en slalom,VERB,21863
dessert,VERB,13664
dessert0,VERB,13664
desserts,VERB,13664
dessin,VERB,16172
dessin animé,VERB,23435
dessin0,VERB,16172
dessina,VERB,13873
dessinai,VERB,13873
dessinaient,VERB,13873
dessinais,VERB,13873
dessinait,VERB,13873
dessinant,VERB,13873
dessinas,VERB,13873
dessinasse,VERB,13873
dessinassent,VERB,13873
dessinasses,VERB,13873
dessinassiez,VERB,13873
dessinassions,VERB,13873
dessinateur de mode,PREP,23496
dessine,VERB,13873
dessinent,VERB,13873
dessiner,PRON,13873
dessinera,VERB,13873
dessinerai,VERB,13873
dessineraient,VERB,13873
dessinerais,VERB,13873
dessinerait,VERB,13873
dessineras,VERB,13873
dessinerez,VERB,13873
dessineriez,VERB,13873
dessinerions,VERB,13873
dessinerons,VERB,13873
dessineront,VERB,13873
dessines,VERB,13873
dessinez,VERB,13873
dessiniez,VERB,13873
dessinions,VERB,13873
dessinons,VERB,13873
dessins,VERB,16172
dessinâmes,VERB,13873
dessinât,VERB,13873
dessinâtes,VERB,13873
dessinèrent,VERB,13873
dessiné,VERB,13873
dessinée,VERB,13873
dessinées,VERB,13873
dessinés,VERB,13873
dessous,VERB,12881
dessous de plat,VERB,22595
dessus,VERB,17758
dessus de cuisinière,VERB,22577
dessus de table,VERB,23673
destruction,VERB,24883
destruction0,VERB,24883
destructions,VERB,24883
deux,NOUN,8498
deux-points,NOUN,8488
deuxième,ADJ,16744
deuxième0,VERB,16744
deuxièmes,VERB,16744
devaient,VERB,15685
devais,VERB,15685
devait,VERB,15685
devant,NOUN,12656
devant0,VERB,12656
devants,VERB,12656
devenaient,VERB,12648
devenais,VERB,12648
devenait,VERB,12648
devenant,VERB,12648
devenez,VERB,12648
deveniez,VERB,12648
devenions,VERB,12648
devenir,PRON,12648
devenons,VERB,12648
devenu,VERB,12648
devenue,VERB,12648
devenues,VERB,12648
devenus,VERB,12648
devez,VERB,15685
deviendra,VERB,12648
deviendrai,VERB,12648
deviendraient,VERB,12648
deviendrais,VERB,12648
deviendrait,VERB,12648
deviendras,VERB,12648
deviendrez,VERB,12648
deviendriez,VERB,12648
deviendrions,VERB,12648
deviendrons,VERB,12648
deviendront,VERB,12648
devienne,VERB,12648
deviennent,VERB,12648
deviennes,VERB,12648
deviens,VERB,12648
devient,VERB,12648
deviez,VERB,15685
devina,VERB,14651
devinai,VERB,14651
devinaient,VERB,14651
devinais,VERB,14651
devinait,VERB,14651
devinant,VERB,14651
devinas,VERB,14651
devinasse,VERB,14651
devinassent,VERB,14651
devinasses,VERB,14651
devinassiez,VERB,14651
devinassions,VERB,14651
devine,VERB,14651
devinent,VERB,14651
deviner,PRON,14651
devinera,VERB,14651
devinerai,VERB,14651
devineraient,VERB,14651
devinerais,VERB,14651
devinerait,VERB,14651
devineras,VERB,14651
devinerez,VERB,14651
devineriez,VERB,14651
devinerions,VERB,14651
devinerons,VERB,14651
devineront,VERB,14651
devines,VERB,14651
devinez,VERB,14651
deviniez,VERB,14651
devinions,VERB,14651
devinons,VERB,14651
devinrent,VERB,12648
devins,VERB,12648
devinsse,VERB,12648
devinssent,VERB,12648
devinsses,VERB,12648
devinssiez,VERB,12648
devinssions,VERB,12648
devint,VERB,12648
devinâmes,VERB,14651
devinât,VERB,14651
devinâtes,VERB,14651
devinèrent,VERB,14651
deviné,VERB,14651
devinée,VERB,14651
devinées,VERB,14651
devinés,VERB,14651
devions,VERB,15685
devise,VERB,23464
devise0,VERB,23464
devises,VERB,23464
devoir,PRON,15685
devoir scolaire,VERB,23533
devons,VERB,15685
devra,VERB,15685
devrai,VERB,15685
devraient,VERB,15685
devrais,VERB,15685
devrait,VERB,15685
devras,VERB,15685
devrez,VERB,15685
devriez,VERB,15685
devrions,VERB,15685
devrons,VERB,15685
devront,VERB,15685
devînmes,VERB,12648
devînt,VERB,12648
devîntes,VERB,12648
dhoti,VERB,13668
diable,VERB,20568
diable0,VERB,20568
diable_,PREP,20568
diables,VERB,20568
diablesse,VERB,20568
diablesses,VERB,20568
diapason,VERB,23975
diapason0,VERB,23975
diapasons,VERB,23975
diaphragme,VERB,13671
diaphragme0,VERB,13671
diaphragmes,VERB,13671
diarrhée,VERB,24085
diarrhée0,VERB,24085
diarrhées,VERB,24085
dieu,PREP,14451
dieu le fils,PREP,23099
dieu le père,PREP,23098
dieu nordique,PREP,22649
dieu0,VERB,14451
dieux,VERB,14451
difficile,ADJ,13676
difficile0,VERB,13676
difficiles,VERB,13676
difficulté,VERB,24884
difficulté0,VERB,24884
difficultés,VERB,24884
diffusa,VERB,21058
diffusai,VERB,21058
diffusaient,VERB,21058
diffusais,VERB,21058
diffusait,VERB,21058
diffusant,VERB,21058
diffusas,VERB,21058
diffusasse,VERB,21058
diffusassent,VERB,21058
diffusasses,VERB,21058
diffusassiez,VERB,21058
diffusassions,VERB,21058
diffuse,VERB,21058
diffusent,VERB,21058
diffuser,PRON,21058
diffusera,VERB,21058
diffuserai,VERB,21058
diffuseraient,VERB,21058
diffuserais,VERB,21058
diffuserait,VERB,21058
diffuseras,VERB,21058
diffuserez,VERB,21058
diffuseriez,VERB,21058
diffuserions,VERB,21058
diffuserons,VERB,21058
diffuseront,VERB,21058
diffuses,VERB,21058
diffusez,VERB,21058
diffusiez,VERB,21058
diffusions,VERB,21058
diffusons,VERB,21058
diffusâmes,VERB,21058
diffusât,VERB,21058
diffusâtes,VERB,21058
diffusèrent,VERB,21058
diffusé,VERB,21058
diffusée,VERB,21058
diffusées,VERB,21058
diffusés,VERB,21058
différence,NOUN,13675
différence0,VERB,13675
différences,VERB,13675
digestion,VERB,13679
digestion0,VERB,13679
digestions,VERB,13679
digital,ADJ,23474
digital0,VERB,23474
digitale,VERB,23474
digitales,VERB,23474
digitaux,VERB,23474
digère,VERB,13678
digèrent,VERB,13678
digères,VERB,13678
digéra,VERB,13678
digérai,VERB,13678
digéraient,VERB,13678
digérais,VERB,13678
digérait,VERB,13678
digérant,VERB,13678
digéras,VERB,13678
digérasse,VERB,13678
digérassent,VERB,13678
digérasses,VERB,13678
digérassiez,VERB,13678
digérassions,VERB,13678
digérer,PRON,13678
digérera,VERB,13678
digérerai,VERB,13678
digéreraient,VERB,13678
digérerais,VERB,13678
digérerait,VERB,13678
digéreras,VERB,13678
digérerez,VERB,13678
digéreriez,VERB,13678
digérerions,VERB,13678
digérerons,VERB,13678
digéreront,VERB,13678
digérez,VERB,13678
digériez,VERB,13678
digérions,VERB,13678
digérons,VERB,13678
digérâmes,VERB,13678
digérât,VERB,13678
digérâtes,VERB,13678
digérèrent,VERB,13678
digéré,VERB,13678
digérée,VERB,13678
digérées,VERB,13678
digérés,VERB,13678
dimanche,VERB,17464
dimanche0,VERB,17464
dimanches,VERB,17464
diminua,VERB,13651
diminuai,VERB,13651
diminuaient,VERB,13651
diminuais,VERB,13651
diminuait,VERB,13651
diminuant,VERB,13651
diminuas,VERB,13651
diminuasse,VERB,13651
diminuassent,VERB,13651
diminuasses,VERB,13651
diminuassiez,VERB,13651
diminuassions,VERB,13651
diminue,VERB,13651
diminuent,VERB,13651
diminuer,PRON,13651
diminuera,VERB,13651
diminuerai,VERB,13651
diminueraient,VERB,13651
diminuerais,VERB,13651
diminuerait,VERB,13651
diminueras,VERB,13651
diminuerez,VERB,13651
diminueriez,VERB,13651
diminuerions,VERB,13651
diminuerons,VERB,13651
diminueront,VERB,13651
diminues,VERB,13651
diminuez,VERB,13651
diminuiez,VERB,13651
diminuions,VERB,13651
diminuons,VERB,13651
diminuâmes,VERB,13651
diminuât,VERB,13651
diminuâtes,VERB,13651
diminuèrent,VERB,13651
diminué,VERB,13651
diminuée,VERB,13651
diminuées,VERB,13651
diminués,VERB,13651
dinde,VERB,17954
dinde0,VERB,17954
dindes,VERB,17954
dindon,VERB,17954
dindon0,VERB,17954
dindonne,VERB,17954
dindonnes,VERB,17954
dindons,VERB,17954
dinosaure,VERB,13681
dinosaure0,VERB,13681
dinosaures,VERB,13681
dira,VERB,16728
dirai,VERB,16728
diraient,VERB,16728
dirais,VERB,16728
dirait,VERB,16728
diras,VERB,16728
dire,PRON,16728
directeur,PREP,15182
directeur0,VERB,15182
directeurs,VERB,15182
direction,VERB,13682
direction0,VERB,13682
directions,VERB,13682
directrice,VERB,15182
directrices,VERB,15182
dirent,VERB,16728
direz,VERB,16728
diriez,VERB,16728
dirige,VERB,15181
dirigea,VERB,15181
dirigeai,VERB,15181
dirigeaient,VERB,15181
dirigeais,VERB,15181
dirigeait,VERB,15181
dirigeant,VERB,15181
dirigeant0,VERB,15182
dirigeant_,PREP,15182
dirigeante,VERB,15182
dirigeantes,VERB,15182
dirigeants,VERB,15182
dirigeas,VERB,15181
dirigeasse,VERB,15181
dirigeassent,VERB,15181
dirigeasses,VERB,15181
dirigeassiez,VERB,15181
dirigeassions,VERB,15181
dirigent,VERB,15181
dirigeons,VERB,15181
diriger,PRON,15181
dirigera,VERB,15181
dirigerai,VERB,15181
dirigeraient,VERB,15181
dirigerais,VERB,15181
dirigerait,VERB,15181
dirigeras,VERB,15181
dirigerez,VERB,15181
dirigeriez,VERB,15181
dirigerions,VERB,15181
dirigerons,VERB,15181
dirigeront,VERB,15181
diriges,VERB,15181
dirigez,VERB,15181
dirigeâmes,VERB,15181
dirigeât,VERB,15181
dirigeâtes,VERB,15181
dirigiez,VERB,15181
dirigions,VERB,15181
dirigèrent,VERB,15181
dirigé,VERB,15181
dirigée,VERB,15181
dirigées,VERB,15181
dirigés,VERB,15181
dirions,VERB,16728
dirons,VERB,16728
diront,VERB,16728
dis,VERB,16728
disaient,VERB,16728
disais,VERB,16728
disait,VERB,16728
disant,VERB,16728
disco,VERB,13686
disco0,VERB,13686
discos,VERB,13686
discothèque,VERB,13686
discothèque0,VERB,13686
discothèques,VERB,13686
discours,VERB,24756
discussion,VERB,13689
discussion0,VERB,13689
discussions,VERB,13689
discuter de,PRON,13688
dise,VERB,16728
disent,VERB,16728
dises,VERB,16728
disiez,VERB,16728
disions,VERB,16728
disons,VERB,16728
disparais,VERB,21081
disparaissaient,VERB,21081
disparaissais,VERB,21081
disparaissait,VERB,21081
disparaissant,VERB,21081
disparaisse,VERB,21081
disparaissent,VERB,21081
disparaisses,VERB,21081
disparaissez,VERB,21081
disparaissiez,VERB,21081
disparaissions,VERB,21081
disparaissons,VERB,21081
disparaît,VERB,21081
disparaîtra,VERB,21081
disparaîtrai,VERB,21081
disparaîtraient,VERB,21081
disparaîtrais,VERB,21081
disparaîtrait,VERB,21081
disparaîtras,VERB,21081
disparaître,PRON,21081
disparaîtrez,VERB,21081
disparaîtriez,VERB,21081
disparaîtrions,VERB,21081
disparaîtrons,VERB,21081
disparaîtront,VERB,21081
disparition,VERB,21080
disparition0,VERB,21080
disparitions,VERB,21080
disparu,VERB,21081
disparue,VERB,21081
disparues,VERB,21081
disparurent,VERB,21081
disparus,VERB,21081
disparusse,VERB,21081
disparussent,VERB,21081
disparusses,VERB,21081
disparussiez,VERB,21081
disparussions,VERB,21081
disparut,VERB,21081
disparûmes,VERB,21081
disparût,VERB,21081
disparûtes,VERB,21081
dispersa,VERB,21058
dispersai,VERB,21058
dispersaient,VERB,21058
dispersais,VERB,21058
dispersait,VERB,21058
dispersant,VERB,21058
dispersas,VERB,21058
dispersasse,VERB,21058
dispersassent,VERB,21058
dispersasses,VERB,21058
dispersassiez,VERB,21058
dispersassions,VERB,21058
disperse,VERB,21058
dispersent,VERB,21058
disperser,PRON,21058
disperser les cendres,PRON,21118
dispersera,VERB,21058
disperserai,VERB,21058
disperseraient,VERB,21058
disperserais,VERB,21058
disperserait,VERB,21058
disperseras,VERB,21058
disperserez,VERB,21058
disperseriez,VERB,21058
disperserions,VERB,21058
disperserons,VERB,21058
disperseront,VERB,21058
disperses,VERB,21058
dispersez,VERB,21058
dispersiez,VERB,21058
dispersion,VERB,24887
dispersion0,VERB,24887
dispersions,VERB,21058
dispersons,VERB,21058
dispersâmes,VERB,21058
dispersât,VERB,21058
dispersâtes,VERB,21058
dispersèrent,VERB,21058
dispersé,VERB,21058
dispersée,VERB,21058
dispersées,VERB,21058
dispersés,VERB,21058
dispositif informatique,VERB,24638
dispositif intra-utérin,VERB,14963
dispositif numérique,VERB,24638
disposition,VERB,15650
disposition0,VERB,15650
dispositions,VERB,15650
disputa,VERB,12413
disputai,VERB,12413
disputaient,VERB,12413
disputais,VERB,12413
disputait,VERB,12413
disputant,VERB,12413
disputas,VERB,12413
disputasse,VERB,12413
disputassent,VERB,12413
disputasses,VERB,12413
disputassiez,VERB,12413
disputassions,VERB,12413
dispute,VERB,12414
dispute0,VERB,12414
disputent,VERB,12413
disputer,VERB,12413
disputer-,PRON,12413
disputera,VERB,12413
disputerai,VERB,12413
disputeraient,VERB,12413
disputerais,VERB,12413
disputerait,VERB,12413
disputeras,VERB,12413
disputerez,VERB,12413
disputeriez,VERB,12413
disputerions,VERB,12413
disputerons,VERB,12413
disputeront,VERB,12413
disputes,VERB,12413
disputez,VERB,12413
disputiez,VERB,12413
disputions,VERB,12413
disputons,VERB,12413
disputâmes,VERB,12413
disputât,VERB,12413
disputâtes,VERB,12413
disputèrent,VERB,12413
disputé,VERB,12413
disputée,VERB,12413
disputées,VERB,12413
disputés,VERB,12413
disque,VERB,13685
disque compact,VERB,16470
disque de musique,VERB,16470
disque de sauvegarde,VERB,24641
disque dur externe,VERB,24654
disque vidéo,VERB,24646
disque0,VERB,13685
disques,VERB,13685
disse,VERB,16728
dissent,VERB,16728
disses,VERB,16728
dissiez,VERB,16728
dissimula,VERB,14710
dissimulai,VERB,14710
dissimulaient,VERB,14710
dissimulais,VERB,14710
dissimulait,VERB,14710
dissimulant,VERB,14710
dissimulas,VERB,14710
dissimulasse,VERB,14710
dissimulassent,VERB,14710
dissimulasses,VERB,14710
dissimulassiez,VERB,14710
dissimulassions,VERB,14710
dissimule,VERB,14710
dissimulent,VERB,14710
dissimuler,PRON,14710
dissimulera,VERB,14710
dissimulerai,VERB,14710
dissimuleraient,VERB,14710
dissimulerais,VERB,14710
dissimulerait,VERB,14710
dissimuleras,VERB,14710
dissimulerez,VERB,14710
dissimuleriez,VERB,14710
dissimulerions,VERB,14710
dissimulerons,VERB,14710
dissimuleront,VERB,14710
dissimules,VERB,14710
dissimulez,VERB,14710
dissimuliez,VERB,14710
dissimulions,VERB,14710
dissimulons,VERB,14710
dissimulâmes,VERB,14710
dissimulât,VERB,14710
dissimulâtes,VERB,14710
dissimulèrent,VERB,14710
dissimulé,VERB,14710
dissimulée,VERB,14710
dissimulées,VERB,14710
dissimulés,VERB,14710
dissions,VERB,16728
dissémina,VERB,21058
disséminai,VERB,21058
disséminaient,VERB,21058
disséminais,VERB,21058
disséminait,VERB,21058
disséminant,VERB,21058
disséminas,VERB,21058
disséminasse,VERB,21058
disséminassent,VERB,21058
disséminasses,VERB,21058
disséminassiez,VERB,21058
disséminassions,VERB,21058
dissémination,VERB,24887
dissémination0,VERB,24887
disséminations,VERB,24887
dissémine,VERB,21058
disséminent,VERB,21058
disséminer,PRON,21058
disséminera,VERB,21058
disséminerai,VERB,21058
dissémineraient,VERB,21058
disséminerais,VERB,21058
disséminerait,VERB,21058
dissémineras,VERB,21058
disséminerez,VERB,21058
dissémineriez,VERB,21058
disséminerions,VERB,21058
disséminerons,VERB,21058
dissémineront,VERB,21058
dissémines,VERB,21058
disséminez,VERB,21058
disséminiez,VERB,21058
disséminions,VERB,21058
disséminons,VERB,21058
disséminâmes,VERB,21058
disséminât,VERB,21058
disséminâtes,VERB,21058
disséminèrent,VERB,21058
disséminé,VERB,21058
disséminée,VERB,21058
disséminées,VERB,21058
disséminés,VERB,21058
distance,VERB,23071
distance0,VERB,23071
distances,VERB,23071
distraie,VERB,12372
distraient,VERB,12372
distraies,VERB,12372
distraira,VERB,12372
distrairai,VERB,12372
distrairaient,VERB,12372
distrairais,VERB,12372
distrairait,VERB,12372
distrairas,VERB,12372
distraire,PRON,12372
distrairez,VERB,12372
distrairiez,VERB,12372
distrairions,VERB,12372
distrairons,VERB,12372
distrairont,VERB,12372
distrais,VERB,12372
distrait,VERB,12372
distraite,VERB,12372
distraites,VERB,12372
distraits,VERB,12372
distrayaient,VERB,12372
distrayais,VERB,12372
distrayait,VERB,12372
distrayant,VERB,12372
distrayez,VERB,12372
distrayiez,VERB,12372
distrayions,VERB,12372
distrayons,VERB,12372
distributeur de billets,VERB,23405
dit,VERB,16728
dite,VERB,16728
dites,VERB,16728
dits,VERB,16728
divan,VERB,13419
divan0,VERB,13419
divans,VERB,13419
divin,ADJ,21041
divin0,VERB,21041
divine,VERB,21041
divines,VERB,21041
divins,VERB,21041
divisa,VERB,13694
divisai,VERB,13694
divisaient,VERB,13694
divisais,VERB,13694
divisait,VERB,13694
divisant,VERB,13694
divisas,VERB,13694
divisasse,VERB,13694
divisassent,VERB,13694
divisasses,VERB,13694
divisassiez,VERB,13694
divisassions,VERB,13694
divise,VERB,13694
divisent,VERB,13694
diviser,PRON,13694
divisera,VERB,13694
diviserai,VERB,13694
diviseraient,VERB,13694
diviserais,VERB,13694
diviserait,VERB,13694
diviseras,VERB,13694
diviserez,VERB,13694
diviseriez,VERB,13694
diviserions,VERB,13694
diviserons,VERB,13694
diviseront,VERB,13694
divises,VERB,13694
divisez,VERB,13694
divisiez,VERB,13694
division,VERB,13857
division0,VERB,13857
divisions,VERB,13694
divisons,VERB,13694
divisâmes,VERB,13694
divisât,VERB,13694
divisâtes,VERB,13694
divisèrent,VERB,13694
divisé,ADJ,24888
divisée,VERB,13694
divisées,VERB,13694
divisés,VERB,13694
divorce,VERB,13858
divorce0,VERB,13858
divorcent,VERB,13859
divorcer,PRON,13859
divorcera,VERB,13859
divorcerai,VERB,13859
divorceraient,VERB,13859
divorcerais,VERB,13859
divorcerait,VERB,13859
divorceras,VERB,13859
divorcerez,VERB,13859
divorceriez,VERB,13859
divorcerions,VERB,13859
divorcerons,VERB,13859
divorceront,VERB,13859
divorces,VERB,13858
divorcez,VERB,13859
divorciez,VERB,13859
divorcions,VERB,13859
divorcèrent,VERB,13859
divorcé,VERB,13859
divorça,VERB,13859
divorçai,VERB,13859
divorçaient,VERB,13859
divorçais,VERB,13859
divorçait,VERB,13859
divorçant,VERB,13859
divorças,VERB,13859
divorçasse,VERB,13859
divorçassent,VERB,13859
divorçasses,VERB,13859
divorçassiez,VERB,13859
divorçassions,VERB,13859
divorçons,VERB,13859
divorçâmes,VERB,13859
divorçât,VERB,13859
divorçâtes,VERB,13859
djembé,VERB,23816
djembé0,VERB,23816
djembés,VERB,23816
docteur,PREP,13861
docteur0,VERB,13861
docteure,VERB,13861
docteures,VERB,13861
docteurs,VERB,13861
doctoresse,VERB,13861
doctoresses,VERB,13861
document,VERB,23479
document0,VERB,23479
documents,VERB,23479
doigt,VERB,14180
doigt0,VERB,14180
doigts,VERB,14180
dois,VERB,15685
doit,VERB,15685
doive,VERB,15685
doivent,VERB,15685
doives,VERB,15685
dollar,VERB,13863
dollar0,VERB,13863
dollars,VERB,13863
domina,VERB,13407
dominai,VERB,13407
dominaient,VERB,13407
dominais,VERB,13407
dominait,VERB,13407
dominant,VERB,13407
dominas,VERB,13407
dominasse,VERB,13407
dominassent,VERB,13407
dominasses,VERB,13407
dominassiez,VERB,13407
dominassions,VERB,13407
domine,VERB,13407
dominent,VERB,13407
dominer,VERB,13407
dominer-,PRON,13407
dominera,VERB,13407
dominerai,VERB,13407
domineraient,VERB,13407
dominerais,VERB,13407
dominerait,VERB,13407
domineras,VERB,13407
dominerez,VERB,13407
domineriez,VERB,13407
dominerions,VERB,13407
dominerons,VERB,13407
domineront,VERB,13407
domines,VERB,13407
dominez,VERB,13407
dominiez,VERB,13407
dominions,VERB,13407
domino,VERB,24432
domino0,VERB,24432
dominons,VERB,13407
dominos,VERB,24432
dominâmes,VERB,13407
dominât,VERB,13407
dominâtes,VERB,13407
dominèrent,VERB,13407
dominé,VERB,13407
dominée,VERB,13407
dominées,VERB,13407
dominés,VERB,13407
dommage,OTHER,17698
dommage0,VERB,17698
dommages,VERB,17698
don,VERB,24903
don0,VERB,24903
donc,NOUN,17708
donna,VERB,14440
donnai,VERB,14440
donnaient,VERB,14440
donnais,VERB,14440
donnait,VERB,14440
donnant,VERB,14440
donnas,VERB,14440
donnasse,VERB,14440
donnassent,VERB,14440
donnasses,VERB,14440
donnassiez,VERB,14440
donnassions,VERB,14440
donne,VERB,14440
donnent,VERB,14440
donner,PRON,14440
donner un bisou,PRON,15153
donner un coup de pied,PRON,15146
donner un cours,PRON,23565
donner à manger,PRON,14162
donnera,VERB,14440
donnerai,VERB,14440
donneraient,VERB,14440
donnerais,VERB,14440
donnerait,VERB,14440
donneras,VERB,14440
donnerez,VERB,14440
donneriez,VERB,14440
donnerions,VERB,14440
donnerons,VERB,14440
donneront,VERB,14440
donnes,VERB,14440
donnez,VERB,14440
donniez,VERB,14440
donnions,VERB,14440
donnons,VERB,14440
donnâmes,VERB,14440
donnât,VERB,14440
donnâtes,VERB,14440
donnèrent,VERB,14440
donné,VERB,14440
donnée,VERB,14440
donnée informatique,VERB,23467
données,VERB,14440
donnés,VERB,14440
dons,VERB,24903
dont,NOUN,18247
dormaient,VERB,17009
dormais,VERB,17009
dormait,VERB,17009
dormant,VERB,17009
dorme,VERB,17009
dorment,VERB,17009
dormes,VERB,17009
dormez,VERB,17009
dormi,VERB,17009
dormiez,VERB,17009
dormions,VERB,17009
dormir,PRON,17009
dormira,VERB,17009
dormirai,VERB,17009
dormiraient,VERB,17009
dormirais,VERB,17009
dormirait,VERB,17009
dormiras,VERB,17009
dormirent,VERB,17009
dormirez,VERB,17009
dormiriez,VERB,17009
dormirions,VERB,17009
dormirons,VERB,17009
dormiront,VERB,17009
dormis,VERB,17009
dormisse,VERB,17009
dormissent,VERB,17009
dormisses,VERB,17009
dormissiez,VERB,17009
dormissions,VERB,17009
dormit,VERB,17009
dormons,VERB,17009
dormîmes,VERB,17009
dormît,VERB,17009
dormîtes,VERB,17009
dors,VERB,17009
dort,VERB,17009
dos,VERB,12609
dossier,VERB,23511
dossier0,VERB,23511
dossiers,VERB,23511
douceurs,VERB,22376
doucha,VERB,16969
douchai,VERB,16969
douchaient,VERB,16969
douchais,VERB,16969
douchait,VERB,16969
douchant,VERB,16969
douchas,VERB,16969
douchasse,VERB,16969
douchassent,VERB,16969
douchasses,VERB,16969
douchassiez,VERB,16969
douchassions,VERB,16969
douche,VERB,16968
douche0,VERB,16968
douchent,VERB,16969
doucher,VERB,16969
doucher-,PRON,16969
douchera,VERB,16969
doucherai,VERB,16969
doucheraient,VERB,16969
doucherais,VERB,16969
doucherait,VERB,16969
doucheras,VERB,16969
doucherez,VERB,16969
doucheriez,VERB,16969
doucherions,VERB,16969
doucherons,VERB,16969
doucheront,VERB,16969
douches,VERB,16968
douchez,VERB,16969
douchiez,VERB,16969
douchions,VERB,16969
douchons,VERB,16969
douchâmes,VERB,16969
douchât,VERB,16969
douchâtes,VERB,16969
douchèrent,VERB,16969
douché,VERB,16969
douchée,VERB,16969
douchées,VERB,16969
douchés,VERB,16969
douleur,VERB,12331
douleur0,VERB,12331
douleurs,VERB,12331
douloureuse,VERB,15955
douloureuses,VERB,15955
douloureux,ADJ,15955
douloureux0,VERB,15955
douta,VERB,13868
doutai,VERB,13868
doutaient,VERB,13868
doutais,VERB,13868
doutait,VERB,13868
doutant,VERB,13868
doutas,VERB,13868
doutasse,VERB,13868
doutassent,VERB,13868
doutasses,VERB,13868
doutassiez,VERB,13868
doutassions,VERB,13868
doute,VERB,22911
doute0,VERB,22911
doutent,VERB,13868
douter,PRON,13868
doutera,VERB,13868
douterai,VERB,13868
douteraient,VERB,13868
douterais,VERB,13868
douterait,VERB,13868
douteras,VERB,13868
douterez,VERB,13868
douteriez,VERB,13868
douterions,VERB,13868
douterons,VERB,13868
douteront,VERB,13868
doutes,VERB,13868
doutez,VERB,13868
doutiez,VERB,13868
doutions,VERB,13868
doutons,VERB,13868
doutâmes,VERB,13868
doutât,VERB,13868
doutâtes,VERB,13868
doutèrent,VERB,13868
douté,VERB,13868
doutée,VERB,13868
doutées,VERB,13868
doutés,VERB,13868
draina,VERB,24233
drainai,VERB,24233
drainaient,VERB,24233
drainais,VERB,24233
drainait,VERB,24233
drainant,VERB,24233
drainas,VERB,24233
drainasse,VERB,24233
drainassent,VERB,24233
drainasses,VERB,24233
drainassiez,VERB,24233
drainassions,VERB,24233
draine,VERB,24233
drainent,VERB,24233
drainer,PRON,24233
drainera,VERB,24233
drainerai,VERB,24233
draineraient,VERB,24233
drainerais,VERB,24233
drainerait,VERB,24233
draineras,VERB,24233
drainerez,VERB,24233
draineriez,VERB,24233
drainerions,VERB,24233
drainerons,VERB,24233
draineront,VERB,24233
draines,VERB,24233
drainez,VERB,24233
drainiez,VERB,24233
drainions,VERB,24233
drainons,VERB,24233
drainâmes,VERB,24233
drainât,VERB,24233
drainâtes,VERB,24233
drainèrent,VERB,24233
drainé,VERB,24233
drainée,VERB,24233
drainées,VERB,24233
drainés,VERB,24233
drakkar,VERB,22829
drakkar0,VERB,22829
drakkars,VERB,22829
drame,VERB,23692
drame0,VERB,23692
drames,VERB,23692
drap de lit,VERB,16951
drapeau,VERB,14193
drapeau0,VERB,14193
drapeaux,VERB,14193
dressage,VERB,22097
dressage0,VERB,22097
dressages,VERB,22097
drogué,PREP,24434
drogué0,VERB,24434
droguée,VERB,24434
droguées,VERB,24434
drogués,VERB,24434
droit,ADJ,15215
droit0,VERB,15215
droite,VERB,15215
droites,VERB,15215
droits,VERB,15215
dromadaire,VERB,13885
dromadaire0,VERB,13885
dromadaires,VERB,13885
du sud,ADJ,17220
due,VERB,15685
dues,VERB,15685
duplication,VERB,24934
duplication0,VERB,24934
duplications,VERB,24934
dupliqua,VERB,16487
dupliquai,VERB,16487
dupliquaient,VERB,16487
dupliquais,VERB,16487
dupliquait,VERB,16487
dupliquant,VERB,16487
dupliquas,VERB,16487
dupliquasse,VERB,16487
dupliquassent,VERB,16487
dupliquasses,VERB,16487
dupliquassiez,VERB,16487
dupliquassions,VERB,16487
duplique,VERB,16487
dupliquent,VERB,16487
dupliquer,PRON,16487
dupliquera,VERB,16487
dupliquerai,VERB,16487
dupliqueraient,VERB,16487
dupliquerais,VERB,16487
dupliquerait,VERB,16487
dupliqueras,VERB,16487
dupliquerez,VERB,16487
dupliqueriez,VERB,16487
dupliquerions,VERB,16487
dupliquerons,VERB,16487
dupliqueront,VERB,16487
dupliques,VERB,16487
dupliquez,VERB,16487
dupliquiez,VERB,16487
dupliquions,VERB,16487
dupliquons,VERB,16487
dupliquâmes,VERB,16487
dupliquât,VERB,16487
dupliquâtes,VERB,16487
dupliquèrent,VERB,16487
dupliqué,VERB,16487
dupliquée,VERB,16487
dupliquées,VERB,16487
dupliqués,VERB,16487
dur,ADJ,14679
durent,VERB,15685
durga,PREP,13891
dus,VERB,15685
dusse,VERB,15685
dussent,VERB,15685
dusses,VERB,15685
dussiez,VERB,15685
dussions,VERB,15685
dussé,VERB,15685
dut,VERB,15685
duvet,VERB,12854
duvet0,VERB,12854
duvets,VERB,12854
dvd,VERB,24645
déambulateur,VERB,18032
déambulateur0,VERB,18032
déambulateurs,VERB,18032
débarqua,VERB,23478
débarquai,VERB,23478
débarquaient,VERB,23478
débarquais,VERB,23478
débarquait,VERB,23478
débarquant,VERB,23478
débarquas,VERB,23478
débarquasse,VERB,23478
débarquassent,VERB,23478
débarquasses,VERB,23478
débarquassiez,VERB,23478
débarquassions,VERB,23478
débarque,VERB,23478
débarquent,VERB,23478
débarquer,PRON,23478
débarquera,VERB,23478
débarquerai,VERB,23478
débarqueraient,VERB,23478
débarquerais,VERB,23478
débarquerait,VERB,23478
débarqueras,VERB,23478
débarquerez,VERB,23478
débarqueriez,VERB,23478
débarquerions,VERB,23478
débarquerons,VERB,23478
débarqueront,VERB,23478
débarques,VERB,23478
débarquez,VERB,23478
débarquiez,VERB,23478
débarquions,VERB,23478
débarquons,VERB,23478
débarquâmes,VERB,23478
débarquât,VERB,23478
débarquâtes,VERB,23478
débarquèrent,VERB,23478
débarqué,VERB,23478
débarquée,VERB,23478
débarquées,VERB,23478
débarqués,VERB,23478
débat,VERB,13688
débats,VERB,13688
débattaient,VERB,13688
débattais,VERB,13688
débattait,VERB,13688
débattant,VERB,13688
débatte,VERB,13688
débattent,VERB,13688
débattes,VERB,13688
débattez,VERB,13688
débattiez,VERB,13688
débattions,VERB,13688
débattirent,VERB,13688
débattis,VERB,13688
débattisse,VERB,13688
débattissent,VERB,13688
débattisses,VERB,13688
débattissiez,VERB,13688
débattissions,VERB,13688
débattit,VERB,13688
débattons,VERB,13688
débattra,VERB,13688
débattrai,VERB,13688
débattraient,VERB,13688
débattrais,VERB,13688
débattrait,VERB,13688
débattras,VERB,13688
débattre,PRON,13688
débattrez,VERB,13688
débattriez,VERB,13688
débattrions,VERB,13688
débattrons,VERB,13688
débattront,VERB,13688
débattu,VERB,13688
débattue,VERB,13688
débattues,VERB,13688
débattus,VERB,13688
débattîmes,VERB,13688
débattît,VERB,13688
débattîtes,VERB,13688
décembre,VERB,13647
décembre0,VERB,13647
décembres,VERB,13647
décennie,VERB,13646
décennie0,VERB,13646
décennies,VERB,13646
déchet,VERB,18043
déchet0,VERB,18043
déchets,VERB,18043
déchira,VERB,12896
déchirai,VERB,12896
déchiraient,VERB,12896
déchirais,VERB,12896
déchirait,VERB,12896
déchirant,VERB,12896
déchiras,VERB,12896
déchirasse,VERB,12896
déchirassent,VERB,12896
déchirasses,VERB,12896
déchirassiez,VERB,12896
déchirassions,VERB,12896
déchire,VERB,12896
déchirent,VERB,12896
déchirer,PRON,12896
déchirera,VERB,12896
déchirerai,VERB,12896
déchireraient,VERB,12896
déchirerais,VERB,12896
déchirerait,VERB,12896
déchireras,VERB,12896
déchirerez,VERB,12896
déchireriez,VERB,12896
déchirerions,VERB,12896
déchirerons,VERB,12896
déchireront,VERB,12896
déchires,VERB,12896
déchirez,VERB,12896
déchiriez,VERB,12896
déchirions,VERB,12896
déchirons,VERB,12896
déchirure,VERB,24852
déchirure0,VERB,24852
déchirures,VERB,24852
déchirâmes,VERB,12896
déchirât,VERB,12896
déchirâtes,VERB,12896
déchirèrent,VERB,12896
déchiré,VERB,12896
déchirée,VERB,12896
déchirées,VERB,12896
déchirés,VERB,12896
décida,VERB,13648
décidai,VERB,13648
décidaient,VERB,13648
décidais,VERB,13648
décidait,VERB,13648
décidant,VERB,13648
décidas,VERB,13648
décidasse,VERB,13648
décidassent,VERB,13648
décidasses,VERB,13648
décidassiez,VERB,13648
décidassions,VERB,13648
décide,VERB,13648
décident,VERB,13648
décider,PRON,13648
décidera,VERB,13648
déciderai,VERB,13648
décideraient,VERB,13648
déciderais,VERB,13648
déciderait,VERB,13648
décideras,VERB,13648
déciderez,VERB,13648
décideriez,VERB,13648
déciderions,VERB,13648
déciderons,VERB,13648
décideront,VERB,13648
décides,VERB,13648
décidez,VERB,13648
décidiez,VERB,13648
décidions,VERB,13648
décidons,VERB,13648
décidâmes,VERB,13648
décidât,VERB,13648
décidâtes,VERB,13648
décidèrent,VERB,13648
décidé,VERB,13648
décidée,VERB,13648
décidées,VERB,13648
décidés,VERB,13648
décision,VERB,13649
décision0,VERB,13649
décisions,VERB,13649
déclara,VERB,21337
déclarai,VERB,21337
déclaraient,VERB,21337
déclarais,VERB,21337
déclarait,VERB,21337
déclarant,VERB,21337
déclaras,VERB,21337
déclarasse,VERB,21337
déclarassent,VERB,21337
déclarasses,VERB,21337
déclarassiez,VERB,21337
déclarassions,VERB,21337
déclaration,VERB,21338
déclaration0,VERB,21338
déclarations,VERB,21338
déclare,VERB,21337
déclarent,VERB,21337
déclarer,PRON,21337
déclarera,VERB,21337
déclarerai,VERB,21337
déclareraient,VERB,21337
déclarerais,VERB,21337
déclarerait,VERB,21337
déclareras,VERB,21337
déclarerez,VERB,21337
déclareriez,VERB,21337
déclarerions,VERB,21337
déclarerons,VERB,21337
déclareront,VERB,21337
déclares,VERB,21337
déclarez,VERB,21337
déclariez,VERB,21337
déclarions,VERB,21337
déclarons,VERB,21337
déclarâmes,VERB,21337
déclarât,VERB,21337
déclarâtes,VERB,21337
déclarèrent,VERB,21337
déclaré,VERB,21337
déclarée,VERB,21337
déclarées,VERB,21337
déclarés,VERB,21337
décolla,VERB,17499
décollai,VERB,17499
décollaient,VERB,17499
décollais,VERB,17499
décollait,VERB,17499
décollant,VERB,17499
décollas,VERB,17499
décollasse,VERB,17499
décollassent,VERB,17499
décollasses,VERB,17499
décollassiez,VERB,17499
décollassions,VERB,17499
décolle,VERB,17499
décollent,VERB,17499
décoller,VERB,17499
décollera,VERB,17499
décollerai,VERB,17499
décolleraient,VERB,17499
décollerais,VERB,17499
décollerait,VERB,17499
décolleras,VERB,17499
décollerez,VERB,17499
décolleriez,VERB,17499
décollerions,VERB,17499
décollerons,VERB,17499
décolleront,VERB,17499
décolles,VERB,17499
décollez,VERB,17499
décolliez,VERB,17499
décollions,VERB,17499
décollons,VERB,17499
décollâmes,VERB,17499
décollât,VERB,17499
décollâtes,VERB,17499
décollèrent,VERB,17499
décollé,VERB,17499
décollée,VERB,17499
décollées,VERB,17499
décollés,VERB,17499
décor,VERB,16731
décor0,VERB,16731
décoration,VERB,13650
décoration0,VERB,13650
décorations,VERB,13650
décors,VERB,16731
découpa,VERB,13628
découpai,VERB,13628
découpaient,VERB,13628
découpais,VERB,13628
découpait,VERB,13628
découpant,VERB,13628
découpas,VERB,13628
découpasse,VERB,13628
découpassent,VERB,13628
découpasses,VERB,13628
découpassiez,VERB,13628
découpassions,VERB,13628
découpe,VERB,13628
découpent,VERB,13628
découper,PRON,13628
découpera,VERB,13628
découperai,VERB,13628
découperaient,VERB,13628
découperais,VERB,13628
découperait,VERB,13628
découperas,VERB,13628
découperez,VERB,13628
découperiez,VERB,13628
découperions,VERB,13628
découperons,VERB,13628
découperont,VERB,13628
découpes,VERB,13628
découpez,VERB,13628
découpiez,VERB,13628
découpions,VERB,13628
découpons,VERB,13628
découpâmes,VERB,13628
découpât,VERB,13628
découpâtes,VERB,13628
découpèrent,VERB,13628
découpé,VERB,13628
découpée,VERB,13628
découpées,VERB,13628
découpés,VERB,13628
décrira,VERB,13661
décrirai,VERB,13661
décriraient,VERB,13661
décrirais,VERB,13661
décrirait,VERB,13661
décriras,VERB,13661
décrire,PRON,13661
décrirez,VERB,13661
décririez,VERB,13661
décririons,VERB,13661
décrirons,VERB,13661
décriront,VERB,13661
décris,VERB,13661
décrit,VERB,13661
décrite,VERB,13661
décrites,VERB,13661
décrits,VERB,13661
décrivaient,VERB,13661
décrivais,VERB,13661
décrivait,VERB,13661
décrivant,VERB,13661
décrive,VERB,13661
décrivent,VERB,13661
décrives,VERB,13661
décrivez,VERB,13661
décriviez,VERB,13661
décrivions,VERB,13661
décrivirent,VERB,13661
décrivis,VERB,13661
décrivisse,VERB,13661
décrivissent,VERB,13661
décrivisses,VERB,13661
décrivissiez,VERB,13661
décrivissions,VERB,13661
décrivit,VERB,13661
décrivons,VERB,13661
décrivîmes,VERB,13661
décrivît,VERB,13661
décrivîtes,VERB,13661
défend,VERB,23015
défendaient,VERB,23015
défendais,VERB,23015
défendait,VERB,23015
défendant,VERB,23015
défende,VERB,23015
défendent,VERB,23015
défendes,VERB,23015
défendez,VERB,23015
défendiez,VERB,23015
défendions,VERB,23015
défendirent,VERB,23015
défendis,VERB,23015
défendisse,VERB,23015
défendissent,VERB,23015
défendisses,VERB,23015
défendissiez,VERB,23015
défendissions,VERB,23015
défendit,VERB,23015
défendons,VERB,23015
défendra,VERB,23015
défendrai,VERB,23015
défendraient,VERB,23015
défendrais,VERB,23015
défendrait,VERB,23015
défendras,VERB,23015
défendre,PRON,23015
défendre en justice,PRON,23062
défendrez,VERB,23015
défendriez,VERB,23015
défendrions,VERB,23015
défendrons,VERB,23015
défendront,VERB,23015
défends,VERB,23015
défendu,VERB,23015
défendue,VERB,23015
défendues,VERB,23015
défendus,VERB,23015
défendîmes,VERB,23015
défendît,VERB,23015
défendîtes,VERB,23015
défense,VERB,23056
défense orale,VERB,24871
défense0,VERB,23056
défenses,VERB,23056
défenseur,PREP,23063
défenseur0,VERB,23063
défenseure,VERB,23063
défenseures,VERB,23063
défenseurs,VERB,23063
défenseuse,VERB,23063
défenseuses,VERB,23063
défi,VERB,24052
défi0,VERB,24052
défis,VERB,24052
déflation,VERB,23064
déflation0,VERB,23064
déflations,VERB,23064
défoncé,ADJ,24421
défunt,PREP,21313
défunt0,VERB,21313
défunte,VERB,21313
défuntes,VERB,21313
défunts,PREP,21314
dégager une odeur,PRON,17019
dégela,VERB,17699
dégelai,VERB,17699
dégelaient,VERB,17699
dégelais,VERB,17699
dégelait,VERB,17699
dégelant,VERB,17699
dégelas,VERB,17699
dégelasse,VERB,17699
dégelassent,VERB,17699
dégelasses,VERB,17699
dégelassiez,VERB,17699
dégelassions,VERB,17699
dégeler,PRON,17699
dégelez,VERB,17699
dégeliez,VERB,17699
dégelions,VERB,17699
dégelons,VERB,17699
dégelâmes,VERB,17699
dégelât,VERB,17699
dégelâtes,VERB,17699
dégelèrent,VERB,17699
dégelé,VERB,17699
dégelée,VERB,17699
dégelées,VERB,17699
dégelés,VERB,17699
dégoût,VERB,24885
dégoût0,VERB,24885
dégoûtant,ADJ,22354
dégoûtant0,VERB,22354
dégoûtante,VERB,22354
dégoûtantes,VERB,22354
dégoûtants,VERB,22354
dégoûts,VERB,24885
déguisa,VERB,13878
déguisai,VERB,13878
déguisaient,VERB,13878
déguisais,VERB,13878
déguisait,VERB,13878
déguisant,VERB,13878
déguisas,VERB,13878
déguisasse,VERB,13878
déguisassent,VERB,13878
déguisasses,VERB,13878
déguisassiez,VERB,13878
déguisassions,VERB,13878
déguise,VERB,13878
déguisement,VERB,13418
déguisement0,VERB,13418
déguisements,VERB,13418
déguisent,VERB,13878
déguiser,VERB,13878
déguiser-,PRON,13878
déguisera,VERB,13878
déguiserai,VERB,13878
déguiseraient,VERB,13878
déguiserais,VERB,13878
déguiserait,VERB,13878
déguiseras,VERB,13878
déguiserez,VERB,13878
déguiseriez,VERB,13878
déguiserions,VERB,13878
déguiserons,VERB,13878
déguiseront,VERB,13878
déguises,VERB,13878
déguisez,VERB,13878
déguisiez,VERB,13878
déguisions,VERB,13878
déguisons,VERB,13878
déguisâmes,VERB,13878
déguisât,VERB,13878
déguisâtes,VERB,13878
déguisèrent,VERB,13878
déguisé,VERB,13878
déguisée,VERB,13878
déguisées,VERB,13878
déguisés,VERB,13878
dégât en surface,VERB,24420
dégèle,VERB,17699
dégèlent,VERB,17699
dégèlera,VERB,17699
dégèlerai,VERB,17699
dégèleraient,VERB,17699
dégèlerais,VERB,17699
dégèlerait,VERB,17699
dégèleras,VERB,17699
dégèlerez,VERB,17699
dégèleriez,VERB,17699
dégèlerions,VERB,17699
dégèlerons,VERB,17699
dégèleront,VERB,17699
dégèles,VERB,17699
déharnacher le cheval,PRON,24323
délicieuse,VERB,17477
délicieuses,VERB,17477
délicieux,ADJ,17477
délicieux0,VERB,17477
démangeaison,VERB,24472
démangeaison0,VERB,24472
démangeaisons,VERB,24472
démocratie,VERB,24080
démocratie0,VERB,24080
démocraties,VERB,24080
démon,PREP,20568
démon0,VERB,20568
démone,VERB,20568
démones,VERB,20568
démons,VERB,20568
dénoyauta,VERB,16189
dénoyautai,VERB,16189
dénoyautaient,VERB,16189
dénoyautais,VERB,16189
dénoyautait,VERB,16189
dénoyautant,VERB,16189
dénoyautas,VERB,16189
dénoyautasse,VERB,16189
dénoyautassent,VERB,16189
dénoyautasses,VERB,16189
dénoyautassiez,VERB,16189
dénoyautassions,VERB,16189
dénoyaute,VERB,16189
dénoyautent,VERB,16189
dénoyauter,PRON,16189
dénoyautera,VERB,16189
dénoyauterai,VERB,16189
dénoyauteraient,VERB,16189
dénoyauterais,VERB,16189
dénoyauterait,VERB,16189
dénoyauteras,VERB,16189
dénoyauterez,VERB,16189
dénoyauteriez,VERB,16189
dénoyauterions,VERB,16189
dénoyauterons,VERB,16189
dénoyauteront,VERB,16189
dénoyautes,VERB,16189
dénoyautez,VERB,16189
dénoyautiez,VERB,16189
dénoyautions,VERB,16189
dénoyautons,VERB,16189
dénoyautâmes,VERB,16189
dénoyautât,VERB,16189
dénoyautâtes,VERB,16189
dénoyautèrent,VERB,16189
dénoyauté,VERB,16189
dénoyautée,VERB,16189
dénoyautées,VERB,16189
dénoyautés,VERB,16189
déodorant,VERB,13657
déodorant0,VERB,13657
déodorants,VERB,13657
départ,VERB,13658
départ0,VERB,13658
département,VERB,16423
département0,VERB,16423
départements,VERB,16423
départs,VERB,13658
dépendance,VERB,24404
dépendance au tabac_,VERB,24512
dépendance négative,VERB,24491
dépendance à l'alcool,VERB,24405
dépendance à la drogue,VERB,24436
dépendance0,VERB,24404
dépendances,VERB,24404
dépendant,ADJ,24637
dépendant0,VERB,24637
dépendante,VERB,24637
dépendantes,VERB,24637
dépendants,VERB,24637
dépenser au-dessus de ses moyens,PRON,24707
déplace,VERB,24701
déplacement continental,VERB,22621
déplacent,VERB,24701
déplacer,PRON,24701
déplacera,VERB,24701
déplacerai,VERB,24701
déplaceraient,VERB,24701
déplacerais,VERB,24701
déplacerait,VERB,24701
déplaceras,VERB,24701
déplacerez,VERB,24701
déplaceriez,VERB,24701
déplacerions,VERB,24701
déplacerons,VERB,24701
déplaceront,VERB,24701
déplaces,VERB,24701
déplacez,VERB,24701
déplaciez,VERB,24701
déplacions,VERB,24701
déplacèrent,VERB,24701
déplacé,VERB,24701
déplacée,VERB,24701
déplacées,VERB,24701
déplacés,VERB,24701
déplaça,VERB,24701
déplaçai,VERB,24701
déplaçaient,VERB,24701
déplaçais,VERB,24701
déplaçait,VERB,24701
déplaçant,VERB,24701
déplaças,VERB,24701
déplaçasse,VERB,24701
déplaçassent,VERB,24701
déplaçasses,VERB,24701
déplaçassiez,VERB,24701
déplaçassions,VERB,24701
déplaçons,VERB,24701
déplaçâmes,VERB,24701
déplaçât,VERB,24701
déplaçâtes,VERB,24701
déplia,VERB,17976
dépliai,VERB,17976
dépliaient,VERB,17976
dépliais,VERB,17976
dépliait,VERB,17976
dépliant,VERB,21340
dépliant0,VERB,21340
dépliante,VERB,21340
dépliantes,VERB,21340
dépliants,VERB,21340
déplias,VERB,17976
dépliasse,VERB,17976
dépliassent,VERB,17976
dépliasses,VERB,17976
dépliassiez,VERB,17976
dépliassions,VERB,17976
déplie,VERB,17976
déplient,VERB,17976
déplier,PRON,17976
dépliera,VERB,17976
déplierai,VERB,17976
déplieraient,VERB,17976
déplierais,VERB,17976
déplierait,VERB,17976
déplieras,VERB,17976
déplierez,VERB,17976
déplieriez,VERB,17976
déplierions,VERB,17976
déplierons,VERB,17976
déplieront,VERB,17976
déplies,VERB,17976
dépliez,VERB,17976
dépliiez,VERB,17976
dépliions,VERB,17976
déplions,VERB,17976
dépliâmes,VERB,17976
dépliât,VERB,17976
dépliâtes,VERB,17976
déplièrent,VERB,17976
déplié,VERB,17976
dépliée,VERB,17976
dépliées,VERB,17976
dépliés,VERB,17976
déposa,VERB,23235
déposai,VERB,23235
déposaient,VERB,23235
déposais,VERB,23235
déposait,VERB,23235
déposant,VERB,23235
déposas,VERB,23235
déposasse,VERB,23235
déposassent,VERB,23235
déposasses,VERB,23235
déposassiez,VERB,23235
déposassions,VERB,23235
dépose,VERB,23235
déposent,VERB,23235
déposer,PRON,23235
déposera,VERB,23235
déposerai,VERB,23235
déposeraient,VERB,23235
déposerais,VERB,23235
déposerait,VERB,23235
déposeras,VERB,23235
déposerez,VERB,23235
déposeriez,VERB,23235
déposerions,VERB,23235
déposerons,VERB,23235
déposeront,VERB,23235
déposes,VERB,23235
déposez,VERB,23235
déposiez,VERB,23235
déposions,VERB,23235
déposition,VERB,23221
déposition0,VERB,23221
dépositions,VERB,23221
déposons,VERB,23235
déposâmes,VERB,23235
déposât,VERB,23235
déposâtes,VERB,23235
déposèrent,VERB,23235
déposé,VERB,23235
déposée,VERB,23235
déposées,VERB,23235
déposés,VERB,23235
dépression,VERB,13659
dépression0,VERB,13659
dépressions,VERB,13659
déprimant,ADJ,24827
déprimant0,VERB,24827
déprimante,VERB,24827
déprimantes,VERB,24827
déprimants,VERB,24827
dépêcha,VERB,24167
dépêchai,VERB,24167
dépêchaient,VERB,24167
dépêchais,VERB,24167
dépêchait,VERB,24167
dépêchant,VERB,24167
dépêchas,VERB,24167
dépêchasse,VERB,24167
dépêchassent,VERB,24167
dépêchasses,VERB,24167
dépêchassiez,VERB,24167
dépêchassions,VERB,24167
dépêche,VERB,24167
dépêchent,VERB,24167
dépêcher,VERB,24167
dépêcher-,PRON,24167
dépêchera,VERB,24167
dépêcherai,VERB,24167
dépêcheraient,VERB,24167
dépêcherais,VERB,24167
dépêcherait,VERB,24167
dépêcheras,VERB,24167
dépêcherez,VERB,24167
dépêcheriez,VERB,24167
dépêcherions,VERB,24167
dépêcherons,VERB,24167
dépêcheront,VERB,24167
dépêches,VERB,24167
dépêchez,VERB,24167
dépêchiez,VERB,24167
dépêchions,VERB,24167
dépêchons,VERB,24167
dépêchâmes,VERB,24167
dépêchât,VERB,24167
dépêchâtes,VERB,24167
dépêchèrent,VERB,24167
dépêché,VERB,24167
dépêchée,VERB,24167
dépêchées,VERB,24167
dépêchés,VERB,24167
dérangement,VERB,24822
dérangement0,VERB,24822
dérangements,VERB,24822
dérangé,ADJ,17985
dérive continentale,VERB,22621
dérive de continent,VERB,22621
désastre,VERB,23846
désastre0,VERB,23846
désastres,VERB,23846
désert,VERB,21350
désert0,VERB,21350
déserts,VERB,21350
désignation,VERB,16978
désignation0,VERB,16978
désignations,VERB,16978
désir,VERB,24833
désir sexuel,VERB,16765
désir0,VERB,24833
désira,VERB,18035
désirai,VERB,18035
désiraient,VERB,18035
désirais,VERB,18035
désirait,VERB,18035
désirant,VERB,18035
désiras,VERB,18035
désirasse,VERB,18035
désirassent,VERB,18035
désirasses,VERB,18035
désirassiez,VERB,18035
désirassions,VERB,18035
désire,VERB,18035
désirent,VERB,18035
désirer,PRON,18035
désirera,VERB,18035
désirerai,VERB,18035
désireraient,VERB,18035
désirerais,VERB,18035
désirerait,VERB,18035
désireras,VERB,18035
désirerez,VERB,18035
désireriez,VERB,18035
désirerions,VERB,18035
désirerons,VERB,18035
désireront,VERB,18035
désires,VERB,18035
désirez,VERB,18035
désiriez,VERB,18035
désirions,VERB,18035
désirons,VERB,18035
désirs,VERB,24833
désirâmes,VERB,18035
désirât,VERB,18035
désirâtes,VERB,18035
désirèrent,VERB,18035
désiré,VERB,18035
désirée,VERB,18035
désirées,VERB,18035
désirés,VERB,18035
désobéissant,ADJ,15695
désobéissant0,VERB,15695
désobéissante,VERB,15695
désobéissantes,VERB,15695
désobéissants,VERB,15695
désolé,OTHER,17214
détacha,VERB,23471
détachai,VERB,23471
détachaient,VERB,23471
détachais,VERB,23471
détachait,VERB,23471
détachant,VERB,23471
détachas,VERB,23471
détachasse,VERB,23471
détachassent,VERB,23471
détachasses,VERB,23471
détachassiez,VERB,23471
détachassions,VERB,23471
détache,VERB,23471
détachent,VERB,23471
détacher,PRON,23471
détachera,VERB,23471
détacherai,VERB,23471
détacheraient,VERB,23471
détacherais,VERB,23471
détacherait,VERB,23471
détacheras,VERB,23471
détacherez,VERB,23471
détacheriez,VERB,23471
détacherions,VERB,23471
détacherons,VERB,23471
détacheront,VERB,23471
détaches,VERB,23471
détachez,VERB,23471
détachiez,VERB,23471
détachions,VERB,23471
détachons,VERB,23471
détachâmes,VERB,23471
détachât,VERB,23471
détachâtes,VERB,23471
détachèrent,VERB,23471
détaché,VERB,23471
détachée,VERB,23471
détachées,VERB,23471
détachés,VERB,23471
détela,VERB,24323
dételai,VERB,24323
dételaient,VERB,24323
dételais,VERB,24323
dételait,VERB,24323
dételant,VERB,24323
dételas,VERB,24323
dételasse,VERB,24323
dételassent,VERB,24323
dételasses,VERB,24323
dételassiez,VERB,24323
dételassions,VERB,24323
dételer,PRON,24323
dételez,VERB,24323
dételiez,VERB,24323
dételions,VERB,24323
dételle,VERB,24323
détellent,VERB,24323
détellera,VERB,24323
détellerai,VERB,24323
dételleraient,VERB,24323
détellerais,VERB,24323
détellerait,VERB,24323
dételleras,VERB,24323
détellerez,VERB,24323
dételleriez,VERB,24323
détellerions,VERB,24323
détellerons,VERB,24323
dételleront,VERB,24323
dételles,VERB,24323
dételons,VERB,24323
dételâmes,VERB,24323
dételât,VERB,24323
dételâtes,VERB,24323
dételèrent,VERB,24323
dételé,VERB,24323
dételée,VERB,24323
dételées,VERB,24323
dételés,VERB,24323
détesta,VERB,13692
détestai,VERB,13692
détestaient,VERB,13692
détestais,VERB,13692
détestait,VERB,13692
détestant,VERB,13692
détestas,VERB,13692
détestasse,VERB,13692
détestassent,VERB,13692
détestasses,VERB,13692
détestassiez,VERB,13692
détestassions,VERB,13692
déteste,VERB,13692
détestent,VERB,13692
détester,PRON,13692
détestera,VERB,13692
détesterai,VERB,13692
détesteraient,VERB,13692
détesterais,VERB,13692
détesterait,VERB,13692
détesteras,VERB,13692
détesterez,VERB,13692
détesteriez,VERB,13692
détesterions,VERB,13692
détesterons,VERB,13692
détesteront,VERB,13692
détestes,VERB,13692
détestez,VERB,13692
détestiez,VERB,13692
détestions,VERB,13692
détestons,VERB,13692
détestâmes,VERB,13692
détestât,VERB,13692
détestâtes,VERB,13692
détestèrent,VERB,13692
détesté,VERB,13692
détestée,VERB,13692
détestées,VERB,13692
détestés,VERB,13692
détruira,VERB,13665
détruirai,VERB,13665
détruiraient,VERB,13665
détruirais,VERB,13665
détruirait,VERB,13665
détruiras,VERB,13665
détruire,PRON,13665
détruirez,VERB,13665
détruiriez,VERB,13665
détruirions,VERB,13665
détruirons,VERB,13665
détruiront,VERB,13665
détruis,VERB,13665
détruisaient,VERB,13665
détruisais,VERB,13665
détruisait,VERB,13665
détruisant,VERB,13665
détruise,VERB,13665
détruisent,VERB,13665
détruises,VERB,13665
détruisez,VERB,13665
détruisiez,VERB,13665
détruisions,VERB,13665
détruisirent,VERB,13665
détruisis,VERB,13665
détruisisse,VERB,13665
détruisissent,VERB,13665
détruisisses,VERB,13665
détruisissiez,VERB,13665
détruisissions,VERB,13665
détruisit,VERB,13665
détruisons,VERB,13665
détruisîmes,VERB,13665
détruisît,VERB,13665
détruisîtes,VERB,13665
détruit,VERB,13665
détruite,VERB,13665
détruites,VERB,13665
détruits,VERB,13665
développa,VERB,13666
développai,VERB,13666
développaient,VERB,13666
développais,VERB,13666
développait,VERB,13666
développant,VERB,13666
développas,VERB,13666
développasse,VERB,13666
développassent,VERB,13666
développasses,VERB,13666
développassiez,VERB,13666
développassions,VERB,13666
développe,VERB,13666
développement,VERB,13667
développement0,VERB,13667
développements,VERB,13667
développent,VERB,13666
développer,PRON,13666
développera,VERB,13666
développerai,VERB,13666
développeraient,VERB,13666
développerais,VERB,13666
développerait,VERB,13666
développeras,VERB,13666
développerez,VERB,13666
développeriez,VERB,13666
développerions,VERB,13666
développerons,VERB,13666
développeront,VERB,13666
développes,VERB,13666
développez,VERB,13666
développiez,VERB,13666
développions,VERB,13666
développons,VERB,13666
développâmes,VERB,13666
développât,VERB,13666
développâtes,VERB,13666
développèrent,VERB,13666
développé,VERB,13666
développée,VERB,13666
développées,VERB,13666
développés,VERB,13666
déversa,VERB,24090
déversai,VERB,24090
déversaient,VERB,24090
déversais,VERB,24090
déversait,VERB,24090
déversant,VERB,24090
déversas,VERB,24090
déversasse,VERB,24090
déversassent,VERB,24090
déversasses,VERB,24090
déversassiez,VERB,24090
déversassions,VERB,24090
déverse,VERB,24090
déversement,VERB,24891
déversement0,VERB,24891
déversements,VERB,24891
déversent,VERB,24090
déverser,PRON,24090
déversera,VERB,24090
déverserai,VERB,24090
déverseraient,VERB,24090
déverserais,VERB,24090
déverserait,VERB,24090
déverseras,VERB,24090
déverserez,VERB,24090
déverseriez,VERB,24090
déverserions,VERB,24090
déverserons,VERB,24090
déverseront,VERB,24090
déverses,VERB,24090
déversez,VERB,24090
déversiez,VERB,24090
déversions,VERB,24090
déversons,VERB,24090
déversâmes,VERB,24090
déversât,VERB,24090
déversâtes,VERB,24090
déversèrent,VERB,24090
déversé,VERB,24090
déversée,VERB,24090
déversées,VERB,24090
déversés,VERB,24090
dévouement,VERB,24084
dévouement0,VERB,24084
dévouements,VERB,24084
dîmes,VERB,16728
dît,VERB,16728
dîtes,VERB,16728
dû,VERB,15685
dûmes,VERB,15685
dût,VERB,15685
dûtes,VERB,15685
e-mail,VERB,23485
e-mail0,VERB,23485
e-mails,VERB,23485
eau,VERB,18209
eau0,VERB,18209
eaux,VERB,18209
ecosse,VERB,22614
effet,VERB,13910
effet0,VERB,13910
effets,VERB,13910
effrayé,ADJ,12347
eglise catholique romaine,VERB,21038
eglise orthodoxe orientale,VERB,21030
elle,PREP,14688
elles,NOUN,17712
elles-mêmes,PREP,17714
elliptique,ADJ,24924
elliptique0,VERB,24924
elliptiques,VERB,24924
elloul,VERB,13925
emballa,VERB,24035
emballai,VERB,24035
emballaient,VERB,24035
emballais,VERB,24035
emballait,VERB,24035
emballant,VERB,24035
emballas,VERB,24035
emballasse,VERB,24035
emballassent,VERB,24035
emballasses,VERB,24035
emballassiez,VERB,24035
emballassions,VERB,24035
emballe,VERB,24035
emballent,VERB,24035
emballer,VERB,24035
emballer-,PRON,24035
emballera,VERB,24035
emballerai,VERB,24035
emballeraient,VERB,24035
emballerais,VERB,24035
emballerait,VERB,24035
emballeras,VERB,24035
emballerez,VERB,24035
emballeriez,VERB,24035
emballerions,VERB,24035
emballerons,VERB,24035
emballeront,VERB,24035
emballes,VERB,24035
emballez,VERB,24035
emballiez,VERB,24035
emballions,VERB,24035
emballons,VERB,24035
emballâmes,VERB,24035
emballât,VERB,24035
emballâtes,VERB,24035
emballèrent,VERB,24035
emballé,VERB,24035
emballée,VERB,24035
emballées,VERB,24035
emballés,VERB,24035
embarcadère,VERB,16174
embarcadère0,VERB,16174
embarcadères,VERB,16174
embarqua,VERB,23487
embarquai,VERB,23487
embarquaient,VERB,23487
embarquais,VERB,23487
embarquait,VERB,23487
embarquant,VERB,23487
embarquas,VERB,23487
embarquasse,VERB,23487
embarquassent,VERB,23487
embarquasses,VERB,23487
embarquassiez,VERB,23487
embarquassions,VERB,23487
embarque,VERB,23487
embarquent,VERB,23487
embarquer,PRON,23487
embarquera,VERB,23487
embarquerai,VERB,23487
embarqueraient,VERB,23487
embarquerais,VERB,23487
embarquerait,VERB,23487
embarqueras,VERB,23487
embarquerez,VERB,23487
embarqueriez,VERB,23487
embarquerions,VERB,23487
embarquerons,VERB,23487
embarqueront,VERB,23487
embarques,VERB,23487
embarquez,VERB,23487
embarquiez,VERB,23487
embarquions,VERB,23487
embarquons,VERB,23487
embarquâmes,VERB,23487
embarquât,VERB,23487
embarquâtes,VERB,23487
embarquèrent,VERB,23487
embarqué,VERB,23487
embarquée,VERB,23487
embarquées,VERB,23487
embarqués,VERB,23487
embarras,VERB,13928
embarrassant,ADJ,13927
embarrassant0,VERB,13927
embarrassante,VERB,13927
embarrassantes,VERB,13927
embarrassants,VERB,13927
embarrassé,ADJ,13926
embarrassé0,VERB,13926
embarrassée,VERB,13926
embarrassées,VERB,13926
embarrassés,VERB,13926
embouti,ADJ,24421
emboutissage,VERB,24420
emboutissage0,VERB,24420
emboutissages,VERB,24420
embrassa,VERB,15153
embrassai,VERB,15153
embrassaient,VERB,15153
embrassais,VERB,15153
embrassait,VERB,15153
embrassant,VERB,15153
embrassas,VERB,15153
embrassasse,VERB,15153
embrassassent,VERB,15153
embrassasses,VERB,15153
embrassassiez,VERB,15153
embrassassions,VERB,15153
embrasse,VERB,15153
embrassent,VERB,15153
embrasser,PRON,15153
embrassera,VERB,15153
embrasserai,VERB,15153
embrasseraient,VERB,15153
embrasserais,VERB,15153
embrasserait,VERB,15153
embrasseras,VERB,15153
embrasserez,VERB,15153
embrasseriez,VERB,15153
embrasserions,VERB,15153
embrasserons,VERB,15153
embrasseront,VERB,15153
embrasses,VERB,15153
embrassez,VERB,15153
embrassiez,VERB,15153
embrassions,VERB,15153
embrassons,VERB,15153
embrassâmes,VERB,15153
embrassât,VERB,15153
embrassâtes,VERB,15153
embrassèrent,VERB,15153
embrassé,VERB,15153
embrassée,VERB,15153
embrassées,VERB,15153
embrassés,VERB,15153
embryon,VERB,13929
embryon0,VERB,13929
embryons,VERB,13929
empathie,VERB,13931
empathie0,VERB,13931
empathies,VERB,13931
emploi du temps,VERB,16733
employé commercial,PREP,13359
employé de banque,PREP,13359
empoigna,VERB,23200
empoignai,VERB,23200
empoignaient,VERB,23200
empoignais,VERB,23200
empoignait,VERB,23200
empoignant,VERB,23200
empoignas,VERB,23200
empoignasse,VERB,23200
empoignassent,VERB,23200
empoignasses,VERB,23200
empoignassiez,VERB,23200
empoignassions,VERB,23200
empoigne,VERB,23200
empoignent,VERB,23200
empoigner,PRON,23200
empoignera,VERB,23200
empoignerai,VERB,23200
empoigneraient,VERB,23200
empoignerais,VERB,23200
empoignerait,VERB,23200
empoigneras,VERB,23200
empoignerez,VERB,23200
empoigneriez,VERB,23200
empoignerions,VERB,23200
empoignerons,VERB,23200
empoigneront,VERB,23200
empoignes,VERB,23200
empoignez,VERB,23200
empoigniez,VERB,23200
empoignions,VERB,23200
empoignons,VERB,23200
empoignâmes,VERB,23200
empoignât,VERB,23200
empoignâtes,VERB,23200
empoignèrent,VERB,23200
empoigné,VERB,23200
empoignée,VERB,23200
empoignées,VERB,23200
empoignés,VERB,23200
emporta,VERB,17498
emportai,VERB,17498
emportaient,VERB,17498
emportais,VERB,17498
emportait,VERB,17498
emportant,VERB,17498
emportas,VERB,17498
emportasse,VERB,17498
emportassent,VERB,17498
emportasses,VERB,17498
emportassiez,VERB,17498
emportassions,VERB,17498
emporte,VERB,17498
emportent,VERB,17498
emporter,PRON,17498
emportera,VERB,17498
emporterai,VERB,17498
emporteraient,VERB,17498
emporterais,VERB,17498
emporterait,VERB,17498
emporteras,VERB,17498
emporterez,VERB,17498
emporteriez,VERB,17498
emporterions,VERB,17498
emporterons,VERB,17498
emporteront,VERB,17498
emportes,VERB,17498
emportez,VERB,17498
emportiez,VERB,17498
emportions,VERB,17498
emportons,VERB,17498
emportâmes,VERB,17498
emportât,VERB,17498
emportâtes,VERB,17498
emportèrent,VERB,17498
emporté,VERB,17498
emportée,VERB,17498
emportées,VERB,17498
emportés,VERB,17498
empressement,VERB,24166
empressement0,VERB,24166
empressements,VERB,24166
emprunta,VERB,12877
empruntai,VERB,12877
empruntaient,VERB,12877
empruntais,VERB,12877
empruntait,VERB,12877
empruntant,VERB,12877
empruntas,VERB,12877
empruntasse,VERB,12877
empruntassent,VERB,12877
empruntasses,VERB,12877
empruntassiez,VERB,12877
empruntassions,VERB,12877
emprunte,VERB,12877
empruntent,VERB,12877
emprunter,PRON,12877
empruntera,VERB,12877
emprunterai,VERB,12877
emprunteraient,VERB,12877
emprunterais,VERB,12877
emprunterait,VERB,12877
emprunteras,VERB,12877
emprunterez,VERB,12877
emprunteriez,VERB,12877
emprunterions,VERB,12877
emprunterons,VERB,12877
emprunteront,VERB,12877
empruntes,VERB,12877
empruntez,VERB,12877
empruntiez,VERB,12877
empruntions,VERB,12877
empruntons,VERB,12877
empruntâmes,VERB,12877
empruntât,VERB,12877
empruntâtes,VERB,12877
empruntèrent,VERB,12877
emprunté,VERB,12877
empruntée,VERB,12877
empruntées,VERB,12877
empruntés,VERB,12877
en,NOUN,13100
en accord,ADJ,24808
en arrière,NOUN,12613
en avant,NOUN,14390
en bas,NOUN,13869
en bonne santé,ADJ,14691
en commun,ADJ,24066
en cours,ADJ,24285
en dessous,NOUN,17969
en grumeaux,ADJ,22363
en haut,NOUN,17983
en haut et en arrière,NOUN,17986
en haut et en avant,NOUN,17987
en partage,ADJ,24066
en retard,ADJ,15177
en salle,ADJ,24914
en sécurité,ADJ,16704
en tranches,ADJ,22383
en vouloir,PRON,16490
enceinte,ADJ,16241
enceinte0,VERB,16242
enceinte_,ADJ,16242
enceintes,VERB,16242
encens,VERB,21358
enchanté,ADJ,14119
enclos,VERB,13934
encore,NOUN,12350
encourageant,ADJ,23535
encourageant0,VERB,23535
encourageante,VERB,23535
encourageantes,VERB,23535
encourageants,VERB,23535
endormaient,VERB,23495
endormais,VERB,23495
endormait,VERB,23495
endormant,VERB,23495
endorme,VERB,23495
endorment,VERB,23495
endormes,VERB,23495
endormez,VERB,23495
endormi,ADJ,12589
endormie,VERB,23495
endormies,VERB,23495
endormiez,VERB,23495
endormions,VERB,23495
endormir,VERB,23495
endormir-,PRON,23495
endormira,VERB,23495
endormirai,VERB,23495
endormiraient,VERB,23495
endormirais,VERB,23495
endormirait,VERB,23495
endormiras,VERB,23495
endormirent,VERB,23495
endormirez,VERB,23495
endormiriez,VERB,23495
endormirions,VERB,23495
endormirons,VERB,23495
endormiront,VERB,23495
endormis,VERB,23495
endormisse,VERB,23495
endormissent,VERB,23495
endormisses,VERB,23495
endormissiez,VERB,23495
endormissions,VERB,23495
endormit,VERB,23495
endormons,VERB,23495
endormîmes,VERB,23495
endormît,VERB,23495
endormîtes,VERB,23495
endors,VERB,23495
endort,VERB,23495
endroit,VERB,16193
endroit abrité du vent,VERB,24685
endroit0,VERB,16193
endroits,VERB,16193
enfant,PREP,13166
enfant saint,PREP,21086
enfant0,VERB,13166
enfants,VERB,13166
enfer,VERB,21062
enfer0,VERB,21062
enfers,VERB,21062
enfin,ADJ,14178
engagement,VERB,23919
engagement0,VERB,23919
engagements,VERB,23919
engrais,VERB,24185
enleva,VERB,17498
enlevai,VERB,17498
enlevaient,VERB,17498
enlevais,VERB,17498
enlevait,VERB,17498
enlevant,VERB,17498
enlevas,VERB,17498
enlevasse,VERB,17498
enlevassent,VERB,17498
enlevasses,VERB,17498
enlevassiez,VERB,17498
enlevassions,VERB,17498
enlever,PRON,17498
enlevez,VERB,17498
enleviez,VERB,17498
enlevions,VERB,17498
enlevons,VERB,17498
enlevâmes,VERB,17498
enlevât,VERB,17498
enlevâtes,VERB,17498
enlevèrent,VERB,17498
enlevé,VERB,17498
enlevée,VERB,17498
enlevées,VERB,17498
enlevés,VERB,17498
enlève,VERB,17498
enlèvent,VERB,17498
enlèvera,VERB,17498
enlèverai,VERB,17498
enlèveraient,VERB,17498
enlèverais,VERB,17498
enlèverait,VERB,17498
enlèveras,VERB,17498
enlèverez,VERB,17498
enlèveriez,VERB,17498
enlèverions,VERB,17498
enlèverons,VERB,17498
enlèveront,VERB,17498
enlèves,VERB,17498
ennui,VERB,17780
ennui0,VERB,17780
ennuis,VERB,17780
ennuyeuse,VERB,24827
ennuyeuses,VERB,24827
ennuyeux,ADJ,24827
ennuyeux0,VERB,24827
enregistra,VERB,23648
enregistrai,VERB,23648
enregistraient,VERB,23648
enregistrais,VERB,23648
enregistrait,VERB,23648
enregistrant,VERB,23648
enregistras,VERB,23648
enregistrasse,VERB,23648
enregistrassent,VERB,23648
enregistrasses,VERB,23648
enregistrassiez,VERB,23648
enregistrassions,VERB,23648
enregistre,VERB,23648
enregistrent,VERB,23648
enregistrer,PRON,23648
enregistrer sous,PRON,23649
enregistrera,VERB,23648
enregistrerai,VERB,23648
enregistreraient,VERB,23648
enregistrerais,VERB,23648
enregistrerait,VERB,23648
enregistreras,VERB,23648
enregistrerez,VERB,23648
enregistreriez,VERB,23648
enregistrerions,VERB,23648
enregistrerons,VERB,23648
enregistreront,VERB,23648
enregistres,VERB,23648
enregistreur,VERB,17505
enregistreur0,VERB,17505
enregistreurs,VERB,17505
enregistreuse,VERB,17505
enregistreuses,VERB,17505
enregistrez,VERB,23648
enregistriez,VERB,23648
enregistrions,VERB,23648
enregistrons,VERB,23648
enregistrâmes,VERB,23648
enregistrât,VERB,23648
enregistrâtes,VERB,23648
enregistrèrent,VERB,23648
enregistré,VERB,23648
enregistrée,VERB,23648
enregistrées,VERB,23648
enregistrés,VERB,23648
enseigna,VERB,17512
enseignai,VERB,17512
enseignaient,VERB,17512
enseignais,VERB,17512
enseignait,VERB,17512
enseignant,PREP,17513
enseignant en psychologie,PREP,21588
enseignant0,VERB,17513
enseignante,VERB,17513
enseignantes,VERB,17513
enseignants,VERB,17513
enseignas,VERB,17512
enseignasse,VERB,17512
enseignassent,VERB,17512
enseignasses,VERB,17512
enseignassiez,VERB,17512
enseignassions,VERB,17512
enseigne,VERB,17512
enseignement,VERB,14945
enseignement0,VERB,14945
enseignements,VERB,14945
enseignent,VERB,17512
enseigner,PRON,17512
enseignera,VERB,17512
enseignerai,VERB,17512
enseigneraient,VERB,17512
enseignerais,VERB,17512
enseignerait,VERB,17512
enseigneras,VERB,17512
enseignerez,VERB,17512
enseigneriez,VERB,17512
enseignerions,VERB,17512
enseignerons,VERB,17512
enseigneront,VERB,17512
enseignes,VERB,17512
enseignez,VERB,17512
enseigniez,VERB,17512
enseignions,VERB,17512
enseignons,VERB,17512
enseignâmes,VERB,17512
enseignât,VERB,17512
enseignâtes,VERB,17512
enseignèrent,VERB,17512
enseigné,VERB,17512
enseignée,VERB,17512
enseignées,VERB,17512
enseignés,VERB,17512
ensemble,VERB,17456
ensemble0,VERB,17456
ensembles,VERB,17456
enseveli,VERB,20581
ensevelie,VERB,20581
ensevelies,VERB,20581
ensevelir,PRON,20581
ensevelira,VERB,20581
ensevelirai,VERB,20581
enseveliraient,VERB,20581
ensevelirais,VERB,20581
ensevelirait,VERB,20581
enseveliras,VERB,20581
ensevelirent,VERB,20581
ensevelirez,VERB,20581
enseveliriez,VERB,20581
ensevelirions,VERB,20581
ensevelirons,VERB,20581
enseveliront,VERB,20581
ensevelis,VERB,20581
ensevelissaient,VERB,20581
ensevelissais,VERB,20581
ensevelissait,VERB,20581
ensevelissant,VERB,20581
ensevelisse,VERB,20581
ensevelissent,VERB,20581
ensevelisses,VERB,20581
ensevelissez,VERB,20581
ensevelissiez,VERB,20581
ensevelissions,VERB,20581
ensevelissons,VERB,20581
ensevelit,VERB,20581
ensevelîmes,VERB,20581
ensevelît,VERB,20581
ensevelîtes,VERB,20581
ensoleillé,ADJ,17465
ensuite,NOUN,17705
enta,VERB,23488
entai,VERB,23488
entaient,VERB,23488
entais,VERB,23488
entait,VERB,23488
entant,VERB,23488
entas,VERB,23488
entasse,VERB,23488
entassent,VERB,23488
entasses,VERB,23488
entassiez,VERB,23488
entassions,VERB,23488
ente,VERB,23488
entend,VERB,14692
entendaient,VERB,14692
entendais,VERB,14692
entendait,VERB,14692
entendant,VERB,14692
entende,VERB,14692
entendent,VERB,14692
entendes,VERB,14692
entendez,VERB,14692
entendiez,VERB,14692
entendions,VERB,14692
entendirent,VERB,14692
entendis,VERB,14692
entendisse,VERB,14692
entendissent,VERB,14692
entendisses,VERB,14692
entendissiez,VERB,14692
entendissions,VERB,14692
entendit,VERB,14692
entendons,VERB,14692
entendra,VERB,14692
entendrai,VERB,14692
entendraient,VERB,14692
entendrais,VERB,14692
entendrait,VERB,14692
entendras,VERB,14692
entendre,PRON,14692
entendrez,VERB,14692
entendriez,VERB,14692
entendrions,VERB,14692
entendrons,VERB,14692
entendront,VERB,14692
entends,VERB,14692
entendu,VERB,14692
entendue,VERB,14692
entendues,VERB,14692
entendus,VERB,14692
entendîmes,VERB,14692
entendît,VERB,14692
entendîtes,VERB,14692
entent,VERB,23488
entente,VERB,14680
entente0,VERB,14680
ententes,VERB,14680
enter,VERB,23488
entera,VERB,23488
enterai,VERB,23488
enteraient,VERB,23488
enterais,VERB,23488
enterait,VERB,23488
enteras,VERB,23488
enterez,VERB,23488
enteriez,VERB,23488
enterions,VERB,23488
enterons,VERB,23488
enteront,VERB,23488
enterra,VERB,12926
enterrai,VERB,12926
enterraient,VERB,12926
enterrais,VERB,12926
enterrait,VERB,12926
enterrant,VERB,12926
enterras,VERB,12926
enterrasse,VERB,12926
enterrassent,VERB,12926
enterrasses,VERB,12926
enterrassiez,VERB,12926
enterrassions,VERB,12926
enterre,VERB,12926
enterrement,VERB,20577
enterrement0,VERB,20577
enterrements,VERB,20577
enterrent,VERB,12926
enterrer,PRON,12926
enterrera,VERB,12926
enterrerai,VERB,12926
enterreraient,VERB,12926
enterrerais,VERB,12926
enterrerait,VERB,12926
enterreras,VERB,12926
enterrerez,VERB,12926
enterreriez,VERB,12926
enterrerions,VERB,12926
enterrerons,VERB,12926
enterreront,VERB,12926
enterres,VERB,12926
enterrez,VERB,12926
enterriez,VERB,12926
enterrions,VERB,12926
enterrons,VERB,12926
enterrâmes,VERB,12926
enterrât,VERB,12926
enterrâtes,VERB,12926
enterrèrent,VERB,12926
enterré,VERB,12926
enterrée,VERB,12926
enterrées,VERB,12926
enterrés,VERB,12926
entes,VERB,23488
entez,VERB,23488
enthousiasme,VERB,23869
enthousiasme0,VERB,23869
enthousiasmes,VERB,23869
enthousiasmé,ADJ,14119
enthousiaste,ADJ,23860
enthousiaste0,VERB,23860
enthousiastes,VERB,23860
entiez,VERB,23488
entions,VERB,23488
entonnoir,VERB,22574
entonnoir0,VERB,22574
entonnoirs,VERB,22574
entons,VERB,23488
entra,VERB,13940
entrai,VERB,13940
entraient,VERB,13940
entrais,VERB,13940
entrait,VERB,13940
entrant,VERB,13940
entras,VERB,13940
entrasse,VERB,13940
entrassent,VERB,13940
entrasses,VERB,13940
entrassiez,VERB,13940
entrassions,VERB,13940
entre,NOUN,12669
entre-jambes,VERB,13615
entrent,VERB,13940
entrepôt d'aides techniques,VERB,24008
entrer,PRON,13940
entrer dans un véhicule,PRON,23487
entrer en éruption,PRON,24651
entrera,VERB,13940
entrerai,VERB,13940
entreraient,VERB,13940
entrerais,VERB,13940
entrerait,VERB,13940
entreras,VERB,13940
entrerez,VERB,13940
entreriez,VERB,13940
entrerions,VERB,13940
entrerons,VERB,13940
entreront,VERB,13940
entres,VERB,13940
entrez,VERB,13940
entriez,VERB,13940
entrions,VERB,13940
entrons,VERB,13940
entrâmes,VERB,13940
entrât,VERB,13940
entrâtes,VERB,13940
entrèrent,VERB,13940
entré,VERB,13940
entrée,VERB,22118
entrée0,VERB,22118
entrées,VERB,13940
entrés,VERB,13940
entâmes,VERB,23488
entât,VERB,23488
entâtes,VERB,23488
entèrent,VERB,23488
enté,VERB,23488
entée,VERB,23488
entées,VERB,23488
entés,VERB,23488
enverra,VERB,16759
enverrai,VERB,16759
enverraient,VERB,16759
enverrais,VERB,16759
enverrait,VERB,16759
enverras,VERB,16759
enverrez,VERB,16759
enverriez,VERB,16759
enverrions,VERB,16759
enverrons,VERB,16759
enverront,VERB,16759
envieuse,VERB,13941
envieuses,VERB,13941
envieux,ADJ,13941
envieux0,VERB,13941
environ,ADJ,17207
environ0,VERB,17207
environnement,VERB,13942
environnement0,VERB,13942
environnements,VERB,13942
environs,VERB,17207
envoie,VERB,16759
envoient,VERB,16759
envoies,VERB,16759
envoya,VERB,16759
envoyai,VERB,16759
envoyaient,VERB,16759
envoyais,VERB,16759
envoyait,VERB,16759
envoyant,VERB,16759
envoyas,VERB,16759
envoyasse,VERB,16759
envoyassent,VERB,16759
envoyasses,VERB,16759
envoyassiez,VERB,16759
envoyassions,VERB,16759
envoyer,PRON,16759
envoyer par la poste,PRON,15408
envoyez,VERB,16759
envoyiez,VERB,16759
envoyions,VERB,16759
envoyons,VERB,16759
envoyâmes,VERB,16759
envoyât,VERB,16759
envoyâtes,VERB,16759
envoyèrent,VERB,16759
envoyé,VERB,16759
envoyée,VERB,16759
envoyées,VERB,16759
envoyés,VERB,16759
epiphanie,VERB,24095
ergothérapeute,PREP,21591
ergothérapeute0,VERB,21591
ergothérapeutes,VERB,21591
ergothérapie,VERB,24200
ergothérapie0,VERB,24200
ergothérapies,VERB,24200
erreur,VERB,15479
erreur0,VERB,15479
erreurs,VERB,15479
es,VERB,12639
escalade,VERB,22109
escalade0,VERB,22109
escalades,VERB,22109
escalier,VERB,17247
escalier mécanique,VERB,24096
escalier roulant,VERB,24096
escalier0,VERB,17247
escaliers,VERB,17247
escargot,VERB,17188
escargot0,VERB,17188
escargots,VERB,17188
escrime,VERB,21837
escrime0,VERB,21837
escrimes,VERB,21837
espace,VERB,17221
espace délimité,VERB,13934
espace public,VERB,16430
espace0,VERB,17221
espaces,VERB,17221
espadon,VERB,23671
espadon0,VERB,23671
espadons,VERB,23671
espoir,VERB,23534
espoir0,VERB,23534
espoirs,VERB,23534
esprit,VERB,15471
esprit0,VERB,15471
esprits,VERB,15471
espère,VERB,14127
espèrent,VERB,14127
espères,VERB,14127
espéra,VERB,14127
espérai,VERB,14127
espéraient,VERB,14127
espérais,VERB,14127
espérait,VERB,14127
espérance,VERB,14128
espérance chrétienne,VERB,21303
espérance0,VERB,14128
espérances,VERB,14128
espérant,VERB,14127
espéras,VERB,14127
espérasse,VERB,14127
espérassent,VERB,14127
espérasses,VERB,14127
espérassiez,VERB,14127
espérassions,VERB,14127
espérer,PRON,14127
espérera,VERB,14127
espérerai,VERB,14127
espéreraient,VERB,14127
espérerais,VERB,14127
espérerait,VERB,14127
espéreras,VERB,14127
espérerez,VERB,14127
espéreriez,VERB,14127
espérerions,VERB,14127
espérerons,VERB,14127
espéreront,VERB,14127
espérez,VERB,14127
espériez,VERB,14127
espérions,VERB,14127
espérons,VERB,14127
espérâmes,VERB,14127
espérât,VERB,14127
espérâtes,VERB,14127
espérèrent,VERB,14127
espéré,VERB,14127
espérée,VERB,14127
espérées,VERB,14127
espérés,VERB,14127
essaie,VERB,17787
essaient,VERB,17787
essaiera,VERB,17787
essaierai,VERB,17787
essaieraient,VERB,17787
essaierais,VERB,17787
essaierait,VERB,17787
essaieras,VERB,17787
essaierez,VERB,17787
essaieriez,VERB,17787
essaierions,VERB,17787
essaierons,VERB,17787
essaieront,VERB,17787
essaies,VERB,17787
essaya,VERB,17787
essayai,VERB,17787
essayaient,VERB,17787
essayais,VERB,17787
essayait,VERB,17787
essayant,VERB,17787
essayas,VERB,17787
essayasse,VERB,17787
essayassent,VERB,17787
essayasses,VERB,17787
essayassiez,VERB,17787
essayassions,VERB,17787
essaye,VERB,17787
essayent,VERB,17787
essayer,PRON,17787
essayera,VERB,17787
essayerai,VERB,17787
essayeraient,VERB,17787
essayerais,VERB,17787
essayerait,VERB,17787
essayeras,VERB,17787
essayerez,VERB,17787
essayeriez,VERB,17787
essayerions,VERB,17787
essayerons,VERB,17787
essayeront,VERB,17787
essayes,VERB,17787
essayez,VERB,17787
essayiez,VERB,17787
essayions,VERB,17787
essayons,VERB,17787
essayâmes,VERB,17787
essayât,VERB,17787
essayâtes,VERB,17787
essayèrent,VERB,17787
essayé,VERB,17787
essayée,VERB,17787
essayées,VERB,17787
essayés,VERB,17787
essence,VERB,14425
essence0,VERB,14425
essences,VERB,14425
essuie,VERB,18264
essuient,VERB,18264
essuiera,VERB,18264
essuierai,VERB,18264
essuieraient,VERB,18264
essuierais,VERB,18264
essuierait,VERB,18264
essuieras,VERB,18264
essuierez,VERB,18264
essuieriez,VERB,18264
essuierions,VERB,18264
essuierons,VERB,18264
essuieront,VERB,18264
essuies,VERB,18264
essuya,VERB,18264
essuyai,VERB,18264
essuyaient,VERB,18264
essuyais,VERB,18264
essuyait,VERB,18264
essuyant,VERB,18264
essuyas,VERB,18264
essuyasse,VERB,18264
essuyassent,VERB,18264
essuyasses,VERB,18264
essuyassiez,VERB,18264
essuyassions,VERB,18264
essuyer,PRON,18264
essuyez,VERB,18264
essuyiez,VERB,18264
essuyions,VERB,18264
essuyons,VERB,18264
essuyâmes,VERB,18264
essuyât,VERB,18264
essuyâtes,VERB,18264
essuyèrent,VERB,18264
essuyé,VERB,18264
essuyée,VERB,18264
essuyées,VERB,18264
essuyés,VERB,18264
est,VERB,13902
estima,VERB,13948
estimai,VERB,13948
estimaient,VERB,13948
estimais,VERB,13948
estimait,VERB,13948
estimant,VERB,13948
estimas,VERB,13948
estimasse,VERB,13948
estimassent,VERB,13948
estimasses,VERB,13948
estimassiez,VERB,13948
estimassions,VERB,13948
estime,VERB,13948
estiment,VERB,13948
estimer,PRON,13948
estimera,VERB,13948
estimerai,VERB,13948
estimeraient,VERB,13948
estimerais,VERB,13948
estimerait,VERB,13948
estimeras,VERB,13948
estimerez,VERB,13948
estimeriez,VERB,13948
estimerions,VERB,13948
estimerons,VERB,13948
estimeront,VERB,13948
estimes,VERB,13948
estimez,VERB,13948
estimiez,VERB,13948
estimions,VERB,13948
estimons,VERB,13948
estimâmes,VERB,13948
estimât,VERB,13948
estimâtes,VERB,13948
estimèrent,VERB,13948
estimé,VERB,13948
estimée,VERB,13948
estimées,VERB,13948
estimés,VERB,13948
estonie,VERB,24097
estrade,VERB,24214
estrade0,VERB,24214
estrades,VERB,24214
et,NOUN,12374
etats-unis,VERB,24776
etrog,VERB,13946
eu,VERB,14685
eucharistie,VERB,21105
eucharistie0,VERB,21105
eucharisties,VERB,21105
eue,VERB,14685
eues,VERB,14685
eurent,VERB,14685
euro,VERB,21541
euro0,VERB,21541
europe,VERB,22606
euros,VERB,21541
eus,VERB,14685
eusse,VERB,14685
eussent,VERB,14685
eusses,VERB,14685
eussiez,VERB,14685
eussions,VERB,14685
eussé,VERB,14685
eut,VERB,14685
eux-mêmes,PREP,17715
eve,PREP,21064
exaltation,VERB,14120
exaltation0,VERB,14120
exaltations,VERB,14120
examen,VERB,24441
examen médical,VERB,24480
examen0,VERB,24441
examens,VERB,24441
examina,VERB,24442
examinai,VERB,24442
examinaient,VERB,24442
examinais,VERB,24442
examinait,VERB,24442
examinant,VERB,24442
examinas,VERB,24442
examinasse,VERB,24442
examinassent,VERB,24442
examinasses,VERB,24442
examinassiez,VERB,24442
examinassions,VERB,24442
examine,VERB,24442
examinent,VERB,24442
examiner,PRON,24442
examinera,VERB,24442
examinerai,VERB,24442
examineraient,VERB,24442
examinerais,VERB,24442
examinerait,VERB,24442
examineras,VERB,24442
examinerez,VERB,24442
examineriez,VERB,24442
examinerions,VERB,24442
examinerons,VERB,24442
examineront,VERB,24442
examines,VERB,24442
examinez,VERB,24442
examiniez,VERB,24442
examinions,VERB,24442
examinons,VERB,24442
examinâmes,VERB,24442
examinât,VERB,24442
examinâtes,VERB,24442
examinèrent,VERB,24442
examiné,VERB,24442
examinée,VERB,24442
examinées,VERB,24442
examinés,VERB,24442
excellence,VERB,14640
excellence0,VERB,14640
excellences,VERB,14640
excellent,ADJ,21343
excellent0,VERB,21343
excellente,VERB,21343
excellentes,VERB,21343
excellents,VERB,21343
excitant,ADJ,23868
excitant0,VERB,23868
excitants,VERB,23868
excitation,VERB,23869
excitation sexuelle,VERB,16929
excitation0,VERB,23869
excitations,VERB,23869
exclu,VERB,14121
excluaient,VERB,14121
excluais,VERB,14121
excluait,VERB,14121
excluant,VERB,14121
exclue,VERB,14121
excluent,VERB,14121
exclues,VERB,14121
excluez,VERB,14121
excluiez,VERB,14121
excluions,VERB,14121
excluons,VERB,14121
exclura,VERB,14121
exclurai,VERB,14121
excluraient,VERB,14121
exclurais,VERB,14121
exclurait,VERB,14121
excluras,VERB,14121
exclure,PRON,14121
exclurent,VERB,14121
exclurez,VERB,14121
excluriez,VERB,14121
exclurions,VERB,14121
exclurons,VERB,14121
excluront,VERB,14121
exclus,VERB,14121
exclusse,VERB,14121
exclussent,VERB,14121
exclusses,VERB,14121
exclussiez,VERB,14121
exclussions,VERB,14121
exclut,VERB,14121
exclûmes,VERB,14121
exclût,VERB,14121
exclûtes,VERB,14121
excrément,VERB,12884
excrément0,VERB,12884
excréments,VERB,12884
excursion,VERB,15945
excursion0,VERB,15945
excursions,VERB,15945
excusa,VERB,14123
excusai,VERB,14123
excusaient,VERB,14123
excusais,VERB,14123
excusait,VERB,14123
excusant,VERB,14123
excusas,VERB,14123
excusasse,VERB,14123
excusassent,VERB,14123
excusasses,VERB,14123
excusassiez,VERB,14123
excusassions,VERB,14123
excuse,VERB,14122
excuse0,VERB,14122
excusent,VERB,14123
excuser,PRON,14123
excuser-,PRON,12404
excusera,VERB,14123
excuserai,VERB,14123
excuseraient,VERB,14123
excuserais,VERB,14123
excuserait,VERB,14123
excuseras,VERB,14123
excuserez,VERB,14123
excuseriez,VERB,14123
excuserions,VERB,14123
excuserons,VERB,14123
excuseront,VERB,14123
excuses,VERB,14123
excusez,VERB,14123
excusiez,VERB,14123
excusions,VERB,14123
excusons,VERB,14123
excusâmes,VERB,14123
excusât,VERB,14123
excusâtes,VERB,14123
excusèrent,VERB,14123
excusé,VERB,14123
excusée,VERB,14123
excusées,VERB,14123
excusés,VERB,14123
exemplaire unique,VERB,17978
exerce,VERB,14124
exercent,VERB,14124
exercer,PRON,14124
exercera,VERB,14124
exercerai,VERB,14124
exerceraient,VERB,14124
exercerais,VERB,14124
exercerait,VERB,14124
exerceras,VERB,14124
exercerez,VERB,14124
exerceriez,VERB,14124
exercerions,VERB,14124
exercerons,VERB,14124
exerceront,VERB,14124
exerces,VERB,14124
exercez,VERB,14124
exerciez,VERB,14124
exercions,VERB,14124
exercèrent,VERB,14124
exercé,VERB,14124
exercée,VERB,14124
exercées,VERB,14124
exercés,VERB,14124
exerça,VERB,14124
exerçai,VERB,14124
exerçaient,VERB,14124
exerçais,VERB,14124
exerçait,VERB,14124
exerçant,VERB,14124
exerças,VERB,14124
exerçasse,VERB,14124
exerçassent,VERB,14124
exerçasses,VERB,14124
exerçassiez,VERB,14124
exerçassions,VERB,14124
exerçons,VERB,14124
exerçâmes,VERB,14124
exerçât,VERB,14124
exerçâtes,VERB,14124
exhiba,VERB,24843
exhibai,VERB,24843
exhibaient,VERB,24843
exhibais,VERB,24843
exhibait,VERB,24843
exhibant,VERB,24843
exhibas,VERB,24843
exhibasse,VERB,24843
exhibassent,VERB,24843
exhibasses,VERB,24843
exhibassiez,VERB,24843
exhibassions,VERB,24843
exhibe,VERB,24843
exhibent,VERB,24843
exhiber,VERB,24843
exhiber-,PRON,24843
exhibera,VERB,24843
exhiberai,VERB,24843
exhiberaient,VERB,24843
exhiberais,VERB,24843
exhiberait,VERB,24843
exhiberas,VERB,24843
exhiberez,VERB,24843
exhiberiez,VERB,24843
exhiberions,VERB,24843
exhiberons,VERB,24843
exhiberont,VERB,24843
exhibes,VERB,24843
exhibez,VERB,24843
exhibiez,VERB,24843
exhibions,VERB,24843
exhibitionnisme,VERB,14125
exhibitionnisme0,VERB,14125
exhibitionnismes,VERB,14125
exhibons,VERB,24843
exhibâmes,VERB,24843
exhibât,VERB,24843
exhibâtes,VERB,24843
exhibèrent,VERB,24843
exhibé,VERB,24843
exhibée,VERB,24843
exhibées,VERB,24843
exhibés,VERB,24843
exige,VERB,21336
exigea,VERB,21336
exigeai,VERB,21336
exigeaient,VERB,21336
exigeais,VERB,21336
exigeait,VERB,21336
exigeant,VERB,21336
exigeas,VERB,21336
exigeasse,VERB,21336
exigeassent,VERB,21336
exigeasses,VERB,21336
exigeassiez,VERB,21336
exigeassions,VERB,21336
exigent,VERB,21336
exigeons,VERB,21336
exiger,PRON,21336
exigera,VERB,21336
exigerai,VERB,21336
exigeraient,VERB,21336
exigerais,VERB,21336
exigerait,VERB,21336
exigeras,VERB,21336
exigerez,VERB,21336
exigeriez,VERB,21336
exigerions,VERB,21336
exigerons,VERB,21336
exigeront,VERB,21336
exiges,VERB,21336
exigez,VERB,21336
exigeâmes,VERB,21336
exigeât,VERB,21336
exigeâtes,VERB,21336
exigiez,VERB,21336
exigions,VERB,21336
exigèrent,VERB,21336
exigé,VERB,21336
exigée,VERB,21336
exigées,VERB,21336
exigés,VERB,21336
exista,VERB,12639
existai,VERB,12639
existaient,VERB,12639
existais,VERB,12639
existait,VERB,12639
existant,VERB,12639
existas,VERB,12639
existasse,VERB,12639
existassent,VERB,12639
existasses,VERB,12639
existassiez,VERB,12639
existassions,VERB,12639
existe,VERB,12639
existence,VERB,24098
existence0,VERB,24098
existence_,VERB,24098
existences,VERB,24098
existent,VERB,12639
exister,PRON,12639
existera,VERB,12639
existerai,VERB,12639
existeraient,VERB,12639
existerais,VERB,12639
existerait,VERB,12639
existeras,VERB,12639
existerez,VERB,12639
existeriez,VERB,12639
existerions,VERB,12639
existerons,VERB,12639
existeront,VERB,12639
existes,VERB,12639
existez,VERB,12639
existiez,VERB,12639
existions,VERB,12639
existons,VERB,12639
existâmes,VERB,12639
existât,VERB,12639
existâtes,VERB,12639
existèrent,VERB,12639
existé,VERB,12639
explicite,ADJ,14961
explicite0,VERB,14961
explicites,VERB,14961
expliqua,VERB,14130
expliquai,VERB,14130
expliquaient,VERB,14130
expliquais,VERB,14130
expliquait,VERB,14130
expliquant,VERB,14130
expliquas,VERB,14130
expliquasse,VERB,14130
expliquassent,VERB,14130
expliquasses,VERB,14130
expliquassiez,VERB,14130
expliquassions,VERB,14130
explique,VERB,14130
expliquent,VERB,14130
expliquer,PRON,14130
expliquera,VERB,14130
expliquerai,VERB,14130
expliqueraient,VERB,14130
expliquerais,VERB,14130
expliquerait,VERB,14130
expliqueras,VERB,14130
expliquerez,VERB,14130
expliqueriez,VERB,14130
expliquerions,VERB,14130
expliquerons,VERB,14130
expliqueront,VERB,14130
expliques,VERB,14130
expliquez,VERB,14130
expliquiez,VERB,14130
expliquions,VERB,14130
expliquons,VERB,14130
expliquâmes,VERB,14130
expliquât,VERB,14130
expliquâtes,VERB,14130
expliquèrent,VERB,14130
expliqué,VERB,14130
expliquée,VERB,14130
expliquées,VERB,14130
expliqués,VERB,14130
exploit,VERB,24402
exploit0,VERB,24402
exploits,VERB,24402
explosa,VERB,14131
explosai,VERB,14131
explosaient,VERB,14131
explosais,VERB,14131
explosait,VERB,14131
explosant,VERB,14131
explosas,VERB,14131
explosasse,VERB,14131
explosassent,VERB,14131
explosasses,VERB,14131
explosassiez,VERB,14131
explosassions,VERB,14131
explose,VERB,14131
explosent,VERB,14131
exploser,PRON,14131
explosera,VERB,14131
exploserai,VERB,14131
exploseraient,VERB,14131
exploserais,VERB,14131
exploserait,VERB,14131
exploseras,VERB,14131
exploserez,VERB,14131
exploseriez,VERB,14131
exploserions,VERB,14131
exploserons,VERB,14131
exploseront,VERB,14131
exploses,VERB,14131
explosez,VERB,14131
explosiez,VERB,14131
explosif,VERB,24036
explosif0,VERB,24036
explosifs,VERB,24036
explosion,VERB,14132
explosion0,VERB,14132
explosions,VERB,14131
explosons,VERB,14131
explosâmes,VERB,14131
explosât,VERB,14131
explosâtes,VERB,14131
explosèrent,VERB,14131
explosé,ADJ,24100
explosé0,VERB,24100
explosée,VERB,24100
explosées,VERB,24100
explosés,VERB,24100
exporta,VERB,23490
exportai,VERB,23490
exportaient,VERB,23490
exportais,VERB,23490
exportait,VERB,23490
exportant,VERB,23490
exportas,VERB,23490
exportasse,VERB,23490
exportassent,VERB,23490
exportasses,VERB,23490
exportassiez,VERB,23490
exportassions,VERB,23490
exportation,VERB,23489
exportation0,VERB,23489
exportations,VERB,23489
exporte,VERB,23490
exportent,VERB,23490
exporter,PRON,23490
exportera,VERB,23490
exporterai,VERB,23490
exporteraient,VERB,23490
exporterais,VERB,23490
exporterait,VERB,23490
exporteras,VERB,23490
exporterez,VERB,23490
exporteriez,VERB,23490
exporterions,VERB,23490
exporterons,VERB,23490
exporteront,VERB,23490
exportes,VERB,23490
exportez,VERB,23490
exportiez,VERB,23490
exportions,VERB,23490
exportons,VERB,23490
exportâmes,VERB,23490
exportât,VERB,23490
exportâtes,VERB,23490
exportèrent,VERB,23490
exporté,ADJ,23492
exportée,VERB,23490
exportées,VERB,23490
exportés,VERB,23490
exprima,VERB,16728
exprimai,VERB,16728
exprimaient,VERB,16728
exprimais,VERB,16728
exprimait,VERB,16728
exprimant,VERB,16728
exprimas,VERB,16728
exprimasse,VERB,16728
exprimassent,VERB,16728
exprimasses,VERB,16728
exprimassiez,VERB,16728
exprimassions,VERB,16728
exprime,VERB,16728
expriment,VERB,16728
exprimer,PRON,16728
exprimera,VERB,16728
exprimerai,VERB,16728
exprimeraient,VERB,16728
exprimerais,VERB,16728
exprimerait,VERB,16728
exprimeras,VERB,16728
exprimerez,VERB,16728
exprimeriez,VERB,16728
exprimerions,VERB,16728
exprimerons,VERB,16728
exprimeront,VERB,16728
exprimes,VERB,16728
exprimez,VERB,16728
exprimiez,VERB,16728
exprimions,VERB,16728
exprimons,VERB,16728
exprimâmes,VERB,16728
exprimât,VERB,16728
exprimâtes,VERB,16728
exprimèrent,VERB,16728
exprimé,VERB,16728
exprimée,VERB,16728
exprimées,VERB,16728
exprimés,VERB,16728
expérience,VERB,24893
expérience0,VERB,24893
expériences,VERB,24893
expérimenta,VERB,24099
expérimentai,VERB,24099
expérimentaient,VERB,24099
expérimentais,VERB,24099
expérimentait,VERB,24099
expérimentant,VERB,24099
expérimentas,VERB,24099
expérimentasse,VERB,24099
expérimentassent,VERB,24099
expérimentasses,VERB,24099
expérimentassiez,VERB,24099
expérimentassions,VERB,24099
expérimentation,VERB,24893
expérimentation0,VERB,24893
expérimentations,VERB,24893
expérimente,VERB,24099
expérimentent,VERB,24099
expérimenter,PRON,24099
expérimentera,VERB,24099
expérimenterai,VERB,24099
expérimenteraient,VERB,24099
expérimenterais,VERB,24099
expérimenterait,VERB,24099
expérimenteras,VERB,24099
expérimenterez,VERB,24099
expérimenteriez,VERB,24099
expérimenterions,VERB,24099
expérimenterons,VERB,24099
expérimenteront,VERB,24099
expérimentes,VERB,24099
expérimentez,VERB,24099
expérimentiez,VERB,24099
expérimentions,VERB,24099
expérimentons,VERB,24099
expérimentâmes,VERB,24099
expérimentât,VERB,24099
expérimentâtes,VERB,24099
expérimentèrent,VERB,24099
expérimenté,VERB,24099
expérimentée,VERB,24099
expérimentées,VERB,24099
expérimentés,VERB,24099
extase,VERB,14120
extase0,VERB,14120
extases,VERB,14120
extérieur,NOUN,15942
extérieur0,VERB,15942
extérieurs,VERB,15942
exécuta,VERB,23005
exécutai,VERB,23005
exécutaient,VERB,23005
exécutais,VERB,23005
exécutait,VERB,23005
exécutant,VERB,23005
exécutas,VERB,23005
exécutasse,VERB,23005
exécutassent,VERB,23005
exécutasses,VERB,23005
exécutassiez,VERB,23005
exécutassions,VERB,23005
exécute,VERB,23005
exécutent,VERB,23005
exécuter,PRON,23005
exécutera,VERB,23005
exécuterai,VERB,23005
exécuteraient,VERB,23005
exécuterais,VERB,23005
exécuterait,VERB,23005
exécuteras,VERB,23005
exécuterez,VERB,23005
exécuteriez,VERB,23005
exécuterions,VERB,23005
exécuterons,VERB,23005
exécuteront,VERB,23005
exécutes,VERB,23005
exécutez,VERB,23005
exécutiez,VERB,23005
exécutions,VERB,23005
exécutons,VERB,23005
exécutâmes,VERB,23005
exécutât,VERB,23005
exécutâtes,VERB,23005
exécutèrent,VERB,23005
exécuté,VERB,23005
exécutée,VERB,23005
exécutées,VERB,23005
exécutés,VERB,23005
eûmes,VERB,14685
eût,VERB,14685
eûtes,VERB,14685
fabricant,PREP,15412
fabricant0,VERB,15412
fabricante,VERB,15412
fabricantes,VERB,15412
fabricants,VERB,15412
fabrication,VERB,23583
fabrication0,VERB,23583
fabrications,VERB,23583
fabriqua,VERB,15410
fabriquai,VERB,15410
fabriquaient,VERB,15410
fabriquais,VERB,15410
fabriquait,VERB,15410
fabriquant,VERB,15410
fabriquas,VERB,15410
fabriquasse,VERB,15410
fabriquassent,VERB,15410
fabriquasses,VERB,15410
fabriquassiez,VERB,15410
fabriquassions,VERB,15410
fabrique,VERB,14140
fabrique0,VERB,14140
fabriquent,VERB,15410
fabriquer,PRON,15410
fabriquera,VERB,15410
fabriquerai,VERB,15410
fabriqueraient,VERB,15410
fabriquerais,VERB,15410
fabriquerait,VERB,15410
fabriqueras,VERB,15410
fabriquerez,VERB,15410
fabriqueriez,VERB,15410
fabriquerions,VERB,15410
fabriquerons,VERB,15410
fabriqueront,VERB,15410
fabriques,VERB,14140
fabriquez,VERB,15410
fabriquiez,VERB,15410
fabriquions,VERB,15410
fabriquons,VERB,15410
fabriquâmes,VERB,15410
fabriquât,VERB,15410
fabriquâtes,VERB,15410
fabriquèrent,VERB,15410
fabriqué,VERB,15410
fabriquée,VERB,15410
fabriquées,VERB,15410
fabriqués,VERB,15410
facile,ADJ,13905
facile0,VERB,13905
faciles,VERB,13905
facilité,VERB,24890
facilité0,VERB,24890
facilités,VERB,24890
facteur,PREP,15199
facteur0,VERB,15199
facteurs,VERB,15199
factrice,VERB,15199
factrices,VERB,15199
facture,VERB,24681
facture0,VERB,24681
factures,VERB,24681
fade,ADJ,22353
fade0,VERB,22353
fades,VERB,22353
faible,ADJ,18213
faible hauteur,VERB,24918
faible élévation,VERB,24918
faible0,VERB,18213
faibles,VERB,18213
faire,PRON,13860
faire bouillir,PRON,12871
faire caca,PRON,15668
faire concurrence-,PRON,13392
faire de l'exercice,PRON,14124
faire de la recherche,PRON,24935
faire du patin à roulettes,PRON,16684
faire du vélo,PRON,21832
faire la course,PRON,13392
faire la vaisselle,VERB,23705
faire le lit,PRON,23575
faire le signe de croix,PRON,24183
faire mal-,PRON,14913
faire pipi,PRON,17989
faire pousser,PRON,16459
faire rouler,PRON,23640
faire régime,PRON,13674
faire surgir,PRON,23453
faire un clin d'oeil,PRON,18260
faire un régime,PRON,13674
faire un shampooing,PRON,24262
faire une brèche,VERB,24630
faire une conférence,PRON,23565
faire voir,PRON,16967
fais,VERB,13860
faisaient,VERB,13860
faisais,VERB,13860
faisait,VERB,13860
faisant,VERB,13860
faisiez,VERB,13860
faisions,VERB,13860
faisons,VERB,13860
fait,VERB,14139
fait main,ADJ,15420
fait0,VERB,14139
faite,VERB,13860
faites,VERB,13860
faits,VERB,13860
falafel,VERB,14141
falafel0,VERB,14141
falafels,VERB,14141
famille,PREP,14144
famille monoparentale,PREP,21093
famille royale,VERB,24251
famille0,VERB,14144
familles,VERB,14144
famine,VERB,24283
famine0,VERB,24283
famines,VERB,24283
fanatique,ADJ,24105
fanatique de bliss,PREP,24027
fanatique de sport,PREP,24280
fanatique religieux,PREP,24235
fanatique0,VERB,24105
fanatiques,VERB,24105
fans club,VERB,24446
fantaisie,VERB,24895
fantaisie0,VERB,24895
fantaisies,VERB,24895
fantastique,ADJ,24829
fantastique0,VERB,24829
fantastiques,VERB,24829
fantôme,PREP,14436
fantôme0,VERB,14436
fantômes,VERB,14436
farci,ADJ,23501
fard pour le visage,VERB,15413
fard pour les yeux,VERB,14137
fard à joue,VERB,16692
farfalle,VERB,22131
farfalle0,VERB,22131
farfalles,VERB,22131
farine,VERB,14204
farine de maïs,VERB,13415
farine de riz,VERB,22135
farine0,VERB,14204
farines,VERB,14204
fasse,VERB,13860
fassent,VERB,13860
fasses,VERB,13860
fassiez,VERB,13860
fassions,VERB,13860
fatigué,ADJ,17735
faucon,VERB,14686
faucon0,VERB,14686
faucons,VERB,14686
fausse,VERB,14935
fausse-couche,VERB,15477
fausses,VERB,14935
faute,VERB,15479
faute0,VERB,15479
fautes,VERB,15479
fauteuil,VERB,12578
fauteuil roulant motorisé,VERB,13920
fauteuil roulant électrique,VERB,13920
fauteuil à bascule,VERB,16681
fauteuil0,VERB,12578
fauteuils,VERB,12578
faux,ADJ,14935
faux0,VERB,14935
favori,ADJ,14158
favori0,VERB,14158
favoris,VERB,14158
favorisa,VERB,23172
favorisai,VERB,23172
favorisaient,VERB,23172
favorisais,VERB,23172
favorisait,VERB,23172
favorisant,VERB,23172
favorisas,VERB,23172
favorisasse,VERB,23172
favorisassent,VERB,23172
favorisasses,VERB,23172
favorisassiez,VERB,23172
favorisassions,VERB,23172
favorise,VERB,23172
favorisent,VERB,23172
favoriser,PRON,23172
favorisera,VERB,23172
favoriserai,VERB,23172
favoriseraient,VERB,23172
favoriserais,VERB,23172
favoriserait,VERB,23172
favoriseras,VERB,23172
favoriserez,VERB,23172
favoriseriez,VERB,23172
favoriserions,VERB,23172
favoriserons,VERB,23172
favoriseront,VERB,23172
favorises,VERB,23172
favorisez,VERB,23172
favorisiez,VERB,23172
favorisions,VERB,23172
favorisons,VERB,23172
favorisâmes,VERB,23172
favorisât,VERB,23172
favorisâtes,VERB,23172
favorisèrent,VERB,23172
favorisé,VERB,23172
favorisée,VERB,23172
favorisées,VERB,23172
favorisés,VERB,23172
fax,VERB,23497
faxa,VERB,23498
faxai,VERB,23498
faxaient,VERB,23498
faxais,VERB,23498
faxait,VERB,23498
faxant,VERB,23498
faxas,VERB,23498
faxasse,VERB,23498
faxassent,VERB,23498
faxasses,VERB,23498
faxassiez,VERB,23498
faxassions,VERB,23498
faxe,VERB,23498
faxent,VERB,23498
faxer,PRON,23498
faxera,VERB,23498
faxerai,VERB,23498
faxeraient,VERB,23498
faxerais,VERB,23498
faxerait,VERB,23498
faxeras,VERB,23498
faxerez,VERB,23498
faxeriez,VERB,23498
faxerions,VERB,23498
faxerons,VERB,23498
faxeront,VERB,23498
faxes,VERB,23498
faxez,VERB,23498
faxiez,VERB,23498
faxions,VERB,23498
faxons,VERB,23498
faxâmes,VERB,23498
faxât,VERB,23498
faxâtes,VERB,23498
faxèrent,VERB,23498
faxé,VERB,23498
faxée,VERB,23498
faxées,VERB,23498
faxés,VERB,23498
feignaient,VERB,16247
feignais,VERB,16247
feignait,VERB,16247
feignant,VERB,16247
feigne,VERB,16247
feignent,VERB,16247
feignes,VERB,16247
feignez,VERB,16247
feigniez,VERB,16247
feignions,VERB,16247
feignirent,VERB,16247
feignis,VERB,16247
feignisse,VERB,16247
feignissent,VERB,16247
feignisses,VERB,16247
feignissiez,VERB,16247
feignissions,VERB,16247
feignit,VERB,16247
feignons,VERB,16247
feignîmes,VERB,16247
feignît,VERB,16247
feignîtes,VERB,16247
feindra,VERB,16247
feindrai,VERB,16247
feindraient,VERB,16247
feindrais,VERB,16247
feindrait,VERB,16247
feindras,VERB,16247
feindre,PRON,16247
feindrez,VERB,16247
feindriez,VERB,16247
feindrions,VERB,16247
feindrons,VERB,16247
feindront,VERB,16247
feins,VERB,16247
feint,VERB,16247
feinte,VERB,16247
feintes,VERB,16247
feints,VERB,16247
femelle,VERB,14166
femelle0,VERB,14166
femelles,VERB,14166
femme,PREP,18269
femme0,VERB,18269
femmes,VERB,18269
fenêtre,VERB,18256
fenêtre munie de barreaux,VERB,18257
fenêtre0,VERB,18256
fenêtres,VERB,18256
fer,VERB,23122
fer à cheval,VERB,24163
fer à repasser,VERB,14955
fer0,VERB,23122
fera,VERB,13860
ferai,VERB,13860
feraient,VERB,13860
ferais,VERB,13860
ferait,VERB,13860
feras,VERB,13860
ferez,VERB,13860
feriez,VERB,13860
ferions,VERB,13860
ferma,VERB,13364
fermai,VERB,13364
fermaient,VERB,13364
fermais,VERB,13364
fermait,VERB,13364
fermant,VERB,13364
fermas,VERB,13364
fermasse,VERB,13364
fermassent,VERB,13364
fermasses,VERB,13364
fermassiez,VERB,13364
fermassions,VERB,13364
ferme,VERB,14151
ferme0,VERB,14151
ferment,VERB,13364
fermer,PRON,13364
fermer à clef,PRON,15227
fermera,VERB,13364
fermerai,VERB,13364
fermeraient,VERB,13364
fermerais,VERB,13364
fermerait,VERB,13364
fermeras,VERB,13364
fermerez,VERB,13364
fermeriez,VERB,13364
fermerions,VERB,13364
fermerons,VERB,13364
fermeront,VERB,13364
fermes,VERB,13364
fermeture,VERB,14155
fermeture0,VERB,14155
fermetures,VERB,14155
fermez,VERB,13364
fermier,PREP,14152
fermier0,VERB,14152
fermiers,VERB,14152
fermiez,VERB,13364
fermions,VERB,13364
fermière,VERB,14152
fermières,VERB,14152
fermoir,VERB,14155
fermoir0,VERB,14155
fermoirs,VERB,14155
fermons,VERB,13364
fermâmes,VERB,13364
fermât,VERB,13364
fermâtes,VERB,13364
fermèrent,VERB,13364
fermé,VERB,13364
fermée,VERB,13364
fermées,VERB,13364
fermés,VERB,13364
ferons,VERB,13860
feront,VERB,13860
ferries,VERB,22083
ferronnerie artisanale,VERB,24190
ferry,VERB,22083
ferry0,VERB,22083
ferrys,VERB,22083
fers,VERB,23122
fertile,ADJ,14168
fertile0,VERB,14168
fertiles,VERB,14168
fertilité,VERB,14169
fertilité0,VERB,14169
fertilités,VERB,14169
fervent,ADJ,23860
fervent0,VERB,23860
fervente,VERB,23860
ferventes,VERB,23860
fervents,VERB,23860
fesses,VERB,13097
festivités,VERB,21287
feu,VERB,14183
feu de joie,VERB,12874
feu ouvert,VERB,14185
feu0,VERB,14183
feuille,VERB,15183
feuille d'érable,VERB,15422
feuille de travail,VERB,23715
feuille farcie,VERB,23504
feuille0,VERB,15183
feuilles,VERB,15183
feula,VERB,24151
feulai,VERB,24151
feulaient,VERB,24151
feulais,VERB,24151
feulait,VERB,24151
feulant,VERB,24151
feulas,VERB,24151
feulasse,VERB,24151
feulassent,VERB,24151
feulasses,VERB,24151
feulassiez,VERB,24151
feulassions,VERB,24151
feule,VERB,24151
feulent,VERB,24151
feuler,PRON,24151
feulera,VERB,24151
feulerai,VERB,24151
feuleraient,VERB,24151
feulerais,VERB,24151
feulerait,VERB,24151
feuleras,VERB,24151
feulerez,VERB,24151
feuleriez,VERB,24151
feulerions,VERB,24151
feulerons,VERB,24151
feuleront,VERB,24151
feules,VERB,24151
feulez,VERB,24151
feuliez,VERB,24151
feulions,VERB,24151
feulons,VERB,24151
feulâmes,VERB,24151
feulât,VERB,24151
feulâtes,VERB,24151
feulèrent,VERB,24151
feulé,VERB,24151
feux,VERB,14183
feux d'artifice,VERB,24655
fia,VERB,17784
fiai,VERB,17784
fiaient,VERB,17784
fiais,VERB,17784
fiait,VERB,17784
fiancé,ADJ,13937
fiancé0,VERB,13937
fiancée,VERB,13937
fiancées,VERB,13937
fiancés,VERB,13937
fiant,VERB,17784
fias,VERB,17784
fiasse,VERB,17784
fiassent,VERB,17784
fiasses,VERB,17784
fiassiez,VERB,17784
fiassions,VERB,17784
fiche électrique,VERB,16207
fichier,VERB,23500
fichier de sauvegarde,VERB,24640
fichier0,VERB,23500
fichiers,VERB,23500
fichu,VERB,21613
fichu0,VERB,21613
fichue,VERB,21613
fichues,VERB,21613
fichus,VERB,21613
fidélité,VERB,14172
fidélité0,VERB,14172
fidélités,VERB,14172
fie,VERB,17784
fient,VERB,17784
fier,ADJ,16422
fier-,PRON,17784
fiera,VERB,17784
fierai,VERB,17784
fieraient,VERB,17784
fierais,VERB,17784
fierait,VERB,17784
fieras,VERB,17784
fierez,VERB,17784
fieriez,VERB,17784
fierions,VERB,17784
fierons,VERB,17784
fieront,VERB,17784
fies,VERB,17784
fiez,VERB,17784
figure,VERB,14138
figure0,VERB,14138
figures,VERB,14138
fiiez,VERB,17784
fiions,VERB,17784
fil de fer,VERB,18265
fil dentaire,VERB,13655
fil métallique,VERB,18265
fil électrique,VERB,13921
file de personnes,VERB,23896
filet,VERB,23595
filet de pêche,VERB,21357
filet0,VERB,23595
filets,VERB,23595
fille,PREP,13638
fille0,VERB,13638
filles,VERB,13638
film,VERB,14177
film0,VERB,14177
films,VERB,14177
fils,PREP,17209
fin,VERB,13935
fin0,VERB,13935
finalement,ADJ,14178
fini,ADJ,24844
finie,VERB,14181
finies,VERB,14181
finir,PRON,14181
finira,VERB,14181
finirai,VERB,14181
finiraient,VERB,14181
finirais,VERB,14181
finirait,VERB,14181
finiras,VERB,14181
finirent,VERB,14181
finirez,VERB,14181
finiriez,VERB,14181
finirions,VERB,14181
finirons,VERB,14181
finiront,VERB,14181
finis,VERB,14181
finissaient,VERB,14181
finissais,VERB,14181
finissait,VERB,14181
finissant,VERB,14181
finisse,VERB,14181
finissent,VERB,14181
finisses,VERB,14181
finissez,VERB,14181
finissiez,VERB,14181
finissions,VERB,14181
finissons,VERB,14181
finit,VERB,14181
finlande,VERB,14182
fins,VERB,13935
finîmes,VERB,14181
finît,VERB,14181
finîtes,VERB,14181
fiole,VERB,12880
fiole0,VERB,12880
fioles,VERB,12880
fions,VERB,17784
firent,VERB,13860
fis,VERB,13860
fisse,VERB,13860
fissent,VERB,13860
fisses,VERB,13860
fissiez,VERB,13860
fissions,VERB,13860
fit,VERB,13860
fiâmes,VERB,17784
fiât,VERB,17784
fiâtes,VERB,17784
fièrent,VERB,17784
fièvre,VERB,24112
fièvre0,VERB,24112
fièvres,VERB,24112
fié,VERB,17784
fiée,VERB,17784
fiées,VERB,17784
fiés,VERB,17784
fjord,VERB,22613
fjord0,VERB,22613
fjords,VERB,22613
flacon,VERB,12880
flacon0,VERB,12880
flacons,VERB,12880
flaira,VERB,17018
flairai,VERB,17018
flairaient,VERB,17018
flairais,VERB,17018
flairait,VERB,17018
flairant,VERB,17018
flairas,VERB,17018
flairasse,VERB,17018
flairassent,VERB,17018
flairasses,VERB,17018
flairassiez,VERB,17018
flairassions,VERB,17018
flaire,VERB,17018
flairent,VERB,17018
flairer,PRON,17018
flairera,VERB,17018
flairerai,VERB,17018
flaireraient,VERB,17018
flairerais,VERB,17018
flairerait,VERB,17018
flaireras,VERB,17018
flairerez,VERB,17018
flaireriez,VERB,17018
flairerions,VERB,17018
flairerons,VERB,17018
flaireront,VERB,17018
flaires,VERB,17018
flairez,VERB,17018
flairiez,VERB,17018
flairions,VERB,17018
flairons,VERB,17018
flairâmes,VERB,17018
flairât,VERB,17018
flairâtes,VERB,17018
flairèrent,VERB,17018
flairé,VERB,17018
flairée,VERB,17018
flairées,VERB,17018
flairés,VERB,17018
flamme,VERB,14194
flamme0,VERB,14194
flammes,VERB,14194
fleur,VERB,14205
fleur d'eau,VERB,24778
fleur de lotus,VERB,24778
fleur de nénuphar,VERB,24778
fleur sauvage,VERB,14370
fleur séchée,VERB,24116
fleur0,VERB,14205
fleurs,VERB,14205
flocon,VERB,17195
flocon de neige,VERB,17195
flocon0,VERB,17195
flocons,VERB,17195
flot,VERB,14201
flot0,VERB,14201
flots,VERB,14201
flotta,VERB,14200
flottai,VERB,14200
flottaient,VERB,14200
flottais,VERB,14200
flottait,VERB,14200
flottant,VERB,14200
flottas,VERB,14200
flottasse,VERB,14200
flottassent,VERB,14200
flottasses,VERB,14200
flottassiez,VERB,14200
flottassions,VERB,14200
flotte,VERB,14200
flottent,VERB,14200
flotter,PRON,14200
flottera,VERB,14200
flotterai,VERB,14200
flotteraient,VERB,14200
flotterais,VERB,14200
flotterait,VERB,14200
flotteras,VERB,14200
flotterez,VERB,14200
flotteriez,VERB,14200
flotterions,VERB,14200
flotterons,VERB,14200
flotteront,VERB,14200
flottes,VERB,14200
flottez,VERB,14200
flottiez,VERB,14200
flottions,VERB,14200
flottons,VERB,14200
flottâmes,VERB,14200
flottât,VERB,14200
flottâtes,VERB,14200
flottèrent,VERB,14200
flotté,VERB,14200
flottée,VERB,14200
flottées,VERB,14200
flottés,VERB,14200
fluide,VERB,18209
fluide0,VERB,18209
fluides,VERB,18209
flèche,VERB,15476
flèche0,VERB,15476
flèches,VERB,15476
fléchettes,VERB,21850
flûte,VERB,23871
flûte alto,VERB,23938
flûte basse,VERB,23939
flûte de pan,VERB,23911
flûte piccolo_,VERB,23924
flûte soprano,VERB,23940
flûte traversière,VERB,23872
flûte ténor,VERB,23941
flûte à bec,VERB,23937
flûte0,VERB,23871
flûtes,VERB,23871
flûtiau,VERB,23920
flûtiau0,VERB,23920
flûtiaux,VERB,23920
foi,VERB,12660
foi chrétienne,VERB,21302
foi0,VERB,12660
foin,VERB,24147
foin0,VERB,24147
foins,VERB,24147
fois,VERB,12660
folder,VERB,21340
fonction,VERB,23516
fonction0,VERB,23516
fonctionna,VERB,23517
fonctionnai,VERB,23517
fonctionnaient,VERB,23517
fonctionnais,VERB,23517
fonctionnait,VERB,23517
fonctionnant,VERB,23517
fonctionnas,VERB,23517
fonctionnasse,VERB,23517
fonctionnassent,VERB,23517
fonctionnasses,VERB,23517
fonctionnassiez,VERB,23517
fonctionnassions,VERB,23517
fonctionne,VERB,23517
fonctionnel,ADJ,23518
fonctionnel0,VERB,23518
fonctionnelle,VERB,23518
fonctionnelles,VERB,23518
fonctionnels,VERB,23518
fonctionnent,VERB,23517
fonctionner,PRON,23517
fonctionnera,VERB,23517
fonctionnerai,VERB,23517
fonctionneraient,VERB,23517
fonctionnerais,VERB,23517
fonctionnerait,VERB,23517
fonctionneras,VERB,23517
fonctionnerez,VERB,23517
fonctionneriez,VERB,23517
fonctionnerions,VERB,23517
fonctionnerons,VERB,23517
fonctionneront,VERB,23517
fonctionnes,VERB,23517
fonctionnez,VERB,23517
fonctionniez,VERB,23517
fonctionnions,VERB,23517
fonctionnons,VERB,23517
fonctionnâmes,VERB,23517
fonctionnât,VERB,23517
fonctionnâtes,VERB,23517
fonctionnèrent,VERB,23517
fonctionné,VERB,23517
fonctions,VERB,23516
fond,VERB,12881
fond0,VERB,12881
fondaient,VERB,17699
fondais,VERB,17699
fondait,VERB,17699
fondamental,ADJ,24122
fondamental0,VERB,24122
fondamentale,VERB,24122
fondamentales,VERB,24122
fondamentalisme,VERB,24125
fondamentalisme0,VERB,24125
fondamentalismes,VERB,24125
fondamentaliste,PREP,24127
fondamentaliste0,VERB,24127
fondamentalistes,VERB,24127
fondamentaux,VERB,24122
fondant,VERB,17699
fondation,VERB,24120
fondation0,VERB,24120
fondations,VERB,23089
fonde,VERB,17699
fondement,VERB,24120
fondement0,VERB,24120
fondements,VERB,24120
fondent,VERB,17699
fondes,VERB,17699
fondez,VERB,17699
fondiez,VERB,17699
fondions,VERB,17699
fondirent,VERB,17699
fondis,VERB,17699
fondisse,VERB,17699
fondissent,VERB,17699
fondisses,VERB,17699
fondissiez,VERB,17699
fondissions,VERB,17699
fondit,VERB,17699
fondons,VERB,17699
fondra,VERB,17699
fondrai,VERB,17699
fondraient,VERB,17699
fondrais,VERB,17699
fondrait,VERB,17699
fondras,VERB,17699
fondre,PRON,17699
fondrez,VERB,17699
fondriez,VERB,17699
fondrions,VERB,17699
fondrons,VERB,17699
fondront,VERB,17699
fonds,VERB,12881
fondu,VERB,17699
fondue,VERB,17699
fondues,VERB,17699
fondus,VERB,17699
fondîmes,VERB,17699
fondît,VERB,17699
fondîtes,VERB,17699
font,VERB,13860
fontaine,VERB,24900
fontaine0,VERB,24900
fontaines,VERB,24900
football,VERB,14380
football américain,VERB,20593
football0,VERB,14380
footballs,VERB,14380
force,VERB,24941
force0,VERB,24941
forces,VERB,24941
forces armées,VERB,12579
forcé,ADJ,14383
forgeron,PREP,24417
forgeron0,VERB,24417
forgeronne,VERB,24417
forgeronnes,VERB,24417
forgerons,VERB,24417
formation,VERB,13908
formation0,VERB,13908
formations,VERB,13908
forme,VERB,16940
forme0,VERB,16940
formes,VERB,16940
formule 1,VERB,21830
fort,ADJ,17444
forteresse,VERB,24119
forteresse0,VERB,24119
forteresses,VERB,24119
forum,VERB,15450
forum0,VERB,15450
forums,VERB,15450
forêt,VERB,14386
forêt0,VERB,14386
forêts,VERB,14386
foudre,VERB,15209
foudre0,VERB,15209
foudres,VERB,15209
fouilla,VERB,16742
fouillai,VERB,16742
fouillaient,VERB,16742
fouillais,VERB,16742
fouillait,VERB,16742
fouillant,VERB,16742
fouillas,VERB,16742
fouillasse,VERB,16742
fouillassent,VERB,16742
fouillasses,VERB,16742
fouillassiez,VERB,16742
fouillassions,VERB,16742
fouille,VERB,16742
fouillent,VERB,16742
fouiller,PRON,16742
fouillera,VERB,16742
fouillerai,VERB,16742
fouilleraient,VERB,16742
fouillerais,VERB,16742
fouillerait,VERB,16742
fouilleras,VERB,16742
fouillerez,VERB,16742
fouilleriez,VERB,16742
fouillerions,VERB,16742
fouillerons,VERB,16742
fouilleront,VERB,16742
fouilles,VERB,16742
fouillez,VERB,16742
fouilliez,VERB,16742
fouillions,VERB,16742
fouillons,VERB,16742
fouillâmes,VERB,16742
fouillât,VERB,16742
fouillâtes,VERB,16742
fouillèrent,VERB,16742
fouillé,VERB,16742
fouillée,VERB,16742
fouillées,VERB,16742
fouillés,VERB,16742
foulard,VERB,16730
foulard0,VERB,16730
foulards,VERB,16730
four,VERB,17273
four micro-ondes,VERB,15463
four0,VERB,17273
fourchette,VERB,14389
fourchette0,VERB,14389
fourchettes,VERB,14389
fourgon,VERB,18000
fourgon0,VERB,18000
fourgons,VERB,18000
fourmi,VERB,12395
fourmi0,VERB,12395
fourmis,VERB,12395
fourneau,VERB,17273
fourneau0,VERB,17273
fourneaux,VERB,17273
fourrure,VERB,12387
fourrure0,VERB,12387
fourrures,VERB,12387
fourré,ADJ,23501
fourré0,VERB,23501
fourrés,VERB,23501
fours,VERB,17273
foyer,VERB,14885
foyer d'accueil,VERB,23513
foyer0,VERB,14885
foyers,VERB,14885
fracas,VERB,13440
fractura,VERB,12896
fracturai,VERB,12896
fracturaient,VERB,12896
fracturais,VERB,12896
fracturait,VERB,12896
fracturant,VERB,12896
fracturas,VERB,12896
fracturasse,VERB,12896
fracturassent,VERB,12896
fracturasses,VERB,12896
fracturassiez,VERB,12896
fracturassions,VERB,12896
fracture,VERB,24852
fracture0,VERB,24852
fracturent,VERB,12896
fracturer,PRON,12896
fracturera,VERB,12896
fracturerai,VERB,12896
fractureraient,VERB,12896
fracturerais,VERB,12896
fracturerait,VERB,12896
fractureras,VERB,12896
fracturerez,VERB,12896
fractureriez,VERB,12896
fracturerions,VERB,12896
fracturerons,VERB,12896
fractureront,VERB,12896
fractures,VERB,12896
fracturez,VERB,12896
fracturiez,VERB,12896
fracturions,VERB,12896
fracturons,VERB,12896
fracturâmes,VERB,12896
fracturât,VERB,12896
fracturâtes,VERB,12896
fracturèrent,VERB,12896
fracturé,VERB,12896
fracturée,VERB,12896
fracturées,VERB,12896
fracturés,VERB,12896
fragile,ADJ,12897
fragile0,VERB,12897
fragiles,VERB,12897
fragrance,VERB,15997
fragrance0,VERB,15997
fragrances,VERB,15997
frais,ADJ,13410
fraise,VERB,17278
fraise sauvage,VERB,24336
fraise0,VERB,17278
fraises,VERB,17278
framboise,VERB,16463
framboise0,VERB,16463
framboises,VERB,16463
franchi,VERB,13614
franchie,VERB,13614
franchies,VERB,13614
franchir,PRON,13614
franchira,VERB,13614
franchirai,VERB,13614
franchiraient,VERB,13614
franchirais,VERB,13614
franchirait,VERB,13614
franchiras,VERB,13614
franchirent,VERB,13614
franchirez,VERB,13614
franchiriez,VERB,13614
franchirions,VERB,13614
franchirons,VERB,13614
franchiront,VERB,13614
franchis,VERB,13614
franchissaient,VERB,13614
franchissais,VERB,13614
franchissait,VERB,13614
franchissant,VERB,13614
franchisse,VERB,13614
franchissent,VERB,13614
franchisses,VERB,13614
franchissez,VERB,13614
franchissiez,VERB,13614
franchissions,VERB,13614
franchissons,VERB,13614
franchit,VERB,13614
franchîmes,VERB,13614
franchît,VERB,13614
franchîtes,VERB,13614
fratrie,PREP,16972
fratrie0,VERB,16972
fratries,VERB,16972
frayeur,VERB,24831
frayeur0,VERB,24831
frayeurs,VERB,24831
fredonna,VERB,23884
fredonnai,VERB,23884
fredonnaient,VERB,23884
fredonnais,VERB,23884
fredonnait,VERB,23884
fredonnant,VERB,23884
fredonnas,VERB,23884
fredonnasse,VERB,23884
fredonnassent,VERB,23884
fredonnasses,VERB,23884
fredonnassiez,VERB,23884
fredonnassions,VERB,23884
fredonne,VERB,23884
fredonnent,VERB,23884
fredonner,VERB,23884
fredonnera,VERB,23884
fredonnerai,VERB,23884
fredonneraient,VERB,23884
fredonnerais,VERB,23884
fredonnerait,VERB,23884
fredonneras,VERB,23884
fredonnerez,VERB,23884
fredonneriez,VERB,23884
fredonnerions,VERB,23884
fredonnerons,VERB,23884
fredonneront,VERB,23884
fredonnes,VERB,23884
fredonnez,VERB,23884
fredonniez,VERB,23884
fredonnions,VERB,23884
fredonnons,VERB,23884
fredonnâmes,VERB,23884
fredonnât,VERB,23884
fredonnâtes,VERB,23884
fredonnèrent,VERB,23884
fredonné,VERB,23884
fredonnée,VERB,23884
fredonnées,VERB,23884
fredonnés,VERB,23884
frein,VERB,23821
frein0,VERB,23821
freina,VERB,24850
freinai,VERB,24850
freinaient,VERB,24850
freinais,VERB,24850
freinait,VERB,24850
freinant,VERB,24850
freinas,VERB,24850
freinasse,VERB,24850
freinassent,VERB,24850
freinasses,VERB,24850
freinassiez,VERB,24850
freinassions,VERB,24850
freine,VERB,24850
freinent,VERB,24850
freiner,PRON,24850
freinera,VERB,24850
freinerai,VERB,24850
freineraient,VERB,24850
freinerais,VERB,24850
freinerait,VERB,24850
freineras,VERB,24850
freinerez,VERB,24850
freineriez,VERB,24850
freinerions,VERB,24850
freinerons,VERB,24850
freineront,VERB,24850
freines,VERB,24850
freinez,VERB,24850
freiniez,VERB,24850
freinions,VERB,24850
freinons,VERB,24850
freins,VERB,23821
freinâmes,VERB,24850
freinât,VERB,24850
freinâtes,VERB,24850
freinèrent,VERB,24850
freiné,VERB,24850
freinée,VERB,24850
freinées,VERB,24850
freinés,VERB,24850
frey,PREP,22818
freya,PREP,22819
frictionna,VERB,16695
frictionnai,VERB,16695
frictionnaient,VERB,16695
frictionnais,VERB,16695
frictionnait,VERB,16695
frictionnant,VERB,16695
frictionnas,VERB,16695
frictionnasse,VERB,16695
frictionnassent,VERB,16695
frictionnasses,VERB,16695
frictionnassiez,VERB,16695
frictionnassions,VERB,16695
frictionne,VERB,16695
frictionnent,VERB,16695
frictionner,PRON,16695
frictionnera,VERB,16695
frictionnerai,VERB,16695
frictionneraient,VERB,16695
frictionnerais,VERB,16695
frictionnerait,VERB,16695
frictionneras,VERB,16695
frictionnerez,VERB,16695
frictionneriez,VERB,16695
frictionnerions,VERB,16695
frictionnerons,VERB,16695
frictionneront,VERB,16695
frictionnes,VERB,16695
frictionnez,VERB,16695
frictionniez,VERB,16695
frictionnions,VERB,16695
frictionnons,VERB,16695
frictionnâmes,VERB,16695
frictionnât,VERB,16695
frictionnâtes,VERB,16695
frictionnèrent,VERB,16695
frictionné,VERB,16695
frictionnée,VERB,16695
frictionnées,VERB,16695
frictionnés,VERB,16695
frigg,PREP,22651
frigidaire,VERB,23632
frigidaire0,VERB,23632
frigidaires,VERB,23632
frigo,VERB,23632
frigo0,VERB,23632
frigos,VERB,23632
frira,VERB,13653
frirai,VERB,13653
frirais,VERB,13653
frirait,VERB,13653
friras,VERB,13653
frire,PRON,13653
fris,VERB,13653
frisant,VERB,13653
frit,ADJ,22351
frite,VERB,24657
frite0,VERB,24657
frites,VERB,14398
friteuse,VERB,22585
friteuse0,VERB,22585
friteuses,VERB,22585
frits,VERB,13653
froid,ADJ,13375
froid0,VERB,13375
froide,VERB,13375
froides,VERB,13375
froids,VERB,13375
fromage,VERB,13157
fromage blanc granuleux,VERB,22364
fromage frais,VERB,22361
fromage à pâte dure,VERB,22358
fromage à pâte molle,VERB,22359
fromage à tartiner,VERB,22360
fromage0,VERB,13157
fromages,VERB,13157
froment,VERB,24780
froment0,VERB,24780
froments,VERB,24780
front,VERB,14384
front0,VERB,14384
fronts,VERB,14384
frotta,VERB,16695
frottai,VERB,16695
frottaient,VERB,16695
frottais,VERB,16695
frottait,VERB,16695
frottant,VERB,16695
frottas,VERB,16695
frottasse,VERB,16695
frottassent,VERB,16695
frottasses,VERB,16695
frottassiez,VERB,16695
frottassions,VERB,16695
frotte,VERB,16695
frottent,VERB,16695
frotter,PRON,16695
frottera,VERB,16695
frotterai,VERB,16695
frotteraient,VERB,16695
frotterais,VERB,16695
frotterait,VERB,16695
frotteras,VERB,16695
frotterez,VERB,16695
frotteriez,VERB,16695
frotterions,VERB,16695
frotterons,VERB,16695
frotteront,VERB,16695
frottes,VERB,16695
frottez,VERB,16695
frottiez,VERB,16695
frottions,VERB,16695
frottons,VERB,16695
frottâmes,VERB,16695
frottât,VERB,16695
frottâtes,VERB,16695
frottèrent,VERB,16695
frotté,VERB,16695
frottée,VERB,16695
frottées,VERB,16695
frottés,VERB,16695
fruit,VERB,14405
fruit sec,VERB,24121
fruit0,VERB,14405
fruits,VERB,14405
frustrant,ADJ,14409
frustrant0,VERB,14409
frustrante,VERB,14409
frustrantes,VERB,14409
frustrants,VERB,14409
frustration,VERB,14410
frustration0,VERB,14410
frustrations,VERB,14410
frustré,ADJ,14408
frustré0,VERB,14408
frustrée,VERB,14408
frustrées,VERB,14408
frustrés,VERB,14408
frère,PREP,12909
frère ou sœur,PREP,16972
frère0,VERB,12909
frères,VERB,12909
frémi,VERB,16987
frémir,PRON,16987
frémira,VERB,16987
frémirai,VERB,16987
frémiraient,VERB,16987
frémirais,VERB,16987
frémirait,VERB,16987
frémiras,VERB,16987
frémirent,VERB,16987
frémirez,VERB,16987
frémiriez,VERB,16987
frémirions,VERB,16987
frémirons,VERB,16987
frémiront,VERB,16987
frémis,VERB,16987
frémissaient,VERB,16987
frémissais,VERB,16987
frémissait,VERB,16987
frémissant,VERB,16987
frémisse,VERB,16987
frémissent,VERB,16987
frémisses,VERB,16987
frémissez,VERB,16987
frémissiez,VERB,16987
frémissions,VERB,16987
frémissons,VERB,16987
frémit,VERB,16987
frémîmes,VERB,16987
frémît,VERB,16987
frémîtes,VERB,16987
frénésie d'achat,VERB,24757
fuma,VERB,17185
fumai,VERB,17185
fumaient,VERB,17185
fumais,VERB,17185
fumait,VERB,17185
fumant,VERB,17185
fumas,VERB,17185
fumasse,VERB,17185
fumassent,VERB,17185
fumasses,VERB,17185
fumassiez,VERB,17185
fumassions,VERB,17185
fume,VERB,17185
fument,VERB,17185
fumer,PRON,17185
fumera,VERB,17185
fumerai,VERB,17185
fumeraient,VERB,17185
fumerais,VERB,17185
fumerait,VERB,17185
fumeras,VERB,17185
fumerez,VERB,17185
fumeriez,VERB,17185
fumerions,VERB,17185
fumerons,VERB,17185
fumeront,VERB,17185
fumes,VERB,17185
fumez,VERB,17185
fumier,VERB,24185
fumier0,VERB,24185
fumiers,VERB,24185
fumiez,VERB,17185
fumions,VERB,17185
fumons,VERB,17185
fumâmes,VERB,17185
fumât,VERB,17185
fumâtes,VERB,17185
fumèrent,VERB,17185
fumé,VERB,17185
fumée,VERB,17022
fumées,VERB,17185
fumés,VERB,17185
funiculaire,VERB,24042
funiculaire0,VERB,24042
funiculaires,VERB,24042
funérailles,VERB,20577
furent,VERB,12639
fus,VERB,12639
fusil,VERB,14655
fusil0,VERB,14655
fusils,VERB,14655
fusse,VERB,12639
fussent,VERB,12639
fusses,VERB,12639
fussiez,VERB,12639
fussions,VERB,12639
fussé,VERB,12639
fusée,VERB,16680
fusée0,VERB,16680
fusées,VERB,16680
fut,VERB,12639
futur,VERB,14417
futur0,VERB,14417
future,VERB,14417
futures,VERB,14417
futurs,VERB,14417
fâché,ADJ,12377
fève,VERB,12642
fève0,VERB,12642
fèves,VERB,12642
fécondation,VERB,13395
fécondation0,VERB,13395
fécondations,VERB,13395
fécondité,VERB,14169
fécondité0,VERB,14169
fécondités,VERB,14169
fécondé,ADJ,24110
fécule de maïs,VERB,13415
félicita,VERB,15437
félicitai,VERB,15437
félicitaient,VERB,15437
félicitais,VERB,15437
félicitait,VERB,15437
félicitant,VERB,15437
félicitas,VERB,15437
félicitasse,VERB,15437
félicitassent,VERB,15437
félicitasses,VERB,15437
félicitassiez,VERB,15437
félicitassions,VERB,15437
félicitations,OTHER,15487
félicite,VERB,15437
félicitent,VERB,15437
féliciter,PRON,15437
félicitera,VERB,15437
féliciterai,VERB,15437
féliciteraient,VERB,15437
féliciterais,VERB,15437
féliciterait,VERB,15437
féliciteras,VERB,15437
féliciterez,VERB,15437
féliciteriez,VERB,15437
féliciterions,VERB,15437
féliciterons,VERB,15437
féliciteront,VERB,15437
félicites,VERB,15437
félicitez,VERB,15437
félicitiez,VERB,15437
félicitions,VERB,15437
félicitons,VERB,15437
félicitâmes,VERB,15437
félicitât,VERB,15437
félicitâtes,VERB,15437
félicitèrent,VERB,15437
félicité,VERB,15437
félicitée,VERB,15437
félicitées,VERB,15437
félicités,VERB,15437
félidé,VERB,12383
félidé0,VERB,12383
félidés,VERB,12383
félin,VERB,12383
félin0,VERB,12383
féline,VERB,12383
félines,VERB,12383
félins,VERB,12383
féminin,ADJ,14165
féminin0,VERB,14165
féminins,VERB,14165
février,VERB,14161
février0,VERB,14161
févriers,VERB,14161
fêla,VERB,24630
fêlai,VERB,24630
fêlaient,VERB,24630
fêlais,VERB,24630
fêlait,VERB,24630
fêlant,VERB,24630
fêlas,VERB,24630
fêlasse,VERB,24630
fêlassent,VERB,24630
fêlasses,VERB,24630
fêlassiez,VERB,24630
fêlassions,VERB,24630
fêle,VERB,24630
fêlent,VERB,24630
fêler,VERB,24630
fêlera,VERB,24630
fêlerai,VERB,24630
fêleraient,VERB,24630
fêlerais,VERB,24630
fêlerait,VERB,24630
fêleras,VERB,24630
fêlerez,VERB,24630
fêleriez,VERB,24630
fêlerions,VERB,24630
fêlerons,VERB,24630
fêleront,VERB,24630
fêles,VERB,24630
fêlez,VERB,24630
fêliez,VERB,24630
fêlions,VERB,24630
fêlons,VERB,24630
fêlâmes,VERB,24630
fêlât,VERB,24630
fêlâtes,VERB,24630
fêlèrent,VERB,24630
fêlé,VERB,24630
fêlée,VERB,24630
fêlées,VERB,24630
fêlés,VERB,24630
fête,VERB,15973
fête de pourim,VERB,16435
fête des enfants,VERB,24059
fête des familles,VERB,24103
fête des mères,VERB,24195
fête des pères,VERB,24108
fête nationale d'indépendance,VERB,14937
fête0,VERB,15973
fêtes,VERB,15973
fîmes,VERB,13860
fît,VERB,13860
fîtes,VERB,13860
fûmes,VERB,12639
fût,VERB,12639
fûtes,VERB,12639
fœtus,VERB,14170
gage,VERB,18027
gage0,VERB,18027
gages,VERB,18027
gagna,VERB,13898
gagnai,VERB,13898
gagnaient,VERB,13898
gagnais,VERB,13898
gagnait,VERB,13898
gagnant,VERB,13898
gagnas,VERB,13898
gagnasse,VERB,13898
gagnassent,VERB,13898
gagnasses,VERB,13898
gagnassiez,VERB,13898
gagnassions,VERB,13898
gagne,VERB,13898
gagnent,VERB,13898
gagner,PRON,13898
gagnera,VERB,13898
gagnerai,VERB,13898
gagneraient,VERB,13898
gagnerais,VERB,13898
gagnerait,VERB,13898
gagneras,VERB,13898
gagnerez,VERB,13898
gagneriez,VERB,13898
gagnerions,VERB,13898
gagnerons,VERB,13898
gagneront,VERB,13898
gagnes,VERB,13898
gagnez,VERB,13898
gagniez,VERB,13898
gagnions,VERB,13898
gagnons,VERB,13898
gagnâmes,VERB,13898
gagnât,VERB,13898
gagnâtes,VERB,13898
gagnèrent,VERB,13898
gagné,VERB,13898
gagnée,VERB,13898
gagnées,VERB,13898
gagnés,VERB,13898
galanterie,VERB,24880
galanterie0,VERB,24880
galanteries,VERB,24880
galaxie,VERB,24451
galaxie0,VERB,24451
galaxies,VERB,24451
gale,VERB,24254
gale0,VERB,24254
galerie d'art,VERB,12582
gales,VERB,24254
galop,VERB,24901
galop0,VERB,24901
galopa,VERB,24129
galopai,VERB,24129
galopaient,VERB,24129
galopais,VERB,24129
galopait,VERB,24129
galopant,VERB,24129
galopas,VERB,24129
galopasse,VERB,24129
galopassent,VERB,24129
galopasses,VERB,24129
galopassiez,VERB,24129
galopassions,VERB,24129
galope,VERB,24129
galopent,VERB,24129
galoper,PRON,24129
galopera,VERB,24129
galoperai,VERB,24129
galoperaient,VERB,24129
galoperais,VERB,24129
galoperait,VERB,24129
galoperas,VERB,24129
galoperez,VERB,24129
galoperiez,VERB,24129
galoperions,VERB,24129
galoperons,VERB,24129
galoperont,VERB,24129
galopes,VERB,24129
galopez,VERB,24129
galopiez,VERB,24129
galopions,VERB,24129
galopons,VERB,24129
galops,VERB,24901
galopâmes,VERB,24129
galopât,VERB,24129
galopâtes,VERB,24129
galopèrent,VERB,24129
galopé,VERB,24129
galopée,VERB,24129
galopées,VERB,24129
galopés,VERB,24129
ganesh,PREP,14419
gant,VERB,14446
gant de sport,VERB,14445
gant de toilette,VERB,18040
gant en caoutchouc,VERB,22597
gant isolant,VERB,22596
gant0,VERB,14446
gants,VERB,14446
gara,VERB,23913
garage,VERB,14420
garage0,VERB,14420
garages,VERB,14420
garai,VERB,23913
garaient,VERB,23913
garais,VERB,23913
garait,VERB,23913
garant,VERB,23913
garas,VERB,23913
garasse,VERB,23913
garassent,VERB,23913
garasses,VERB,23913
garassiez,VERB,23913
garassions,VERB,23913
garda,VERB,15143
gardai,VERB,15143
gardaient,VERB,15143
gardais,VERB,15143
gardait,VERB,15143
gardant,VERB,15143
gardas,VERB,15143
gardasse,VERB,15143
gardassent,VERB,15143
gardasses,VERB,15143
gardassiez,VERB,15143
gardassions,VERB,15143
garde,VERB,15143
gardent,VERB,15143
garder,PRON,15143
gardera,VERB,15143
garderai,VERB,15143
garderaient,VERB,15143
garderais,VERB,15143
garderait,VERB,15143
garderas,VERB,15143
garderez,VERB,15143
garderie,VERB,24057
garderie0,VERB,24057
garderies,VERB,24057
garderiez,VERB,15143
garderions,VERB,15143
garderons,VERB,15143
garderont,VERB,15143
gardes,VERB,15143
gardez,VERB,15143
gardienne d'enfant,PREP,12608
gardiez,VERB,15143
gardions,VERB,15143
gardons,VERB,15143
gardâmes,VERB,15143
gardât,VERB,15143
gardâtes,VERB,15143
gardèrent,VERB,15143
gardé,VERB,15143
gardée,VERB,15143
gardées,VERB,15143
gardés,VERB,15143
gare,VERB,24284
gare des bus,VERB,24040
gare des trains,VERB,24314
gare ferroviaire,VERB,24314
gare0,VERB,24284
garent,VERB,23913
garer,PRON,23913
garera,VERB,23913
garerai,VERB,23913
gareraient,VERB,23913
garerais,VERB,23913
garerait,VERB,23913
gareras,VERB,23913
garerez,VERB,23913
gareriez,VERB,23913
garerions,VERB,23913
garerons,VERB,23913
gareront,VERB,23913
gares,VERB,23913
garez,VERB,23913
gariez,VERB,23913
garions,VERB,23913
garniture,VERB,24079
garniture0,VERB,24079
garnitures,VERB,24079
garons,VERB,23913
garâmes,VERB,23913
garât,VERB,23913
garâtes,VERB,23913
garçon,PREP,12888
garçon0,VERB,12888
garçonne,VERB,12888
garçonnes,VERB,12888
garçons,VERB,12888
garèrent,VERB,23913
garé,VERB,23913
garée,VERB,23913
garées,VERB,23913
garés,VERB,23913
gastro-entérite,VERB,24288
gastro-entérite0,VERB,24288
gastro-entérites,VERB,24288
gauche,ADJ,15187
gauche0,VERB,15187
gauches,VERB,15187
gaufre,VERB,22126
gaufre0,VERB,22126
gaufres,VERB,22126
gaz,VERB,14424
gazon,VERB,15180
gazon0,VERB,15180
gazons,VERB,15180
gazouilla,VERB,24060
gazouillai,VERB,24060
gazouillaient,VERB,24060
gazouillais,VERB,24060
gazouillait,VERB,24060
gazouillant,VERB,24060
gazouillas,VERB,24060
gazouillasse,VERB,24060
gazouillassent,VERB,24060
gazouillasses,VERB,24060
gazouillassiez,VERB,24060
gazouillassions,VERB,24060
gazouille,VERB,24060
gazouillent,VERB,24060
gazouiller,PRON,24060
gazouillera,VERB,24060
gazouillerai,VERB,24060
gazouilleraient,VERB,24060
gazouillerais,VERB,24060
gazouillerait,VERB,24060
gazouilleras,VERB,24060
gazouillerez,VERB,24060
gazouilleriez,VERB,24060
gazouillerions,VERB,24060
gazouillerons,VERB,24060
gazouilleront,VERB,24060
gazouilles,VERB,24060
gazouillez,VERB,24060
gazouilliez,VERB,24060
gazouillions,VERB,24060
gazouillons,VERB,24060
gazouillâmes,VERB,24060
gazouillât,VERB,24060
gazouillâtes,VERB,24060
gazouillèrent,VERB,24060
gazouillé,VERB,24060
gela,VERB,14397
gelai,VERB,14397
gelaient,VERB,14397
gelais,VERB,14397
gelait,VERB,14397
gelant,VERB,14397
gelas,VERB,14397
gelasse,VERB,14397
gelassent,VERB,14397
gelasses,VERB,14397
gelassiez,VERB,14397
gelassions,VERB,14397
geler,PRON,14397
gelez,VERB,14397
geliez,VERB,14397
gelions,VERB,14397
gelons,VERB,14397
gelâmes,VERB,14397
gelât,VERB,14397
gelâtes,VERB,14397
gelèrent,VERB,14397
gelé,ADJ,14925
gelée,VERB,14397
gelée de fruits,VERB,14965
gelées,VERB,14397
gelés,VERB,14397
genou,VERB,15157
genou0,VERB,15157
genouillère,VERB,21619
genouillère0,VERB,21619
genouillères,VERB,21619
genoux,VERB,15157
genre,VERB,14428
genre0,VERB,14428
genres,VERB,14428
gentil,ADJ,15149
gentil0,VERB,15149
gentille,VERB,15149
gentilles,VERB,15149
gentils,VERB,15149
gerbille,VERB,14434
gerbille0,VERB,14434
gerbilles,VERB,14434
geyser,VERB,24830
geyser0,VERB,24830
geysers,VERB,24830
gigantesque,ADJ,21354
gigantesque0,VERB,21354
gigantesques,VERB,21354
gilet de sauvetage,VERB,24687
gingembre,VERB,22318
gingembre0,VERB,22318
gingembres,VERB,22318
girafe,VERB,14438
girafe0,VERB,14438
girafes,VERB,14438
glace,VERB,14919
glace en bâtonnet,VERB,22368
glace à l'eau,VERB,22367
glace0,VERB,14919
glaces,VERB,14919
glacial,ADJ,14925
glacial0,VERB,14925
glaciale,VERB,14925
glaciales,VERB,14925
glaciaux,VERB,14925
glacier,VERB,24133
glacier0,VERB,24133
glaciers,VERB,24133
glacé,ADJ,13375
global,ADJ,24131
global0,VERB,24131
globale,VERB,24131
globales,VERB,24131
globaux,VERB,24131
go-cart,VERB,21822
go-kart,VERB,21822
gobelin,PREP,23525
gobelin0,VERB,23525
gobeline,VERB,23525
gobelines,VERB,23525
gobelins,VERB,23525
golf,VERB,14453
golf0,VERB,14453
golfs,VERB,14453
gombo,VERB,24706
gombo0,VERB,24706
gombos,VERB,24706
gong,VERB,23814
gong0,VERB,23814
gongs,VERB,23814
gopher,VERB,14460
gorge,VERB,15699
gorge0,VERB,15699
gorges,VERB,15699
gousse,VERB,22837
gousse0,VERB,22837
gousses,VERB,22837
gouttière,VERB,23103
gouttière0,VERB,23103
gouttières,VERB,23103
gouverna,VERB,14461
gouvernai,VERB,14461
gouvernaient,VERB,14461
gouvernail,VERB,22066
gouvernail0,VERB,22066
gouvernails,VERB,22066
gouvernais,VERB,14461
gouvernait,VERB,14461
gouvernant,VERB,14461
gouvernas,VERB,14461
gouvernasse,VERB,14461
gouvernassent,VERB,14461
gouvernasses,VERB,14461
gouvernassiez,VERB,14461
gouvernassions,VERB,14461
gouverne,VERB,14461
gouvernement,VERB,24812
gouvernement0,VERB,24812
gouvernements,VERB,24812
gouvernent,VERB,14461
gouverner,PRON,14461
gouvernera,VERB,14461
gouvernerai,VERB,14461
gouverneraient,VERB,14461
gouvernerais,VERB,14461
gouvernerait,VERB,14461
gouverneras,VERB,14461
gouvernerez,VERB,14461
gouverneriez,VERB,14461
gouvernerions,VERB,14461
gouvernerons,VERB,14461
gouverneront,VERB,14461
gouvernes,VERB,14461
gouvernez,VERB,14461
gouverniez,VERB,14461
gouvernions,VERB,14461
gouvernment,VERB,14462
gouvernons,VERB,14461
gouvernâmes,VERB,14461
gouvernât,VERB,14461
gouvernâtes,VERB,14461
gouvernèrent,VERB,14461
gouverné,VERB,14461
gouvernée,VERB,14461
gouvernées,VERB,14461
gouvernés,VERB,14461
goéland,VERB,14654
goéland0,VERB,14654
goélands,VERB,14654
goélette,VERB,22073
goélette0,VERB,22073
goélettes,VERB,22073
goût,VERB,17506
goût sucré,VERB,24946
goût0,VERB,17506
goûta,VERB,17507
goûtai,VERB,17507
goûtaient,VERB,17507
goûtais,VERB,17507
goûtait,VERB,17507
goûtant,VERB,17507
goûtas,VERB,17507
goûtasse,VERB,17507
goûtassent,VERB,17507
goûtasses,VERB,17507
goûtassiez,VERB,17507
goûtassions,VERB,17507
goûte,VERB,17507
goûtent,VERB,17507
goûter,PRON,17507
goûtera,VERB,17507
goûterai,VERB,17507
goûteraient,VERB,17507
goûterais,VERB,17507
goûterait,VERB,17507
goûteras,VERB,17507
goûterez,VERB,17507
goûteriez,VERB,17507
goûterions,VERB,17507
goûterons,VERB,17507
goûteront,VERB,17507
goûtes,VERB,17507
goûteuse,VERB,16506
goûteuses,VERB,16506
goûteux,ADJ,16506
goûteux0,VERB,16506
goûtez,VERB,17507
goûtiez,VERB,17507
goûtions,VERB,17507
goûtons,VERB,17507
goûts,VERB,17506
goûtâmes,VERB,17507
goûtât,VERB,17507
goûtâtes,VERB,17507
goûtèrent,VERB,17507
goûté,VERB,17507
goûtée,VERB,17507
goûtées,VERB,17507
goûtés,VERB,17507
gps,VERB,24660
grain,VERB,12642
grain0,VERB,12642
graine,VERB,16749
graine0,VERB,16749
graine_,VERB,13911
graines,VERB,16749
grains,VERB,12642
grand,ADJ,12835
grand magasin,VERB,23067
grand vent,VERB,17271
grand- père,PREP,14628
grand-maman,PREP,14629
grand-maman0,VERB,14629
grand-mamans,VERB,14629
grand-mère,PREP,14629
grand-mère0,VERB,14629
grand-mères,VERB,14629
grand-papa,PREP,14626
grand-parent,PREP,14632
grand-père,PREP,14626
grand0,VERB,12835
grande,VERB,12835
grande cuiller,VERB,22570
grande personne,PREP,12341
grande ville,VERB,23151
grandes,VERB,12835
grandeur,VERB,24875
grandeur0,VERB,24875
grandeurs,VERB,24875
grandi,VERB,14649
grandie,VERB,14649
grandies,VERB,14649
grandir,PRON,14649
grandira,VERB,14649
grandirai,VERB,14649
grandiraient,VERB,14649
grandirais,VERB,14649
grandirait,VERB,14649
grandiras,VERB,14649
grandirent,VERB,14649
grandirez,VERB,14649
grandiriez,VERB,14649
grandirions,VERB,14649
grandirons,VERB,14649
grandiront,VERB,14649
grandis,VERB,14649
grandissaient,VERB,14649
grandissais,VERB,14649
grandissait,VERB,14649
grandissant,VERB,14649
grandisse,VERB,14649
grandissent,VERB,14649
grandisses,VERB,14649
grandissez,VERB,14649
grandissiez,VERB,14649
grandissions,VERB,14649
grandissons,VERB,14649
grandit,VERB,14649
grands,VERB,12835
grandîmes,VERB,14649
grandît,VERB,14649
grandîtes,VERB,14649
grange,VERB,12630
grange0,VERB,12630
granges,VERB,12630
gras,ADJ,14156
gratin,VERB,23436
gratin0,VERB,23436
gratins,VERB,23436
gratta,VERB,24507
grattai,VERB,24507
grattaient,VERB,24507
grattais,VERB,24507
grattait,VERB,24507
grattant,VERB,24507
grattas,VERB,24507
grattasse,VERB,24507
grattassent,VERB,24507
grattasses,VERB,24507
grattassiez,VERB,24507
grattassions,VERB,24507
gratte,VERB,24507
gratte-ciel,VERB,23215
grattement,VERB,24506
grattement0,VERB,24506
grattements,VERB,24506
grattent,VERB,24507
gratter,PRON,24507
grattera,VERB,24507
gratterai,VERB,24507
gratteraient,VERB,24507
gratterais,VERB,24507
gratterait,VERB,24507
gratteras,VERB,24507
gratterez,VERB,24507
gratteriez,VERB,24507
gratterions,VERB,24507
gratterons,VERB,24507
gratteront,VERB,24507
grattes,VERB,24507
grattez,VERB,24507
grattiez,VERB,24507
grattions,VERB,24507
grattons,VERB,24507
grattâmes,VERB,24507
grattât,VERB,24507
grattâtes,VERB,24507
grattèrent,VERB,24507
gratté,VERB,24507
grattée,VERB,24507
grattées,VERB,24507
grattés,VERB,24507
greffier,PREP,23158
greffier0,VERB,23158
greffiers,VERB,23158
greffière,VERB,23158
greffières,VERB,23158
grelot,VERB,23935
grelot0,VERB,23935
grelots,VERB,23935
grenier,VERB,23026
grenier0,VERB,23026
greniers,VERB,23026
grenouille,VERB,14402
grenouille0,VERB,14402
grenouilles,VERB,14402
griffa,VERB,24507
griffai,VERB,24507
griffaient,VERB,24507
griffais,VERB,24507
griffait,VERB,24507
griffant,VERB,24507
griffas,VERB,24507
griffasse,VERB,24507
griffassent,VERB,24507
griffasses,VERB,24507
griffassiez,VERB,24507
griffassions,VERB,24507
griffe,VERB,13354
griffe0,VERB,13354
griffent,VERB,24507
griffer,PRON,24507
griffera,VERB,24507
grifferai,VERB,24507
grifferaient,VERB,24507
grifferais,VERB,24507
grifferait,VERB,24507
grifferas,VERB,24507
grifferez,VERB,24507
grifferiez,VERB,24507
grifferions,VERB,24507
grifferons,VERB,24507
grifferont,VERB,24507
griffes,VERB,13354
griffez,VERB,24507
griffiez,VERB,24507
griffions,VERB,24507
griffons,VERB,24507
griffâmes,VERB,24507
griffât,VERB,24507
griffâtes,VERB,24507
griffèrent,VERB,24507
griffé,VERB,24507
griffée,VERB,24507
griffées,VERB,24507
griffés,VERB,24507
grilla,VERB,12906
grillai,VERB,12906
grillaient,VERB,12906
grillais,VERB,12906
grillait,VERB,12906
grillant,VERB,12906
grillas,VERB,12906
grillasse,VERB,12906
grillassent,VERB,12906
grillasses,VERB,12906
grillassiez,VERB,12906
grillassions,VERB,12906
grille,VERB,24904
grille-pain,VERB,17742
grille0,VERB,24904
grillent,VERB,12906
griller,PRON,12906
griller du pain,PRON,17741
grillera,VERB,12906
grillerai,VERB,12906
grilleraient,VERB,12906
grillerais,VERB,12906
grillerait,VERB,12906
grilleras,VERB,12906
grillerez,VERB,12906
grilleriez,VERB,12906
grillerions,VERB,12906
grillerons,VERB,12906
grilleront,VERB,12906
grilles,VERB,12906
grillez,VERB,12906
grilliez,VERB,12906
grillions,VERB,12906
grillon,VERB,14637
grillon0,VERB,14637
grillons,VERB,12906
grillâmes,VERB,12906
grillât,VERB,12906
grillâtes,VERB,12906
grillèrent,VERB,12906
grillé,VERB,12906
grillée,VERB,12906
grillées,VERB,12906
grillés,VERB,12906
grimpa,VERB,13360
grimpai,VERB,13360
grimpaient,VERB,13360
grimpais,VERB,13360
grimpait,VERB,13360
grimpant,VERB,13360
grimpas,VERB,13360
grimpasse,VERB,13360
grimpassent,VERB,13360
grimpasses,VERB,13360
grimpassiez,VERB,13360
grimpassions,VERB,13360
grimpe,VERB,13360
grimpent,VERB,13360
grimper,PRON,13360
grimpera,VERB,13360
grimperai,VERB,13360
grimperaient,VERB,13360
grimperais,VERB,13360
grimperait,VERB,13360
grimperas,VERB,13360
grimperez,VERB,13360
grimperiez,VERB,13360
grimperions,VERB,13360
grimperons,VERB,13360
grimperont,VERB,13360
grimpes,VERB,13360
grimpez,VERB,13360
grimpiez,VERB,13360
grimpions,VERB,13360
grimpons,VERB,13360
grimpâmes,VERB,13360
grimpât,VERB,13360
grimpâtes,VERB,13360
grimpèrent,VERB,13360
grimpé,VERB,13360
grimpée,VERB,13360
grimpées,VERB,13360
grimpés,VERB,13360
grippe,VERB,24117
grippe intestinale,VERB,24288
grippe0,VERB,24117
grippes,VERB,24117
gris,NOUN,14639
gris0,VERB,14639
grise,VERB,14639
grises,VERB,14639
grogna,VERB,24139
grognai,VERB,24139
grognaient,VERB,24139
grognais,VERB,24139
grognait,VERB,24139
grognant,VERB,24139
grognas,VERB,24139
grognasse,VERB,24139
grognassent,VERB,24139
grognasses,VERB,24139
grognassiez,VERB,24139
grognassions,VERB,24139
grogne,VERB,24139
grognent,VERB,24139
grogner,PRON,24139
grognera,VERB,24139
grognerai,VERB,24139
grogneraient,VERB,24139
grognerais,VERB,24139
grognerait,VERB,24139
grogneras,VERB,24139
grognerez,VERB,24139
grogneriez,VERB,24139
grognerions,VERB,24139
grognerons,VERB,24139
grogneront,VERB,24139
grognes,VERB,24139
grognez,VERB,24139
grogniez,VERB,24139
grognions,VERB,24139
grognons,VERB,24139
grognâmes,VERB,24139
grognât,VERB,24139
grognâtes,VERB,24139
grognèrent,VERB,24139
grogné,VERB,24139
grognée,VERB,24139
grognées,VERB,24139
grognés,VERB,24139
gronda,VERB,24139
grondai,VERB,24139
grondaient,VERB,24139
grondais,VERB,24139
grondait,VERB,24139
grondant,VERB,24139
grondas,VERB,24139
grondasse,VERB,24139
grondassent,VERB,24139
grondasses,VERB,24139
grondassiez,VERB,24139
grondassions,VERB,24139
gronde,VERB,24139
grondent,VERB,24139
gronder,PRON,24139
grondera,VERB,24139
gronderai,VERB,24139
gronderaient,VERB,24139
gronderais,VERB,24139
gronderait,VERB,24139
gronderas,VERB,24139
gronderez,VERB,24139
gronderiez,VERB,24139
gronderions,VERB,24139
gronderons,VERB,24139
gronderont,VERB,24139
grondes,VERB,24139
grondez,VERB,24139
grondiez,VERB,24139
grondions,VERB,24139
grondons,VERB,24139
grondâmes,VERB,24139
grondât,VERB,24139
grondâtes,VERB,24139
grondèrent,VERB,24139
grondé,VERB,24139
grondée,VERB,24139
grondées,VERB,24139
grondés,VERB,24139
gros,ADJ,14156
gros mot,VERB,24962
gros0,VERB,14156
groseilles,VERB,13623
grosse,VERB,14156
grosses,VERB,14156
grossesse,VERB,16240
grossesse0,VERB,16240
grossesses,VERB,16240
grossièreté,VERB,24962
grossièreté0,VERB,24962
grossièretés,VERB,24962
grotte,VERB,13137
grotte0,VERB,13137
grottes,VERB,13137
groupe de,VERB,14647
groupe de musiciens,PREP,15680
groupe de musique,PREP,15680
groupe de personnes,PREP,14646
groupe de résidents,PREP,21094
groupe musical,PREP,12624
grue,VERB,13434
grue0,VERB,13434
grues,VERB,13434
grumeau,VERB,22362
grumeau0,VERB,22362
grumeaux,VERB,22362
grumeleuse,VERB,22363
grumeleuses,VERB,22363
grumeleux,ADJ,22363
grumeleux0,VERB,22363
grâce,VERB,21040
grâce0,VERB,21040
grâces,VERB,21040
grêle,VERB,14659
grêle0,VERB,14659
grêles,VERB,14659
guerre,VERB,18036
guerre0,VERB,18036
guerres,VERB,18036
guichet,VERB,21809
guichet0,VERB,21809
guichets,VERB,21809
guide-doigts,VERB,23554
guitare,VERB,23879
guitare basse,VERB,23811
guitare hawaïenne,VERB,23979
guitare0,VERB,23879
guitares,VERB,23879
guéri,VERB,24077
guérie,VERB,24077
guéries,VERB,24077
guérir,PRON,24077
guérira,VERB,24077
guérirai,VERB,24077
guériraient,VERB,24077
guérirais,VERB,24077
guérirait,VERB,24077
guériras,VERB,24077
guérirent,VERB,24077
guérirez,VERB,24077
guéririez,VERB,24077
guéririons,VERB,24077
guérirons,VERB,24077
guériront,VERB,24077
guéris,VERB,24077
guérissaient,VERB,24077
guérissais,VERB,24077
guérissait,VERB,24077
guérissant,VERB,24077
guérisse,VERB,24077
guérissent,VERB,24077
guérisses,VERB,24077
guérissez,VERB,24077
guérissiez,VERB,24077
guérissions,VERB,24077
guérissons,VERB,24077
guérit,VERB,24077
guérîmes,VERB,24077
guérît,VERB,24077
guérîtes,VERB,24077
gymnase,VERB,14656
gymnase0,VERB,14656
gymnases,VERB,14656
gymnastique,VERB,21798
gymnastique0,VERB,21798
gymnastiques,VERB,21798
gynécologue,PREP,21580
gynécologue0,VERB,21580
gynécologues,VERB,21580
gâteau,VERB,13106
gâteau de fête,VERB,22121
gâteau0,VERB,13106
gâteaux,VERB,13106
gâterie,VERB,17774
gâterie0,VERB,17774
gâteries,VERB,17774
gèle,VERB,14397
gèlent,VERB,14397
gèlera,VERB,14397
gèlerai,VERB,14397
gèleraient,VERB,14397
gèlerais,VERB,14397
gèlerait,VERB,14397
gèleras,VERB,14397
gèlerez,VERB,14397
gèleriez,VERB,14397
gèlerions,VERB,14397
gèlerons,VERB,14397
gèleront,VERB,14397
gèles,VERB,14397
géant,ADJ,21354
géant0,VERB,21354
géante,VERB,21354
géantes,VERB,21354
géants,VERB,21354
gémeaux,VERB,22655
génocide,VERB,21612
génocide0,VERB,21612
génocides,VERB,21612
général,ADJ,24131
général0,VERB,24131
générale,VERB,24131
générales,VERB,24131
généralisation,VERB,14430
généralisation0,VERB,14430
généralisations,VERB,14430
généraux,VERB,24131
générique,ADJ,24131
générique0,VERB,24131
génériques,VERB,24131
géocoucou,VERB,16679
géographe,PREP,24902
géographe0,VERB,24902
géographes,VERB,24902
géographie,VERB,23093
géographie0,VERB,23093
géographies,VERB,23093
géologie,VERB,21550
géologie0,VERB,21550
géologies,VERB,21550
géologue,PREP,21567
géologue0,VERB,21567
géologues,VERB,21567
gênant,ADJ,13927
gênant0,VERB,13927
gênante,VERB,13927
gênantes,VERB,13927
gênants,VERB,13927
gêne,VERB,13687
gêne0,VERB,13687
gênes,VERB,13687
gêné,ADJ,13926
gîte et couvert,VERB,24876
habilita,VERB,24648
habilitai,VERB,24648
habilitaient,VERB,24648
habilitais,VERB,24648
habilitait,VERB,24648
habilitant,VERB,24648
habilitas,VERB,24648
habilitasse,VERB,24648
habilitassent,VERB,24648
habilitasses,VERB,24648
habilitassiez,VERB,24648
habilitassions,VERB,24648
habilite,VERB,24648
habilitent,VERB,24648
habiliter,PRON,24648
habilitera,VERB,24648
habiliterai,VERB,24648
habiliteraient,VERB,24648
habiliterais,VERB,24648
habiliterait,VERB,24648
habiliteras,VERB,24648
habiliterez,VERB,24648
habiliteriez,VERB,24648
habiliterions,VERB,24648
habiliterons,VERB,24648
habiliteront,VERB,24648
habilites,VERB,24648
habilitez,VERB,24648
habilitiez,VERB,24648
habilitions,VERB,24648
habilitons,VERB,24648
habilitâmes,VERB,24648
habilitât,VERB,24648
habilitâtes,VERB,24648
habilitèrent,VERB,24648
habilité,ADJ,24649
habilité0,VERB,24649
habilitée,VERB,24648
habilitées,VERB,24648
habilités,VERB,24648
habilla,VERB,13877
habillai,VERB,13877
habillaient,VERB,13877
habillais,VERB,13877
habillait,VERB,13877
habillant,VERB,13877
habillas,VERB,13877
habillasse,VERB,13877
habillassent,VERB,13877
habillasses,VERB,13877
habillassiez,VERB,13877
habillassions,VERB,13877
habille,VERB,13877
habillent,VERB,13877
habiller,VERB,13877
habiller-,PRON,13877
habillera,VERB,13877
habillerai,VERB,13877
habilleraient,VERB,13877
habillerais,VERB,13877
habillerait,VERB,13877
habilleras,VERB,13877
habillerez,VERB,13877
habilleriez,VERB,13877
habillerions,VERB,13877
habillerons,VERB,13877
habilleront,VERB,13877
habilles,VERB,13877
habillez,VERB,13877
habilliez,VERB,13877
habillions,VERB,13877
habillons,VERB,13877
habillâmes,VERB,13877
habillât,VERB,13877
habillâtes,VERB,13877
habillèrent,VERB,13877
habillé,VERB,13877
habillée,VERB,13877
habillées,VERB,13877
habillés,VERB,13877
habit,VERB,17456
habit sacerdotal,VERB,21370
habit0,VERB,17456
habita,VERB,15223
habitai,VERB,15223
habitaient,VERB,15223
habitais,VERB,15223
habitait,VERB,15223
habitant,VERB,15223
habitas,VERB,15223
habitasse,VERB,15223
habitassent,VERB,15223
habitasses,VERB,15223
habitassiez,VERB,15223
habitassions,VERB,15223
habite,VERB,15223
habitent,VERB,15223
habiter,PRON,15223
habitera,VERB,15223
habiterai,VERB,15223
habiteraient,VERB,15223
habiterais,VERB,15223
habiterait,VERB,15223
habiteras,VERB,15223
habiterez,VERB,15223
habiteriez,VERB,15223
habiterions,VERB,15223
habiterons,VERB,15223
habiteront,VERB,15223
habites,VERB,15223
habitez,VERB,15223
habitiez,VERB,15223
habitions,VERB,15223
habitons,VERB,15223
habits,VERB,17456
habituellement,ADJ,17992
habitâmes,VERB,15223
habitât,VERB,15223
habitâtes,VERB,15223
habitèrent,VERB,15223
habité,VERB,15223
habitée,VERB,15223
habitées,VERB,15223
habités,VERB,15223
hacha,VERB,13179
hachai,VERB,13179
hachaient,VERB,13179
hachais,VERB,13179
hachait,VERB,13179
hachant,VERB,13179
hachas,VERB,13179
hachasse,VERB,13179
hachassent,VERB,13179
hachasses,VERB,13179
hachassiez,VERB,13179
hachassions,VERB,13179
hache,VERB,13179
hachent,VERB,13179
hacher,PRON,13179
hachera,VERB,13179
hacherai,VERB,13179
hacheraient,VERB,13179
hacherais,VERB,13179
hacherait,VERB,13179
hacheras,VERB,13179
hacherez,VERB,13179
hacheriez,VERB,13179
hacherions,VERB,13179
hacherons,VERB,13179
hacheront,VERB,13179
haches,VERB,13179
hachez,VERB,13179
hachiez,VERB,13179
hachions,VERB,13179
hachons,VERB,13179
hachâmes,VERB,13179
hachât,VERB,13179
hachâtes,VERB,13179
hachèrent,VERB,13179
haché,VERB,13179
hachée,VERB,13179
hachées,VERB,13179
hachés,VERB,13179
haggadah,VERB,14658
haine,VERB,24908
haine0,VERB,24908
haines,VERB,24908
hais,VERB,14683
hait,VERB,14683
hall,VERB,23047
hall0,VERB,23047
halloween,VERB,14662
halloween0,VERB,14662
halloweens,VERB,14662
halls,VERB,23047
haltérophilie,VERB,21859
haltérophilie0,VERB,21859
haltérophilies,VERB,21859
halvah,VERB,14663
hamac,VERB,24662
hamac0,VERB,24662
hamacs,VERB,24662
hamburger,VERB,14664
hamburger0,VERB,14664
hamburgers,VERB,14664
hamentasch,VERB,14665
hamster,VERB,14434
hamster0,VERB,14434
hamsters,VERB,14434
hanche,VERB,14713
hanche0,VERB,14713
hanches,VERB,14713
handball,VERB,14669
handball0,VERB,14669
handballs,VERB,14669
handicap,VERB,13684
handicap0,VERB,13684
handicaps,VERB,13684
handicapé de la parole,ADJ,17225
handicapé mental,ADJ,15457
handicapé physique,ADJ,16170
hangar à bateau,VERB,22090
hanoukkah,VERB,13153
harcèlement,VERB,14677
harcèlement sexuel,VERB,16930
harcèlement0,VERB,14677
harcèlements,VERB,14677
hard rock,VERB,24663
hareng,VERB,23530
hareng0,VERB,23530
harengs,VERB,23530
haricot,VERB,12642
haricot sec,VERB,13880
haricot0,VERB,12642
haricots,VERB,12642
harmonica,VERB,23901
harmonica0,VERB,23901
harmonicas,VERB,23901
harmonie,VERB,14680
harmonie0,VERB,14680
harmonies,VERB,14680
harnacha,VERB,24144
harnachai,VERB,24144
harnachaient,VERB,24144
harnachais,VERB,24144
harnachait,VERB,24144
harnachant,VERB,24144
harnachas,VERB,24144
harnachasse,VERB,24144
harnachassent,VERB,24144
harnachasses,VERB,24144
harnachassiez,VERB,24144
harnachassions,VERB,24144
harnache,VERB,24144
harnachement,VERB,24143
harnachement du cheval,VERB,24145
harnachement0,VERB,24143
harnachements,VERB,24143
harnachent,VERB,24144
harnacher,PRON,24144
harnachera,VERB,24144
harnacherai,VERB,24144
harnacheraient,VERB,24144
harnacherais,VERB,24144
harnacherait,VERB,24144
harnacheras,VERB,24144
harnacherez,VERB,24144
harnacheriez,VERB,24144
harnacherions,VERB,24144
harnacherons,VERB,24144
harnacheront,VERB,24144
harnaches,VERB,24144
harnachez,VERB,24144
harnachiez,VERB,24144
harnachions,VERB,24144
harnachons,VERB,24144
harnachâmes,VERB,24144
harnachât,VERB,24144
harnachâtes,VERB,24144
harnachèrent,VERB,24144
harnaché,VERB,24144
harnachée,VERB,24144
harnachées,VERB,24144
harnachés,VERB,24144
harnais de landau,VERB,24217
harnais de parachute,VERB,24205
harnais pour enfant,VERB,24058
harpe,VERB,23881
harpe0,VERB,23881
harpes,VERB,23881
hasard,VERB,24426
hasard0,VERB,24426
hasards,VERB,24426
haussa,VERB,24723
haussai,VERB,24723
haussaient,VERB,24723
haussais,VERB,24723
haussait,VERB,24723
haussant,VERB,24723
haussas,VERB,24723
haussasse,VERB,24723
haussassent,VERB,24723
haussasses,VERB,24723
haussassiez,VERB,24723
haussassions,VERB,24723
hausse,VERB,24723
hausse des prix,VERB,23171
haussent,VERB,24723
hausser,PRON,24723
haussera,VERB,24723
hausserai,VERB,24723
hausseraient,VERB,24723
hausserais,VERB,24723
hausserait,VERB,24723
hausseras,VERB,24723
hausserez,VERB,24723
hausseriez,VERB,24723
hausserions,VERB,24723
hausserons,VERB,24723
hausseront,VERB,24723
hausses,VERB,24723
haussez,VERB,24723
haussiez,VERB,24723
haussions,VERB,24723
haussons,VERB,24723
haussâmes,VERB,24723
haussât,VERB,24723
haussâtes,VERB,24723
haussèrent,VERB,24723
haussé,VERB,24723
haussée,VERB,24723
haussées,VERB,24723
haussés,VERB,24723
haut,ADJ,14711
haut du corps,VERB,24325
haut-parleur,VERB,23898
haut-parleur0,VERB,23898
haut-parleurs,VERB,23898
haut0,VERB,14711
hautbois,VERB,23908
hautbois_,VERB,23908
hauteur,VERB,24909
hauteur du son,VERB,23929
hauteur0,VERB,24909
hauteurs,VERB,24909
hauts,VERB,14711
havdalah,VERB,14684
haï,VERB,14683
haïe,VERB,14683
haïes,VERB,14683
haïmes,VERB,14683
haïr,PRON,14683
haïra,VERB,14683
haïrai,VERB,14683
haïraient,VERB,14683
haïrais,VERB,14683
haïrait,VERB,14683
haïras,VERB,14683
haïrent,VERB,14683
haïrez,VERB,14683
haïriez,VERB,14683
haïrions,VERB,14683
haïrons,VERB,14683
haïront,VERB,14683
haïs,VERB,14683
haïssaient,VERB,14683
haïssais,VERB,14683
haïssait,VERB,14683
haïssant,VERB,14683
haïsse,VERB,14683
haïssent,VERB,14683
haïsses,VERB,14683
haïssez,VERB,14683
haïssiez,VERB,14683
haïssions,VERB,14683
haïssons,VERB,14683
haït,VERB,14683
haïtes,VERB,14683
henni,VERB,24199
hennir,PRON,24199
hennira,VERB,24199
hennirai,VERB,24199
henniraient,VERB,24199
hennirais,VERB,24199
hennirait,VERB,24199
henniras,VERB,24199
hennirent,VERB,24199
hennirez,VERB,24199
henniriez,VERB,24199
hennirions,VERB,24199
hennirons,VERB,24199
henniront,VERB,24199
hennis,VERB,24199
hennissaient,VERB,24199
hennissais,VERB,24199
hennissait,VERB,24199
hennissant,VERB,24199
hennisse,VERB,24199
hennissent,VERB,24199
hennisses,VERB,24199
hennissez,VERB,24199
hennissiez,VERB,24199
hennissions,VERB,24199
hennissons,VERB,24199
hennit,VERB,24199
hennîmes,VERB,24199
hennît,VERB,24199
hennîtes,VERB,24199
herbage,VERB,24208
herbage0,VERB,24208
herbages,VERB,24208
herbe,VERB,14636
herbe aromatique,VERB,23111
herbe0,VERB,14636
herbes,VERB,14636
heure,VERB,14904
heure0,VERB,14904
heures,VERB,14904
heureuse,VERB,14676
heureuses,VERB,14676
heureux,ADJ,14676
heureux0,VERB,14676
heurta,VERB,24423
heurtai,VERB,24423
heurtaient,VERB,24423
heurtais,VERB,24423
heurtait,VERB,24423
heurtant,VERB,24423
heurtas,VERB,24423
heurtasse,VERB,24423
heurtassent,VERB,24423
heurtasses,VERB,24423
heurtassiez,VERB,24423
heurtassions,VERB,24423
heurte,VERB,24423
heurtent,VERB,24423
heurter,PRON,24423
heurtera,VERB,24423
heurterai,VERB,24423
heurteraient,VERB,24423
heurterais,VERB,24423
heurterait,VERB,24423
heurteras,VERB,24423
heurterez,VERB,24423
heurteriez,VERB,24423
heurterions,VERB,24423
heurterons,VERB,24423
heurteront,VERB,24423
heurtes,VERB,24423
heurtez,VERB,24423
heurtiez,VERB,24423
heurtions,VERB,24423
heurtons,VERB,24423
heurtâmes,VERB,24423
heurtât,VERB,24423
heurtâtes,VERB,24423
heurtèrent,VERB,24423
heurté,VERB,24423
heurtée,VERB,24423
heurtées,VERB,24423
heurtés,VERB,24423
hibernation,VERB,24150
hibernation0,VERB,24150
hibernations,VERB,24150
hibou,VERB,15949
hibou0,VERB,15949
hiboux,VERB,15949
hier,VERB,18295
hijab,VERB,21614
hijab0,VERB,21614
hijabs,VERB,21614
hippopotame,VERB,14714
hippopotame0,VERB,14714
hippopotames,VERB,14714
hippothérapie,VERB,24310
hissa,VERB,24723
hissai,VERB,24723
hissaient,VERB,24723
hissais,VERB,24723
hissait,VERB,24723
hissant,VERB,24723
hissas,VERB,24723
hissasse,VERB,24723
hissassent,VERB,24723
hissasses,VERB,24723
hissassiez,VERB,24723
hissassions,VERB,24723
hisse,VERB,24723
hissent,VERB,24723
hisser,PRON,24723
hissera,VERB,24723
hisserai,VERB,24723
hisseraient,VERB,24723
hisserais,VERB,24723
hisserait,VERB,24723
hisseras,VERB,24723
hisserez,VERB,24723
hisseriez,VERB,24723
hisserions,VERB,24723
hisserons,VERB,24723
hisseront,VERB,24723
hisses,VERB,24723
hissez,VERB,24723
hissiez,VERB,24723
hissions,VERB,24723
hissons,VERB,24723
hissâmes,VERB,24723
hissât,VERB,24723
hissâtes,VERB,24723
hissèrent,VERB,24723
hissé,VERB,24723
hissée,VERB,24723
hissées,VERB,24723
hissés,VERB,24723
histoire,VERB,17272
histoire0,VERB,17272
histoires,VERB,17272
historien,PREP,21569
historien0,VERB,21569
historienne,VERB,21569
historiennes,VERB,21569
historiens,VERB,21569
hiver,VERB,18262
hiver0,VERB,18262
hiver_,VERB,18261
hivers,VERB,18262
hobbies,VERB,14718
hobby,VERB,14718
hobby0,VERB,14718
hobbys,VERB,14718
hochet,VERB,23900
hochet0,VERB,23900
hochets,VERB,23900
hockey sur gazon,VERB,14174
hockey sur glace,VERB,14922
holocauste,VERB,21612
holocauste0,VERB,21612
holocaustes,VERB,21612
holothurie,VERB,23654
holothurie0,VERB,23654
holothuries,VERB,23654
homard,VERB,23146
homard0,VERB,23146
homards,VERB,23146
home,VERB,16492
home run,VERB,14886
home0,VERB,16492
homes,VERB,16492
homme,PREP,15416
homme de loi,PREP,23135
homme0,VERB,15416
hommes,VERB,15416
homosexualité,VERB,24154
homosexualité féminine,VERB,14887
homosexualité masculine,VERB,14888
homosexualité0,VERB,24154
homosexualités,VERB,24154
homosexuel,ADJ,24153
homosexuel0,VERB,24153
homosexuelle,ADJ,24813
homosexuelles,VERB,24153
homosexuels,VERB,24153
hongre,VERB,24130
hongre0,VERB,24130
hongres,VERB,24130
hongrie,VERB,24165
honoraires,VERB,24109
honte,VERB,16937
honte0,VERB,16937
hontes,VERB,16937
horaire,VERB,16733
horaire0,VERB,16733
horaires,VERB,16733
horizon,VERB,14894
horizon0,VERB,14894
horizons,VERB,14894
horizontal,ADJ,23116
horizontal0,VERB,23116
horizontale,VERB,23117
horizontales,VERB,23116
horizontaux,VERB,23116
horloge,VERB,13363
horloge0,VERB,13363
horloges,VERB,13363
horrible,ADJ,21289
horrible0,VERB,21289
horribles,VERB,21289
hors-d'oeuvre,VERB,22118
hostie,VERB,21367
hostie0,VERB,21367
hosties,VERB,21367
hot dog,VERB,14902
houille,VERB,13370
houille0,VERB,13370
houilles,VERB,13370
houle,VERB,24737
houle0,VERB,24737
houles,VERB,24737
houmach,VERB,13182
hoummos,VERB,14911
hugin et munin,VERB,22823
huile,VERB,15914
huile0,VERB,15914
huiles,VERB,15914
huit,NOUN,8504
humble,ADJ,14910
humble0,VERB,14910
humbles,VERB,14910
humeur,VERB,15650
humeur0,VERB,15650
humeurs,VERB,15650
humide,ADJ,18226
humide0,VERB,18226
humides,VERB,18226
humidité,VERB,23886
humidité0,VERB,23886
humidités,VERB,23886
hurla,VERB,18290
hurlai,VERB,18290
hurlaient,VERB,18290
hurlais,VERB,18290
hurlait,VERB,18290
hurlant,VERB,18290
hurlas,VERB,18290
hurlasse,VERB,18290
hurlassent,VERB,18290
hurlasses,VERB,18290
hurlassiez,VERB,18290
hurlassions,VERB,18290
hurle,VERB,18290
hurlent,VERB,18290
hurler,PRON,18290
hurlera,VERB,18290
hurlerai,VERB,18290
hurleraient,VERB,18290
hurlerais,VERB,18290
hurlerait,VERB,18290
hurleras,VERB,18290
hurlerez,VERB,18290
hurleriez,VERB,18290
hurlerions,VERB,18290
hurlerons,VERB,18290
hurleront,VERB,18290
hurles,VERB,18290
hurlez,VERB,18290
hurliez,VERB,18290
hurlions,VERB,18290
hurlons,VERB,18290
hurlâmes,VERB,18290
hurlât,VERB,18290
hurlâtes,VERB,18290
hurlèrent,VERB,18290
hurlé,VERB,18290
hurlée,VERB,18290
hurlées,VERB,18290
hurlés,VERB,18290
huître,VERB,15952
huître0,VERB,15952
huîtres,VERB,15952
hydravion,VERB,22104
hydravion0,VERB,22104
hydravions,VERB,22104
hydrothérapeute,PREP,21597
hydrothérapie,VERB,24169
hydrothérapie0,VERB,24169
hydrothérapies,VERB,24169
hymne,VERB,21074
hymne0,VERB,21074
hymnes,VERB,21074
hystérectomie,VERB,14915
hystérectomie0,VERB,14915
hystérectomies,VERB,14915
hâta,VERB,24167
hâtai,VERB,24167
hâtaient,VERB,24167
hâtais,VERB,24167
hâtait,VERB,24167
hâtant,VERB,24167
hâtas,VERB,24167
hâtasse,VERB,24167
hâtassent,VERB,24167
hâtasses,VERB,24167
hâtassiez,VERB,24167
hâtassions,VERB,24167
hâte,VERB,24166
hâte0,VERB,24166
hâtent,VERB,24167
hâter,VERB,24167
hâter-,PRON,24167
hâtera,VERB,24167
hâterai,VERB,24167
hâteraient,VERB,24167
hâterais,VERB,24167
hâterait,VERB,24167
hâteras,VERB,24167
hâterez,VERB,24167
hâteriez,VERB,24167
hâterions,VERB,24167
hâterons,VERB,24167
hâteront,VERB,24167
hâtes,VERB,24166
hâtez,VERB,24167
hâtiez,VERB,24167
hâtions,VERB,24167
hâtons,VERB,24167
hâtâmes,VERB,24167
hâtât,VERB,24167
hâtâtes,VERB,24167
hâtèrent,VERB,24167
hâté,VERB,24167
hâtée,VERB,24167
hâtées,VERB,24167
hâtés,VERB,24167
hébergement et restauration,VERB,24876
hébreu,VERB,23110
hébreu0,VERB,23110
hébreux,VERB,23110
hélicoptère,VERB,14701
hélicoptère0,VERB,14701
hélicoptères,VERB,14701
hématome,VERB,24419
hématome0,VERB,24419
hématomes,VERB,24419
hérisson,VERB,14699
hérisson0,VERB,14699
hérissonne,VERB,14699
hérissonnes,VERB,14699
hérissons,VERB,14699
héros,VERB,23528
héroïque,ADJ,23529
héroïque0,VERB,23529
héroïques,VERB,23529
hésitation,VERB,22911
hésitation0,VERB,22911
hésitations,VERB,22911
hétérosexualité,VERB,14709
hétérosexualité0,VERB,14709
hétérosexualités,VERB,14709
hétérosexuel,ADJ,24910
hétérosexuel0,VERB,24910
hétérosexuelle,VERB,24910
hétérosexuelles,VERB,24910
hétérosexuels,VERB,24910
hôpital,VERB,14899
hôpital0,VERB,14899
hôpitaux,VERB,14899
hôtel,VERB,14903
hôtel de ville,VERB,23446
hôtel0,VERB,14903
hôtels,VERB,14903
iceberg,VERB,24171
iceberg0,VERB,24171
icebergs,VERB,24171
ici,NOUN,14708
idiot,ADJ,24295
idiot0,VERB,24295
idiote,VERB,24295
idiotes,VERB,24295
idiots,VERB,24295
idéal,ADJ,21345
idéal0,VERB,21345
idéaux,VERB,21345
idée,VERB,14926
idée0,VERB,14926
idées,VERB,14926
il,PREP,14687
il y a,NOUN,12352
illimité,ADJ,14940
illimité0,VERB,14940
illimitée,VERB,14940
illimitées,VERB,14940
illimités,VERB,14940
illusion,VERB,24895
illusion0,VERB,24895
illusions,VERB,24895
illégal,ADJ,23118
illégal0,VERB,23118
illégale,VERB,23118
illégales,VERB,23118
illégaux,VERB,23118
ils,NOUN,17712
image,VERB,16172
image0,VERB,16172
images,VERB,16172
imaginaire,ADJ,15411
imaginaire0,VERB,15411
imaginaires,VERB,15411
imagination,VERB,24895
imagination0,VERB,24895
imaginations,VERB,24895
imam,PREP,15473
imam0,VERB,15473
imame,VERB,15473
imames,VERB,15473
imams,VERB,15473
immense,ADJ,21352
immense0,VERB,21352
immenses,VERB,21352
immeuble d'appartements,VERB,23022
immeuble à 2 étages,VERB,23243
immeuble à plusieurs logements,VERB,23154
immeuble à plusieurs étages,VERB,23153
immeuble à un niveau,VERB,23163
immoral,ADJ,14929
immoral0,VERB,14929
immorale,VERB,14929
immorales,VERB,14929
immoraux,VERB,14929
immortalité,VERB,20514
immortalité0,VERB,20514
immortalités,VERB,20514
impact,VERB,24467
impact0,VERB,24467
impacts,VERB,24467
impardonnable,ADJ,21294
impardonnable0,VERB,21294
impardonnables,VERB,21294
impatient,ADJ,23860
impatient0,VERB,23860
impatiente,VERB,23860
impatientes,VERB,23860
impatients,VERB,23860
imperméable,VERB,16457
imperméable0,VERB,16457
imperméables,VERB,16457
implora,VERB,21334
implorai,VERB,21334
imploraient,VERB,21334
implorais,VERB,21334
implorait,VERB,21334
implorant,VERB,21334
imploras,VERB,21334
implorasse,VERB,21334
implorassent,VERB,21334
implorasses,VERB,21334
implorassiez,VERB,21334
implorassions,VERB,21334
implore,VERB,21334
implorent,VERB,21334
implorer,PRON,21334
implorera,VERB,21334
implorerai,VERB,21334
imploreraient,VERB,21334
implorerais,VERB,21334
implorerait,VERB,21334
imploreras,VERB,21334
implorerez,VERB,21334
imploreriez,VERB,21334
implorerions,VERB,21334
implorerons,VERB,21334
imploreront,VERB,21334
implores,VERB,21334
implorez,VERB,21334
imploriez,VERB,21334
implorions,VERB,21334
implorons,VERB,21334
implorâmes,VERB,21334
implorât,VERB,21334
implorâtes,VERB,21334
implorèrent,VERB,21334
imploré,VERB,21334
implorée,VERB,21334
implorées,VERB,21334
implorés,VERB,21334
importa,VERB,23539
importai,VERB,23539
importaient,VERB,23539
importais,VERB,23539
importait,VERB,23539
importance,VERB,24913
importance0,VERB,24913
importances,VERB,24913
important,ADJ,14930
important0,VERB,14930
importante,VERB,14930
importantes,VERB,14930
importants,VERB,14930
importas,VERB,23539
importasse,VERB,23539
importassent,VERB,23539
importasses,VERB,23539
importassiez,VERB,23539
importassions,VERB,23539
importation,VERB,23538
importation0,VERB,23538
importations,VERB,23538
importe,VERB,23539
importent,VERB,23539
importer,PRON,23539
importera,VERB,23539
importerai,VERB,23539
importeraient,VERB,23539
importerais,VERB,23539
importerait,VERB,23539
importeras,VERB,23539
importerez,VERB,23539
importeriez,VERB,23539
importerions,VERB,23539
importerons,VERB,23539
importeront,VERB,23539
importes,VERB,23539
importez,VERB,23539
importiez,VERB,23539
importions,VERB,23539
importons,VERB,23539
importâmes,VERB,23539
importât,VERB,23539
importâtes,VERB,23539
importèrent,VERB,23539
importé,ADJ,23541
importée,VERB,23539
importées,VERB,23539
importés,VERB,23539
imprima,VERB,23624
imprimai,VERB,23624
imprimaient,VERB,23624
imprimais,VERB,23624
imprimait,VERB,23624
imprimant,VERB,23624
imprimante,VERB,17962
imprimante0,VERB,17962
imprimantes,VERB,17962
imprimas,VERB,23624
imprimasse,VERB,23624
imprimassent,VERB,23624
imprimasses,VERB,23624
imprimassiez,VERB,23624
imprimassions,VERB,23624
imprime,VERB,23624
impriment,VERB,23624
imprimer,PRON,23624
imprimera,VERB,23624
imprimerai,VERB,23624
imprimeraient,VERB,23624
imprimerais,VERB,23624
imprimerait,VERB,23624
imprimeras,VERB,23624
imprimerez,VERB,23624
imprimeriez,VERB,23624
imprimerions,VERB,23624
imprimerons,VERB,23624
imprimeront,VERB,23624
imprimes,VERB,23624
imprimez,VERB,23624
imprimiez,VERB,23624
imprimions,VERB,23624
imprimons,VERB,23624
imprimâmes,VERB,23624
imprimât,VERB,23624
imprimâtes,VERB,23624
imprimèrent,VERB,23624
imprimé,VERB,23624
imprimée,VERB,23624
imprimées,VERB,23624
imprimés,VERB,23624
impératif,VERB,22914
impératif0,VERB,22914
impératifs,VERB,22914
impérative,VERB,22914
impératives,VERB,22914
impôt,VERB,23230
impôt0,VERB,23230
impôts,VERB,23230
impôts fonciers,VERB,23232
incapacité,VERB,13684
incapacité0,VERB,13684
incapacités,VERB,13684
incendié,ADJ,12923
incertain,ADJ,22918
incertain0,VERB,22918
incertaine,VERB,22918
incertaines,VERB,22918
incertains,VERB,22918
inceste,VERB,14933
inceste0,VERB,14933
incestes,VERB,14933
incident,VERB,23867
incident0,VERB,23867
incidente,VERB,23867
incidentes,VERB,23867
incidents,VERB,23867
incinère,VERB,21286
incinèrent,VERB,21286
incinères,VERB,21286
incinéra,VERB,21286
incinérai,VERB,21286
incinéraient,VERB,21286
incinérais,VERB,21286
incinérait,VERB,21286
incinérant,VERB,21286
incinéras,VERB,21286
incinérasse,VERB,21286
incinérassent,VERB,21286
incinérasses,VERB,21286
incinérassiez,VERB,21286
incinérassions,VERB,21286
incinération,VERB,21285
incinération0,VERB,21285
incinérations,VERB,21285
incinérer,PRON,21286
incinérera,VERB,21286
incinérerai,VERB,21286
incinéreraient,VERB,21286
incinérerais,VERB,21286
incinérerait,VERB,21286
incinéreras,VERB,21286
incinérerez,VERB,21286
incinéreriez,VERB,21286
incinérerions,VERB,21286
incinérerons,VERB,21286
incinéreront,VERB,21286
incinérez,VERB,21286
incinériez,VERB,21286
incinérions,VERB,21286
incinérons,VERB,21286
incinérâmes,VERB,21286
incinérât,VERB,21286
incinérâtes,VERB,21286
incinérèrent,VERB,21286
incinéré,VERB,21286
incinérée,VERB,21286
incinérées,VERB,21286
incinérés,VERB,21286
incluaient,VERB,14934
incluais,VERB,14934
incluait,VERB,14934
incluant,VERB,14934
inclue,VERB,14934
incluent,VERB,14934
inclues,VERB,14934
incluez,VERB,14934
incluiez,VERB,14934
incluions,VERB,14934
incluons,VERB,14934
inclura,VERB,14934
inclurai,VERB,14934
incluraient,VERB,14934
inclurais,VERB,14934
inclurait,VERB,14934
incluras,VERB,14934
inclure,PRON,14934
inclurent,VERB,14934
inclurez,VERB,14934
incluriez,VERB,14934
inclurions,VERB,14934
inclurons,VERB,14934
incluront,VERB,14934
inclus,VERB,14934
incluse,VERB,14934
incluses,VERB,14934
inclusse,VERB,14934
inclussent,VERB,14934
inclusses,VERB,14934
inclussiez,VERB,14934
inclussions,VERB,14934
inclut,VERB,14934
inclûmes,VERB,14934
inclût,VERB,14934
inclûtes,VERB,14934
inconfort,VERB,13687
inconfort0,VERB,13687
inconfortable,ADJ,17968
inconfortable0,VERB,17968
inconfortables,VERB,17968
inconforts,VERB,13687
inconnu,PREP,24762
inconnu0,VERB,24762
inconnue,VERB,24762
inconnues,VERB,24762
inconnus,VERB,24762
incorrect,ADJ,14935
incorrect0,VERB,14935
incorrecte,VERB,14935
incorrectes,VERB,14935
incorrects,VERB,14935
indicateur,OTHER,24665
indicateur conditionnel futur,OTHER,9000
indicateur conditionnel futur passif,OTHER,9002
indicateur d'association,OTHER,13382
indicateur d'objet,OTHER,9009
indicateur d'objet pluriel,OTHER,9010
indicateur d'évaluation après le fait,OTHER,8996
indicateur d'évaluation avant le fait,OTHER,8997
indicateur de 1re personne,OTHER,24669
indicateur de 2e personne,OTHER,24678
indicateur de 3e personne,OTHER,24679
indicateur de but,OTHER,24673
indicateur de description,OTHER,8998
indicateur de verbe,OTHER,8993
indicateur de verbe au futur,OTHER,8999
indicateur de verbe au participe présent,OTHER,24677
indicateur de verbe au présent,OTHER,24807
indicateur de verbe à l'impératif,OTHER,24670
indicateur du conditionnel,OTHER,8995
indicateur du conditionnel passé,OTHER,9005
indicateur du conditionnel passé passif,OTHER,9006
indicateur du conditionnel présent passif,OTHER,9008
indicateur du féminin,OTHER,24668
indicateur du nom défini,OTHER,24667
indicateur du nom indéfini,OTHER,24671
indicateur du nom neutre,OTHER,24672
indicateur du participe passé 1,OTHER,24674
indicateur du participe passé 2,OTHER,24675
indicateur du passé passif,OTHER,9007
indicateur du pluriel,OTHER,9011
indicateur du verbe au passé,OTHER,9004
indicateur du verbe à la voix active,OTHER,8994
indicateur du verbe à la voix passive,OTHER,9003
indicateur futur passif,OTHER,9001
indicateur0,VERB,24665
indicateurs,VERB,24665
indicatrice,VERB,24665
indicatrices,VERB,24665
individu,PREP,16161
individu0,VERB,16161
individus,VERB,16161
indéfini,ADJ,14429
indéfini0,VERB,14429
indéfinie,VERB,14429
indéfinies,VERB,14429
indéfinis,VERB,14429
indépendant,ADJ,24172
indépendant0,VERB,24172
indépendante,VERB,24172
indépendantes,VERB,24172
indépendants,VERB,24172
infecta,VERB,24468
infectai,VERB,24468
infectaient,VERB,24468
infectais,VERB,24468
infectait,VERB,24468
infectant,VERB,24468
infectas,VERB,24468
infectasse,VERB,24468
infectassent,VERB,24468
infectasses,VERB,24468
infectassiez,VERB,24468
infectassions,VERB,24468
infecte,VERB,24468
infectent,VERB,24468
infecter,PRON,24468
infectera,VERB,24468
infecterai,VERB,24468
infecteraient,VERB,24468
infecterais,VERB,24468
infecterait,VERB,24468
infecteras,VERB,24468
infecterez,VERB,24468
infecteriez,VERB,24468
infecterions,VERB,24468
infecterons,VERB,24468
infecteront,VERB,24468
infectes,VERB,24468
infectez,VERB,24468
infectieuse,VERB,24471
infectieuses,VERB,24471
infectieux,ADJ,24471
infectieux0,VERB,24471
infectiez,VERB,24468
infection,VERB,24470
infection bactérienne,VERB,24410
infection virale,VERB,24523
infection0,VERB,24470
infections,VERB,24468
infectons,VERB,24468
infectâmes,VERB,24468
infectât,VERB,24468
infectâtes,VERB,24468
infectèrent,VERB,24468
infecté,ADJ,24469
infecté0,VERB,24469
infectée,VERB,24468
infectées,VERB,24468
infectés,VERB,24468
infini,ADJ,14940
infini0,VERB,14940
infinie,VERB,14940
infinies,VERB,14940
infinis,VERB,14940
infirmière,PREP,15905
inflammable,ADJ,14195
inflammable0,VERB,14195
inflammables,VERB,14195
inflation,VERB,23119
inflation0,VERB,23119
inflations,VERB,23119
influence,VERB,24466
influencent,VERB,24466
influencer,PRON,24466
influencera,VERB,24466
influencerai,VERB,24466
influenceraient,VERB,24466
influencerais,VERB,24466
influencerait,VERB,24466
influenceras,VERB,24466
influencerez,VERB,24466
influenceriez,VERB,24466
influencerions,VERB,24466
influencerons,VERB,24466
influenceront,VERB,24466
influences,VERB,24466
influencez,VERB,24466
influenciez,VERB,24466
influencions,VERB,24466
influencèrent,VERB,24466
influencé,VERB,24466
influencée,VERB,24466
influencées,VERB,24466
influencés,VERB,24466
influença,VERB,24466
influençai,VERB,24466
influençaient,VERB,24466
influençais,VERB,24466
influençait,VERB,24466
influençant,VERB,24466
influenças,VERB,24466
influençasse,VERB,24466
influençassent,VERB,24466
influençasses,VERB,24466
influençassiez,VERB,24466
influençassions,VERB,24466
influençons,VERB,24466
influençâmes,VERB,24466
influençât,VERB,24466
influençâtes,VERB,24466
information,VERB,23542
information0,VERB,23542
informations,VERB,23542
ingrédient,VERB,22380
ingrédient0,VERB,22380
ingrédients,VERB,22380
ingénieur civil,PREP,23441
ingénieur mécanicien,PREP,23588
ingénieur électricien,PREP,23482
inhabité,ADJ,21356
inhabité0,VERB,21356
inhabitée,VERB,21356
inhabitées,VERB,21356
inhabités,VERB,21356
injection,VERB,14941
injection0,VERB,14941
injections,VERB,14941
injuste inéquitable,ADJ,23244
innocence,VERB,23120
innocence0,VERB,23120
innocences,VERB,23120
innocent,ADJ,23121
innocent0,VERB,23121
innocente,VERB,23121
innocentes,VERB,23121
innocents,VERB,23121
inondation,VERB,14201
inondation0,VERB,14201
inondations,VERB,14201
inquiète,VERB,18281
inquiètent,VERB,18281
inquiètes,VERB,18281
inquiéta,VERB,18281
inquiétai,VERB,18281
inquiétaient,VERB,18281
inquiétais,VERB,18281
inquiétait,VERB,18281
inquiétant,VERB,18281
inquiétas,VERB,18281
inquiétasse,VERB,18281
inquiétassent,VERB,18281
inquiétasses,VERB,18281
inquiétassiez,VERB,18281
inquiétassions,VERB,18281
inquiéter,VERB,18281
inquiéter-,PRON,18281
inquiétera,VERB,18281
inquiéterai,VERB,18281
inquiéteraient,VERB,18281
inquiéterais,VERB,18281
inquiéterait,VERB,18281
inquiéteras,VERB,18281
inquiéterez,VERB,18281
inquiéteriez,VERB,18281
inquiéterions,VERB,18281
inquiéterons,VERB,18281
inquiéteront,VERB,18281
inquiétez,VERB,18281
inquiétiez,VERB,18281
inquiétions,VERB,18281
inquiétons,VERB,18281
inquiétude,VERB,18280
inquiétude0,VERB,18280
inquiétudes,VERB,18280
inquiétâmes,VERB,18281
inquiétât,VERB,18281
inquiétâtes,VERB,18281
inquiétèrent,VERB,18281
inquiété,VERB,18281
inquiétée,VERB,18281
inquiétées,VERB,18281
inquiétés,VERB,18281
insecte,VERB,14943
insecte nuisible,VERB,14944
insecte0,VERB,14943
insectes,VERB,14943
insigne,VERB,12616
insigne0,VERB,12616
insignes,VERB,12616
insipide,ADJ,22353
insipide0,VERB,22353
insipides,VERB,22353
insolite,ADJ,17274
insolite0,VERB,17274
insolites,VERB,17274
institution résidentielle,VERB,16492
instruction,VERB,13908
instruction0,VERB,13908
instructions,VERB,14946
instrument  rythmique,VERB,23943
instrument de musique,VERB,15681
instrument de musique à plusieurs cordes,VERB,23905
instrument à anche,VERB,23837
instrument à corde,VERB,23879
instrument à cordes frottées,VERB,23820
instrument à percussion,VERB,23921
instrument à vent,VERB,23981
insémination artificielle,VERB,12583
intellectuel,ADJ,15456
intellectuel0,VERB,15456
intellectuelle,VERB,15456
intellectuelles,VERB,15456
intellectuels,VERB,15456
intelligence,VERB,22917
intelligence0,VERB,22917
intelligences,VERB,22917
intelligent,ADJ,17015
intelligent0,VERB,17015
intelligente,VERB,17015
intelligentes,VERB,17015
intelligents,VERB,17015
intensité,NOUN,14947
intensité0,VERB,14947
intensités,VERB,14947
interminable,ADJ,21331
interminable0,VERB,21331
interminables,VERB,21331
internat,VERB,16492
internat0,VERB,16492
international,ADJ,14949
international0,VERB,14949
internationale,VERB,14949
internationales,VERB,14949
internationaux,VERB,14949
internats,VERB,16492
internet,VERB,23543
internet0,VERB,23543
internet_,VERB,23543
internets,VERB,23543
interprète,VERB,17769
interprètent,VERB,17769
interprètes,VERB,17769
interpréta,VERB,17769
interprétai,VERB,17769
interprétaient,VERB,17769
interprétais,VERB,17769
interprétait,VERB,17769
interprétant,VERB,17769
interprétas,VERB,17769
interprétasse,VERB,17769
interprétassent,VERB,17769
interprétasses,VERB,17769
interprétassiez,VERB,17769
interprétassions,VERB,17769
interpréter,PRON,17769
interprétera,VERB,17769
interpréterai,VERB,17769
interpréteraient,VERB,17769
interpréterais,VERB,17769
interpréterait,VERB,17769
interpréteras,VERB,17769
interpréterez,VERB,17769
interpréteriez,VERB,17769
interpréterions,VERB,17769
interpréterons,VERB,17769
interpréteront,VERB,17769
interprétez,VERB,17769
interprétiez,VERB,17769
interprétions,VERB,17769
interprétons,VERB,17769
interprétâmes,VERB,17769
interprétât,VERB,17769
interprétâtes,VERB,17769
interprétèrent,VERB,17769
interprété,VERB,17769
interprétée,VERB,17769
interprétées,VERB,17769
interprétés,VERB,17769
interrogation,VERB,21372
interrogation0,VERB,21372
interrogations,VERB,21372
interrogatoire,VERB,21372
interrogatoire0,VERB,21372
interrogatoires,VERB,21372
interroge,VERB,21333
interrogea,VERB,21333
interrogeai,VERB,21333
interrogeaient,VERB,21333
interrogeais,VERB,21333
interrogeait,VERB,21333
interrogeant,VERB,21333
interrogeas,VERB,21333
interrogeasse,VERB,21333
interrogeassent,VERB,21333
interrogeasses,VERB,21333
interrogeassiez,VERB,21333
interrogeassions,VERB,21333
interrogent,VERB,21333
interrogeons,VERB,21333
interroger,PRON,21333
interrogera,VERB,21333
interrogerai,VERB,21333
interrogeraient,VERB,21333
interrogerais,VERB,21333
interrogerait,VERB,21333
interrogeras,VERB,21333
interrogerez,VERB,21333
interrogeriez,VERB,21333
interrogerions,VERB,21333
interrogerons,VERB,21333
interrogeront,VERB,21333
interroges,VERB,21333
interrogez,VERB,21333
interrogeâmes,VERB,21333
interrogeât,VERB,21333
interrogeâtes,VERB,21333
interrogiez,VERB,21333
interrogions,VERB,21333
interrogèrent,VERB,21333
interrogé,VERB,21333
interrogée,VERB,21333
interrogées,VERB,21333
interrogés,VERB,21333
interrupteur,VERB,17487
interrupteur d'éclairage,VERB,23569
interrupteur0,VERB,17487
interrupteurs,VERB,17487
interruption de grossesse,VERB,12323
interruptrice,VERB,17487
interruptrices,VERB,17487
interview,VERB,21372
interview0,VERB,21372
interviewa,VERB,21373
interviewai,VERB,21373
interviewaient,VERB,21373
interviewais,VERB,21373
interviewait,VERB,21373
interviewant,VERB,21373
interviewas,VERB,21373
interviewasse,VERB,21373
interviewassent,VERB,21373
interviewasses,VERB,21373
interviewassiez,VERB,21373
interviewassions,VERB,21373
interviewe,VERB,21373
interviewent,VERB,21373
interviewer,PRON,21373
interviewera,VERB,21373
interviewerai,VERB,21373
intervieweraient,VERB,21373
interviewerais,VERB,21373
interviewerait,VERB,21373
intervieweras,VERB,21373
interviewerez,VERB,21373
intervieweriez,VERB,21373
interviewerions,VERB,21373
interviewerons,VERB,21373
intervieweront,VERB,21373
interviewes,VERB,21373
intervieweur,PREP,21374
intervieweur0,VERB,21374
intervieweurs,VERB,21374
intervieweuse,VERB,21374
intervieweuses,VERB,21374
interviewez,VERB,21373
interviewiez,VERB,21373
interviewions,VERB,21373
interviewons,VERB,21373
interviews,VERB,21372
interviewâmes,VERB,21373
interviewât,VERB,21373
interviewâtes,VERB,21373
interviewèrent,VERB,21373
interviewé,VERB,21373
interviewée,VERB,21373
interviewées,VERB,21373
interviewés,VERB,21373
intestin,VERB,12883
intestin0,VERB,12883
intestins,VERB,12883
intime,ADJ,14951
intime0,VERB,14951
intimes,VERB,14951
intimité,VERB,14950
intimité0,VERB,14950
intimités,VERB,14950
intranet,VERB,23545
intranet0,VERB,23545
intranet_,VERB,23545
intranets,VERB,23545
introduira,VERB,23547
introduirai,VERB,23547
introduiraient,VERB,23547
introduirais,VERB,23547
introduirait,VERB,23547
introduiras,VERB,23547
introduire,PRON,23547
introduirez,VERB,23547
introduiriez,VERB,23547
introduirions,VERB,23547
introduirons,VERB,23547
introduiront,VERB,23547
introduis,VERB,23547
introduisaient,VERB,23547
introduisais,VERB,23547
introduisait,VERB,23547
introduisant,VERB,23547
introduise,VERB,23547
introduisent,VERB,23547
introduises,VERB,23547
introduisez,VERB,23547
introduisiez,VERB,23547
introduisions,VERB,23547
introduisirent,VERB,23547
introduisis,VERB,23547
introduisisse,VERB,23547
introduisissent,VERB,23547
introduisisses,VERB,23547
introduisissiez,VERB,23547
introduisissions,VERB,23547
introduisit,VERB,23547
introduisons,VERB,23547
introduisîmes,VERB,23547
introduisît,VERB,23547
introduisîtes,VERB,23547
introduit,VERB,23547
introduite,VERB,23547
introduites,VERB,23547
introduits,VERB,23547
intégrisme,VERB,24125
intégrisme0,VERB,24125
intégrismes,VERB,24125
intégriste,PREP,24127
intégriste0,VERB,24127
intégristes,VERB,24127
intéressant,ADJ,14948
intéressant0,VERB,14948
intéressante,VERB,14948
intéressantes,VERB,14948
intéressants,VERB,14948
intérieur,ADJ,24086
intérieur0,VERB,24086
intérieurs,VERB,24086
intérêt,VERB,24916
intérêt0,VERB,24916
intérêts,VERB,24916
inventa,VERB,14953
inventai,VERB,14953
inventaient,VERB,14953
inventais,VERB,14953
inventait,VERB,14953
inventant,VERB,14953
inventas,VERB,14953
inventasse,VERB,14953
inventassent,VERB,14953
inventasses,VERB,14953
inventassiez,VERB,14953
inventassions,VERB,14953
invente,VERB,14953
inventent,VERB,14953
inventer,PRON,14953
inventera,VERB,14953
inventerai,VERB,14953
inventeraient,VERB,14953
inventerais,VERB,14953
inventerait,VERB,14953
inventeras,VERB,14953
inventerez,VERB,14953
inventeriez,VERB,14953
inventerions,VERB,14953
inventerons,VERB,14953
inventeront,VERB,14953
inventes,VERB,14953
inventez,VERB,14953
inventiez,VERB,14953
inventions,VERB,14953
inventons,VERB,14953
inventâmes,VERB,14953
inventât,VERB,14953
inventâtes,VERB,14953
inventèrent,VERB,14953
inventé,VERB,14953
inventée,VERB,14953
inventées,VERB,14953
inventés,VERB,14953
investigation,VERB,24441
investigation0,VERB,24441
investigations,VERB,24441
investissement,VERB,23919
investissement0,VERB,23919
investissements,VERB,23919
invisible,ADJ,24173
invisible0,VERB,24173
invisibles,VERB,24173
ira,VERB,14449
irai,VERB,14449
iraient,VERB,14449
irais,VERB,14449
irait,VERB,14449
iras,VERB,14449
irez,VERB,14449
iriez,VERB,14449
irions,VERB,14449
irlande,VERB,14954
irons,VERB,14449
iront,VERB,14449
islam,VERB,21029
islam0,VERB,21029
islams,VERB,21029
islande,VERB,14923
isolé,ADJ,15228
isolé0,VERB,15228
isolée,VERB,15228
isolées,VERB,15228
isolés,VERB,15228
israël,VERB,14959
ivre,ADJ,13886
ivre0,VERB,13886
ivres,VERB,13886
iyar,VERB,14964
jacque,VERB,24682
jaguar,VERB,24175
jaguar0,VERB,24175
jaguars,VERB,24175
jalouse,VERB,13941
jalouses,VERB,13941
jaloux,ADJ,13941
jaloux0,VERB,13941
jamais,ADJ,15709
jambe,VERB,15188
jambe0,VERB,15188
jambes,VERB,15188
jambes et pieds,VERB,15189
janvier,VERB,14966
janvier0,VERB,14966
janviers,VERB,14966
jaque,VERB,24682
jaque0,VERB,24682
jaques,VERB,24682
jardin,VERB,14422
jardin d'enfants,VERB,23558
jardin0,VERB,14422
jardinerie,VERB,23091
jardinerie0,VERB,23091
jardineries,VERB,23091
jardinier,PREP,23519
jardinier0,VERB,23519
jardiniers,VERB,23519
jardinière,VERB,23519
jardinières,VERB,23519
jardins,VERB,14422
jauge,VERB,23092
jauge de pression,VERB,23170
jauge à essence,VERB,23090
jauge à huile,VERB,23162
jauge0,VERB,23092
jauges,VERB,23092
jaune,VERB,18291
jaune0,VERB,18291
jaune_,NOUN,18291
jaunes,VERB,18291
javelot,VERB,21854
javelot0,VERB,21854
javelots,VERB,21854
je,PREP,14916
jet-ski,VERB,21884
jet-ski0,VERB,21884
jet-skis,VERB,21884
jeta,VERB,17725
jetai,VERB,17725
jetaient,VERB,17725
jetais,VERB,17725
jetait,VERB,17725
jetant,VERB,17725
jetas,VERB,17725
jetasse,VERB,17725
jetassent,VERB,17725
jetasses,VERB,17725
jetassiez,VERB,17725
jetassions,VERB,17725
jeter,PRON,17725
jeter des déchets,PRON,24090
jeter l'ancre,PRON,24644
jetez,VERB,17725
jetiez,VERB,17725
jetions,VERB,17725
jetons,VERB,17725
jette,VERB,17725
jettent,VERB,17725
jettera,VERB,17725
jetterai,VERB,17725
jetteraient,VERB,17725
jetterais,VERB,17725
jetterait,VERB,17725
jetteras,VERB,17725
jetterez,VERB,17725
jetteriez,VERB,17725
jetterions,VERB,17725
jetterons,VERB,17725
jetteront,VERB,17725
jettes,VERB,17725
jetâmes,VERB,17725
jetât,VERB,17725
jetâtes,VERB,17725
jetèrent,VERB,17725
jeté,VERB,17725
jetée,VERB,17725
jetées,VERB,17725
jetés,VERB,17725
jeu,VERB,16199
jeu d'eau,VERB,23707
jeu d'identification,VERB,23584
jeu d'ordinateur,VERB,23449
jeu dans le sable,VERB,23644
jeu de cartes,VERB,13122
jeu de construction,VERB,23454
jeu de hasard,VERB,24477
jeu de loto,VERB,23571
jeu de société,VERB,17492
jeu de table,VERB,17492
jeu informatique,VERB,23449
jeu sexuel,VERB,24259
jeu théâtral,VERB,23617
jeu0,VERB,16199
jeudi,VERB,17728
jeudi0,VERB,17728
jeudis,VERB,17728
jeune,ADJ,18467
jeune0,VERB,18467
jeunes,VERB,18467
jeux,VERB,16199
jeûna,VERB,21323
jeûnai,VERB,21323
jeûnaient,VERB,21323
jeûnais,VERB,21323
jeûnait,VERB,21323
jeûnant,VERB,21323
jeûnas,VERB,21323
jeûnasse,VERB,21323
jeûnassent,VERB,21323
jeûnasses,VERB,21323
jeûnassiez,VERB,21323
jeûnassions,VERB,21323
jeûne,VERB,14153
jeûne0,VERB,14153
jeûnent,VERB,21323
jeûner,PRON,21323
jeûnera,VERB,21323
jeûnerai,VERB,21323
jeûneraient,VERB,21323
jeûnerais,VERB,21323
jeûnerait,VERB,21323
jeûneras,VERB,21323
jeûnerez,VERB,21323
jeûneriez,VERB,21323
jeûnerions,VERB,21323
jeûnerons,VERB,21323
jeûneront,VERB,21323
jeûnes,VERB,14153
jeûnez,VERB,21323
jeûniez,VERB,21323
jeûnions,VERB,21323
jeûnons,VERB,21323
jeûnâmes,VERB,21323
jeûnât,VERB,21323
jeûnâtes,VERB,21323
jeûnèrent,VERB,21323
jeûné,VERB,21323
jockey,PREP,22092
jockey0,VERB,22092
jockeys,VERB,22092
joie,VERB,14675
joie0,VERB,14675
joies,VERB,14675
joignaient,VERB,14154
joignais,VERB,14154
joignait,VERB,14154
joignant,VERB,14154
joigne,VERB,14154
joignent,VERB,14154
joignes,VERB,14154
joignez,VERB,14154
joigniez,VERB,14154
joignions,VERB,14154
joignirent,VERB,14154
joignis,VERB,14154
joignisse,VERB,14154
joignissent,VERB,14154
joignisses,VERB,14154
joignissiez,VERB,14154
joignissions,VERB,14154
joignit,VERB,14154
joignons,VERB,14154
joignîmes,VERB,14154
joignît,VERB,14154
joignîtes,VERB,14154
joindra,VERB,14154
joindrai,VERB,14154
joindraient,VERB,14154
joindrais,VERB,14154
joindrait,VERB,14154
joindras,VERB,14154
joindre,PRON,14154
joindrez,VERB,14154
joindriez,VERB,14154
joindrions,VERB,14154
joindrons,VERB,14154
joindront,VERB,14154
joins,VERB,14154
joint,ADJ,23408
joint0,VERB,23408
jointe,VERB,14154
jointes,VERB,14154
joints,VERB,14154
joli,ADJ,12645
joli0,VERB,12645
jolie,VERB,12645
jolies,VERB,12645
jolis,VERB,12645
joseph,PREP,21047
joseph0,VERB,21047
josephs,VERB,21047
joua,VERB,16200
jouai,VERB,16200
jouaient,VERB,16200
jouais,VERB,16200
jouait,VERB,16200
jouant,VERB,16200
jouas,VERB,16200
jouasse,VERB,16200
jouassent,VERB,16200
jouasses,VERB,16200
jouassiez,VERB,16200
jouassions,VERB,16200
joue,VERB,13156
joue0,VERB,13156
jouent,VERB,16200
jouer,PRON,16200
jouer au football,PRON,16201
jouer d'un instrument,PRON,23930
jouera,VERB,16200
jouerai,VERB,16200
joueraient,VERB,16200
jouerais,VERB,16200
jouerait,VERB,16200
joueras,VERB,16200
jouerez,VERB,16200
joueriez,VERB,16200
jouerions,VERB,16200
jouerons,VERB,16200
joueront,VERB,16200
joues,VERB,13156
jouet,VERB,17763
jouet d'eau,VERB,23708
jouet de sable,VERB,23645
jouet musical,VERB,23596
jouet0,VERB,17763
jouets,VERB,17763
joueur,PREP,24454
joueur0,VERB,24454
joueurs,VERB,24454
joueuse,VERB,24454
joueuses,VERB,24454
jouez,VERB,16200
jouiez,VERB,16200
jouions,VERB,16200
jouons,VERB,16200
jour,VERB,13639
jour de congé,VERB,14884
jour de l'ascension,VERB,24014
jour de l'indépendance,VERB,14937
jour de la famille,VERB,24103
jour de la saint-valentin,VERB,17998
jour de pâques,VERB,13903
jour de repos,VERB,16700
jour des mères,VERB,24195
jour du souvenir,VERB,16486
jour et nuit,VERB,23054
jour férié,VERB,14884
jour0,VERB,13639
journal,VERB,15713
journal0,VERB,15713
journaliste,PREP,23548
journaliste0,VERB,23548
journalistes,VERB,23548
journaux,VERB,15713
journée de jérusalem,VERB,14968
journée du souvenir,VERB,16486
jours,VERB,13639
jouâmes,VERB,16200
jouât,VERB,16200
jouâtes,VERB,16200
jouèrent,VERB,16200
joué,VERB,16200
jouée,VERB,16200
jouées,VERB,16200
joués,VERB,16200
joyeuse,VERB,14676
joyeuses,VERB,14676
joyeux,ADJ,14676
joyeux0,VERB,14676
joystick,VERB,23549
joystick0,VERB,23549
joysticks,VERB,23549
judaïsme,VERB,21028
judaïsme0,VERB,21028
judaïsmes,VERB,21028
judo,VERB,20595
judo0,VERB,20595
judos,VERB,20595
juge,PREP,23125
juge0,VERB,23125
jugea,VERB,23126
jugeai,VERB,23126
jugeaient,VERB,23126
jugeais,VERB,23126
jugeait,VERB,23126
jugeant,VERB,23126
jugeas,VERB,23126
jugeasse,VERB,23126
jugeassent,VERB,23126
jugeasses,VERB,23126
jugeassiez,VERB,23126
jugeassions,VERB,23126
jugement,VERB,23127
jugement0,VERB,23127
jugements,VERB,23127
jugent,VERB,23126
jugeons,VERB,23126
juger,PRON,23126
jugera,VERB,23126
jugerai,VERB,23126
jugeraient,VERB,23126
jugerais,VERB,23126
jugerait,VERB,23126
jugeras,VERB,23126
jugerez,VERB,23126
jugeriez,VERB,23126
jugerions,VERB,23126
jugerons,VERB,23126
jugeront,VERB,23126
juges,VERB,23125
jugez,VERB,23126
jugeâmes,VERB,23126
jugeât,VERB,23126
jugeâtes,VERB,23126
jugiez,VERB,23126
jugions,VERB,23126
jugèrent,VERB,23126
jugé,VERB,23126
jugée,VERB,23126
jugées,VERB,23126
jugés,VERB,23126
juif,ADJ,14972
juif0,VERB,14972
juifs,VERB,14972
juillet,VERB,15137
juillet0,VERB,15137
juillets,VERB,15137
juin,VERB,15140
juin0,VERB,15140
juins,VERB,15140
juive,VERB,14972
juives,VERB,14972
jumeau,PREP,23976
jumeau0,VERB,23976
jumeaux,PREP,23978
jumelle,PREP,23977
jumelles,VERB,24416
jument,VERB,24186
jument0,VERB,24186
juments,VERB,24186
jupe,VERB,17002
jupe0,VERB,17002
jupes,VERB,17002
jupon,VERB,17012
jupon0,VERB,17012
jupons,VERB,17012
juridique,ADJ,23128
juridique0,VERB,23128
juridiques,VERB,23128
juriste,PREP,23159
juriste0,VERB,23159
juristes,VERB,23159
jury,VERB,23129
jury0,VERB,23129
jurys,VERB,23129
jus de fruit,VERB,14406
jus de raisin,VERB,14633
jus de viande,VERB,23586
jusqu'à,NOUN,17982
jusque,NOUN,17982
juste,ADJ,13416
juste0,VERB,13416
justes,VERB,13416
justesse,VERB,21341
justesse0,VERB,21341
justesses,VERB,21341
justice,VERB,23130
justice0,VERB,23130
justices,VERB,23130
juteuse,VERB,22349
juteuses,VERB,22349
juteux,ADJ,22349
juteux0,VERB,22349
jésus,PREP,14969
jésus-christ,PREP,14969
kabbalat sabbath,NOUN,15141
kali,PREP,15142
kali0,VERB,15142
kalis,VERB,15142
kangourou,VERB,12384
kangourou0,VERB,12384
kangourous,VERB,12384
karting,VERB,21822
karting0,VERB,21822
kartings,VERB,21822
kayak,VERB,22077
kayak0,VERB,22077
kayaks,VERB,22077
kazakhstan,VERB,23551
kebab,VERB,23889
kebab0,VERB,23889
kebabs,VERB,23889
ketchup,VERB,23552
ketchup0,VERB,23552
ketchups,VERB,23552
kheshvan,VERB,13160
kibboutz,VERB,15145
kiddoush,VERB,15147
kinésithérapeute,PREP,21592
kinésithérapeute0,VERB,21592
kinésithérapeutes,VERB,21592
kinésithérapie,VERB,24211
kinésithérapie0,VERB,24211
kinésithérapies,VERB,24211
kippa,VERB,17004
kippa0,VERB,17004
kippas,VERB,17004
kippour,VERB,18297
kislev,VERB,15151
koala,VERB,15163
koala0,VERB,15163
koalas,VERB,15163
l'un ou l'autre,NOUN,13914
la,NOUN,17700
lac,VERB,15168
lac0,VERB,15168
lacs,VERB,15168
lad,PREP,24137
lad0,VERB,24137
lads,VERB,24137
lag baomer,VERB,15167
laid,ADJ,17964
laid0,VERB,17964
laide,VERB,17964
laides,VERB,17964
laids,VERB,17964
laine,VERB,18271
laine0,VERB,18271
laines,VERB,18271
laisser tomber,PRON,24686
lait,VERB,15468
lait0,VERB,15468
laitier,PREP,15469
laitier0,VERB,15469
laitiers,VERB,15469
laitière,VERB,15469
laitières,VERB,15469
laits,VERB,15468
laitue,VERB,15200
laitue0,VERB,15200
laitues,VERB,15200
lakshmi,PREP,15169
lampe,VERB,13919
lampe de poche,VERB,14196
lampe à huile,VERB,21362
lampe électrique,VERB,13919
lampe0,VERB,13919
lampes,VERB,13919
lance,VERB,21854
lance0,VERB,21854
lancent,VERB,17725
lancer,PRON,17725
lancer du disque,VERB,21847
lancer du javelot,VERB,21851
lancer du marteau,VERB,21848
lancer du poids,VERB,21846
lancera,VERB,17725
lancerai,VERB,17725
lanceraient,VERB,17725
lancerais,VERB,17725
lancerait,VERB,17725
lanceras,VERB,17725
lancerez,VERB,17725
lanceriez,VERB,17725
lancerions,VERB,17725
lancerons,VERB,17725
lanceront,VERB,17725
lances,VERB,17725
lancez,VERB,17725
lanciez,VERB,17725
lancions,VERB,17725
lancèrent,VERB,17725
lancé,VERB,17725
lancée,VERB,17725
lancées,VERB,17725
lancés,VERB,17725
landau,VERB,12605
landau0,VERB,12605
landaus,VERB,12605
langage,VERB,24756
langage0,VERB,24756
langages,VERB,24756
lange,VERB,13670
lange0,VERB,13670
langes,VERB,13670
langue,VERB,15172
langue bliss,VERB,23031
langue des signes,VERB,21538
langue0,VERB,15172
langues,VERB,15172
lanière,VERB,17276
lanière0,VERB,17276
lanières,VERB,17276
lanterne,VERB,14196
lanterne0,VERB,14196
lanternes,VERB,14196
lança,VERB,17725
lançai,VERB,17725
lançaient,VERB,17725
lançais,VERB,17725
lançait,VERB,17725
lançant,VERB,17725
lanças,VERB,17725
lançasse,VERB,17725
lançassent,VERB,17725
lançasses,VERB,17725
lançassiez,VERB,17725
lançassions,VERB,17725
lançons,VERB,17725
lançâmes,VERB,17725
lançât,VERB,17725
lançâtes,VERB,17725
lapin,VERB,16448
lapin0,VERB,16448
lapine,VERB,16448
lapines,VERB,16448
lapins,VERB,16448
laque,VERB,23880
laque0,VERB,23880
laques,VERB,23880
lard en tranche,VERB,12614
large,ADJ,18250
large bande,VERB,24614
large0,VERB,18250
larges,VERB,18250
lasagne,VERB,22133
lasagne0,VERB,22133
lasagnes,VERB,22133
lava,VERB,18038
lavable,ADJ,18039
lavable0,VERB,18039
lavables,VERB,18039
lavabo,VERB,24511
lavabo0,VERB,24511
lavabos,VERB,24511
lavage,VERB,16992
lavage0,VERB,16992
lavages,VERB,16992
lavai,VERB,18038
lavaient,VERB,18038
lavais,VERB,18038
lavait,VERB,18038
lavant,VERB,18038
lavas,VERB,18038
lavasse,VERB,18038
lavassent,VERB,18038
lavasses,VERB,18038
lavassiez,VERB,18038
lavassions,VERB,18038
lave,VERB,24684
lave-linge,VERB,18042
lave0,VERB,24684
lavent,VERB,18038
laver,PRON,18038
lavera,VERB,18038
laverai,VERB,18038
laveraient,VERB,18038
laverais,VERB,18038
laverait,VERB,18038
laveras,VERB,18038
laverez,VERB,18038
laveriez,VERB,18038
laverions,VERB,18038
laverons,VERB,18038
laveront,VERB,18038
laves,VERB,18038
lavette,VERB,22398
lavette0,VERB,22398
lavettes,VERB,22398
lavez,VERB,18038
laviez,VERB,18038
lavions,VERB,18038
lavoir,VERB,24828
lavoir0,VERB,24828
lavoirs,VERB,24828
lavons,VERB,18038
lavâmes,VERB,18038
lavât,VERB,18038
lavâtes,VERB,18038
lavèrent,VERB,18038
lavé,VERB,18038
lavée,VERB,18038
lavées,VERB,18038
lavés,VERB,18038
le,NOUN,17700
le christ,PREP,14969
le moins,ADJ,15185
le mois passé,VERB,24835
le plus,ADJ,15661
le plus long,ADJ,15393
lecteur cd,VERB,16471
lecteur de cd portable,VERB,23903
lecteur de disque compact,VERB,16471
lecteur de dvd,VERB,24647
lecteur de musique portable,VERB,23903
lecteur multimédia,VERB,24691
lecture,VERB,24933
lecture0,VERB,24933
lectures,VERB,24933
lent,ADJ,17014
lent0,VERB,17014
lente,VERB,17014
lentement,ADJ,24268
lentes,VERB,17014
lents,VERB,17014
lequel,NOUN,16482
les,NOUN,17700
lesbienne,ADJ,24813
lettre,VERB,15198
lettre d'information,VERB,15713
lettre0,VERB,15198
lettres,VERB,12366
leur,PREP,17701
leur0,VERB,17701
leurs,PREP,17701
lever du soleil,VERB,17466
leçon,VERB,23567
leçon de lecture,VERB,23188
leçon de sport,VERB,23218
leçon0,VERB,23567
leçons,VERB,23567
lia,VERB,13381
liai,VERB,13381
liaient,VERB,13381
liais,VERB,13381
liaison,VERB,13380
liaison0,VERB,13380
liaisons,VERB,13380
liait,VERB,13381
liant,VERB,13381
lias,VERB,13381
liasse,VERB,13381
liassent,VERB,13381
liasses,VERB,13381
liassiez,VERB,13381
liassions,VERB,13381
liberté,VERB,14396
liberté0,VERB,14396
libertés,VERB,14396
libido,VERB,16765
libido0,VERB,16765
libidos,VERB,16765
librairie,VERB,23034
librairie0,VERB,23034
librairies,VERB,23034
libre,ADJ,14395
libre0,VERB,14395
libres,VERB,14395
licorne,VERB,23702
licorne0,VERB,23702
licornes,VERB,23702
lie,VERB,13381
lient,VERB,13381
lier,PRON,13381
liera,VERB,13381
lierai,VERB,13381
lieraient,VERB,13381
lierais,VERB,13381
lierait,VERB,13381
lieras,VERB,13381
lierez,VERB,13381
lieriez,VERB,13381
lierions,VERB,13381
lierons,VERB,13381
lieront,VERB,13381
lies,VERB,13381
lieu de travail,VERB,23252
lieu public,VERB,16430
liez,VERB,13381
ligature des trompes,VERB,17789
ligne,VERB,15214
ligne0,VERB,15214
lignes,VERB,15214
liiez,VERB,13381
liions,VERB,13381
lime,VERB,15211
lime0,VERB,15211
limes,VERB,15211
limites,VERB,15213
limonade,VERB,15191
limonade0,VERB,15191
limonades,VERB,15191
limpide,ADJ,13358
limpide0,VERB,13358
limpides,VERB,13358
lin,VERB,23084
lin0,VERB,23084
linguiste,PREP,21572
linguiste0,VERB,21572
linguistes,VERB,21572
linguistique,VERB,21557
linguistique0,VERB,21557
linguistiques,VERB,21557
lins,VERB,23084
linéaire,ADJ,15215
linéaire0,VERB,15215
linéaires,VERB,15215
lion,VERB,15217
lion de mer,VERB,23655
lion0,VERB,15217
lionne,VERB,15217
lionnes,VERB,15217
lions,VERB,13381
liquide,VERB,18209
liquide0,VERB,18209
liquides,VERB,18209
lira,VERB,16465
lirai,VERB,16465
liraient,VERB,16465
lirais,VERB,16465
lirait,VERB,16465
liras,VERB,16465
lire,PRON,16465
lirez,VERB,16465
liriez,VERB,16465
lirions,VERB,16465
lirons,VERB,16465
liront,VERB,16465
lis,VERB,16465
lisaient,VERB,16465
lisais,VERB,16465
lisait,VERB,16465
lisant,VERB,16465
lise,VERB,16465
lisent,VERB,16465
lises,VERB,16465
lisez,VERB,16465
lisiez,VERB,16465
lisions,VERB,16465
lisons,VERB,16465
lisse,ADJ,17186
lisse0,VERB,17186
lisses,VERB,17186
liste,VERB,15220
liste0,VERB,15220
listes,VERB,15220
lit,VERB,12649
lit0,VERB,12649
lits,VERB,12649
livre,VERB,12875
livre d'esther,VERB,15451
livre de cantiques,VERB,21073
livre de prières,VERB,16238
livre saint,VERB,21068
livre sterling,VERB,16232
livre0,VERB,12875
livres,VERB,12875
liâmes,VERB,13381
liât,VERB,13381
liâtes,VERB,13381
lièrent,VERB,13381
lièvre,VERB,16448
lièvre0,VERB,16448
lièvres,VERB,16448
lié,VERB,13381
liée,VERB,13381
liées,VERB,13381
liés,VERB,13381
local d'évaluation,VERB,24016
local de logopédie,VERB,24277
location,VERB,24731
location0,VERB,24731
locations,VERB,24731
logement temporaire,VERB,23678
loggia,VERB,12620
loggia0,VERB,12620
loggias,VERB,12620
logiciel,VERB,23664
logiciel0,VERB,23664
logiciels,VERB,23664
logopède,PREP,21590
logopède0,VERB,21590
logopèdes,VERB,21590
logopédie,VERB,24276
logopédie0,VERB,24276
logopédies,VERB,24276
loi,VERB,23127
loi fondamentale,VERB,24123
loi0,VERB,23127
loin,NOUN,12602
lois,VERB,23127
loisirs,VERB,23141
loki,PREP,22822
lolette,VERB,24496
lolette0,VERB,24496
lolettes,VERB,24496
long,ADJ,15229
long0,VERB,15229
longs,VERB,15229
longtemps,ADJ,24181
longue,VERB,15229
longue-vue,VERB,24416
longues,VERB,15229
longueur,VERB,15193
longueur0,VERB,15193
longueurs,VERB,15193
losange,VERB,13669
losange0,VERB,13669
losanges,VERB,13669
loterie,VERB,24477
loterie0,VERB,24477
loteries,VERB,24477
loto,VERB,23584
loto0,VERB,23584
lotos,VERB,23584
loua,VERB,24732
louai,VERB,24732
louaient,VERB,24732
louais,VERB,24732
louait,VERB,24732
louant,VERB,24732
louas,VERB,24732
louasse,VERB,24732
louassent,VERB,24732
louasses,VERB,24732
louassiez,VERB,24732
louassions,VERB,24732
louche,VERB,22573
louche0,VERB,22573
louches,VERB,22573
loue,VERB,24732
louent,VERB,24732
louer,PRON,24732
louera,VERB,24732
louerai,VERB,24732
loueraient,VERB,24732
louerais,VERB,24732
louerait,VERB,24732
loueras,VERB,24732
louerez,VERB,24732
loueriez,VERB,24732
louerions,VERB,24732
louerons,VERB,24732
loueront,VERB,24732
loues,VERB,24732
louez,VERB,24732
louiez,VERB,24732
louions,VERB,24732
loulav,VERB,15404
louons,VERB,24732
loup,VERB,18268
loup0,VERB,18268
loupe,VERB,24478
loupe0,VERB,24478
loupes,VERB,24478
loups,VERB,18268
lourd,ADJ,14698
lourd0,VERB,14698
lourde,VERB,14698
lourdes,VERB,14698
lourds,VERB,14698
louâmes,VERB,24732
louât,VERB,24732
louâtes,VERB,24732
louèrent,VERB,24732
loué,VERB,24732
louée,VERB,24732
louées,VERB,24732
loués,VERB,24732
loyauté,VERB,14172
loyauté0,VERB,14172
loyautés,VERB,14172
lu,VERB,16465
lubrifiant,VERB,15914
lubrifiant0,VERB,15914
lubrifiante,VERB,15914
lubrifiantes,VERB,15914
lubrifiants,VERB,15914
lue,VERB,16465
lues,VERB,16465
luge,VERB,21871
luge0,VERB,21871
luges,VERB,21871
luisant,ADJ,22388
luisant0,VERB,22388
luisante,VERB,22388
luisantes,VERB,22388
luisants,VERB,22388
lumineuse,VERB,12903
lumineuses,VERB,12903
lumineux,ADJ,12903
lumineux0,VERB,12903
lumière,VERB,15208
lumière0,VERB,15208
lumières,VERB,15208
lunch,VERB,15405
lunch0,VERB,15405
lunches,VERB,15405
lunchs,VERB,15405
lundi,VERB,15483
lundi0,VERB,15483
lundis,VERB,15483
lune,VERB,15651
lune0,VERB,15651
lunes,VERB,15651
lunettes,VERB,14443
lunettes de soleil,VERB,24767
lurent,VERB,16465
lus,VERB,16465
lusse,VERB,16465
lussent,VERB,16465
lusses,VERB,16465
lussiez,VERB,16465
lussions,VERB,16465
lustre,VERB,22386
lustre0,VERB,22386
lustres,VERB,22386
lut,VERB,16465
lutte,VERB,18283
lutte0,VERB,18283
luttes,VERB,18283
luxmètre,VERB,23142
luxmètre0,VERB,23142
luxmètres,VERB,23142
là,NOUN,17707
lâcha,VERB,24686
lâchai,VERB,24686
lâchaient,VERB,24686
lâchais,VERB,24686
lâchait,VERB,24686
lâchant,VERB,24686
lâchas,VERB,24686
lâchasse,VERB,24686
lâchassent,VERB,24686
lâchasses,VERB,24686
lâchassiez,VERB,24686
lâchassions,VERB,24686
lâche,PREP,23461
lâche0,VERB,23461
lâchent,VERB,24686
lâcher,PRON,24686
lâchera,VERB,24686
lâcherai,VERB,24686
lâcheraient,VERB,24686
lâcherais,VERB,24686
lâcherait,VERB,24686
lâcheras,VERB,24686
lâcherez,VERB,24686
lâcheriez,VERB,24686
lâcherions,VERB,24686
lâcherons,VERB,24686
lâcheront,VERB,24686
lâches,VERB,23461
lâcheté,VERB,23462
lâcheté0,VERB,23462
lâchetés,VERB,23462
lâchez,VERB,24686
lâchiez,VERB,24686
lâchions,VERB,24686
lâchons,VERB,24686
lâchâmes,VERB,24686
lâchât,VERB,24686
lâchâtes,VERB,24686
lâchèrent,VERB,24686
lâché,VERB,24686
lâchée,VERB,24686
lâchées,VERB,24686
lâchés,VERB,24686
lèvres,VERB,15218
légal,ADJ,23138
légal0,VERB,23138
légale,VERB,23138
légales,VERB,23138
légaux,VERB,23138
législation,VERB,23134
législation0,VERB,23134
législations,VERB,23134
légo,VERB,23454
légume,VERB,18004
légume farci,VERB,23505
légume poussant sous terre,VERB,13124
légume0,VERB,18004
légumes,VERB,23710
léopard,VERB,15194
léopard0,VERB,15194
léopards,VERB,15194
lûmes,VERB,16465
lût,VERB,16465
lûtes,VERB,16465
ma,PREP,15686
macaroni,VERB,22130
macaroni0,VERB,22130
macaronis,VERB,22130
machine,VERB,15406
machine à coudre,VERB,16764
machine à laver,VERB,18041
machine à laver le linge,VERB,18042
machine à écrire,VERB,17962
machine0,VERB,15406
machines,VERB,15406
madeleine,VERB,22123
madeleine0,VERB,22123
madeleines,VERB,22123
magasin,VERB,17269
magasin d'alimentation,VERB,23102
magasin d'artisanat,VERB,23106
magasin de confiserie,VERB,23228
magasin de diététique,VERB,23108
magasin de fleurs,VERB,23088
magasin de fruits et légumes,VERB,23101
magasin de jouets,VERB,23241
magasin de primeurs,VERB,23101
magasin de spiritueux,VERB,23145
magasin de sport,VERB,23219
magasin de vêtements,VERB,23042
magasin à prix réduits,VERB,23070
magasin0,VERB,17269
magasins,VERB,17269
magazine,VERB,15407
magazine0,VERB,15407
magazines,VERB,15407
magicien,PREP,23574
magicien0,VERB,23574
magicienne,VERB,23574
magiciennes,VERB,23574
magiciens,VERB,23574
magila,VERB,15451
magma,VERB,24684
magma0,VERB,24684
magmas,VERB,24684
magnifique,ADJ,12645
magnifique0,VERB,12645
magnifiques,VERB,12645
magnétoscope,VERB,18011
magnétoscope0,VERB,18011
magnétoscopes,VERB,18011
mahomet,PREP,21034
mai,VERB,15435
mai0,VERB,15435
maillet,VERB,14666
maillet0,VERB,14666
maillets,VERB,14666
maillot de bain,VERB,17484
maillot de corps,VERB,17972
main,VERB,14667
main0,VERB,14667
mains,VERB,14667
maintenant,NOUN,15736
mairie,VERB,23446
mairie0,VERB,23446
mairies,VERB,23446
mais,NOUN,13094
maison,VERB,14905
maison attenante,VERB,23193
maison d'accueil,VERB,23513
maison de plain-pied,VERB,23164
maison jumelée,VERB,23201
maison mitoyenne,VERB,23193
maison0,VERB,14905
maisons,VERB,14905
mal de ventre,VERB,24289
mal employer,PRON,24698
mal utiliser,PRON,24698
malade,ADJ,16973
malade0,VERB,16973
malades,VERB,16973
maladie,VERB,16164
maladie de la peau,VERB,24266
maladie mentale,VERB,24482
maladie respiratoire,VERB,24734
maladie vénérienne,VERB,24333
maladie0,VERB,16164
maladies,VERB,16164
malaxa,VERB,22392
malaxai,VERB,22392
malaxaient,VERB,22392
malaxais,VERB,22392
malaxait,VERB,22392
malaxant,VERB,22392
malaxas,VERB,22392
malaxasse,VERB,22392
malaxassent,VERB,22392
malaxasses,VERB,22392
malaxassiez,VERB,22392
malaxassions,VERB,22392
malaxe,VERB,22392
malaxent,VERB,22392
malaxer,VERB,22392
malaxera,VERB,22392
malaxerai,VERB,22392
malaxeraient,VERB,22392
malaxerais,VERB,22392
malaxerait,VERB,22392
malaxeras,VERB,22392
malaxerez,VERB,22392
malaxeriez,VERB,22392
malaxerions,VERB,22392
malaxerons,VERB,22392
malaxeront,VERB,22392
malaxes,VERB,22392
malaxez,VERB,22392
malaxiez,VERB,22392
malaxions,VERB,22392
malaxons,VERB,22392
malaxâmes,VERB,22392
malaxât,VERB,22392
malaxâtes,VERB,22392
malaxèrent,VERB,22392
malaxé,VERB,22392
malaxée,VERB,22392
malaxées,VERB,22392
malaxés,VERB,22392
malentendant,ADJ,14694
malentendant0,VERB,14694
malentendante,VERB,14694
malentendantes,VERB,14694
malentendants,VERB,14694
malheur,VERB,16703
malheur0,VERB,16703
malheureuse,VERB,16702
malheureuses,VERB,16702
malheureux,ADJ,16702
malheureux0,VERB,16702
malheurs,VERB,16703
mallette,VERB,23650
mallette0,VERB,23650
mallettes,VERB,23650
malvoyant,ADJ,18019
malvoyant0,VERB,18019
malvoyante,VERB,18019
malvoyantes,VERB,18019
malvoyants,VERB,18019
maman,PREP,15662
maman0,VERB,15662
mamans,VERB,15662
mamelon,VERB,15720
mamelon0,VERB,15720
mamelons,VERB,15720
mami,PREP,14629
manchot,VERB,15993
manchot0,VERB,15993
manchote,VERB,15993
manchotes,VERB,15993
manchots,VERB,15993
mandarine,VERB,17503
mandoline,VERB,23899
mandoline0,VERB,23899
mandolines,VERB,23899
mange,VERB,13906
mangea,VERB,13906
mangeai,VERB,13906
mangeaient,VERB,13906
mangeais,VERB,13906
mangeait,VERB,13906
mangeant,VERB,13906
mangeas,VERB,13906
mangeasse,VERB,13906
mangeassent,VERB,13906
mangeasses,VERB,13906
mangeassiez,VERB,13906
mangeassions,VERB,13906
mangent,VERB,13906
mangeons,VERB,13906
manger,PRON,13906
mangera,VERB,13906
mangerai,VERB,13906
mangeraient,VERB,13906
mangerais,VERB,13906
mangerait,VERB,13906
mangeras,VERB,13906
mangerez,VERB,13906
mangeriez,VERB,13906
mangerions,VERB,13906
mangerons,VERB,13906
mangeront,VERB,13906
manges,VERB,13906
mangez,VERB,13906
mangeâmes,VERB,13906
mangeât,VERB,13906
mangeâtes,VERB,13906
mangiez,VERB,13906
mangions,VERB,13906
mangue,VERB,15419
mangue0,VERB,15419
mangues,VERB,15419
mangèrent,VERB,13906
mangé,VERB,13906
mangée,VERB,13906
mangées,VERB,13906
mangés,VERB,13906
manifesta,VERB,23065
manifestai,VERB,23065
manifestaient,VERB,23065
manifestais,VERB,23065
manifestait,VERB,23065
manifestant,VERB,23065
manifestas,VERB,23065
manifestasse,VERB,23065
manifestassent,VERB,23065
manifestasses,VERB,23065
manifestassiez,VERB,23065
manifestassions,VERB,23065
manifestation,VERB,14114
manifestation0,VERB,14114
manifestations,VERB,14114
manifeste,VERB,23065
manifestent,VERB,23065
manifester,PRON,23065
manifestera,VERB,23065
manifesterai,VERB,23065
manifesteraient,VERB,23065
manifesterais,VERB,23065
manifesterait,VERB,23065
manifesteras,VERB,23065
manifesterez,VERB,23065
manifesteriez,VERB,23065
manifesterions,VERB,23065
manifesterons,VERB,23065
manifesteront,VERB,23065
manifestes,VERB,23065
manifestez,VERB,23065
manifestiez,VERB,23065
manifestion,VERB,23066
manifestions,VERB,23065
manifestons,VERB,23065
manifestâmes,VERB,23065
manifestât,VERB,23065
manifestâtes,VERB,23065
manifestèrent,VERB,23065
manifesté,VERB,23065
manifestée,VERB,23065
manifestées,VERB,23065
manifestés,VERB,23065
manique,VERB,22596
manique0,VERB,22596
maniques,VERB,22596
manne céleste,VERB,21355
manomètre,VERB,23170
manomètre0,VERB,23170
manomètres,VERB,23170
manqua,VERB,15478
manquai,VERB,15478
manquaient,VERB,15478
manquais,VERB,15478
manquait,VERB,15478
manquant,VERB,15478
manquas,VERB,15478
manquasse,VERB,15478
manquassent,VERB,15478
manquasses,VERB,15478
manquassiez,VERB,15478
manquassions,VERB,15478
manque,VERB,15478
manquent,VERB,15478
manquer,PRON,15478
manquera,VERB,15478
manquerai,VERB,15478
manqueraient,VERB,15478
manquerais,VERB,15478
manquerait,VERB,15478
manqueras,VERB,15478
manquerez,VERB,15478
manqueriez,VERB,15478
manquerions,VERB,15478
manquerons,VERB,15478
manqueront,VERB,15478
manques,VERB,15478
manquez,VERB,15478
manquiez,VERB,15478
manquions,VERB,15478
manquons,VERB,15478
manquâmes,VERB,15478
manquât,VERB,15478
manquâtes,VERB,15478
manquèrent,VERB,15478
manqué,VERB,15478
manquée,VERB,15478
manquées,VERB,15478
manqués,VERB,15478
manteau,VERB,13371
manteau0,VERB,13371
manteaux,VERB,13371
manège,VERB,15458
manège0,VERB,15458
manèges,VERB,15458
maquillage,VERB,15219
maquillage pour le yeux,VERB,14137
maquillage à paupières,VERB,15164
maquillage0,VERB,15219
maquillages,VERB,15219
maracas,VERB,23900
marais,VERB,17472
marcha,VERB,18031
marchai,VERB,18031
marchaient,VERB,18031
marchais,VERB,18031
marchait,VERB,18031
marchand de sable,PREP,23646
marchandise,VERB,14457
marchandise0,VERB,14457
marchandises,VERB,14457
marchant,VERB,18031
marchas,VERB,18031
marchasse,VERB,18031
marchassent,VERB,18031
marchasses,VERB,18031
marchassiez,VERB,18031
marchassions,VERB,18031
marche,VERB,24761
marche0,VERB,24761
marchent,VERB,18031
marcher,PRON,18031
marcher sur la pointe des pieds,PRON,17733
marchera,VERB,18031
marcherai,VERB,18031
marcheraient,VERB,18031
marcherais,VERB,18031
marcherait,VERB,18031
marcheras,VERB,18031
marcherez,VERB,18031
marcheriez,VERB,18031
marcherions,VERB,18031
marcherons,VERB,18031
marcheront,VERB,18031
marches,VERB,18031
marchez,VERB,18031
marchiez,VERB,18031
marchions,VERB,18031
marchons,VERB,18031
marchâmes,VERB,18031
marchât,VERB,18031
marchâtes,VERB,18031
marchèrent,VERB,18031
marché,VERB,23147
marché0,VERB,23147
marchés,VERB,23147
mardi,VERB,17790
mardi0,VERB,17790
mardis,VERB,17790
margarine,VERB,15424
margarine0,VERB,15424
margarines,VERB,15424
mari,PREP,14914
mari0,VERB,14914
maria,VERB,15426
mariage,VERB,15425
mariage0,VERB,15425
mariages,VERB,15425
mariai,VERB,15426
mariaient,VERB,15426
mariais,VERB,15426
mariait,VERB,15426
mariant,VERB,15426
marias,VERB,15426
mariasse,VERB,15426
mariassent,VERB,15426
mariasses,VERB,15426
mariassiez,VERB,15426
mariassions,VERB,15426
marie,PREP,21046
marient,VERB,15426
marier,VERB,15426
marier-,PRON,15426
mariera,VERB,15426
marierai,VERB,15426
marieraient,VERB,15426
marierais,VERB,15426
marierait,VERB,15426
marieras,VERB,15426
marierez,VERB,15426
marieriez,VERB,15426
marierions,VERB,15426
marierons,VERB,15426
marieront,VERB,15426
maries,VERB,15426
mariez,VERB,15426
mariiez,VERB,15426
mariions,VERB,15426
marin,PREP,16708
marin0,VERB,16708
marine,VERB,15696
marine0,VERB,15696
marines,VERB,15696
marins,VERB,16708
marionnette,VERB,16433
marionnette0,VERB,16433
marionnettes,VERB,16433
marions,VERB,15426
maris,VERB,14914
mariâmes,VERB,15426
mariât,VERB,15426
mariâtes,VERB,15426
marièrent,VERB,15426
marié,VERB,15426
mariée,VERB,15426
mariées,VERB,15426
mariés,VERB,15426
markheshvan,VERB,13160
marmelade,VERB,14965
marmelade0,VERB,14965
marmelades,VERB,14965
marmite,VERB,22584
marmite à vapeur,VERB,22586
marmite0,VERB,22584
marmites,VERB,22584
marmotte,VERB,14460
marmotte0,VERB,14460
marmottes,VERB,14460
marotte,VERB,14718
marotte0,VERB,14718
marottes,VERB,14718
mars,VERB,15423
marsouin,VERB,13864
marsouin0,VERB,13864
marsouine,VERB,13864
marsouines,VERB,13864
marsouins,VERB,13864
marsupial,VERB,12384
marsupial0,VERB,12384
marsupiaux,VERB,12384
marteau,VERB,14666
marteau0,VERB,14666
marteaux,VERB,14666
marécage,VERB,17472
marécage0,VERB,17472
marécages,VERB,17472
maréchal-ferrant,PREP,24107
marée,VERB,22626
marée basse,VERB,22627
marée haute,VERB,22628
marée0,VERB,22626
marées,VERB,22626
masculin,ADJ,15414
masculin0,VERB,15414
masculins,VERB,15414
masque,VERB,15428
masque de protection,VERB,21621
masque0,VERB,15428
masques,VERB,15428
massa,VERB,24816
massage,VERB,21606
massage0,VERB,21606
massages,VERB,21606
massai,VERB,24816
massaient,VERB,24816
massais,VERB,24816
massait,VERB,24816
massant,VERB,24816
massas,VERB,24816
massasse,VERB,24816
massassent,VERB,24816
massasses,VERB,24816
massassiez,VERB,24816
massassions,VERB,24816
masse,VERB,24816
massent,VERB,24816
masser,PRON,24816
massera,VERB,24816
masserai,VERB,24816
masseraient,VERB,24816
masserais,VERB,24816
masserait,VERB,24816
masseras,VERB,24816
masserez,VERB,24816
masseriez,VERB,24816
masserions,VERB,24816
masserons,VERB,24816
masseront,VERB,24816
masses,VERB,24816
masseur,PREP,21602
masseur0,VERB,21602
masseurs,VERB,21602
masseuse,VERB,21602
masseuses,VERB,21602
massez,VERB,24816
massiez,VERB,24816
massions,VERB,24816
massons,VERB,24816
massâmes,VERB,24816
massât,VERB,24816
massâtes,VERB,24816
massèrent,VERB,24816
massé,VERB,24816
massée,VERB,24816
massées,VERB,24816
massés,VERB,24816
masturbation,VERB,15429
masturbation0,VERB,15429
masturbations,VERB,15429
math,VERB,23148
math _,VERB,23148
maths,VERB,23148
mathématicien,PREP,21573
mathématicien0,VERB,21573
mathématicienne,VERB,21573
mathématiciennes,VERB,21573
mathématiciens,VERB,21573
mathématiques,VERB,15432
matin,VERB,15656
matin0,VERB,15656
matins,VERB,15656
matinée,VERB,15655
matinée0,VERB,15655
matinées,VERB,15655
matière,VERB,15431
matière absorbante,VERB,12325
matière0,VERB,15431
matières,VERB,15431
matrice,VERB,24904
matrice0,VERB,24904
matrices,VERB,24904
maturation,VERB,15433
maturation0,VERB,15433
maturations,VERB,15433
mature,ADJ,12342
mature0,VERB,12342
matures,VERB,12342
mausolée,VERB,21117
mausolée0,VERB,21117
mausolées,VERB,21117
mauvais,ADJ,12615
mauvais emploi,VERB,24697
mauvais usage,VERB,24697
mauvais0,VERB,12615
mauvaise,VERB,12615
mauvaise odeur,VERB,24919
mauvaises,VERB,12615
maçon,PREP,23419
maçon0,VERB,23419
maçonne,VERB,23419
maçonnes,VERB,23419
maçons,VERB,23419
maîtrise de soi,VERB,16754
maïs,VERB,13413
meeting,VERB,15450
meeting0,VERB,15450
meetings,VERB,15450
meilleur,ADJ,12667
meilleur que,ADJ,12668
meilleur0,VERB,12667
meilleure,VERB,12667
meilleures,VERB,12667
meilleurs,VERB,12667
melon,VERB,15452
melon0,VERB,15452
melons,VERB,15452
membre,PREP,24692
membre0,VERB,24692
membres,VERB,24692
menacé,ADJ,24094
mens,VERB,15204
mensonge,VERB,15203
mensonge0,VERB,15203
mensonges,VERB,15203
menstruation,VERB,15455
menstruation0,VERB,15455
menstruations,VERB,15455
ment,VERB,15204
mentaient,VERB,15204
mentais,VERB,15204
mentait,VERB,15204
mental,ADJ,15456
mental0,VERB,15456
mentale,VERB,15456
mentales,VERB,15456
mentant,VERB,15204
mentaux,VERB,15456
mente,VERB,15204
mentent,VERB,15204
mentes,VERB,15204
mentez,VERB,15204
menti,VERB,15204
mentiez,VERB,15204
mentions,VERB,15204
mentir,PRON,15204
mentira,VERB,15204
mentirai,VERB,15204
mentiraient,VERB,15204
mentirais,VERB,15204
mentirait,VERB,15204
mentiras,VERB,15204
mentirent,VERB,15204
mentirez,VERB,15204
mentiriez,VERB,15204
mentirions,VERB,15204
mentirons,VERB,15204
mentiront,VERB,15204
mentis,VERB,15204
mentisse,VERB,15204
mentissent,VERB,15204
mentisses,VERB,15204
mentissiez,VERB,15204
mentissions,VERB,15204
mentit,VERB,15204
menton,VERB,13169
menton0,VERB,13169
mentons,VERB,13169
mentîmes,VERB,15204
mentît,VERB,15204
mentîtes,VERB,15204
mer,VERB,15909
mer0,VERB,15909
mercredi,VERB,18216
mercredi0,VERB,18216
mercredis,VERB,18216
mercure,VERB,23149
mercure0,VERB,23149
mercures,VERB,23149
mers,VERB,15909
merveilleuse,VERB,24829
merveilleuses,VERB,24829
merveilleux,ADJ,24829
merveilleux0,VERB,24829
mes,PREP,15686
mess,VERB,16498
message,VERB,24484
message texte,VERB,24509
message téléphonique écrit,VERB,23679
message0,VERB,24484
messages,VERB,24484
messie,PREP,21043
messie0,VERB,21043
messies,VERB,21043
mesura,VERB,15442
mesurai,VERB,15442
mesuraient,VERB,15442
mesurais,VERB,15442
mesurait,VERB,15442
mesurant,VERB,15442
mesuras,VERB,15442
mesurasse,VERB,15442
mesurassent,VERB,15442
mesurasses,VERB,15442
mesurassiez,VERB,15442
mesurassions,VERB,15442
mesure,VERB,15443
mesure0,VERB,15443
mesurent,VERB,15442
mesurer,PRON,15442
mesurera,VERB,15442
mesurerai,VERB,15442
mesureraient,VERB,15442
mesurerais,VERB,15442
mesurerait,VERB,15442
mesureras,VERB,15442
mesurerez,VERB,15442
mesureriez,VERB,15442
mesurerions,VERB,15442
mesurerons,VERB,15442
mesureront,VERB,15442
mesures,VERB,15442
mesurez,VERB,15442
mesuriez,VERB,15442
mesurions,VERB,15442
mesurons,VERB,15442
mesurâmes,VERB,15442
mesurât,VERB,15442
mesurâtes,VERB,15442
mesurèrent,VERB,15442
mesuré,VERB,15442
mesurée,VERB,15442
mesurées,VERB,15442
mesurés,VERB,15442
met,VERB,16440
mets,VERB,16440
mettaient,VERB,16440
mettais,VERB,16440
mettait,VERB,16440
mettant,VERB,16440
mette,VERB,16440
mettent,VERB,16440
mettes,VERB,16440
mettez,VERB,16440
mettiez,VERB,16440
mettions,VERB,16440
mettons,VERB,16440
mettra,VERB,16440
mettrai,VERB,16440
mettraient,VERB,16440
mettrais,VERB,16440
mettrait,VERB,16440
mettras,VERB,16440
mettre,PRON,16440
mettre d'accord-,PRON,12353
mettre debout,PRON,17249
mettre la table,PRON,23563
mettrez,VERB,16440
mettriez,VERB,16440
mettrions,VERB,16440
mettrons,VERB,16440
mettront,VERB,16440
meuble,VERB,14416
meuble0,VERB,14416
meubles,VERB,14416
meugla,VERB,24194
meuglai,VERB,24194
meuglaient,VERB,24194
meuglais,VERB,24194
meuglait,VERB,24194
meuglant,VERB,24194
meuglas,VERB,24194
meuglasse,VERB,24194
meuglassent,VERB,24194
meuglasses,VERB,24194
meuglassiez,VERB,24194
meuglassions,VERB,24194
meugle,VERB,24194
meuglent,VERB,24194
meugler,PRON,24194
meuglera,VERB,24194
meuglerai,VERB,24194
meugleraient,VERB,24194
meuglerais,VERB,24194
meuglerait,VERB,24194
meugleras,VERB,24194
meuglerez,VERB,24194
meugleriez,VERB,24194
meuglerions,VERB,24194
meuglerons,VERB,24194
meugleront,VERB,24194
meugles,VERB,24194
meuglez,VERB,24194
meugliez,VERB,24194
meuglions,VERB,24194
meuglons,VERB,24194
meuglâmes,VERB,24194
meuglât,VERB,24194
meuglâtes,VERB,24194
meuglèrent,VERB,24194
meuglé,VERB,24194
meure,VERB,13672
meurent,VERB,13672
meures,VERB,13672
meurs,VERB,13672
meurt,VERB,13672
mezouzah,VERB,15461
miaula,VERB,24191
miaulai,VERB,24191
miaulaient,VERB,24191
miaulais,VERB,24191
miaulait,VERB,24191
miaulant,VERB,24191
miaulas,VERB,24191
miaulasse,VERB,24191
miaulassent,VERB,24191
miaulasses,VERB,24191
miaulassiez,VERB,24191
miaulassions,VERB,24191
miaule,VERB,24191
miaulent,VERB,24191
miauler,PRON,24191
miaulera,VERB,24191
miaulerai,VERB,24191
miauleraient,VERB,24191
miaulerais,VERB,24191
miaulerait,VERB,24191
miauleras,VERB,24191
miaulerez,VERB,24191
miauleriez,VERB,24191
miaulerions,VERB,24191
miaulerons,VERB,24191
miauleront,VERB,24191
miaules,VERB,24191
miaulez,VERB,24191
miauliez,VERB,24191
miaulions,VERB,24191
miaulons,VERB,24191
miaulâmes,VERB,24191
miaulât,VERB,24191
miaulâtes,VERB,24191
miaulèrent,VERB,24191
miaulé,VERB,24191
micro-organisme,VERB,24486
micro-organisme0,VERB,24486
micro-organismes,VERB,24486
microphone,VERB,23902
microphone0,VERB,23902
microphones,VERB,23902
microscope,VERB,24487
microscope0,VERB,24487
microscopes,VERB,24487
midi,VERB,23157
midi0,VERB,23157
midis,VERB,23157
miel,VERB,14889
miel0,VERB,14889
miels,VERB,14889
mieux,ADJ,12667
mieux que,ADJ,12668
mijota,VERB,16987
mijotai,VERB,16987
mijotaient,VERB,16987
mijotais,VERB,16987
mijotait,VERB,16987
mijotant,VERB,16987
mijotas,VERB,16987
mijotasse,VERB,16987
mijotassent,VERB,16987
mijotasses,VERB,16987
mijotassiez,VERB,16987
mijotassions,VERB,16987
mijote,VERB,16987
mijotent,VERB,16987
mijoter,PRON,16987
mijotera,VERB,16987
mijoterai,VERB,16987
mijoteraient,VERB,16987
mijoterais,VERB,16987
mijoterait,VERB,16987
mijoteras,VERB,16987
mijoterez,VERB,16987
mijoteriez,VERB,16987
mijoterions,VERB,16987
mijoterons,VERB,16987
mijoteront,VERB,16987
mijotes,VERB,16987
mijotez,VERB,16987
mijotiez,VERB,16987
mijotions,VERB,16987
mijotons,VERB,16987
mijotâmes,VERB,16987
mijotât,VERB,16987
mijotâtes,VERB,16987
mijotèrent,VERB,16987
mijoté,VERB,16987
mijotée,VERB,16987
mijotées,VERB,16987
mijotés,VERB,16987
milieu,VERB,15464
milieu de l'été,VERB,15465
milieu0,VERB,15464
milieux,VERB,15464
militaire,VERB,12579
militaire de réserve,VERB,15467
militaire0,VERB,12579
militaires,VERB,12579
militant,PREP,23012
militant0,VERB,23012
militante,VERB,23012
militantes,VERB,23012
militants,VERB,23012
milkshake,VERB,15470
mince,ADJ,17716
mince0,VERB,17716
minces,VERB,17716
mine,VERB,15472
mine0,VERB,15472
mines,VERB,15472
ministre,PREP,24192
ministre du culte,PREP,15473
ministre0,VERB,24192
ministres,VERB,24192
minuit,VERB,23152
minuit0,VERB,23152
minuits,VERB,23152
minute,VERB,15475
minute0,VERB,15475
minutes,VERB,24696
minuteur,VERB,23238
minuteur0,VERB,23238
minuteurs,VERB,23238
mirabelle,VERB,16208
mirabelle0,VERB,16208
mirabelles,VERB,16208
miracle,VERB,21299
miracle0,VERB,21299
miracles,VERB,21299
mirent,VERB,16440
mirliton,VERB,23888
mirliton0,VERB,23888
mirlitons,VERB,23888
miroir,VERB,20527
miroir0,VERB,20527
miroirs,VERB,20527
mis,VERB,16440
misa,VERB,24453
misai,VERB,24453
misaient,VERB,24453
misais,VERB,24453
misait,VERB,24453
misant,VERB,24453
misas,VERB,24453
misasse,VERB,24453
misassent,VERB,24453
misasses,VERB,24453
misassiez,VERB,24453
misassions,VERB,24453
mise,VERB,24452
mise0,VERB,24452
misent,VERB,24453
miser,PRON,24453
misera,VERB,24453
miserai,VERB,24453
miseraient,VERB,24453
miserais,VERB,24453
miserait,VERB,24453
miseras,VERB,24453
miserez,VERB,24453
miseriez,VERB,24453
miserions,VERB,24453
miserons,VERB,24453
miseront,VERB,24453
mises,VERB,16440
misez,VERB,24453
misiez,VERB,24453
misions,VERB,24453
misons,VERB,24453
misse,VERB,16440
missel,VERB,16238
missel0,VERB,16238
missels,VERB,16238
missent,VERB,16440
misses,VERB,16440
missiez,VERB,16440
missionnaire,PREP,21060
missionnaire0,VERB,21060
missionnaires,VERB,21060
missions,VERB,16440
misâmes,VERB,24453
misât,VERB,24453
misâtes,VERB,24453
misèrent,VERB,24453
misé,VERB,24453
misée,VERB,24453
misées,VERB,24453
miséricorde,VERB,21292
miséricorde0,VERB,21292
miséricordes,VERB,21292
misés,VERB,24453
mit,VERB,16440
mitaine,VERB,14446
mitaine0,VERB,14446
mitaines,VERB,14446
mite,VERB,15480
mite0,VERB,15480
mites,VERB,15480
mixa,VERB,22392
mixai,VERB,22392
mixaient,VERB,22392
mixais,VERB,22392
mixait,VERB,22392
mixant,VERB,22392
mixas,VERB,22392
mixasse,VERB,22392
mixassent,VERB,22392
mixasses,VERB,22392
mixassiez,VERB,22392
mixassions,VERB,22392
mixe,VERB,22392
mixent,VERB,22392
mixer,VERB,22392
mixera,VERB,22392
mixerai,VERB,22392
mixeraient,VERB,22392
mixerais,VERB,22392
mixerait,VERB,22392
mixeras,VERB,22392
mixerez,VERB,22392
mixeriez,VERB,22392
mixerions,VERB,22392
mixerons,VERB,22392
mixeront,VERB,22392
mixes,VERB,22392
mixez,VERB,22392
mixiez,VERB,22392
mixions,VERB,22392
mixons,VERB,22392
mixture,VERB,22377
mixture0,VERB,22377
mixtures,VERB,22377
mixâmes,VERB,22392
mixât,VERB,22392
mixâtes,VERB,22392
mixèrent,VERB,22392
mixé,VERB,22392
mixée,VERB,22392
mixées,VERB,22392
mixés,VERB,22392
mjolnir,PREP,22654
mms,VERB,24699
moche,ADJ,17964
moche0,VERB,17964
moches,VERB,17964
mode d'emploi,VERB,14946
mode de vie,VERB,21607
moi,PREP,14916
moins,ADJ,15195
mois,VERB,15649
mois prochain,VERB,24921
moisson,VERB,14681
moisson0,VERB,14681
moissons,VERB,14681
moite,ADJ,23885
moite0,VERB,23885
moites,VERB,23885
moitié,NOUN,24906
moitié0,VERB,24906
moitiés,VERB,24906
mol,VERB,17203
molle,VERB,17203
molles,VERB,17203
mols,VERB,17203
mon,PREP,15686
monarchie,VERB,24193
monarchie0,VERB,24193
monarchies,VERB,24193
monde,VERB,18278
monde0,VERB,18278
mondes,VERB,18278
mondial,ADJ,21380
mondial0,VERB,21380
mondiale,VERB,21380
mondiales,VERB,21380
mondiaux,VERB,21380
moniteur,VERB,23451
moniteur d'équitation,PREP,24245
moniteur0,VERB,23451
moniteurs,VERB,23451
monitrice,VERB,23451
monitrices,VERB,23451
monorail,VERB,24267
monorail0,VERB,24267
monorails,VERB,24267
monothéisme,VERB,21025
monothéisme0,VERB,21025
monothéismes,VERB,21025
monstre,VERB,15486
monstre0,VERB,15486
monstres,VERB,15486
monta,VERB,16676
montagne,VERB,15663
montagne0,VERB,15663
montagnes,VERB,15663
montai,VERB,16676
montaient,VERB,16676
montais,VERB,16676
montait,VERB,16676
montant,VERB,16676
montas,VERB,16676
montasse,VERB,16676
montassent,VERB,16676
montasses,VERB,16676
montassiez,VERB,16676
montassions,VERB,16676
monte,VERB,16676
montent,VERB,16676
monter,PRON,16676
monter à cheval,PRON,21836
montera,VERB,16676
monterai,VERB,16676
monteraient,VERB,16676
monterais,VERB,16676
monterait,VERB,16676
monteras,VERB,16676
monterez,VERB,16676
monteriez,VERB,16676
monterions,VERB,16676
monterons,VERB,16676
monteront,VERB,16676
montes,VERB,16676
montez,VERB,16676
montgolfière,VERB,22107
montgolfière0,VERB,22107
montgolfières,VERB,22107
montiez,VERB,16676
montions,VERB,16676
montons,VERB,16676
montra,VERB,16213
montrai,VERB,16213
montraient,VERB,16213
montrais,VERB,16213
montrait,VERB,16213
montrant,VERB,16213
montras,VERB,16213
montrasse,VERB,16213
montrassent,VERB,16213
montrasses,VERB,16213
montrassiez,VERB,16213
montrassions,VERB,16213
montre,VERB,18044
montre0,VERB,18044
montrent,VERB,16213
montrer,PRON,16213
montrera,VERB,16213
montrerai,VERB,16213
montreraient,VERB,16213
montrerais,VERB,16213
montrerait,VERB,16213
montreras,VERB,16213
montrerez,VERB,16213
montreriez,VERB,16213
montrerions,VERB,16213
montrerons,VERB,16213
montreront,VERB,16213
montres,VERB,16213
montrez,VERB,16213
montriez,VERB,16213
montrions,VERB,16213
montrons,VERB,16213
montrâmes,VERB,16213
montrât,VERB,16213
montrâtes,VERB,16213
montrèrent,VERB,16213
montré,VERB,16213
montrée,VERB,16213
montrées,VERB,16213
montrés,VERB,16213
montâmes,VERB,16676
montât,VERB,16676
montâtes,VERB,16676
montèrent,VERB,16676
monté,VERB,16676
montée,VERB,16676
montées,VERB,16676
montés,VERB,16676
monument,VERB,24700
monument0,VERB,24700
monuments,VERB,24700
moral,ADJ,15653
moral0,VERB,15653
morale,VERB,15653
morales,VERB,15653
moraux,VERB,15653
morceau,VERB,22362
morceau0,VERB,22362
morceaux,VERB,22362
mord,VERB,12847
mordaient,VERB,12847
mordais,VERB,12847
mordait,VERB,12847
mordant,VERB,12847
morde,VERB,12847
mordent,VERB,12847
mordes,VERB,12847
mordez,VERB,12847
mordiez,VERB,12847
mordions,VERB,12847
mordirent,VERB,12847
mordis,VERB,12847
mordisse,VERB,12847
mordissent,VERB,12847
mordisses,VERB,12847
mordissiez,VERB,12847
mordissions,VERB,12847
mordit,VERB,12847
mordons,VERB,12847
mordra,VERB,12847
mordrai,VERB,12847
mordraient,VERB,12847
mordrais,VERB,12847
mordrait,VERB,12847
mordras,VERB,12847
mordre,PRON,12847
mordrez,VERB,12847
mordriez,VERB,12847
mordrions,VERB,12847
mordrons,VERB,12847
mordront,VERB,12847
mords,VERB,12847
mordu,VERB,12847
mordue,VERB,12847
mordues,VERB,12847
mordus,VERB,12847
mordîmes,VERB,12847
mordît,VERB,12847
mordîtes,VERB,12847
morne,ADJ,24827
morne0,VERB,24827
mornes,VERB,24827
mors,VERB,24025
morse,VERB,23704
morse0,VERB,23704
morses,VERB,23704
mort,ADJ,13642
mort0,VERB,13642
morte,VERB,13672
mortel,ADJ,15657
mortel0,VERB,15657
mortelle,VERB,15657
mortelles,VERB,15657
mortels,VERB,15657
mortes,VERB,13672
morts,PREP,21314
morue,VERB,23044
morue0,VERB,23044
morues,VERB,23044
moshav,VERB,15658
mosquée,VERB,13345
mosquée0,VERB,13345
mosquées,VERB,13345
mot,VERB,18272
mot0,VERB,18272
moteur,VERB,15406
moteur0,VERB,15406
moteurs,VERB,15406
moto,VERB,21810
moto0,VERB,21810
motocross,VERB,21826
motocyclette,VERB,21810
motocyclette0,VERB,21810
motocyclettes,VERB,21810
motocyclisme,VERB,21826
motocyclisme0,VERB,21826
motocyclismes,VERB,21826
motos,VERB,21810
motrice,VERB,15406
motrices,VERB,15406
mots,VERB,18272
mou,ADJ,17203
mou0,VERB,17203
mouche,VERB,14371
mouche0,VERB,14371
mouches,VERB,14371
mouchoir,VERB,14671
mouchoir en papier,VERB,17738
mouchoir0,VERB,14671
mouchoirs,VERB,14671
mouette,VERB,14654
mouette0,VERB,14654
mouettes,VERB,14654
moufette,VERB,17005
moufette0,VERB,17005
moufettes,VERB,17005
moufle,VERB,14446
moufle0,VERB,14446
moufles,VERB,14446
mouillé,ADJ,18226
mouraient,VERB,13672
mourais,VERB,13672
mourait,VERB,13672
mourant,VERB,13672
mourez,VERB,13672
mouriez,VERB,13672
mourions,VERB,13672
mourir,PRON,13672
mourons,VERB,13672
mourra,VERB,13672
mourrai,VERB,13672
mourraient,VERB,13672
mourrais,VERB,13672
mourrait,VERB,13672
mourras,VERB,13672
mourrez,VERB,13672
mourriez,VERB,13672
mourrions,VERB,13672
mourrons,VERB,13672
mourront,VERB,13672
moururent,VERB,13672
mourus,VERB,13672
mourusse,VERB,13672
mourussent,VERB,13672
mourusses,VERB,13672
mourussiez,VERB,13672
mourussions,VERB,13672
mourut,VERB,13672
mourûmes,VERB,13672
mourût,VERB,13672
mourûtes,VERB,13672
mous,VERB,17203
mousse,VERB,23875
mousse0,VERB,23875
mousses,VERB,23875
moustique,VERB,15660
moustique0,VERB,15660
moustiques,VERB,15660
moutarde,VERB,22330
moutarde en poudre,VERB,22331
moutarde0,VERB,22330
moutardes,VERB,22330
mouton,VERB,15170
mouton0,VERB,15170
moutons,VERB,15170
mouvement,VERB,24702
mouvement circulaire,VERB,24249
mouvement0,VERB,24702
mouvement_,VERB,24702
mouvements,VERB,24702
moïse,PREP,21067
moïse0,VERB,21067
moïses,VERB,21067
muet,ADJ,15728
muet0,VERB,15728
muets,VERB,15728
muette,VERB,15728
muettes,VERB,15728
mulet,VERB,13865
mulet0,VERB,13865
mulets,VERB,13865
multiplia,VERB,15674
multipliai,VERB,15674
multipliaient,VERB,15674
multipliais,VERB,15674
multipliait,VERB,15674
multipliant,VERB,15674
multiplias,VERB,15674
multipliasse,VERB,15674
multipliassent,VERB,15674
multipliasses,VERB,15674
multipliassiez,VERB,15674
multipliassions,VERB,15674
multiplication,VERB,15673
multiplication0,VERB,15673
multiplications,VERB,15673
multiplie,VERB,15674
multiplient,VERB,15674
multiplier,PRON,15674
multipliera,VERB,15674
multiplierai,VERB,15674
multiplieraient,VERB,15674
multiplierais,VERB,15674
multiplierait,VERB,15674
multiplieras,VERB,15674
multiplierez,VERB,15674
multiplieriez,VERB,15674
multiplierions,VERB,15674
multiplierons,VERB,15674
multiplieront,VERB,15674
multiplies,VERB,15674
multipliez,VERB,15674
multipliiez,VERB,15674
multipliions,VERB,15674
multiplions,VERB,15674
multipliâmes,VERB,15674
multipliât,VERB,15674
multipliâtes,VERB,15674
multiplièrent,VERB,15674
multiplié,VERB,15674
multipliée,VERB,15674
multipliées,VERB,15674
multipliés,VERB,15674
multitude,VERB,15675
multitude0,VERB,15675
multitudes,VERB,15675
mur,VERB,18033
mur d'escalade,VERB,22111
mur0,VERB,18033
murs,VERB,18033
muscle,VERB,15676
muscle0,VERB,15676
muscles,VERB,15676
museau,VERB,24196
museau0,VERB,24196
museaux,VERB,24196
musette,VERB,23573
musette0,VERB,23573
musettes,VERB,23573
musicien,PREP,15683
musicien0,VERB,15683
musicienne,VERB,15683
musiciennes,VERB,15683
musiciens,VERB,15683
musicothérapeute,PREP,21598
musique,VERB,15679
musique country,VERB,23841
musique de danse,VERB,23843
musique de rock,VERB,24663
musique de rock punk,VERB,23932
musique folklorique,VERB,21611
musique métal,VERB,24695
musique pop,VERB,23931
musique rap,VERB,23934
musique rock,VERB,24736
musique0,VERB,15679
musiques,VERB,15679
musulman,ADJ,15659
musulman0,VERB,15659
musulmane,VERB,15659
musulmanes,VERB,15659
musulmans,VERB,15659
musée,VERB,15677
musée0,VERB,15677
musées,VERB,15677
myrtille,VERB,12866
myrtille0,VERB,12866
myrtilles,VERB,12866
mystère,VERB,21297
mystère0,VERB,21297
mystères,VERB,21297
mystérieuse,VERB,21298
mystérieuses,VERB,21298
mystérieux,ADJ,21298
mystérieux0,VERB,21298
mâcha,VERB,13163
mâchai,VERB,13163
mâchaient,VERB,13163
mâchais,VERB,13163
mâchait,VERB,13163
mâchant,VERB,13163
mâchas,VERB,13163
mâchasse,VERB,13163
mâchassent,VERB,13163
mâchasses,VERB,13163
mâchassiez,VERB,13163
mâchassions,VERB,13163
mâche,VERB,13163
mâchent,VERB,13163
mâcher,PRON,13163
mâchera,VERB,13163
mâcherai,VERB,13163
mâcheraient,VERB,13163
mâcherais,VERB,13163
mâcherait,VERB,13163
mâcheras,VERB,13163
mâcherez,VERB,13163
mâcheriez,VERB,13163
mâcherions,VERB,13163
mâcherons,VERB,13163
mâcheront,VERB,13163
mâches,VERB,13163
mâchez,VERB,13163
mâchiez,VERB,13163
mâchions,VERB,13163
mâchons,VERB,13163
mâchâmes,VERB,13163
mâchât,VERB,13163
mâchâtes,VERB,13163
mâchèrent,VERB,13163
mâché,VERB,13163
mâchée,VERB,13163
mâchées,VERB,13163
mâchés,VERB,13163
mât,VERB,22059
mât0,VERB,22059
mâts,VERB,22059
mâture,ADJ,24260
mâture0,VERB,24260
mâtures,VERB,24260
mère,PREP,15662
mère célibataire,PREP,21091
mère de famille d'accueil,PREP,14391
mère0,VERB,15662
mères,VERB,15662
mécanicien,PREP,23429
mécanicien0,VERB,23429
mécanicienne,VERB,23429
mécaniciennes,VERB,23429
mécaniciens,VERB,23429
méchant,ADJ,15439
méchant0,VERB,15439
méchante,VERB,15439
méchantes,VERB,15439
méchants,VERB,15439
médecin,PREP,13861
médecin en réhabilitation,PREP,21579
médecin en rééducation fonctionnelle,PREP,21579
médecin généraliste,PREP,21581
médecin0,VERB,13861
médecine,VERB,24920
médecine0,VERB,24920
médecines,VERB,24920
médecins,VERB,13861
médical,ADJ,15446
médical0,VERB,15446
médicale,VERB,15446
médicales,VERB,15446
médicament,VERB,15448
médicament0,VERB,15448
médicaments,VERB,15448
médicaux,VERB,15446
médita,VERB,21097
méditai,VERB,21097
méditaient,VERB,21097
méditais,VERB,21097
méditait,VERB,21097
méditant,VERB,21097
méditas,VERB,21097
méditasse,VERB,21097
méditassent,VERB,21097
méditasses,VERB,21097
méditassiez,VERB,21097
méditassions,VERB,21097
médite,VERB,21097
méditent,VERB,21097
méditer,PRON,21097
méditera,VERB,21097
méditerai,VERB,21097
méditeraient,VERB,21097
méditerais,VERB,21097
méditerait,VERB,21097
méditeras,VERB,21097
méditerez,VERB,21097
méditeriez,VERB,21097
méditerions,VERB,21097
méditerons,VERB,21097
méditeront,VERB,21097
médites,VERB,21097
méditez,VERB,21097
méditiez,VERB,21097
méditions,VERB,21097
méditons,VERB,21097
méditâmes,VERB,21097
méditât,VERB,21097
méditâtes,VERB,21097
méditèrent,VERB,21097
médité,VERB,21097
méditée,VERB,21097
méditées,VERB,21097
médités,VERB,21097
méduse,VERB,23124
méduse0,VERB,23124
méduses,VERB,23124
mélange,VERB,22377
mélange0,VERB,22377
mélangea,VERB,15481
mélangeai,VERB,15481
mélangeaient,VERB,15481
mélangeais,VERB,15481
mélangeait,VERB,15481
mélangeant,VERB,15481
mélangeas,VERB,15481
mélangeasse,VERB,15481
mélangeassent,VERB,15481
mélangeasses,VERB,15481
mélangeassiez,VERB,15481
mélangeassions,VERB,15481
mélangent,VERB,15481
mélangeons,VERB,15481
mélanger,PRON,15481
mélangera,VERB,15481
mélangerai,VERB,15481
mélangeraient,VERB,15481
mélangerais,VERB,15481
mélangerait,VERB,15481
mélangeras,VERB,15481
mélangerez,VERB,15481
mélangeriez,VERB,15481
mélangerions,VERB,15481
mélangerons,VERB,15481
mélangeront,VERB,15481
mélanges,VERB,15481
mélangez,VERB,15481
mélangeâmes,VERB,15481
mélangeât,VERB,15481
mélangeâtes,VERB,15481
mélangiez,VERB,15481
mélangions,VERB,15481
mélangèrent,VERB,15481
mélangé,VERB,15481
mélangée,VERB,15481
mélangées,VERB,15481
mélangés,VERB,15481
mélodie,VERB,17953
mélodie0,VERB,17953
mélodies,VERB,17953
mémoire,VERB,23589
mémoire informatique,VERB,23475
mémoire numérique,VERB,23475
mémoire0,VERB,23589
mémoires,VERB,23589
ménage,VERB,23536
ménage0,VERB,23536
ménages,VERB,23536
ménopause,VERB,15453
ménopause0,VERB,15453
ménopauses,VERB,15453
ménorah,VERB,15454
ménorah0,VERB,15454
ménorahs,VERB,15454
méprisa,VERB,23845
méprisai,VERB,23845
méprisaient,VERB,23845
méprisais,VERB,23845
méprisait,VERB,23845
méprisant,VERB,23845
méprisas,VERB,23845
méprisasse,VERB,23845
méprisassent,VERB,23845
méprisasses,VERB,23845
méprisassiez,VERB,23845
méprisassions,VERB,23845
méprise,VERB,15479
méprise0,VERB,15479
méprisent,VERB,23845
mépriser,PRON,23845
méprisera,VERB,23845
mépriserai,VERB,23845
mépriseraient,VERB,23845
mépriserais,VERB,23845
mépriserait,VERB,23845
mépriseras,VERB,23845
mépriserez,VERB,23845
mépriseriez,VERB,23845
mépriserions,VERB,23845
mépriserons,VERB,23845
mépriseront,VERB,23845
méprises,VERB,15479
méprisez,VERB,23845
méprisiez,VERB,23845
méprisions,VERB,23845
méprisons,VERB,23845
méprisâmes,VERB,23845
méprisât,VERB,23845
méprisâtes,VERB,23845
méprisèrent,VERB,23845
méprisé,VERB,23845
méprisée,VERB,23845
méprisées,VERB,23845
méprisés,VERB,23845
mésaventure,VERB,23867
mésaventure0,VERB,23867
mésaventures,VERB,23867
métal,VERB,15459
métal0,VERB,15459
métaphore,VERB,15460
métaphore0,VERB,15460
métaphores,VERB,15460
métaux,VERB,15459
méthode contraceptive naturelle ogino,VERB,16503
métier,VERB,21359
métier0,VERB,21359
métiers,VERB,21359
métro,VERB,24296
métro0,VERB,24296
métropole,VERB,23151
métropole0,VERB,23151
métropoles,VERB,23151
métros,VERB,24296
météorologie,VERB,21555
météorologie marine,VERB,24747
météorologie0,VERB,21555
météorologies,VERB,21555
météorologue,PREP,21571
météorologue0,VERB,21571
météorologues,VERB,21571
même son,OTHER,16714
mîmes,VERB,16440
mît,VERB,16440
mîtes,VERB,16440
mûr,ADJ,12342
mûr0,VERB,12342
mûre,VERB,23417
mûre0,VERB,23417
mûres,VERB,12342
mûrs,VERB,12342
n'avoir pas gagné,PRON,15395
n'importe quand,ADJ,14115
nage,VERB,24947
nage synchronisée,VERB,22056
nage0,VERB,24947
nagea,VERB,17482
nageai,VERB,17482
nageaient,VERB,17482
nageais,VERB,17482
nageait,VERB,17482
nageant,VERB,17482
nageas,VERB,17482
nageasse,VERB,17482
nageassent,VERB,17482
nageasses,VERB,17482
nageassiez,VERB,17482
nageassions,VERB,17482
nagent,VERB,17482
nageons,VERB,17482
nager,PRON,17482
nagera,VERB,17482
nagerai,VERB,17482
nageraient,VERB,17482
nagerais,VERB,17482
nagerait,VERB,17482
nageras,VERB,17482
nagerez,VERB,17482
nageriez,VERB,17482
nagerions,VERB,17482
nagerons,VERB,17482
nageront,VERB,17482
nages,VERB,17482
nagez,VERB,17482
nageâmes,VERB,17482
nageât,VERB,17482
nageâtes,VERB,17482
nagiez,VERB,17482
nagions,VERB,17482
nagèrent,VERB,17482
nagé,VERB,17482
nagée,VERB,17482
nagées,VERB,17482
nagés,VERB,17482
naissance,VERB,12842
naissance prématurée,VERB,16243
naissance0,VERB,12843
naissance_,VERB,12843
naissances,VERB,12843
nappe,VERB,17494
nappe d'autel,VERB,21369
nappe0,VERB,17494
nappes,VERB,17494
narcissisme,VERB,24937
narcissisme0,VERB,24937
narcissismes,VERB,24937
natation,VERB,22053
natation0,VERB,22053
natations,VERB,22053
nation,VERB,21610
nation0,VERB,21610
national,ADJ,24086
national0,VERB,24086
nationale,VERB,24086
nationales,VERB,24086
nationaux,VERB,24086
nations,VERB,21610
nature,VERB,13607
nature0,VERB,13607
natures,VERB,13607
navet,VERB,17958
navet0,VERB,17958
navets,VERB,17958
navigation par satellite,VERB,24660
navré,OTHER,17214
ne pas,NOUN,15733
ne pas aimer,PRON,13692
neige,VERB,17192
neige0,VERB,17192
neigea,VERB,17193
neigeait,VERB,17193
neigeant,VERB,17193
neiger,PRON,17193
neigera,VERB,17193
neigerait,VERB,17193
neiges,VERB,17192
neigeât,VERB,17193
neigé,VERB,17193
net,ADJ,13358
nettoie,VERB,13357
nettoient,VERB,13357
nettoiera,VERB,13357
nettoierai,VERB,13357
nettoieraient,VERB,13357
nettoierais,VERB,13357
nettoierait,VERB,13357
nettoieras,VERB,13357
nettoierez,VERB,13357
nettoieriez,VERB,13357
nettoierions,VERB,13357
nettoierons,VERB,13357
nettoieront,VERB,13357
nettoies,VERB,13357
nettoya,VERB,13357
nettoyai,VERB,13357
nettoyaient,VERB,13357
nettoyais,VERB,13357
nettoyait,VERB,13357
nettoyant,VERB,13357
nettoyas,VERB,13357
nettoyasse,VERB,13357
nettoyassent,VERB,13357
nettoyasses,VERB,13357
nettoyassiez,VERB,13357
nettoyassions,VERB,13357
nettoyer,PRON,13357
nettoyez,VERB,13357
nettoyiez,VERB,13357
nettoyions,VERB,13357
nettoyons,VERB,13357
nettoyâmes,VERB,13357
nettoyât,VERB,13357
nettoyâtes,VERB,13357
nettoyèrent,VERB,13357
nettoyé,VERB,13357
nettoyée,VERB,13357
nettoyées,VERB,13357
nettoyés,VERB,13357
neuf,NOUN,8505
neuf0,VERB,8505
neufs,VERB,8505
neurologue,PREP,21583
neurologue0,VERB,21583
neurologues,VERB,21583
neuve,VERB,8505
neuves,VERB,8505
neveu,PREP,15707
neveu0,VERB,15707
neveux,VERB,15707
nez,VERB,15732
ni,NOUN,15706
ni l'un ni l'autre,NOUN,15706
nissan,VERB,15721
niveau,VERB,23085
niveau0,VERB,23085
niveaux,VERB,23085
nièce,PREP,15718
nièce0,VERB,15718
nièces,VERB,15718
noie,VERB,21349
noient,VERB,21349
noiera,VERB,21349
noierai,VERB,21349
noieraient,VERB,21349
noierais,VERB,21349
noierait,VERB,21349
noieras,VERB,21349
noierez,VERB,21349
noieriez,VERB,21349
noierions,VERB,21349
noierons,VERB,21349
noieront,VERB,21349
noies,VERB,21349
noir,VERB,12849
noir0,VERB,12849
noir_,NOUN,12849
noire,VERB,12849
noires,VERB,12849
noirs,VERB,12849
noix,VERB,15906
noix de coco,VERB,13372
nom,VERB,15691
nom bliss,VERB,21624
nom0,VERB,15691
nombre,VERB,15742
nombre0,VERB,15742
nombres,VERB,15742
nombril,VERB,24198
nombril0,VERB,24198
nombrils,VERB,24198
nomma,VERB,24874
nommai,VERB,24874
nommaient,VERB,24874
nommais,VERB,24874
nommait,VERB,24874
nommant,VERB,24874
nommas,VERB,24874
nommasse,VERB,24874
nommassent,VERB,24874
nommasses,VERB,24874
nommassiez,VERB,24874
nommassions,VERB,24874
nomme,VERB,24874
nomment,VERB,24874
nommer,VERB,24874
nommer-,PRON,24874
nommera,VERB,24874
nommerai,VERB,24874
nommeraient,VERB,24874
nommerais,VERB,24874
nommerait,VERB,24874
nommeras,VERB,24874
nommerez,VERB,24874
nommeriez,VERB,24874
nommerions,VERB,24874
nommerons,VERB,24874
nommeront,VERB,24874
nommes,VERB,24874
nommez,VERB,24874
nommiez,VERB,24874
nommions,VERB,24874
nommons,VERB,24874
nommâmes,VERB,24874
nommât,VERB,24874
nommâtes,VERB,24874
nommèrent,VERB,24874
nommé,VERB,24874
nommée,VERB,24874
nommées,VERB,24874
nommés,VERB,24874
noms,VERB,15691
non,OTHER,15722
non coupable,ADJ,23121
non oral,ADJ,15728
non-sens,OTHER,15727
nord,VERB,15730
nordique,ADJ,15731
nordique0,VERB,15731
nordiques,VERB,15731
norvège,VERB,22612
nos,PREP,15939
notaire,PREP,23159
notaire0,VERB,23159
notaires,VERB,23159
note,VERB,24693
note de musique,VERB,15682
note0,VERB,24693
notes,VERB,24693
notre,PREP,15939
noua,VERB,24311
nouai,VERB,24311
nouaient,VERB,24311
nouais,VERB,24311
nouait,VERB,24311
nouant,VERB,24311
nouas,VERB,24311
nouasse,VERB,24311
nouassent,VERB,24311
nouasses,VERB,24311
nouassiez,VERB,24311
nouassions,VERB,24311
noue,VERB,24311
nouent,VERB,24311
nouer,PRON,24311
nouera,VERB,24311
nouerai,VERB,24311
noueraient,VERB,24311
nouerais,VERB,24311
nouerait,VERB,24311
noueras,VERB,24311
nouerez,VERB,24311
noueriez,VERB,24311
nouerions,VERB,24311
nouerons,VERB,24311
noueront,VERB,24311
noues,VERB,24311
nouez,VERB,24311
nouiez,VERB,24311
nouilles de riz,VERB,22136
nouions,VERB,24311
nouons,VERB,24311
nourri,VERB,14162
nourrie,VERB,14162
nourries,VERB,14162
nourrir,PRON,14162
nourrira,VERB,14162
nourrirai,VERB,14162
nourriraient,VERB,14162
nourrirais,VERB,14162
nourrirait,VERB,14162
nourriras,VERB,14162
nourrirent,VERB,14162
nourrirez,VERB,14162
nourririez,VERB,14162
nourririons,VERB,14162
nourrirons,VERB,14162
nourriront,VERB,14162
nourris,VERB,14162
nourrissaient,VERB,14162
nourrissais,VERB,14162
nourrissait,VERB,14162
nourrissant,VERB,14162
nourrisse,VERB,14162
nourrissent,VERB,14162
nourrisses,VERB,14162
nourrissez,VERB,14162
nourrissiez,VERB,14162
nourrissions,VERB,14162
nourrissons,VERB,14162
nourrit,VERB,14162
nourriture,VERB,14377
nourriture0,VERB,14377
nourritures,VERB,14377
nourrîmes,VERB,14162
nourrît,VERB,14162
nourrîtes,VERB,14162
nous,PREP,18210
nous-mêmes,PREP,18210
nouveau,ADJ,14399
nouveau testament,VERB,21071
nouveau-né,PREP,12603
nouveau-né0,VERB,12603
nouveau-née,VERB,12603
nouveau-nées,VERB,12603
nouveau-nés,VERB,12603
nouveau0,VERB,14399
nouveaux,VERB,14399
nouvel,VERB,14399
nouvel an,VERB,15711
nouvelle,VERB,14399
nouvelles,VERB,15712
nouvels,VERB,14399
nouâmes,VERB,24311
nouât,VERB,24311
nouâtes,VERB,24311
nouèrent,VERB,24311
noué,VERB,24311
nouée,VERB,24311
nouées,VERB,24311
noués,VERB,24311
novembre,VERB,15735
novembre0,VERB,15735
novembres,VERB,15735
noya,VERB,21349
noyade,VERB,24854
noyade0,VERB,24854
noyades,VERB,24854
noyai,VERB,21349
noyaient,VERB,21349
noyais,VERB,21349
noyait,VERB,21349
noyant,VERB,21349
noyas,VERB,21349
noyasse,VERB,21349
noyassent,VERB,21349
noyasses,VERB,21349
noyassiez,VERB,21349
noyassions,VERB,21349
noyau,VERB,16188
noyau atomique,VERB,15741
noyau0,VERB,16188
noyaux,VERB,16188
noyer,PRON,21349
noyer-,PRON,21348
noyez,VERB,21349
noyiez,VERB,21349
noyions,VERB,21349
noyons,VERB,21349
noyâmes,VERB,21349
noyât,VERB,21349
noyâtes,VERB,21349
noyèrent,VERB,21349
noyé,VERB,21349
noyée,VERB,21349
noyées,VERB,21349
noyés,VERB,21349
noé,PREP,21065
noël,VERB,13181
noël0,VERB,13181
noëls,VERB,13181
nuage,VERB,13367
nuage0,VERB,13367
nuages,VERB,13367
nuageuse,VERB,13368
nuageuses,VERB,13368
nuageux,ADJ,13368
nuageux0,VERB,13368
nuit,VERB,15719
nuit dernière,VERB,15174
nuit passée,VERB,15174
nuit0,VERB,15719
nuits,VERB,15719
nulle part,NOUN,15737
numérique,ADJ,23474
numérique0,VERB,23474
numériques,VERB,23474
nécessaire,ADJ,15698
nécessaire0,VERB,15698
nécessaires,VERB,15698
négation,NOUN,15733
négation0,VERB,15733
négations,VERB,15733
nôtre,PREP,15939
nôtre0,VERB,15939
nôtres,VERB,15939
nœud,VERB,12882
nœud0,VERB,12882
nœuds,VERB,12882
objet artisanal,VERB,14672
objet fait main,VERB,24803
objet linéaire,VERB,15216
objet suspect,VERB,17977
obligé,ADJ,14383
obligé0,VERB,14383
obligée,VERB,14383
obligées,VERB,14383
obligés,VERB,14383
oblong,ADJ,16473
oblong0,VERB,16473
oblongs,VERB,16473
oblongue,VERB,16473
oblongues,VERB,16473
obscénité,VERB,24962
obscénité0,VERB,24962
obscénités,VERB,24962
observa,VERB,15908
observai,VERB,15908
observaient,VERB,15908
observais,VERB,15908
observait,VERB,15908
observant,VERB,15908
observas,VERB,15908
observasse,VERB,15908
observassent,VERB,15908
observasses,VERB,15908
observassiez,VERB,15908
observassions,VERB,15908
observation,VERB,24846
observation0,VERB,24846
observations,VERB,24846
observe,VERB,15908
observent,VERB,15908
observer,PRON,15908
observera,VERB,15908
observerai,VERB,15908
observeraient,VERB,15908
observerais,VERB,15908
observerait,VERB,15908
observeras,VERB,15908
observerez,VERB,15908
observeriez,VERB,15908
observerions,VERB,15908
observerons,VERB,15908
observeront,VERB,15908
observes,VERB,15908
observez,VERB,15908
observiez,VERB,15908
observions,VERB,15908
observons,VERB,15908
observâmes,VERB,15908
observât,VERB,15908
observâtes,VERB,15908
observèrent,VERB,15908
observé,VERB,15908
observée,VERB,15908
observées,VERB,15908
observés,VERB,15908
obéi,VERB,15907
obéie,VERB,15907
obéies,VERB,15907
obéir,PRON,15907
obéira,VERB,15907
obéirai,VERB,15907
obéiraient,VERB,15907
obéirais,VERB,15907
obéirait,VERB,15907
obéiras,VERB,15907
obéirent,VERB,15907
obéirez,VERB,15907
obéiriez,VERB,15907
obéirions,VERB,15907
obéirons,VERB,15907
obéiront,VERB,15907
obéis,VERB,15907
obéissaient,VERB,15907
obéissais,VERB,15907
obéissait,VERB,15907
obéissance,VERB,21309
obéissance0,VERB,21309
obéissances,VERB,21309
obéissant,VERB,15907
obéisse,VERB,15907
obéissent,VERB,15907
obéisses,VERB,15907
obéissez,VERB,15907
obéissiez,VERB,15907
obéissions,VERB,15907
obéissons,VERB,15907
obéit,VERB,15907
obéîmes,VERB,15907
obéît,VERB,15907
obéîtes,VERB,15907
occasionna,VERB,13135
occasionnai,VERB,13135
occasionnaient,VERB,13135
occasionnais,VERB,13135
occasionnait,VERB,13135
occasionnant,VERB,13135
occasionnas,VERB,13135
occasionnasse,VERB,13135
occasionnassent,VERB,13135
occasionnasses,VERB,13135
occasionnassiez,VERB,13135
occasionnassions,VERB,13135
occasionne,VERB,13135
occasionnent,VERB,13135
occasionner,PRON,13135
occasionnera,VERB,13135
occasionnerai,VERB,13135
occasionneraient,VERB,13135
occasionnerais,VERB,13135
occasionnerait,VERB,13135
occasionneras,VERB,13135
occasionnerez,VERB,13135
occasionneriez,VERB,13135
occasionnerions,VERB,13135
occasionnerons,VERB,13135
occasionneront,VERB,13135
occasionnes,VERB,13135
occasionnez,VERB,13135
occasionniez,VERB,13135
occasionnions,VERB,13135
occasionnons,VERB,13135
occasionnâmes,VERB,13135
occasionnât,VERB,13135
occasionnâtes,VERB,13135
occasionnèrent,VERB,13135
occasionné,VERB,13135
occasionnée,VERB,13135
occasionnées,VERB,13135
occasionnés,VERB,13135
occidental,ADJ,18225
occidental0,VERB,18225
occidentale,VERB,18225
occidentales,VERB,18225
occidentaux,VERB,18225
octobre,VERB,15910
octobre0,VERB,15910
octobres,VERB,15910
oculiste,PREP,21578
oculiste0,VERB,21578
oculistes,VERB,21578
océan,VERB,15909
océan0,VERB,15909
océans,VERB,15909
odeur,VERB,17017
odeur0,VERB,17017
odeurs,VERB,17017
odin,PREP,22650
odomètre,VERB,23161
odomètre0,VERB,23161
odomètres,VERB,23161
offert,VERB,22831
offerte,VERB,22831
offertes,VERB,22831
offerts,VERB,22831
officier de police,PREP,16217
offraient,VERB,22831
offrais,VERB,22831
offrait,VERB,22831
offrant,VERB,22831
offre,VERB,22831
offrent,VERB,22831
offres,VERB,22831
offrez,VERB,22831
offriez,VERB,22831
offrions,VERB,22831
offrir,PRON,22831
offrira,VERB,22831
offrirai,VERB,22831
offriraient,VERB,22831
offrirais,VERB,22831
offrirait,VERB,22831
offriras,VERB,22831
offrirent,VERB,22831
offrirez,VERB,22831
offririez,VERB,22831
offririons,VERB,22831
offrirons,VERB,22831
offriront,VERB,22831
offris,VERB,22831
offrisse,VERB,22831
offrissent,VERB,22831
offrisses,VERB,22831
offrissiez,VERB,22831
offrissions,VERB,22831
offrit,VERB,22831
offrons,VERB,22831
offrîmes,VERB,22831
offrît,VERB,22831
offrîtes,VERB,22831
oie,VERB,14458
oie0,VERB,14458
oies,VERB,14458
oignon,VERB,15920
oignon vert,VERB,14644
oignon0,VERB,15920
oignons,VERB,15920
oiseau,VERB,12837
oiseau aquatique,VERB,12840
oiseau bleu,VERB,12867
oiseau chanteur,VERB,17211
oiseau nocturne,VERB,15949
oiseau0,VERB,12837
oiseaux,VERB,12837
oisillon,VERB,24447
oisillon0,VERB,24447
oisillons,VERB,24447
okra,VERB,24706
olive,VERB,15917
olive0,VERB,15917
olives,VERB,15917
ombre,VERB,24746
ombre0,VERB,24746
ombres,VERB,24746
omelette,VERB,22139
omelette0,VERB,22139
omelettes,VERB,22139
omniscient,ADJ,21328
omniscient0,VERB,21328
omnisciente,VERB,21328
omniscientes,VERB,21328
omniscients,VERB,21328
on,PREP,14688
oncle,PREP,17967
oncle0,VERB,17967
oncles,VERB,17967
onction des malades,VERB,21109
onde satellite,VERB,24742
onde émettrice,VERB,24750
ondulé,ADJ,18253
ongle,VERB,24114
ongle0,VERB,24114
ongles,VERB,24114
ont,VERB,14685
ophtalmologue,PREP,21578
ophtalmologue0,VERB,21578
ophtalmologues,VERB,21578
opinion,VERB,15925
opinion0,VERB,15925
opinions,VERB,15925
opossum,VERB,15926
opossum0,VERB,15926
opossums,VERB,15926
opposition,VERB,15928
opposition0,VERB,15928
oppositions,VERB,15928
opposé à,OTHER,15927
opticien,PREP,23598
opticien0,VERB,23598
opticienne,VERB,23598
opticiennes,VERB,23598
opticiens,VERB,23598
opéra,VERB,23597
opéra0,VERB,23597
opéras,VERB,23597
opération chirurgicale,VERB,15924
or,VERB,23100
or0,VERB,23100
orange,VERB,15933
orange0,VERB,15933
orange_,NOUN,15931
oranges,VERB,15933
orbite,VERB,24249
orbite0,VERB,24249
orbites,VERB,24249
orchestre,PREP,12624
orchestre0,VERB,12624
orchestres,VERB,12624
ordinateur,VERB,13394
ordinateur de bureau,VERB,23470
ordinateur de poche,VERB,23602
ordinateur portable,VERB,23562
ordinateur tablette,VERB,23672
ordinateur0,VERB,13394
ordinateurs,VERB,13394
ordinatrice,VERB,13394
ordinatrices,VERB,13394
ordonnance médicale,VERB,24219
oreille,VERB,13894
oreille0,VERB,13894
oreiller,VERB,16177
oreiller0,VERB,16177
oreillers,VERB,16177
oreilles,VERB,13894
oreilles d'aman,VERB,14665
orfèvre,PREP,24456
orfèvre0,VERB,24456
orfèvres,VERB,24456
organe,VERB,24202
organe0,VERB,24202
organes,VERB,24202
organes génitaux,VERB,14431
organes génitaux féminins,VERB,14432
organes génitaux masculins,VERB,14433
organisa,VERB,15935
organisai,VERB,15935
organisaient,VERB,15935
organisais,VERB,15935
organisait,VERB,15935
organisant,VERB,15935
organisas,VERB,15935
organisasse,VERB,15935
organisassent,VERB,15935
organisasses,VERB,15935
organisassiez,VERB,15935
organisassions,VERB,15935
organise,VERB,15935
organisent,VERB,15935
organiser,PRON,15935
organisera,VERB,15935
organiserai,VERB,15935
organiseraient,VERB,15935
organiserais,VERB,15935
organiserait,VERB,15935
organiseras,VERB,15935
organiserez,VERB,15935
organiseriez,VERB,15935
organiserions,VERB,15935
organiserons,VERB,15935
organiseront,VERB,15935
organises,VERB,15935
organisez,VERB,15935
organisiez,VERB,15935
organisions,VERB,15935
organisme,VERB,24494
organisme0,VERB,24494
organismes,VERB,24494
organisons,VERB,15935
organisâmes,VERB,15935
organisât,VERB,15935
organisâtes,VERB,15935
organisèrent,VERB,15935
organisé,VERB,15935
organisée,VERB,15935
organisées,VERB,15935
organisés,VERB,15935
orgasme,VERB,15936
orgasme0,VERB,15936
orgasmes,VERB,15936
orge,VERB,24608
orge0,VERB,24608
orges,VERB,24608
orientation,VERB,13682
orientation0,VERB,13682
orientations,VERB,13682
orignal,VERB,15652
orignal0,VERB,15652
orignaux,VERB,15652
orl,PREP,21576
ornement,VERB,24079
ornement0,VERB,24079
ornements,VERB,24079
ors,VERB,23100
orteil,VERB,17745
orteil0,VERB,17745
orteils,VERB,17745
orthographia,VERB,23665
orthographiai,VERB,23665
orthographiaient,VERB,23665
orthographiais,VERB,23665
orthographiait,VERB,23665
orthographiant,VERB,23665
orthographias,VERB,23665
orthographiasse,VERB,23665
orthographiassent,VERB,23665
orthographiasses,VERB,23665
orthographiassiez,VERB,23665
orthographiassions,VERB,23665
orthographie,VERB,23665
orthographient,VERB,23665
orthographier,PRON,23665
orthographiera,VERB,23665
orthographierai,VERB,23665
orthographieraient,VERB,23665
orthographierais,VERB,23665
orthographierait,VERB,23665
orthographieras,VERB,23665
orthographierez,VERB,23665
orthographieriez,VERB,23665
orthographierions,VERB,23665
orthographierons,VERB,23665
orthographieront,VERB,23665
orthographies,VERB,23665
orthographiez,VERB,23665
orthographiiez,VERB,23665
orthographiions,VERB,23665
orthographions,VERB,23665
orthographiâmes,VERB,23665
orthographiât,VERB,23665
orthographiâtes,VERB,23665
orthographièrent,VERB,23665
orthographié,VERB,23665
orthographiée,VERB,23665
orthographiées,VERB,23665
orthographiés,VERB,23665
orthophonie,VERB,24276
orthophonie0,VERB,24276
orthophonies,VERB,24276
orthophoniste,PREP,21590
orthophoniste0,VERB,21590
orthophonistes,VERB,21590
orthoptiste,PREP,21594
orthoptiste0,VERB,21594
orthoptistes,VERB,21594
orthopédiste,PREP,21577
orthopédiste0,VERB,21577
orthopédistes,VERB,21577
os,VERB,12873
osa,VERB,23466
osai,VERB,23466
osaient,VERB,23466
osais,VERB,23466
osait,VERB,23466
osant,VERB,23466
osas,VERB,23466
osasse,VERB,23466
osassent,VERB,23466
osasses,VERB,23466
osassiez,VERB,23466
osassions,VERB,23466
ose,VERB,23466
osent,VERB,23466
oser,PRON,23466
osera,VERB,23466
oserai,VERB,23466
oseraient,VERB,23466
oserais,VERB,23466
oserait,VERB,23466
oseras,VERB,23466
oserez,VERB,23466
oseriez,VERB,23466
oserions,VERB,23466
oserons,VERB,23466
oseront,VERB,23466
oses,VERB,23466
osez,VERB,23466
osiez,VERB,23466
osions,VERB,23466
osons,VERB,23466
ostéopathe,PREP,21600
ostéopathe0,VERB,21600
ostéopathes,VERB,21600
osâmes,VERB,23466
osât,VERB,23466
osâtes,VERB,23466
osèrent,VERB,23466
osé,VERB,23466
osée,VERB,23466
osées,VERB,23466
osés,VERB,23466
oto-rhino-laryngologue,PREP,21576
ou,NOUN,15929
oubli,VERB,24899
oubli0,VERB,24899
oublia,VERB,14387
oubliai,VERB,14387
oubliaient,VERB,14387
oubliais,VERB,14387
oubliait,VERB,14387
oubliant,VERB,14387
oublias,VERB,14387
oubliasse,VERB,14387
oubliassent,VERB,14387
oubliasses,VERB,14387
oubliassiez,VERB,14387
oubliassions,VERB,14387
oublie,VERB,14387
oublient,VERB,14387
oublier,PRON,14387
oubliera,VERB,14387
oublierai,VERB,14387
oublieraient,VERB,14387
oublierais,VERB,14387
oublierait,VERB,14387
oublieras,VERB,14387
oublierez,VERB,14387
oublieriez,VERB,14387
oublierions,VERB,14387
oublierons,VERB,14387
oublieront,VERB,14387
oublies,VERB,14387
oubliez,VERB,14387
oubliiez,VERB,14387
oubliions,VERB,14387
oublions,VERB,14387
oublis,VERB,24899
oubliâmes,VERB,14387
oubliât,VERB,14387
oubliâtes,VERB,14387
oublièrent,VERB,14387
oublié,VERB,14387
oubliée,VERB,14387
oubliées,VERB,14387
oubliés,VERB,14387
ouest,VERB,18224
oui,OTHER,18294
ouragan,VERB,23887
ouragan0,VERB,23887
ouragans,VERB,23887
ours,VERB,12643
ours0,VERB,12643
ourse,VERB,12643
ourses,VERB,12643
oursin,VERB,23656
oursin0,VERB,23656
oursins,VERB,23656
outil,VERB,17755
outil de nettoyage,VERB,22397
outil servant à ouvrir,VERB,22394
outil0,VERB,17755
outils,VERB,17755
ouvert,ADJ,15921
ouverte,VERB,15922
ouvertes,VERB,15922
ouverts,VERB,15922
ouverture,VERB,15923
ouverture0,VERB,15923
ouvertures,VERB,15923
ouvraient,VERB,15922
ouvrais,VERB,15922
ouvrait,VERB,15922
ouvrant,VERB,15922
ouvre,VERB,15922
ouvre-bouteille,VERB,22395
ouvre-bouteille0,VERB,22395
ouvre-bouteilles,VERB,22395
ouvre-boîte,VERB,22394
ouvre-boîte0,VERB,22394
ouvre-boîtes,VERB,22394
ouvrent,VERB,15922
ouvres,VERB,15922
ouvrez,VERB,15922
ouvrier,PREP,18277
ouvrier0,VERB,18277
ouvriers,VERB,18277
ouvriez,VERB,15922
ouvrions,VERB,15922
ouvrir,PRON,15922
ouvrira,VERB,15922
ouvrirai,VERB,15922
ouvriraient,VERB,15922
ouvrirais,VERB,15922
ouvrirait,VERB,15922
ouvriras,VERB,15922
ouvrirent,VERB,15922
ouvrirez,VERB,15922
ouvririez,VERB,15922
ouvririons,VERB,15922
ouvrirons,VERB,15922
ouvriront,VERB,15922
ouvris,VERB,15922
ouvrisse,VERB,15922
ouvrissent,VERB,15922
ouvrisses,VERB,15922
ouvrissiez,VERB,15922
ouvrissions,VERB,15922
ouvrit,VERB,15922
ouvrière,VERB,18277
ouvrières,VERB,18277
ouvrons,VERB,15922
ouvrîmes,VERB,15922
ouvrît,VERB,15922
ouvrîtes,VERB,15922
ovaire,VERB,15947
ovaire0,VERB,15947
ovaires,VERB,15947
ovale,VERB,15946
ovale0,VERB,15946
ovales,VERB,15946
où,NOUN,18236
pacifique,ADJ,15982
pacifique0,VERB,15982
pacifiques,VERB,15982
paddock,VERB,24203
paddock0,VERB,24203
paddocks,VERB,24203
pagaie double,VERB,22068
pagaie simple,VERB,22067
page,VERB,15962
page0,VERB,15962
pages,VERB,15962
paie,VERB,15979
paient,VERB,15979
paiera,VERB,15979
paierai,VERB,15979
paieraient,VERB,15979
paierais,VERB,15979
paierait,VERB,15979
paieras,VERB,15979
paierez,VERB,15979
paieriez,VERB,15979
paierions,VERB,15979
paierons,VERB,15979
paieront,VERB,15979
paies,VERB,15979
paille,VERB,17277
paille0,VERB,17277
pailles,VERB,17277
pain,VERB,12895
pain azyme,VERB,15434
pain fourré,VERB,23643
pain grillé,VERB,17740
pain grillé plat et rond,VERB,16691
pain0,VERB,12895
pains,VERB,12895
pair,PREP,23165
pair0,VERB,23165
paire,VERB,15959
paire de ciseaux,VERB,16736
paires,VERB,23165
pairs,VERB,23165
paisible,ADJ,15982
paisible0,VERB,15982
paisibles,VERB,15982
paix,VERB,15980
palais,VERB,23437
palais de justice,VERB,23051
palais royal,VERB,23438
palefrenier,PREP,24137
palefrenier0,VERB,24137
palefreniers,VERB,24137
palefrenière,VERB,24137
palefrenières,VERB,24137
palmier,VERB,15960
palmier0,VERB,15960
palmiers,VERB,15960
pamplemousse,VERB,14634
pamplemousse0,VERB,14634
pamplemousses,VERB,14634
panique,VERB,24831
panique0,VERB,24831
paniques,VERB,24831
panne,VERB,24775
panne0,VERB,24775
panneau,VERB,12868
panneau de signalisation,VERB,24735
panneau publicitaire,VERB,16977
panneau0,VERB,12868
panneaux,VERB,12868
pannes,VERB,24775
pansa,VERB,24138
pansai,VERB,24138
pansaient,VERB,24138
pansais,VERB,24138
pansait,VERB,24138
pansant,VERB,24138
pansas,VERB,24138
pansasse,VERB,24138
pansassent,VERB,24138
pansasses,VERB,24138
pansassiez,VERB,24138
pansassions,VERB,24138
panse,VERB,24138
pansement,VERB,12625
pansement0,VERB,12625
pansements,VERB,12625
pansent,VERB,24138
panser,PRON,24138
pansera,VERB,24138
panserai,VERB,24138
panseraient,VERB,24138
panserais,VERB,24138
panserait,VERB,24138
panseras,VERB,24138
panserez,VERB,24138
panseriez,VERB,24138
panserions,VERB,24138
panserons,VERB,24138
panseront,VERB,24138
panses,VERB,24138
pansez,VERB,24138
pansiez,VERB,24138
pansions,VERB,24138
pansons,VERB,24138
pansâmes,VERB,24138
pansât,VERB,24138
pansâtes,VERB,24138
pansèrent,VERB,24138
pansé,VERB,24138
pansée,VERB,24138
pansées,VERB,24138
pansés,VERB,24138
pantalon,VERB,15961
pantalon0,VERB,15961
pantalons,VERB,15961
pantoufle,VERB,17013
pantoufle0,VERB,17013
pantoufles,VERB,17013
paon,VERB,15984
paon0,VERB,15984
paonne,VERB,15984
paonnes,VERB,15984
paons,VERB,15984
papa,PREP,14157
papa0,VERB,14157
papas,VERB,14157
pape,PREP,21057
pape0,VERB,21057
papes,VERB,21057
papesse,VERB,21057
papesses,VERB,21057
papi,PREP,14626
papier,VERB,15962
papier toilette,VERB,17748
papier0,VERB,15962
papiers,VERB,15962
papillome vénérien,VERB,24334
papillon,VERB,13096
papillon0,VERB,13096
papillons,VERB,13096
paquet,VERB,15966
paquet0,VERB,15966
paquets,VERB,15966
par,NOUN,13100
par conséquent,NOUN,17708
parachute,VERB,22105
parachute0,VERB,22105
parachutes,VERB,22105
parachutisme,VERB,22106
parachutisme ascentionnel,VERB,22112
parachutisme à skis,VERB,22113
parachutisme0,VERB,22106
parachutismes,VERB,22106
parachutiste,PREP,15965
parachutiste0,VERB,15965
parachutistes,VERB,15965
paradis,VERB,24149
parais,VERB,16750
paraissaient,VERB,16750
paraissais,VERB,16750
paraissait,VERB,16750
paraissant,VERB,16750
paraisse,VERB,16750
paraissent,VERB,16750
paraisses,VERB,16750
paraissez,VERB,16750
paraissiez,VERB,16750
paraissions,VERB,16750
paraissons,VERB,16750
parallèle,VERB,15964
parallèle0,VERB,15964
parallèles,VERB,15964
parapluie,VERB,17966
parapluie0,VERB,17966
parapluies,VERB,17966
paraski,VERB,22113
paraît,VERB,16750
paraîtra,VERB,16750
paraîtrai,VERB,16750
paraîtraient,VERB,16750
paraîtrais,VERB,16750
paraîtrait,VERB,16750
paraîtras,VERB,16750
paraître,PRON,16750
paraîtrez,VERB,16750
paraîtriez,VERB,16750
paraîtrions,VERB,16750
paraîtrons,VERB,16750
paraîtront,VERB,16750
parc,VERB,15969
parc0,VERB,15969
parce que,NOUN,12647
parcs,VERB,15969
pardon,OTHER,15967
pardon0,VERB,15967
pardonna,VERB,14388
pardonnai,VERB,14388
pardonnaient,VERB,14388
pardonnais,VERB,14388
pardonnait,VERB,14388
pardonnant,VERB,14388
pardonnas,VERB,14388
pardonnasse,VERB,14388
pardonnassent,VERB,14388
pardonnasses,VERB,14388
pardonnassiez,VERB,14388
pardonnassions,VERB,14388
pardonne,VERB,14388
pardonnent,VERB,14388
pardonner,PRON,14388
pardonnera,VERB,14388
pardonnerai,VERB,14388
pardonneraient,VERB,14388
pardonnerais,VERB,14388
pardonnerait,VERB,14388
pardonneras,VERB,14388
pardonnerez,VERB,14388
pardonneriez,VERB,14388
pardonnerions,VERB,14388
pardonnerons,VERB,14388
pardonneront,VERB,14388
pardonnes,VERB,14388
pardonnez,VERB,14388
pardonniez,VERB,14388
pardonnions,VERB,14388
pardonnons,VERB,14388
pardonnâmes,VERB,14388
pardonnât,VERB,14388
pardonnâtes,VERB,14388
pardonnèrent,VERB,14388
pardonné,ADJ,21381
pardonnée,VERB,14388
pardonnées,VERB,14388
pardonnés,VERB,14388
pardons,VERB,15967
parent,PREP,15968
parent adoptif,PREP,14392
parent célibataire,PREP,21090
parent nourricier,PREP,14392
parent0,VERB,15968
parente,VERB,15968
parentes,VERB,15968
parents,VERB,15968
parfait,ADJ,21345
parfait0,VERB,21345
parfaite,VERB,21345
parfaites,VERB,21345
parfaits,VERB,21345
parfois,ADJ,17208
parfum,VERB,15997
parfum0,VERB,15997
parfums,VERB,15997
pari,VERB,24413
pari0,VERB,24413
paria,VERB,24414
pariai,VERB,24414
pariaient,VERB,24414
pariais,VERB,24414
pariait,VERB,24414
pariant,VERB,24414
parias,VERB,24414
pariasse,VERB,24414
pariassent,VERB,24414
pariasses,VERB,24414
pariassiez,VERB,24414
pariassions,VERB,24414
parie,VERB,24414
parient,VERB,24414
parier,PRON,24414
pariera,VERB,24414
parierai,VERB,24414
parieraient,VERB,24414
parierais,VERB,24414
parierait,VERB,24414
parieras,VERB,24414
parierez,VERB,24414
parieriez,VERB,24414
parierions,VERB,24414
parierons,VERB,24414
parieront,VERB,24414
paries,VERB,24414
pariez,VERB,24414
pariiez,VERB,24414
pariions,VERB,24414
parions,VERB,24414
paris,VERB,24413
pariâmes,VERB,24414
pariât,VERB,24414
pariâtes,VERB,24414
parièrent,VERB,24414
parié,VERB,24414
pariée,VERB,24414
pariées,VERB,24414
pariés,VERB,24414
parka,VERB,13371
parka0,VERB,13371
parkas,VERB,13371
parla,VERB,16728
parlai,VERB,16728
parlaient,VERB,16728
parlais,VERB,16728
parlait,VERB,16728
parlant,VERB,16728
parlas,VERB,16728
parlasse,VERB,16728
parlassent,VERB,16728
parlasses,VERB,16728
parlassiez,VERB,16728
parlassions,VERB,16728
parle,VERB,16728
parlent,VERB,16728
parler,PRON,16728
parlera,VERB,16728
parlerai,VERB,16728
parleraient,VERB,16728
parlerais,VERB,16728
parlerait,VERB,16728
parleras,VERB,16728
parlerez,VERB,16728
parleriez,VERB,16728
parlerions,VERB,16728
parlerons,VERB,16728
parleront,VERB,16728
parles,VERB,16728
parlez,VERB,16728
parliez,VERB,16728
parlions,VERB,16728
parlons,VERB,16728
parlâmes,VERB,16728
parlât,VERB,16728
parlâtes,VERB,16728
parlèrent,VERB,16728
parlé,VERB,16728
parlée,VERB,16728
parlées,VERB,16728
parlés,VERB,16728
parole,VERB,24756
parole0,VERB,24756
paroles,VERB,24756
pars,VERB,14449
part,VERB,14449
partage,VERB,16941
partagea,VERB,16941
partageai,VERB,16941
partageaient,VERB,16941
partageais,VERB,16941
partageait,VERB,16941
partageant,VERB,16941
partageas,VERB,16941
partageasse,VERB,16941
partageassent,VERB,16941
partageasses,VERB,16941
partageassiez,VERB,16941
partageassions,VERB,16941
partagent,VERB,16941
partageons,VERB,16941
partager,PRON,16941
partagera,VERB,16941
partagerai,VERB,16941
partageraient,VERB,16941
partagerais,VERB,16941
partagerait,VERB,16941
partageras,VERB,16941
partagerez,VERB,16941
partageriez,VERB,16941
partagerions,VERB,16941
partagerons,VERB,16941
partageront,VERB,16941
partages,VERB,16941
partagez,VERB,16941
partageâmes,VERB,16941
partageât,VERB,16941
partageâtes,VERB,16941
partagiez,VERB,16941
partagions,VERB,16941
partagèrent,VERB,16941
partagé,VERB,16941
partagée,VERB,16941
partagées,VERB,16941
partagés,VERB,16941
partaient,VERB,14449
partais,VERB,14449
partait,VERB,14449
partant,VERB,14449
parte,VERB,14449
partent,VERB,14449
partes,VERB,14449
partez,VERB,14449
parti,VERB,14449
participa,VERB,23917
participai,VERB,23917
participaient,VERB,23917
participais,VERB,23917
participait,VERB,23917
participant,PREP,23916
participant0,VERB,23916
participante,VERB,23916
participantes,VERB,23916
participants,VERB,23916
participas,VERB,23917
participasse,VERB,23917
participassent,VERB,23917
participasses,VERB,23917
participassiez,VERB,23917
participassions,VERB,23917
participation,VERB,23918
participation0,VERB,23918
participations,VERB,23918
participe,VERB,23917
participent,VERB,23917
participer,PRON,23917
participera,VERB,23917
participerai,VERB,23917
participeraient,VERB,23917
participerais,VERB,23917
participerait,VERB,23917
participeras,VERB,23917
participerez,VERB,23917
participeriez,VERB,23917
participerions,VERB,23917
participerons,VERB,23917
participeront,VERB,23917
participes,VERB,23917
participez,VERB,23917
participiez,VERB,23917
participions,VERB,23917
participons,VERB,23917
participâmes,VERB,23917
participât,VERB,23917
participâtes,VERB,23917
participèrent,VERB,23917
participé,VERB,23917
partie,VERB,14449
partie de,OTHER,15972
partie de cartes,VERB,23432
partie de jeu,VERB,14418
partie de symbole bliss,OTHER,12858
partie du corps,VERB,24033
partie inférieure du corps,VERB,24182
partie supérieure du corps,VERB,24325
parties,VERB,14449
partiez,VERB,14449
partions,VERB,14449
partir,PRON,14449
partira,VERB,14449
partirai,VERB,14449
partiraient,VERB,14449
partirais,VERB,14449
partirait,VERB,14449
partiras,VERB,14449
partirent,VERB,14449
partirez,VERB,14449
partiriez,VERB,14449
partirions,VERB,14449
partirons,VERB,14449
partiront,VERB,14449
partis,VERB,14449
partisan,PREP,23012
partisan0,VERB,23012
partisane,VERB,23012
partisanes,VERB,23012
partisans,VERB,23012
partisse,VERB,14449
partissent,VERB,14449
partisses,VERB,14449
partissiez,VERB,14449
partissions,VERB,14449
partit,VERB,14449
partons,VERB,14449
partîmes,VERB,14449
partît,VERB,14449
partîtes,VERB,14449
paru,VERB,16750
parue,VERB,16750
parues,VERB,16750
parurent,VERB,16750
parus,VERB,16750
parusse,VERB,16750
parussent,VERB,16750
parusses,VERB,16750
parussiez,VERB,16750
parussions,VERB,16750
parut,VERB,16750
parûmes,VERB,16750
parût,VERB,16750
parûtes,VERB,16750
passa,VERB,14674
passage souterrain,VERB,24321
passager,VERB,23605
passager0,VERB,23605
passagers,VERB,23605
passagère,VERB,23605
passagères,VERB,23605
passai,VERB,14674
passaient,VERB,14674
passais,VERB,14674
passait,VERB,14674
passant,VERB,14674
passas,VERB,14674
passasse,VERB,14674
passassent,VERB,14674
passasses,VERB,14674
passassiez,VERB,14674
passassions,VERB,14674
passe,VERB,14674
passe-temps,VERB,14718
passent,VERB,14674
passeport,VERB,24207
passeport0,VERB,24207
passeports,VERB,24207
passer,VERB,14674
passer à la vapeur,PRON,17256
passer à travers,PRON,15992
passer-,PRON,14674
passera,VERB,14674
passerai,VERB,14674
passeraient,VERB,14674
passerais,VERB,14674
passerait,VERB,14674
passeras,VERB,14674
passerez,VERB,14674
passeriez,VERB,14674
passerions,VERB,14674
passerons,VERB,14674
passeront,VERB,14674
passes,VERB,14674
passez,VERB,14674
passiez,VERB,14674
passion,VERB,15399
passion0,VERB,15399
passionnant,ADJ,23868
passionnant0,VERB,23868
passionnante,VERB,23868
passionnantes,VERB,23868
passionnants,VERB,23868
passionné,ADJ,23860
passionné0,VERB,23860
passionnée,VERB,23860
passionnées,VERB,23860
passionnés,VERB,23860
passions,VERB,14674
passoire,VERB,16976
passoire0,VERB,16976
passoires,VERB,16976
passons,VERB,14674
passâmes,VERB,14674
passât,VERB,14674
passâtes,VERB,14674
passèrent,VERB,14674
passé,VERB,15975
passé0,VERB,15975
passée,VERB,14674
passées,VERB,14674
passés,VERB,14674
pasteur,PREP,15473
pasteur0,VERB,15473
pasteurs,VERB,15473
patate douce,VERB,17480
pataugeoire,VERB,18026
pataugeoire0,VERB,18026
pataugeoires,VERB,18026
patience,VERB,15976
patience0,VERB,15976
patiences,VERB,15976
patinage,VERB,21860
patinage artistique,VERB,21862
patinage de vitesse,VERB,21861
patinage0,VERB,21860
patinages,VERB,21860
patins à glace,VERB,14924
patins à roulettes,VERB,16685
patron,PREP,12878
patron0,VERB,12878
patronne,VERB,12878
patronnes,VERB,12878
patrons,VERB,12878
patte,VERB,15978
patte0,VERB,15978
pattes,VERB,15978
patène,VERB,21366
patène0,VERB,21366
patènes,VERB,21366
paupière,VERB,14136
paupière0,VERB,14136
paupières,VERB,14136
pause,VERB,16497
pause0,VERB,16497
pauses,VERB,16497
pauvre,ADJ,16220
pauvre0,VERB,16220
pauvres,VERB,16220
pauvreté,VERB,21306
pauvreté0,VERB,21306
pauvretés,VERB,21306
paya,VERB,15979
payai,VERB,15979
payaient,VERB,15979
payais,VERB,15979
payait,VERB,15979
payant,VERB,15979
payas,VERB,15979
payasse,VERB,15979
payassent,VERB,15979
payasses,VERB,15979
payassiez,VERB,15979
payassions,VERB,15979
paye,VERB,15979
payent,VERB,15979
payer,PRON,15979
payera,VERB,15979
payerai,VERB,15979
payeraient,VERB,15979
payerais,VERB,15979
payerait,VERB,15979
payeras,VERB,15979
payerez,VERB,15979
payeriez,VERB,15979
payerions,VERB,15979
payerons,VERB,15979
payeront,VERB,15979
payes,VERB,15979
payez,VERB,15979
payiez,VERB,15979
payions,VERB,15979
payons,VERB,15979
pays,VERB,13423
pays nordiques,VERB,22619
pays scandinaves,VERB,22619
pays-bas,VERB,15708
paysage,VERB,16731
paysage0,VERB,16731
paysages,VERB,16731
payâmes,VERB,15979
payât,VERB,15979
payâtes,VERB,15979
payèrent,VERB,15979
payé,VERB,15979
payée,VERB,15979
payées,VERB,15979
payés,VERB,15979
pda,VERB,23602
peau,VERB,12387
peau0,VERB,12387
peaux,VERB,12387
peigna,VERB,13379
peignai,VERB,13379
peignaient,VERB,13379
peignais,VERB,13379
peignait,VERB,13379
peignant,VERB,13379
peignas,VERB,13379
peignasse,VERB,13379
peignassent,VERB,13379
peignasses,VERB,13379
peignassiez,VERB,13379
peignassions,VERB,13379
peigne,VERB,13378
peigne0,VERB,13378
peignent,VERB,13379
peigner,PRON,13379
peigner-,PRON,13379
peignera,VERB,13379
peignerai,VERB,13379
peigneraient,VERB,13379
peignerais,VERB,13379
peignerait,VERB,13379
peigneras,VERB,13379
peignerez,VERB,13379
peigneriez,VERB,13379
peignerions,VERB,13379
peignerons,VERB,13379
peigneront,VERB,13379
peignes,VERB,13378
peignez,VERB,13379
peigniez,VERB,13379
peignions,VERB,13379
peignirent,VERB,15957
peignis,VERB,15957
peignisse,VERB,15957
peignissent,VERB,15957
peignisses,VERB,15957
peignissiez,VERB,15957
peignissions,VERB,15957
peignit,VERB,15957
peignoir,VERB,13879
peignoir0,VERB,13879
peignoirs,VERB,13879
peignons,VERB,13379
peignâmes,VERB,13379
peignât,VERB,13379
peignâtes,VERB,13379
peignèrent,VERB,13379
peigné,VERB,13379
peignée,VERB,13379
peignées,VERB,13379
peignés,VERB,13379
peignîmes,VERB,15957
peignît,VERB,15957
peignîtes,VERB,15957
peindra,VERB,15957
peindrai,VERB,15957
peindraient,VERB,15957
peindrais,VERB,15957
peindrait,VERB,15957
peindras,VERB,15957
peindre,PRON,15957
peindrez,VERB,15957
peindriez,VERB,15957
peindrions,VERB,15957
peindrons,VERB,15957
peindront,VERB,15957
peins,VERB,15957
peint,VERB,15957
peinte,VERB,15957
peintes,VERB,15957
peintre,PREP,15958
peintre0,VERB,15958
peintres,VERB,15958
peints,VERB,15957
peinture,VERB,15956
peinture0,VERB,15956
peintures,VERB,15956
pela,VERB,15989
pelage,VERB,14415
pelage0,VERB,14415
pelages,VERB,14415
pelai,VERB,15989
pelaient,VERB,15989
pelais,VERB,15989
pelait,VERB,15989
pelant,VERB,15989
pelas,VERB,15989
pelasse,VERB,15989
pelassent,VERB,15989
pelasses,VERB,15989
pelassiez,VERB,15989
pelassions,VERB,15989
peler,PRON,15989
pelez,VERB,15989
peliez,VERB,15989
pelions,VERB,15989
pelle,VERB,16966
pelle0,VERB,16966
pelles,VERB,16966
pelons,VERB,15989
pelouse,VERB,15180
pelouse0,VERB,15180
pelouses,VERB,15180
pelure,VERB,15988
pelure0,VERB,15988
pelures,VERB,15988
pelâmes,VERB,15989
pelât,VERB,15989
pelâtes,VERB,15989
pelèrent,VERB,15989
pelé,VERB,15989
pelée,VERB,15989
pelées,VERB,15989
pelés,VERB,15989
pencha,VERB,24412
penchai,VERB,24412
penchaient,VERB,24412
penchais,VERB,24412
penchait,VERB,24412
penchant,VERB,24412
penchas,VERB,24412
penchasse,VERB,24412
penchassent,VERB,24412
penchasses,VERB,24412
penchassiez,VERB,24412
penchassions,VERB,24412
penche,VERB,24412
penchent,VERB,24412
pencher,PRON,24412
penchera,VERB,24412
pencherai,VERB,24412
pencheraient,VERB,24412
pencherais,VERB,24412
pencherait,VERB,24412
pencheras,VERB,24412
pencherez,VERB,24412
pencheriez,VERB,24412
pencherions,VERB,24412
pencherons,VERB,24412
pencheront,VERB,24412
penches,VERB,24412
penchez,VERB,24412
penchiez,VERB,24412
penchions,VERB,24412
penchons,VERB,24412
penchâmes,VERB,24412
penchât,VERB,24412
penchâtes,VERB,24412
penchèrent,VERB,24412
penché,VERB,24412
penchée,VERB,24412
penchées,VERB,24412
penchés,VERB,24412
pend,VERB,14673
pendaient,VERB,14673
pendais,VERB,14673
pendait,VERB,14673
pendant,NOUN,13892
pendant0,VERB,13892
pendants,VERB,13892
pende,VERB,14673
pendent,VERB,14673
pendes,VERB,14673
pendez,VERB,14673
pendiez,VERB,14673
pendions,VERB,14673
pendirent,VERB,14673
pendis,VERB,14673
pendisse,VERB,14673
pendissent,VERB,14673
pendisses,VERB,14673
pendissiez,VERB,14673
pendissions,VERB,14673
pendit,VERB,14673
pendons,VERB,14673
pendra,VERB,14673
pendrai,VERB,14673
pendraient,VERB,14673
pendrais,VERB,14673
pendrait,VERB,14673
pendras,VERB,14673
pendre,PRON,14673
pendrez,VERB,14673
pendriez,VERB,14673
pendrions,VERB,14673
pendrons,VERB,14673
pendront,VERB,14673
pends,VERB,14673
pendu,VERB,14673
pendue,VERB,14673
pendues,VERB,14673
pendus,VERB,14673
pendîmes,VERB,14673
pendît,VERB,14673
pendîtes,VERB,14673
pensa,VERB,17718
pensai,VERB,17718
pensaient,VERB,17718
pensais,VERB,17718
pensait,VERB,17718
pensant,VERB,17718
pensas,VERB,17718
pensasse,VERB,17718
pensassent,VERB,17718
pensasses,VERB,17718
pensassiez,VERB,17718
pensassions,VERB,17718
pense,VERB,17718
pense-bête,VERB,24693
pense-bête0,VERB,24693
pense-bêtes,VERB,24693
pensent,VERB,17718
penser,PRON,17718
pensera,VERB,17718
penserai,VERB,17718
penseraient,VERB,17718
penserais,VERB,17718
penserait,VERB,17718
penseras,VERB,17718
penserez,VERB,17718
penseriez,VERB,17718
penserions,VERB,17718
penserons,VERB,17718
penseront,VERB,17718
penses,VERB,17718
pensez,VERB,17718
pensiez,VERB,17718
pension d'invalidité,VERB,24430
pension de retraite,VERB,24503
pension de vieillesse,VERB,24493
pensionné,PREP,24497
pensionné0,VERB,24497
pensionnée,VERB,24497
pensionnées,VERB,24497
pensionnés,VERB,24497
pensions,VERB,17718
pensons,VERB,17718
pensâmes,VERB,17718
pensât,VERB,17718
pensâtes,VERB,17718
pensèrent,VERB,17718
pensé,VERB,17718
pensée,VERB,17718
pensées,VERB,17718
pensés,VERB,17718
pentateuque,VERB,13182
pentateuque0,VERB,13182
pentateuques,VERB,13182
percuta,VERB,13439
percutai,VERB,13439
percutaient,VERB,13439
percutais,VERB,13439
percutait,VERB,13439
percutant,VERB,13439
percutas,VERB,13439
percutasse,VERB,13439
percutassent,VERB,13439
percutasses,VERB,13439
percutassiez,VERB,13439
percutassions,VERB,13439
percute,VERB,13439
percutent,VERB,13439
percuter,PRON,13439
percutera,VERB,13439
percuterai,VERB,13439
percuteraient,VERB,13439
percuterais,VERB,13439
percuterait,VERB,13439
percuteras,VERB,13439
percuterez,VERB,13439
percuteriez,VERB,13439
percuterions,VERB,13439
percuterons,VERB,13439
percuteront,VERB,13439
percutes,VERB,13439
percutez,VERB,13439
percutiez,VERB,13439
percutions,VERB,13439
percutons,VERB,13439
percutâmes,VERB,13439
percutât,VERB,13439
percutâtes,VERB,13439
percutèrent,VERB,13439
percuté,VERB,13439
percutée,VERB,13439
percutées,VERB,13439
percutés,VERB,13439
perd,VERB,15394
perdaient,VERB,15394
perdais,VERB,15394
perdait,VERB,15394
perdant,VERB,15394
perde,VERB,15394
perdent,VERB,15394
perdes,VERB,15394
perdez,VERB,15394
perdiez,VERB,15394
perdions,VERB,15394
perdirent,VERB,15394
perdis,VERB,15394
perdisse,VERB,15394
perdissent,VERB,15394
perdisses,VERB,15394
perdissiez,VERB,15394
perdissions,VERB,15394
perdit,VERB,15394
perdons,VERB,15394
perdra,VERB,15394
perdrai,VERB,15394
perdraient,VERB,15394
perdrais,VERB,15394
perdrait,VERB,15394
perdras,VERB,15394
perdre,PRON,15394
perdrez,VERB,15394
perdriez,VERB,15394
perdrions,VERB,15394
perdrons,VERB,15394
perdront,VERB,15394
perds,VERB,15394
perdu,VERB,15394
perdue,VERB,15394
perdues,VERB,15394
perdus,VERB,15394
perdîmes,VERB,15394
perdît,VERB,15394
perdîtes,VERB,15394
perfection,VERB,21344
perfection0,VERB,21344
perfections,VERB,21344
pergola,VERB,12620
pergola0,VERB,12620
pergolas,VERB,12620
permet,VERB,15196
permets,VERB,15196
permets-nous de,PRON,15197
permettaient,VERB,15196
permettais,VERB,15196
permettait,VERB,15196
permettant,VERB,15196
permette,VERB,15196
permettent,VERB,15196
permettes,VERB,15196
permettez,VERB,15196
permettiez,VERB,15196
permettions,VERB,15196
permettons,VERB,15196
permettra,VERB,15196
permettrai,VERB,15196
permettraient,VERB,15196
permettrais,VERB,15196
permettrait,VERB,15196
permettras,VERB,15196
permettre,PRON,15196
permettrez,VERB,15196
permettriez,VERB,15196
permettrions,VERB,15196
permettrons,VERB,15196
permettront,VERB,15196
permirent,VERB,15196
permis,VERB,15196
permis de conduire,VERB,23853
permis de stationnement,VERB,23914
permise,VERB,15196
permises,VERB,15196
permisse,VERB,15196
permissent,VERB,15196
permisses,VERB,15196
permissiez,VERB,15196
permission,VERB,24926
permission0,VERB,24926
permissions,VERB,15196
permit,VERB,15196
permîmes,VERB,15196
permît,VERB,15196
permîtes,VERB,15196
perpendiculaire,VERB,15998
perpendiculaire0,VERB,15998
perpendiculaires,VERB,15998
perroquet,VERB,15970
perroquet0,VERB,15970
perroquets,VERB,15970
perruche,VERB,15963
perruche0,VERB,15963
perruches,VERB,15963
personnage imaginaire,PREP,23422
personnage imaginaire féminin,PREP,23663
personnalité,VERB,24210
personnalité0,VERB,24210
personnalités,VERB,24210
personne,PREP,15723
personne dépendante,PREP,24403
personne en besoin d'aide,VERB,15701
personne en état de besoin,VERB,15701
personne âgée,PREP,24508
personne0,VERB,15723
personnel d'aide,PREP,17246
personnel d'assistance,PREP,17246
personnes,VERB,15723
perspicacité,VERB,21098
perspicacité0,VERB,21098
perspicacités,VERB,21098
persuada,VERB,21311
persuadai,VERB,21311
persuadaient,VERB,21311
persuadais,VERB,21311
persuadait,VERB,21311
persuadant,VERB,21311
persuadas,VERB,21311
persuadasse,VERB,21311
persuadassent,VERB,21311
persuadasses,VERB,21311
persuadassiez,VERB,21311
persuadassions,VERB,21311
persuade,VERB,21311
persuadent,VERB,21311
persuader,PRON,21311
persuadera,VERB,21311
persuaderai,VERB,21311
persuaderaient,VERB,21311
persuaderais,VERB,21311
persuaderait,VERB,21311
persuaderas,VERB,21311
persuaderez,VERB,21311
persuaderiez,VERB,21311
persuaderions,VERB,21311
persuaderons,VERB,21311
persuaderont,VERB,21311
persuades,VERB,21311
persuadez,VERB,21311
persuadiez,VERB,21311
persuadions,VERB,21311
persuadons,VERB,21311
persuadâmes,VERB,21311
persuadât,VERB,21311
persuadâtes,VERB,21311
persuadèrent,VERB,21311
persuadé,VERB,21311
persuadée,VERB,21311
persuadées,VERB,21311
persuadés,VERB,21311
persuasion,VERB,24927
persuasion0,VERB,24927
persuasions,VERB,24927
persévère,VERB,21319
persévèrent,VERB,21319
persévères,VERB,21319
persévéra,VERB,21319
persévérai,VERB,21319
persévéraient,VERB,21319
persévérais,VERB,21319
persévérait,VERB,21319
persévérance,VERB,21318
persévérance0,VERB,21318
persévérances,VERB,21318
persévérant,VERB,21319
persévéras,VERB,21319
persévérasse,VERB,21319
persévérassent,VERB,21319
persévérasses,VERB,21319
persévérassiez,VERB,21319
persévérassions,VERB,21319
persévérer,PRON,21319
persévérera,VERB,21319
persévérerai,VERB,21319
persévéreraient,VERB,21319
persévérerais,VERB,21319
persévérerait,VERB,21319
persévéreras,VERB,21319
persévérerez,VERB,21319
persévéreriez,VERB,21319
persévérerions,VERB,21319
persévérerons,VERB,21319
persévéreront,VERB,21319
persévérez,VERB,21319
persévériez,VERB,21319
persévérions,VERB,21319
persévérons,VERB,21319
persévérâmes,VERB,21319
persévérât,VERB,21319
persévérâtes,VERB,21319
persévérèrent,VERB,21319
persévéré,VERB,21319
perte,VERB,15396
perte0,VERB,15396
pertes,VERB,15396
pertes blanches,VERB,24326
perturbation,VERB,24822
perturbation0,VERB,24822
perturbations,VERB,24822
perturbé,ADJ,17985
pesa,VERB,18220
pesai,VERB,18220
pesaient,VERB,18220
pesais,VERB,18220
pesait,VERB,18220
pesant,VERB,18220
pesas,VERB,18220
pesasse,VERB,18220
pesassent,VERB,18220
pesasses,VERB,18220
pesassiez,VERB,18220
pesassions,VERB,18220
peser,PRON,18220
pesez,VERB,18220
pesiez,VERB,18220
pesions,VERB,18220
pesons,VERB,18220
pesâmes,VERB,18220
pesât,VERB,18220
pesâtes,VERB,18220
pesèrent,VERB,18220
pesé,VERB,18220
pesée,VERB,18220
pesées,VERB,18220
pesés,VERB,18220
petit,ADJ,15221
petit ami,PREP,17481
petit bassin,VERB,18026
petit copain,PREP,17481
petit déjeuner,VERB,12898
petit oignon,VERB,14644
petit pain,VERB,16683
petit pain en couronne,VERB,22125
petit pain sucré,VERB,22122
petit pain très sucré,VERB,22123
petit0,VERB,15221
petite,VERB,15221
petites,VERB,15221
petitesse,VERB,24917
petitesse0,VERB,24917
petitesses,VERB,24917
petits,VERB,15221
peu de,ADJ,14171
peu profond,ADJ,16935
peuple,VERB,21609
peuple0,VERB,21609
peuples,VERB,21609
peur,VERB,22912
peur0,VERB,22912
peurs,VERB,22912
peut,VERB,13114
peut-être,ADJ,16226
peuvent,VERB,13114
peux,VERB,13114
phare,VERB,23143
phare0,VERB,23143
phares,VERB,23143
pharmacie,VERB,23072
pharmacie0,VERB,23072
pharmacien,PREP,23611
pharmacien0,VERB,23611
pharmacienne,VERB,23611
pharmaciennes,VERB,23611
pharmaciens,VERB,23611
pharmacies,VERB,23072
philosophe,PREP,23612
philosophe0,VERB,23612
philosophes,VERB,23612
philosophie,VERB,23614
philosophie religieuse,VERB,23681
philosophie0,VERB,23614
philosophies,VERB,23614
phoque,VERB,23657
phoque0,VERB,23657
phoques,VERB,23657
photo,VERB,16169
photo0,VERB,16169
photocopieur,VERB,23456
photocopieur0,VERB,23456
photocopieurs,VERB,23456
photocopieuse,VERB,23456
photocopieuses,VERB,23456
photographie,VERB,16169
photographie0,VERB,16169
photographies,VERB,16169
photos,VERB,16169
phrase,VERB,16760
phrase0,VERB,16760
phrases,VERB,16760
physicien,PREP,24928
physicien0,VERB,24928
physicienne,VERB,24928
physiciennes,VERB,24928
physiciens,VERB,24928
physiothérapeute,PREP,21592
physiothérapeute0,VERB,21592
physiothérapeutes,VERB,21592
physiothérapie,VERB,24211
physiothérapie0,VERB,24211
physiothérapies,VERB,24211
physique,VERB,21556
physique0,VERB,21556
physiques,VERB,21556
piano,VERB,23922
piano électrique,VERB,23862
piano0,VERB,23922
piano_,VERB,23922
pianos,VERB,23922
pied,VERB,14379
pied0,VERB,14379
pieds,VERB,14379
pierre,VERB,17266
pierre tombale,VERB,21284
pierre0,VERB,17266
pierres,VERB,17266
pieuvre,VERB,23160
pieuvre0,VERB,23160
pieuvres,VERB,23160
pile,VERB,12638
pile0,VERB,12638
piles,VERB,12638
pilote,PREP,16179
pilote0,VERB,16179
pilotes,VERB,16179
pilule,VERB,16176
pilule contraceptive,VERB,12845
pilule0,VERB,16176
pilules,VERB,16176
pince,VERB,16205
pince de préhension,VERB,22567
pince0,VERB,16205
pinces,VERB,16205
pinces de cuisine,VERB,22565
ping-pong,VERB,16183
ping-pong0,VERB,16183
ping-pongs,VERB,16183
pingouin,VERB,15993
pingouin0,VERB,15993
pingouins,VERB,15993
pipe,VERB,16186
pipe0,VERB,16186
pipeau,VERB,23920
pipeau0,VERB,23920
pipeaux,VERB,23920
pipes,VERB,16186
pipi,VERB,17990
pipi0,VERB,17990
pipis,VERB,17990
piqua,VERB,16432
piquai,VERB,16432
piquaient,VERB,16432
piquais,VERB,16432
piquait,VERB,16432
piquant,VERB,23627
piquant0,VERB,23627
piquants,VERB,23627
piquas,VERB,16432
piquasse,VERB,16432
piquassent,VERB,16432
piquasses,VERB,16432
piquassiez,VERB,16432
piquassions,VERB,16432
pique,VERB,16432
pique-nique,VERB,16171
pique-nique0,VERB,16171
pique-niques,VERB,16171
piquent,VERB,16432
piquer,PRON,16432
piquera,VERB,16432
piquerai,VERB,16432
piqueraient,VERB,16432
piquerais,VERB,16432
piquerait,VERB,16432
piqueras,VERB,16432
piquerez,VERB,16432
piqueriez,VERB,16432
piquerions,VERB,16432
piquerons,VERB,16432
piqueront,VERB,16432
piques,VERB,16432
piquez,VERB,16432
piquiez,VERB,16432
piquions,VERB,16432
piquons,VERB,16432
piquâmes,VERB,16432
piquât,VERB,16432
piquâtes,VERB,16432
piquèrent,VERB,16432
piqué,VERB,16432
piquée,VERB,16432
piquées,VERB,16432
piqués,VERB,16432
pirate,PREP,23616
pirate0,VERB,23616
pirates,VERB,23616
pirouetta,VERB,24338
pirouettai,VERB,24338
pirouettaient,VERB,24338
pirouettais,VERB,24338
pirouettait,VERB,24338
pirouettant,VERB,24338
pirouettas,VERB,24338
pirouettasse,VERB,24338
pirouettassent,VERB,24338
pirouettasses,VERB,24338
pirouettassiez,VERB,24338
pirouettassions,VERB,24338
pirouette,VERB,24338
pirouettent,VERB,24338
pirouetter,PRON,24338
pirouettera,VERB,24338
pirouetterai,VERB,24338
pirouetteraient,VERB,24338
pirouetterais,VERB,24338
pirouetterait,VERB,24338
pirouetteras,VERB,24338
pirouetterez,VERB,24338
pirouetteriez,VERB,24338
pirouetterions,VERB,24338
pirouetterons,VERB,24338
pirouetteront,VERB,24338
pirouettes,VERB,24338
pirouettez,VERB,24338
pirouettiez,VERB,24338
pirouettions,VERB,24338
pirouettons,VERB,24338
pirouettâmes,VERB,24338
pirouettât,VERB,24338
pirouettâtes,VERB,24338
pirouettèrent,VERB,24338
pirouetté,VERB,24338
piscine,VERB,16219
piscine de balles,VERB,23413
piscine0,VERB,16219
piscines,VERB,16219
piste cyclable,VERB,24022
pistolet,VERB,14670
pistolet0,VERB,14670
pistolets,VERB,14670
pita,VERB,16190
pita0,VERB,16190
pitas,VERB,16190
pivota,VERB,17957
pivotai,VERB,17957
pivotaient,VERB,17957
pivotais,VERB,17957
pivotait,VERB,17957
pivotant,VERB,17957
pivotas,VERB,17957
pivotasse,VERB,17957
pivotassent,VERB,17957
pivotasses,VERB,17957
pivotassiez,VERB,17957
pivotassions,VERB,17957
pivote,VERB,17957
pivotent,VERB,17957
pivoter,PRON,17957
pivotera,VERB,17957
pivoterai,VERB,17957
pivoteraient,VERB,17957
pivoterais,VERB,17957
pivoterait,VERB,17957
pivoteras,VERB,17957
pivoterez,VERB,17957
pivoteriez,VERB,17957
pivoterions,VERB,17957
pivoterons,VERB,17957
pivoteront,VERB,17957
pivotes,VERB,17957
pivotez,VERB,17957
pivotiez,VERB,17957
pivotions,VERB,17957
pivotons,VERB,17957
pivotâmes,VERB,17957
pivotât,VERB,17957
pivotâtes,VERB,17957
pivotèrent,VERB,17957
pivoté,VERB,17957
pivotée,VERB,17957
pivotées,VERB,17957
pivotés,VERB,17957
pizza,VERB,16192
pizza0,VERB,16192
pizzas,VERB,16192
pièce,VERB,16687
pièce de monnaie,VERB,13374
pièce dramatique,VERB,23480
pièce jointe,VERB,23410
pièce0,VERB,16687
pièces,VERB,16687
place,VERB,16193
place de jeux,VERB,16202
place0,VERB,16193
placenta,VERB,24213
placenta0,VERB,24213
placentas,VERB,24213
places,VERB,16193
plafond,VERB,13139
plafond0,VERB,13139
plafonds,VERB,13139
plage,VERB,12640
plage0,VERB,12640
plages,VERB,12640
plaida,VERB,23013
plaidai,VERB,23013
plaidaient,VERB,23013
plaidais,VERB,23013
plaidait,VERB,23013
plaidant,VERB,23013
plaidas,VERB,23013
plaidasse,VERB,23013
plaidassent,VERB,23013
plaidasses,VERB,23013
plaidassiez,VERB,23013
plaidassions,VERB,23013
plaide,VERB,23013
plaident,VERB,23013
plaider,PRON,23013
plaidera,VERB,23013
plaiderai,VERB,23013
plaideraient,VERB,23013
plaiderais,VERB,23013
plaiderait,VERB,23013
plaideras,VERB,23013
plaiderez,VERB,23013
plaideriez,VERB,23013
plaiderions,VERB,23013
plaiderons,VERB,23013
plaideront,VERB,23013
plaides,VERB,23013
plaidez,VERB,23013
plaidiez,VERB,23013
plaidions,VERB,23013
plaidoirie,VERB,24872
plaidoirie0,VERB,24872
plaidoiries,VERB,24872
plaidons,VERB,23013
plaidoyer,VERB,24871
plaidoyer0,VERB,24871
plaidoyers,VERB,24871
plaidâmes,VERB,23013
plaidât,VERB,23013
plaidâtes,VERB,23013
plaidèrent,VERB,23013
plaidé,VERB,23013
plaidée,VERB,23013
plaidées,VERB,23013
plaidés,VERB,23013
plaie,VERB,17213
plaie0,VERB,17213
plaies,VERB,17213
plaine de jeux,VERB,16202
plainte,VERB,23002
plainte0,VERB,23002
plaintes,VERB,23002
plaira,VERB,13938
plairai,VERB,13938
plairaient,VERB,13938
plairais,VERB,13938
plairait,VERB,13938
plairas,VERB,13938
plaire,VERB,13938
plaire-,PRON,13938
plairez,VERB,13938
plairiez,VERB,13938
plairions,VERB,13938
plairons,VERB,13938
plairont,VERB,13938
plais,VERB,13938
plaisaient,VERB,13938
plaisais,VERB,13938
plaisait,VERB,13938
plaisant,VERB,13938
plaisanta,VERB,14974
plaisantai,VERB,14974
plaisantaient,VERB,14974
plaisantais,VERB,14974
plaisantait,VERB,14974
plaisantant,VERB,14974
plaisantas,VERB,14974
plaisantasse,VERB,14974
plaisantassent,VERB,14974
plaisantasses,VERB,14974
plaisantassiez,VERB,14974
plaisantassions,VERB,14974
plaisante,VERB,14974
plaisantent,VERB,14974
plaisanter,PRON,14974
plaisantera,VERB,14974
plaisanterai,VERB,14974
plaisanteraient,VERB,14974
plaisanterais,VERB,14974
plaisanterait,VERB,14974
plaisanteras,VERB,14974
plaisanterez,VERB,14974
plaisanteriez,VERB,14974
plaisanterions,VERB,14974
plaisanterons,VERB,14974
plaisanteront,VERB,14974
plaisantes,VERB,14974
plaisantez,VERB,14974
plaisantiez,VERB,14974
plaisantions,VERB,14974
plaisantons,VERB,14974
plaisantâmes,VERB,14974
plaisantât,VERB,14974
plaisantâtes,VERB,14974
plaisantèrent,VERB,14974
plaisanté,VERB,14974
plaisantée,VERB,14974
plaisantées,VERB,14974
plaisantés,VERB,14974
plaise,VERB,13938
plaisent,VERB,13938
plaises,VERB,13938
plaisez,VERB,13938
plaisiez,VERB,13938
plaisions,VERB,13938
plaisir,VERB,14675
plaisir sexuel,VERB,16932
plaisir0,VERB,14675
plaisirs,VERB,14675
plaisons,VERB,13938
plan,VERB,16194
plan de clavier,VERB,23601
plan0,VERB,16194
plancha,VERB,14202
planchai,VERB,14202
planchaient,VERB,14202
planchais,VERB,14202
planchait,VERB,14202
planchant,VERB,14202
planchas,VERB,14202
planchasse,VERB,14202
planchassent,VERB,14202
planchasses,VERB,14202
planchassiez,VERB,14202
planchassions,VERB,14202
planche,VERB,12868
planche de surf,VERB,21881
planche à repasser,VERB,14957
planche à roulettes,VERB,16997
planche à voile,VERB,21882
planche0,VERB,12868
planchent,VERB,14202
plancher,VERB,14202
planchera,VERB,14202
plancherai,VERB,14202
plancheraient,VERB,14202
plancherais,VERB,14202
plancherait,VERB,14202
plancheras,VERB,14202
plancherez,VERB,14202
plancheriez,VERB,14202
plancherions,VERB,14202
plancherons,VERB,14202
plancheront,VERB,14202
planches,VERB,12868
planchez,VERB,14202
planchiez,VERB,14202
planchions,VERB,14202
planchons,VERB,14202
planchâmes,VERB,14202
planchât,VERB,14202
planchâtes,VERB,14202
planchèrent,VERB,14202
planché,VERB,14202
plane,VERB,16194
planes,VERB,16194
planeur,VERB,22103
planeur0,VERB,22103
planeurs,VERB,22103
planeuse,VERB,22103
planeuses,VERB,22103
planifia,VERB,16195
planifiai,VERB,16195
planifiaient,VERB,16195
planifiais,VERB,16195
planifiait,VERB,16195
planifiant,VERB,16195
planifias,VERB,16195
planifiasse,VERB,16195
planifiassent,VERB,16195
planifiasses,VERB,16195
planifiassiez,VERB,16195
planifiassions,VERB,16195
planifie,VERB,16195
planifient,VERB,16195
planifier,PRON,16195
planifiera,VERB,16195
planifierai,VERB,16195
planifieraient,VERB,16195
planifierais,VERB,16195
planifierait,VERB,16195
planifieras,VERB,16195
planifierez,VERB,16195
planifieriez,VERB,16195
planifierions,VERB,16195
planifierons,VERB,16195
planifieront,VERB,16195
planifies,VERB,16195
planifiez,VERB,16195
planifiiez,VERB,16195
planifiions,VERB,16195
planifions,VERB,16195
planifiâmes,VERB,16195
planifiât,VERB,16195
planifiâtes,VERB,16195
planifièrent,VERB,16195
planifié,VERB,16195
planifiée,VERB,16195
planifiées,VERB,16195
planifiés,VERB,16195
planning familial,VERB,14147
plans,VERB,16194
plante,VERB,16196
plante aromatique,VERB,23111
planète,VERB,22834
planète gazeuse,VERB,24455
planète jupiter,VERB,24473
planète mars,VERB,24479
planète mercure,VERB,24483
planète naine,VERB,24437
planète naine cérès,VERB,24425
planète naine eris,VERB,24440
planète neptune,VERB,24492
planète pluton,VERB,24498
planète rocheuse,VERB,24504
planète saturne,VERB,24505
planète tellurique,VERB,24438
planète terre,VERB,13900
planète uranus,VERB,24521
planète vénus,VERB,24522
planète0,VERB,22834
planètes,VERB,22834
plastique,VERB,16197
plastique0,VERB,16197
plastiques,VERB,16197
plat,ADJ,14197
plat au four,VERB,23436
plat chaud,VERB,22908
plat principal,VERB,22119
plat à four,VERB,22576
plat0,VERB,14197
plate,VERB,14197
plateau,VERB,17773
plateau0,VERB,17773
plateaux,VERB,17773
plates,VERB,14197
platine,VERB,22575
platine0,VERB,22575
platines,VERB,22575
plats,VERB,14197
plaît,VERB,13938
plein,ADJ,14413
plein d'espoir,ADJ,23535
plein été,VERB,15465
plein0,VERB,14413
pleins,VERB,14413
pleura,VERB,13618
pleurai,VERB,13618
pleuraient,VERB,13618
pleurais,VERB,13618
pleurait,VERB,13618
pleurant,VERB,13618
pleuras,VERB,13618
pleurasse,VERB,13618
pleurassent,VERB,13618
pleurasses,VERB,13618
pleurassiez,VERB,13618
pleurassions,VERB,13618
pleure,VERB,13618
pleurent,VERB,13618
pleurer,PRON,13618
pleurera,VERB,13618
pleurerai,VERB,13618
pleureraient,VERB,13618
pleurerais,VERB,13618
pleurerait,VERB,13618
pleureras,VERB,13618
pleurerez,VERB,13618
pleureriez,VERB,13618
pleurerions,VERB,13618
pleurerons,VERB,13618
pleureront,VERB,13618
pleures,VERB,13618
pleurez,VERB,13618
pleuriez,VERB,13618
pleurions,VERB,13618
pleurons,VERB,13618
pleurâmes,VERB,13618
pleurât,VERB,13618
pleurâtes,VERB,13618
pleurèrent,VERB,13618
pleuré,VERB,13618
pleurée,VERB,13618
pleurées,VERB,13618
pleurés,VERB,13618
pleus,VERB,16456
pleut,VERB,16456
pleuvaient,VERB,16456
pleuvait,VERB,16456
pleuvant,VERB,16456
pleuve,VERB,16456
pleuvent,VERB,16456
pleuvez,VERB,16456
pleuvoir,PRON,16456
pleuvons,VERB,16456
pleuvra,VERB,16456
pleuvraient,VERB,16456
pleuvrait,VERB,16456
pleuvront,VERB,16456
plia,VERB,14375
pliai,VERB,14375
pliaient,VERB,14375
pliais,VERB,14375
pliait,VERB,14375
pliant,VERB,14375
plias,VERB,14375
pliasse,VERB,14375
pliassent,VERB,14375
pliasses,VERB,14375
pliassiez,VERB,14375
pliassions,VERB,14375
plie,VERB,14375
plient,VERB,14375
plier,PRON,14375
pliera,VERB,14375
plierai,VERB,14375
plieraient,VERB,14375
plierais,VERB,14375
plierait,VERB,14375
plieras,VERB,14375
plierez,VERB,14375
plieriez,VERB,14375
plierions,VERB,14375
plierons,VERB,14375
plieront,VERB,14375
plies,VERB,14375
pliez,VERB,14375
pliiez,VERB,14375
pliions,VERB,14375
plions,VERB,14375
pliâmes,VERB,14375
pliât,VERB,14375
pliâtes,VERB,14375
plièrent,VERB,14375
plié,VERB,14375
pliée,VERB,14375
pliées,VERB,14375
pliés,VERB,14375
plomb,VERB,23137
plomb0,VERB,23137
plombs,VERB,23137
plongeon,VERB,22055
plongeon synchronisé,VERB,22054
plongeon0,VERB,22055
plongeons,VERB,22055
plonger dans la friture,PRON,13653
plongée sous-marine,VERB,22057
plu,VERB,13938
pluie,VERB,16455
pluie0,VERB,16455
pluies,VERB,16455
plume,VERB,14160
plume0,VERB,14160
plumes,VERB,14160
plumier,VERB,23166
plumier0,VERB,23166
plumiers,VERB,23166
plurent,VERB,13938
plus,NOUN,12374
plus grand que,NOUN,16480
plus long,ADJ,15230
plus petit que,NOUN,16479
plus que,NOUN,24879
plus rien,NOUN,12361
plusieurs,VERB,14647
plusse,VERB,13938
plussent,VERB,13938
plusses,VERB,13938
plussiez,VERB,13938
plussions,VERB,13938
plut,VERB,13938
pluvieuse,VERB,16458
pluvieuses,VERB,16458
pluvieux,ADJ,16458
pluvieux0,VERB,16458
pluviomètre,VERB,23186
pluviomètre0,VERB,23186
pluviomètres,VERB,23186
plâtre,VERB,13129
plâtre0,VERB,13129
plâtres,VERB,13129
plûmes,VERB,13938
plût,VERB,13938
plûtes,VERB,13938
pneu,VERB,17734
pneu0,VERB,17734
pneus,VERB,17734
poche,VERB,16209
poche0,VERB,16209
poches,VERB,16209
pochette de cd,VERB,23832
podologiste,PREP,21596
podologue,PREP,21596
podologue0,VERB,21596
podologues,VERB,21596
poids,VERB,18221
poignet,VERB,18284
poignet0,VERB,18284
poignets,VERB,18284
poils,VERB,14660
poils corporels,VERB,24032
poils de poitrine,VERB,24056
poils du pubis,VERB,16426
poils du visage,VERB,24102
poils pubiens,VERB,16426
point,NOUN,8486
point cardinal,VERB,13682
point d'exclamation,NOUN,8483
point d'interrogation,VERB,8485
point de vue,VERB,16214
point0,VERB,8486
pointa,VERB,16213
pointai,VERB,16213
pointaient,VERB,16213
pointais,VERB,16213
pointait,VERB,16213
pointant,VERB,16213
pointas,VERB,16213
pointasse,VERB,16213
pointassent,VERB,16213
pointasses,VERB,16213
pointassiez,VERB,16213
pointassions,VERB,16213
pointe,VERB,16212
pointe0,VERB,16212
pointent,VERB,16213
pointer,PRON,16213
pointera,VERB,16213
pointerai,VERB,16213
pointeraient,VERB,16213
pointerais,VERB,16213
pointerait,VERB,16213
pointeras,VERB,16213
pointerez,VERB,16213
pointeriez,VERB,16213
pointerions,VERB,16213
pointerons,VERB,16213
pointeront,VERB,16213
pointes,VERB,16212
pointeur,VERB,23619
pointeur balle,VERB,23691
pointeur frontal,VERB,23526
pointeur tactile,VERB,23688
pointeur visuel,VERB,23493
pointeur0,VERB,23619
pointeurs,VERB,23619
pointeuse,VERB,23619
pointeuses,VERB,23619
pointez,VERB,16213
pointiez,VERB,16213
pointions,VERB,16213
pointons,VERB,16213
points,VERB,8486
pointâmes,VERB,16213
pointât,VERB,16213
pointâtes,VERB,16213
pointèrent,VERB,16213
pointé,VERB,16213
pointée,VERB,16213
pointées,VERB,16213
pointés,VERB,16213
poire,VERB,15986
poire0,VERB,15986
poireau,VERB,24476
poireau0,VERB,24476
poireaux,VERB,24476
poires,VERB,15986
pois,VERB,15987
poison,VERB,16215
poison0,VERB,16215
poisons,VERB,16215
poisson,VERB,14188
poisson domestique,VERB,14452
poisson plat,VERB,23083
poisson rouge,VERB,14452
poisson surgelé,VERB,22356
poisson séché,VERB,24115
poisson0,VERB,14188
poissons,VERB,22648
poitrine,VERB,12899
poitrine0,VERB,12899
poitrines,VERB,12899
poivre,VERB,15996
poivre en poudre,VERB,22325
poivre0,VERB,15996
poivres,VERB,15996
poivron,VERB,15995
poivron0,VERB,15995
poivrons,VERB,15995
poivré,ADJ,14901
polder,VERB,21539
polder0,VERB,21539
polders,VERB,21539
polenta,VERB,16216
polenta0,VERB,16216
polentas,VERB,16216
poli,VERB,22389
police,PREP,16217
police0,VERB,16217
polices,VERB,16217
polie,VERB,22389
polies,VERB,22389
polir,PRON,22389
polira,VERB,22389
polirai,VERB,22389
poliraient,VERB,22389
polirais,VERB,22389
polirait,VERB,22389
poliras,VERB,22389
polirent,VERB,22389
polirez,VERB,22389
poliriez,VERB,22389
polirions,VERB,22389
polirons,VERB,22389
poliront,VERB,22389
polis,VERB,22389
polissaient,VERB,22389
polissais,VERB,22389
polissait,VERB,22389
polissant,VERB,22389
polisse,VERB,22389
polissent,VERB,22389
polisses,VERB,22389
polissez,VERB,22389
polissiez,VERB,22389
polissions,VERB,22389
polissons,VERB,22389
polit,VERB,22389
politicien,PREP,24215
politicien0,VERB,24215
politicienne,VERB,24215
politiciennes,VERB,24215
politiciens,VERB,24215
politique,VERB,24216
politique0,VERB,24216
politiques,VERB,24216
pollution,VERB,16218
pollution nocturne,VERB,15724
pollution0,VERB,16218
pollutions,VERB,16218
polo,VERB,22098
polo0,VERB,22098
polos,VERB,22098
poltron,PREP,23461
poltron0,VERB,23461
poltronne,VERB,23461
poltronnes,VERB,23461
poltrons,VERB,23461
polythéisme,VERB,21026
polythéisme0,VERB,21026
polythéismes,VERB,21026
polîmes,VERB,22389
polît,VERB,22389
polîtes,VERB,22389
pomme,VERB,12405
pomme de terre,VERB,16230
pomme de terre chips,VERB,16231
pomme0,VERB,12405
pommes,VERB,12405
pompier,PREP,14184
pompier0,VERB,14184
pompiers,VERB,14184
pompière,VERB,14184
pompières,VERB,14184
pont,VERB,12902
pont0,VERB,12902
ponton,VERB,16174
ponton0,VERB,16174
pontons,VERB,16174
ponts,VERB,12902
popcorn,VERB,16221
porc,VERB,16175
porc-épic,VERB,16222
porc0,VERB,16175
porche,VERB,12620
porche0,VERB,12620
porches,VERB,12620
porcs,VERB,16175
porridge,VERB,23621
porridge0,VERB,23621
porridges,VERB,23621
port,VERB,14678
port0,VERB,14678
porta,VERB,17497
portabilité,VERB,24714
portabilité0,VERB,24714
portabilités,VERB,24714
portable,ADJ,24715
portable0,VERB,24715
portables,VERB,24715
portai,VERB,17497
portaient,VERB,17497
portais,VERB,17497
portait,VERB,17497
portant,VERB,17497
portas,VERB,17497
portasse,VERB,17497
portassent,VERB,17497
portasses,VERB,17497
portassiez,VERB,17497
portassions,VERB,17497
porte,VERB,13866
porte-bébé,VERB,13126
porte-bébé0,VERB,13126
porte-bébés,VERB,13126
porte-documents,VERB,23420
porte-monnaie,VERB,16438
porte0,VERB,13866
portent,VERB,17497
porter,PRON,17497
porter plainte,PRON,23004
portera,VERB,17497
porterai,VERB,17497
porteraient,VERB,17497
porterais,VERB,17497
porterait,VERB,17497
porteras,VERB,17497
porterez,VERB,17497
porteriez,VERB,17497
porterions,VERB,17497
porterons,VERB,17497
porteront,VERB,17497
portes,VERB,13866
portez,VERB,17497
portiez,VERB,17497
portions,VERB,17497
portons,VERB,17497
ports,VERB,14678
portâmes,VERB,17497
portât,VERB,17497
portâtes,VERB,17497
portèrent,VERB,17497
porté,VERB,17497
portée,VERB,23955
portée0,VERB,23955
portées,VERB,17497
portés,VERB,17497
posa,VERB,16440
posai,VERB,16440
posaient,VERB,16440
posais,VERB,16440
posait,VERB,16440
posant,VERB,16440
posas,VERB,16440
posasse,VERB,16440
posassent,VERB,16440
posasses,VERB,16440
posassiez,VERB,16440
posassions,VERB,16440
pose,VERB,16440
posent,VERB,16440
poser,PRON,16440
poser une question,PRON,12588
posera,VERB,16440
poserai,VERB,16440
poseraient,VERB,16440
poserais,VERB,16440
poserait,VERB,16440
poseras,VERB,16440
poserez,VERB,16440
poseriez,VERB,16440
poserions,VERB,16440
poserons,VERB,16440
poseront,VERB,16440
poses,VERB,16440
posez,VERB,16440
posiez,VERB,16440
posions,VERB,16440
positif,NOUN,16225
positif0,VERB,16225
positifs,VERB,16225
position,VERB,16224
position0,VERB,16224
positions,VERB,16224
positive,VERB,16225
positives,VERB,16225
posons,VERB,16440
possession,VERB,24912
possession0,VERB,24912
possessions,VERB,24912
possibilité,VERB,15436
possibilité0,VERB,15436
possibilités,VERB,15436
possible,ADJ,25831
possible0,VERB,25831
possiblement,ADJ,16226
possibles,VERB,25831
possède,VERB,15950
possèdent,VERB,15950
possèdes,VERB,15950
posséda,VERB,15950
possédai,VERB,15950
possédaient,VERB,15950
possédais,VERB,15950
possédait,VERB,15950
possédant,VERB,15950
possédas,VERB,15950
possédasse,VERB,15950
possédassent,VERB,15950
possédasses,VERB,15950
possédassiez,VERB,15950
possédassions,VERB,15950
posséder,PRON,15950
possédera,VERB,15950
posséderai,VERB,15950
posséderaient,VERB,15950
posséderais,VERB,15950
posséderait,VERB,15950
posséderas,VERB,15950
posséderez,VERB,15950
posséderiez,VERB,15950
posséderions,VERB,15950
posséderons,VERB,15950
posséderont,VERB,15950
possédez,VERB,15950
possédiez,VERB,15950
possédions,VERB,15950
possédons,VERB,15950
possédâmes,VERB,15950
possédât,VERB,15950
possédâtes,VERB,15950
possédèrent,VERB,15950
possédé,VERB,15950
possédée,VERB,15950
possédées,VERB,15950
possédés,VERB,15950
posta,VERB,15408
postai,VERB,15408
postaient,VERB,15408
postais,VERB,15408
postait,VERB,15408
postant,VERB,15408
postas,VERB,15408
postasse,VERB,15408
postassent,VERB,15408
postasses,VERB,15408
postassiez,VERB,15408
postassions,VERB,15408
poste,VERB,16228
poste0,VERB,16228
postent,VERB,15408
poster,PRON,15408
postera,VERB,15408
posterai,VERB,15408
posteraient,VERB,15408
posterais,VERB,15408
posterait,VERB,15408
posteras,VERB,15408
posterez,VERB,15408
posteriez,VERB,15408
posterions,VERB,15408
posterons,VERB,15408
posteront,VERB,15408
postes,VERB,15408
postez,VERB,15408
postiez,VERB,15408
postions,VERB,15408
postons,VERB,15408
postâmes,VERB,15408
postât,VERB,15408
postâtes,VERB,15408
postèrent,VERB,15408
posté,VERB,15408
postée,VERB,15408
postées,VERB,15408
postés,VERB,15408
posâmes,VERB,16440
posât,VERB,16440
posâtes,VERB,16440
posèrent,VERB,16440
posé,VERB,16440
posée,VERB,16440
posées,VERB,16440
posés,VERB,16440
pot de chambre,VERB,24717
pot à épices,VERB,17228
poterie,VERB,24048
poterie0,VERB,24048
poteries,VERB,24048
poubelle,VERB,14421
poubelle0,VERB,14421
poubelles,VERB,14421
pouce,VERB,17726
pouce0,VERB,17726
pouces,VERB,17726
poudre,VERB,16233
poudre0,VERB,16233
poudres,VERB,16233
poulain,VERB,24448
poulain0,VERB,24448
poulaine,VERB,24448
poulaines,VERB,24448
poulains,VERB,24448
poulet,VERB,13164
poulet0,VERB,13164
poulets,VERB,13164
poulette,VERB,13164
poulettes,VERB,13164
poupe,VERB,22063
poupe0,VERB,22063
poupes,VERB,22063
poupée,VERB,13862
poupée masculine,VERB,23582
poupée mécanique,VERB,23639
poupée0,VERB,13862
poupées,VERB,13862
pour,NOUN,14381
pourcent,VERB,8484
pourcent0,VERB,8484
pourcents,VERB,8484
pourpre,VERB,16436
pourpre0,VERB,16436
pourpre_,NOUN,16436
pourpres,VERB,16436
pourquoi,NOUN,18249
pourra,VERB,13114
pourrai,VERB,13114
pourraient,VERB,13114
pourrais,VERB,13114
pourrait,VERB,13114
pourras,VERB,13114
pourrez,VERB,13114
pourriez,VERB,13114
pourrions,VERB,13114
pourrons,VERB,13114
pourront,VERB,13114
poursuis,VERB,13404
poursuit,VERB,13404
poursuivaient,VERB,13404
poursuivais,VERB,13404
poursuivait,VERB,13404
poursuivant,VERB,13404
poursuive,VERB,13404
poursuivent,VERB,13404
poursuives,VERB,13404
poursuivez,VERB,13404
poursuivi,VERB,13404
poursuivie,VERB,13404
poursuivies,VERB,13404
poursuiviez,VERB,13404
poursuivions,VERB,13404
poursuivirent,VERB,13404
poursuivis,VERB,13404
poursuivisse,VERB,13404
poursuivissent,VERB,13404
poursuivisses,VERB,13404
poursuivissiez,VERB,13404
poursuivissions,VERB,13404
poursuivit,VERB,13404
poursuivons,VERB,13404
poursuivra,VERB,13404
poursuivrai,VERB,13404
poursuivraient,VERB,13404
poursuivrais,VERB,13404
poursuivrait,VERB,13404
poursuivras,VERB,13404
poursuivre,PRON,13404
poursuivrez,VERB,13404
poursuivriez,VERB,13404
poursuivrions,VERB,13404
poursuivrons,VERB,13404
poursuivront,VERB,13404
poursuivîmes,VERB,13404
poursuivît,VERB,13404
poursuivîtes,VERB,13404
poussa,VERB,14649
poussai,VERB,14649
poussaient,VERB,14649
poussais,VERB,14649
poussait,VERB,14649
poussant,VERB,14649
poussas,VERB,14649
poussasse,VERB,14649
poussassent,VERB,14649
poussasses,VERB,14649
poussassiez,VERB,14649
poussassions,VERB,14649
pousse,VERB,14649
pousse-pousse,VERB,16508
poussent,VERB,14649
pousser,PRON,14649
poussera,VERB,14649
pousserai,VERB,14649
pousseraient,VERB,14649
pousserais,VERB,14649
pousserait,VERB,14649
pousseras,VERB,14649
pousserez,VERB,14649
pousseriez,VERB,14649
pousserions,VERB,14649
pousserons,VERB,14649
pousseront,VERB,14649
pousses,VERB,14649
poussette,VERB,12605
poussette0,VERB,12605
poussettes,VERB,12605
poussez,VERB,14649
poussiez,VERB,14649
poussions,VERB,14649
poussière,VERB,16233
poussière0,VERB,16233
poussières,VERB,16233
poussières radioactives,VERB,15739
poussons,VERB,14649
poussâmes,VERB,14649
poussât,VERB,14649
poussâtes,VERB,14649
poussèrent,VERB,14649
poussé,VERB,14649
poussée,VERB,24825
poussée0,VERB,24825
poussées,VERB,14649
poussés,VERB,14649
pouvaient,VERB,13114
pouvais,VERB,13114
pouvait,VERB,13114
pouvant,VERB,13114
pouvez,VERB,13114
pouviez,VERB,13114
pouvions,VERB,13114
pouvoir,PRON,13114
pouvons,VERB,13114
poème,VERB,16210
poème0,VERB,16210
poèmes,VERB,16210
poésie,VERB,16211
poésie0,VERB,16211
poésies,VERB,16211
poêle à frire,VERB,22581
pratiqua,VERB,16235
pratiquai,VERB,16235
pratiquaient,VERB,16235
pratiquais,VERB,16235
pratiquait,VERB,16235
pratiquant,VERB,16235
pratiquas,VERB,16235
pratiquasse,VERB,16235
pratiquassent,VERB,16235
pratiquasses,VERB,16235
pratiquassiez,VERB,16235
pratiquassions,VERB,16235
pratique,VERB,16235
pratique médicale,VERB,24920
pratiquent,VERB,16235
pratiquer,PRON,16235
pratiquer la respiration artificielle,PRON,12585
pratiquera,VERB,16235
pratiquerai,VERB,16235
pratiqueraient,VERB,16235
pratiquerais,VERB,16235
pratiquerait,VERB,16235
pratiqueras,VERB,16235
pratiquerez,VERB,16235
pratiqueriez,VERB,16235
pratiquerions,VERB,16235
pratiquerons,VERB,16235
pratiqueront,VERB,16235
pratiques,VERB,16235
pratiquez,VERB,16235
pratiquiez,VERB,16235
pratiquions,VERB,16235
pratiquons,VERB,16235
pratiquâmes,VERB,16235
pratiquât,VERB,16235
pratiquâtes,VERB,16235
pratiquèrent,VERB,16235
pratiqué,VERB,16235
pratiquée,VERB,16235
pratiquées,VERB,16235
pratiqués,VERB,16235
premier,ADJ,14187
premier ministre,PREP,24221
premier0,VERB,14187
premiers,VERB,14187
première,VERB,14187
premières,VERB,14187
prenaient,VERB,23637
prenais,VERB,23637
prenait,VERB,23637
prenant,VERB,23637
prend,VERB,23637
prendra,VERB,23637
prendrai,VERB,23637
prendraient,VERB,23637
prendrais,VERB,23637
prendrait,VERB,23637
prendras,VERB,23637
prendre,PRON,23637
prendre la mer,PRON,23524
prendre le temps,NOUN,24769
prendre soin,PRON,23059
prendre soin de,PRON,16419
prendre un bain de soleil,PRON,24765
prendre un ris dans une voile,PRON,24728
prendrez,VERB,23637
prendriez,VERB,23637
prendrions,VERB,23637
prendrons,VERB,23637
prendront,VERB,23637
prends,VERB,23637
prenez,VERB,23637
preniez,VERB,23637
prenions,VERB,23637
prenne,VERB,23637
prennent,VERB,23637
prennes,VERB,23637
prenons,VERB,23637
prescription médicale,VERB,24219
pression,VERB,23169
pression0,VERB,23169
pressions,VERB,23169
pressé,ADJ,24168
preuve,VERB,23079
preuve0,VERB,23079
preuves,VERB,23079
pria,VERB,16236
priai,VERB,16236
priaient,VERB,16236
priais,VERB,16236
priait,VERB,16236
priant,VERB,16236
prias,VERB,16236
priasse,VERB,16236
priassent,VERB,16236
priasses,VERB,16236
priassiez,VERB,16236
priassions,VERB,16236
prie,VERB,16236
prient,VERB,16236
prier,PRON,16236
priera,VERB,16236
prierai,VERB,16236
prieraient,VERB,16236
prierais,VERB,16236
prierait,VERB,16236
prieras,VERB,16236
prierez,VERB,16236
prieriez,VERB,16236
prierions,VERB,16236
prierons,VERB,16236
prieront,VERB,16236
pries,VERB,16236
priez,VERB,16236
priiez,VERB,16236
priions,VERB,16236
primate,VERB,15485
primate0,VERB,15485
primates,VERB,15485
prince,PREP,23622
prince héritier,PREP,24074
prince0,VERB,23622
princes,VERB,23622
princesse,PREP,23623
princesse héritière,PREP,24075
princesses,VERB,23622
printemps,VERB,17241
printemps_,VERB,17240
prions,VERB,16236
prirent,VERB,23637
pris,VERB,23637
prise,VERB,23637
prise de courant,PRON,24711
prises,VERB,23637
prison,VERB,16250
prison0,VERB,16250
prisons,VERB,16250
prisse,VERB,23637
prissent,VERB,23637
prisses,VERB,23637
prissiez,VERB,23637
prissions,VERB,23637
prit,VERB,23637
privé,ADJ,16251
privé0,VERB,16251
privée,VERB,16251
privées,VERB,16251
privés,VERB,16251
priâmes,VERB,16236
priât,VERB,16236
priâtes,VERB,16236
prière,VERB,16237
prière0,VERB,16237
prièrent,VERB,16236
prières,VERB,16237
prié,VERB,16236
priée,VERB,16236
priées,VERB,16236
priés,VERB,16236
probable,ADJ,16252
probable0,VERB,16252
probables,VERB,16252
problème,VERB,16253
problème0,VERB,16253
problèmes,VERB,16253
prochain,ADJ,15714
prochain0,VERB,15714
prochaine,VERB,15714
prochaines,VERB,15714
prochains,VERB,15714
proche,ADJ,15697
proche0,VERB,15697
proches,VERB,15697
proclama,VERB,21337
proclamai,VERB,21337
proclamaient,VERB,21337
proclamais,VERB,21337
proclamait,VERB,21337
proclamant,VERB,21337
proclamas,VERB,21337
proclamasse,VERB,21337
proclamassent,VERB,21337
proclamasses,VERB,21337
proclamassiez,VERB,21337
proclamassions,VERB,21337
proclamation,VERB,21338
proclamation0,VERB,21338
proclamations,VERB,21338
proclame,VERB,21337
proclament,VERB,21337
proclamer,PRON,21337
proclamera,VERB,21337
proclamerai,VERB,21337
proclameraient,VERB,21337
proclamerais,VERB,21337
proclamerait,VERB,21337
proclameras,VERB,21337
proclamerez,VERB,21337
proclameriez,VERB,21337
proclamerions,VERB,21337
proclamerons,VERB,21337
proclameront,VERB,21337
proclames,VERB,21337
proclamez,VERB,21337
proclamiez,VERB,21337
proclamions,VERB,21337
proclamons,VERB,21337
proclamâmes,VERB,21337
proclamât,VERB,21337
proclamâtes,VERB,21337
proclamèrent,VERB,21337
proclamé,VERB,21337
proclamée,VERB,21337
proclamées,VERB,21337
proclamés,VERB,21337
procura,VERB,14435
procurai,VERB,14435
procuraient,VERB,14435
procurais,VERB,14435
procurait,VERB,14435
procurant,VERB,14435
procuras,VERB,14435
procurasse,VERB,14435
procurassent,VERB,14435
procurasses,VERB,14435
procurassiez,VERB,14435
procurassions,VERB,14435
procure,VERB,14435
procurent,VERB,14435
procurer,VERB,14435
procurer-,PRON,14435
procurera,VERB,14435
procurerai,VERB,14435
procureraient,VERB,14435
procurerais,VERB,14435
procurerait,VERB,14435
procureras,VERB,14435
procurerez,VERB,14435
procureriez,VERB,14435
procurerions,VERB,14435
procurerons,VERB,14435
procureront,VERB,14435
procures,VERB,14435
procureur,PREP,23176
procureur0,VERB,23176
procureure,VERB,23176
procureures,VERB,23176
procureurs,VERB,23176
procureuse,VERB,23176
procureuses,VERB,23176
procurez,VERB,14435
procuriez,VERB,14435
procurions,VERB,14435
procurons,VERB,14435
procurâmes,VERB,14435
procurât,VERB,14435
procurâtes,VERB,14435
procurèrent,VERB,14435
procuré,VERB,14435
procurée,VERB,14435
procurées,VERB,14435
procurés,VERB,14435
procès,VERB,23242
procès-verbal,VERB,24696
procès-verbal0,VERB,24696
procès-verbaux,VERB,24696
producteur,PREP,15412
producteur0,VERB,15412
producteurs,VERB,15412
productrice,VERB,15412
productrices,VERB,15412
produira,VERB,14674
produirai,VERB,14674
produiraient,VERB,14674
produirais,VERB,14674
produirait,VERB,14674
produiras,VERB,14674
produire,VERB,14674
produire-,PRON,14674
produirez,VERB,14674
produiriez,VERB,14674
produirions,VERB,14674
produirons,VERB,14674
produiront,VERB,14674
produis,VERB,14674
produisaient,VERB,14674
produisais,VERB,14674
produisait,VERB,14674
produisant,VERB,14674
produise,VERB,14674
produisent,VERB,14674
produises,VERB,14674
produisez,VERB,14674
produisiez,VERB,14674
produisions,VERB,14674
produisirent,VERB,14674
produisis,VERB,14674
produisisse,VERB,14674
produisissent,VERB,14674
produisisses,VERB,14674
produisissiez,VERB,14674
produisissions,VERB,14674
produisit,VERB,14674
produisons,VERB,14674
produisîmes,VERB,14674
produisît,VERB,14674
produisîtes,VERB,14674
produit,VERB,14674
produit chimique,VERB,13158
produit solaire,VERB,17463
produite,VERB,14674
produites,VERB,14674
produits,VERB,14674
professeur d'histoire,PREP,23113
profession,VERB,21360
profession0,VERB,21360
professions,VERB,21360
profond,ADJ,13652
profond0,VERB,13652
profonde,VERB,13652
profondes,VERB,13652
profonds,VERB,13652
programme,VERB,24222
programme informatique,VERB,23664
programme tv,VERB,24773
programme0,VERB,24222
programmes,VERB,24222
progéniture,PREP,15912
progéniture0,VERB,15912
progénitures,VERB,15912
projecteur,VERB,16254
projecteur0,VERB,16254
projecteurs,VERB,16254
promener en voiture-,PRON,21833
promener à cheval-,PRON,21835
promesse,VERB,24930
promesse0,VERB,24930
promesses,VERB,24930
promet,VERB,16417
promets,VERB,16417
promettaient,VERB,16417
promettais,VERB,16417
promettait,VERB,16417
promettant,VERB,16417
promette,VERB,16417
promettent,VERB,16417
promettes,VERB,16417
prometteur,ADJ,23535
prometteur0,VERB,23535
prometteurs,VERB,23535
prometteuse,VERB,23535
prometteuses,VERB,23535
promettez,VERB,16417
promettiez,VERB,16417
promettions,VERB,16417
promettons,VERB,16417
promettra,VERB,16417
promettrai,VERB,16417
promettraient,VERB,16417
promettrais,VERB,16417
promettrait,VERB,16417
promettras,VERB,16417
promettre,PRON,16417
promettrez,VERB,16417
promettriez,VERB,16417
promettrions,VERB,16417
promettrons,VERB,16417
promettront,VERB,16417
promeus,VERB,23172
promeut,VERB,23172
promeuve,VERB,23172
promeuvent,VERB,23172
promeuves,VERB,23172
promirent,VERB,16417
promis,VERB,16417
promise,VERB,16417
promises,VERB,16417
promisse,VERB,16417
promissent,VERB,16417
promisses,VERB,16417
promissiez,VERB,16417
promissions,VERB,16417
promit,VERB,16417
promotion,VERB,23173
promotion0,VERB,23173
promotions,VERB,23173
promouvaient,VERB,23172
promouvais,VERB,23172
promouvait,VERB,23172
promouvant,VERB,23172
promouvez,VERB,23172
promouviez,VERB,23172
promouvions,VERB,23172
promouvoir,PRON,23172
promouvons,VERB,23172
promouvra,VERB,23172
promouvrai,VERB,23172
promouvraient,VERB,23172
promouvrais,VERB,23172
promouvrait,VERB,23172
promouvras,VERB,23172
promouvrez,VERB,23172
promouvriez,VERB,23172
promouvrions,VERB,23172
promouvrons,VERB,23172
promouvront,VERB,23172
promu,VERB,23172
promue,VERB,23172
promues,VERB,23172
promurent,VERB,23172
promus,VERB,23172
promusse,VERB,23172
promussent,VERB,23172
promusses,VERB,23172
promussiez,VERB,23172
promussions,VERB,23172
promut,VERB,23172
promîmes,VERB,16417
promît,VERB,16417
promîtes,VERB,16417
promûmes,VERB,23172
promût,VERB,23172
promûtes,VERB,23172
prononcer la sentence,PRON,23202
prophète,PREP,21050
prophète0,VERB,21050
prophètes,VERB,21050
prophétesse,VERB,21050
prophétesses,VERB,21050
prophétie,VERB,21048
prophétie0,VERB,21048
prophéties,VERB,21048
prophétisa,VERB,21049
prophétisai,VERB,21049
prophétisaient,VERB,21049
prophétisais,VERB,21049
prophétisait,VERB,21049
prophétisant,VERB,21049
prophétisas,VERB,21049
prophétisasse,VERB,21049
prophétisassent,VERB,21049
prophétisasses,VERB,21049
prophétisassiez,VERB,21049
prophétisassions,VERB,21049
prophétise,VERB,21049
prophétisent,VERB,21049
prophétiser,PRON,21049
prophétisera,VERB,21049
prophétiserai,VERB,21049
prophétiseraient,VERB,21049
prophétiserais,VERB,21049
prophétiserait,VERB,21049
prophétiseras,VERB,21049
prophétiserez,VERB,21049
prophétiseriez,VERB,21049
prophétiserions,VERB,21049
prophétiserons,VERB,21049
prophétiseront,VERB,21049
prophétises,VERB,21049
prophétisez,VERB,21049
prophétisiez,VERB,21049
prophétisions,VERB,21049
prophétisons,VERB,21049
prophétisâmes,VERB,21049
prophétisât,VERB,21049
prophétisâtes,VERB,21049
prophétisèrent,VERB,21049
prophétisé,VERB,21049
prophétisée,VERB,21049
prophétisées,VERB,21049
prophétisés,VERB,21049
propre,ADJ,13356
propre0,VERB,13356
propres,VERB,13356
prospectus,VERB,21340
prostitution,VERB,16418
prostitution0,VERB,16418
prostitutions,VERB,16418
protecteur,PREP,23063
protecteur0,VERB,23063
protecteurs,VERB,23063
protection,VERB,16420
protection de l'enfant,VERB,24057
protection de l'environnement,VERB,24224
protection0,VERB,16420
protections,VERB,16420
protectrice,VERB,23063
protectrices,VERB,23063
protesta,VERB,16421
protestai,VERB,16421
protestaient,VERB,16421
protestais,VERB,16421
protestait,VERB,16421
protestant,VERB,16421
protestantisme,VERB,21039
protestantisme0,VERB,21039
protestantismes,VERB,21039
protestas,VERB,16421
protestasse,VERB,16421
protestassent,VERB,16421
protestasses,VERB,16421
protestassiez,VERB,16421
protestassions,VERB,16421
protestation,VERB,23177
protestation0,VERB,23177
protestations,VERB,23177
proteste,VERB,16421
protestent,VERB,16421
protester,PRON,16421
protestera,VERB,16421
protesterai,VERB,16421
protesteraient,VERB,16421
protesterais,VERB,16421
protesterait,VERB,16421
protesteras,VERB,16421
protesterez,VERB,16421
protesteriez,VERB,16421
protesterions,VERB,16421
protesterons,VERB,16421
protesteront,VERB,16421
protestes,VERB,16421
protestez,VERB,16421
protestiez,VERB,16421
protestions,VERB,16421
protestons,VERB,16421
protestâmes,VERB,16421
protestât,VERB,16421
protestâtes,VERB,16421
protestèrent,VERB,16421
protesté,VERB,16421
protestée,VERB,16421
protestées,VERB,16421
protestés,VERB,16421
protège,VERB,16419
protège-coude,VERB,21620
protège-oreille,VERB,13897
protègent,VERB,16419
protèges,VERB,16419
protégea,VERB,16419
protégeai,VERB,16419
protégeaient,VERB,16419
protégeais,VERB,16419
protégeait,VERB,16419
protégeant,VERB,16419
protégeas,VERB,16419
protégeasse,VERB,16419
protégeassent,VERB,16419
protégeasses,VERB,16419
protégeassiez,VERB,16419
protégeassions,VERB,16419
protégeons,VERB,16419
protéger,PRON,16419
protégera,VERB,16419
protégerai,VERB,16419
protégeraient,VERB,16419
protégerais,VERB,16419
protégerait,VERB,16419
protégeras,VERB,16419
protégerez,VERB,16419
protégeriez,VERB,16419
protégerions,VERB,16419
protégerons,VERB,16419
protégeront,VERB,16419
protégez,VERB,16419
protégeâmes,VERB,16419
protégeât,VERB,16419
protégeâtes,VERB,16419
protégiez,VERB,16419
protégions,VERB,16419
protégèrent,VERB,16419
protégé,ADJ,24223
protégé0,VERB,24223
protégée,VERB,16419
protégées,VERB,16419
protégés,VERB,16419
proue,VERB,22062
proue0,VERB,22062
proues,VERB,22062
province,VERB,16423
province0,VERB,16423
provinces,VERB,16423
provoquer la surprise,PRON,23961
provoqué par,PRON,13136
prudent,ADJ,13123
prudent0,VERB,13123
prudente,VERB,13123
prudentes,VERB,13123
prudents,VERB,13123
prune,VERB,16208
prune0,VERB,16208
pruneau,VERB,16424
pruneau0,VERB,16424
pruneaux,VERB,16424
prunes,VERB,16208
près,ADJ,15697
préau,VERB,18287
préau0,VERB,18287
préaux,VERB,18287
précédent,ADJ,16239
précédent0,VERB,16239
précédente,VERB,16239
précédentes,VERB,16239
précédents,VERB,16239
prédira,VERB,21049
prédirai,VERB,21049
prédiraient,VERB,21049
prédirais,VERB,21049
prédirait,VERB,21049
prédiras,VERB,21049
prédire,PRON,21049
prédirent,VERB,21049
prédirez,VERB,21049
prédiriez,VERB,21049
prédirions,VERB,21049
prédirons,VERB,21049
prédiront,VERB,21049
prédis,VERB,21049
prédisaient,VERB,21049
prédisais,VERB,21049
prédisait,VERB,21049
prédisant,VERB,21049
prédise,VERB,21049
prédisent,VERB,21049
prédises,VERB,21049
prédisez,VERB,21049
prédisiez,VERB,21049
prédisions,VERB,21049
prédisons,VERB,21049
prédisse,VERB,21049
prédissent,VERB,21049
prédisses,VERB,21049
prédissiez,VERB,21049
prédissions,VERB,21049
prédit,VERB,21049
prédite,VERB,21049
prédites,VERB,21049
prédits,VERB,21049
prédîmes,VERB,21049
prédît,VERB,21049
prédîtes,VERB,21049
préféré,ADJ,14158
préoccupation,VERB,22912
préoccupation0,VERB,22912
préoccupations,VERB,22912
prépara,VERB,16244
préparai,VERB,16244
préparaient,VERB,16244
préparais,VERB,16244
préparait,VERB,16244
préparant,VERB,16244
préparas,VERB,16244
préparasse,VERB,16244
préparassent,VERB,16244
préparasses,VERB,16244
préparassiez,VERB,16244
préparassions,VERB,16244
préparatifs,VERB,24929
préparation,VERB,24929
préparation0,VERB,24929
préparations,VERB,24929
prépare,VERB,16244
préparent,VERB,16244
préparer,PRON,16244
préparer le repas,PRON,16245
préparera,VERB,16244
préparerai,VERB,16244
prépareraient,VERB,16244
préparerais,VERB,16244
préparerait,VERB,16244
prépareras,VERB,16244
préparerez,VERB,16244
prépareriez,VERB,16244
préparerions,VERB,16244
préparerons,VERB,16244
prépareront,VERB,16244
prépares,VERB,16244
préparez,VERB,16244
prépariez,VERB,16244
préparions,VERB,16244
préparons,VERB,16244
préparâmes,VERB,16244
préparât,VERB,16244
préparâtes,VERB,16244
préparèrent,VERB,16244
préparé,VERB,16244
préparée,VERB,16244
préparées,VERB,16244
préparés,VERB,16244
prépuce,VERB,14385
prépuce0,VERB,14385
prépuces,VERB,14385
présent,ADJ,13624
présent0,VERB,13624
présenta,VERB,23547
présentai,VERB,23547
présentaient,VERB,23547
présentais,VERB,23547
présentait,VERB,23547
présentant,VERB,23547
présentas,VERB,23547
présentasse,VERB,23547
présentassent,VERB,23547
présentasses,VERB,23547
présentassiez,VERB,23547
présentassions,VERB,23547
présente,VERB,13624
présentent,VERB,23547
présenter,PRON,23547
présentera,VERB,23547
présenterai,VERB,23547
présenteraient,VERB,23547
présenterais,VERB,23547
présenterait,VERB,23547
présenteras,VERB,23547
présenterez,VERB,23547
présenteriez,VERB,23547
présenterions,VERB,23547
présenterons,VERB,23547
présenteront,VERB,23547
présentes,VERB,13624
présentez,VERB,23547
présentiez,VERB,23547
présentions,VERB,23547
présentons,VERB,23547
présents,VERB,13624
présentâmes,VERB,23547
présentât,VERB,23547
présentâtes,VERB,23547
présentèrent,VERB,23547
présenté,VERB,23547
présentée,VERB,23547
présentées,VERB,23547
présentés,VERB,23547
préservatif,VERB,13398
préservatif0,VERB,13398
préservatifs,VERB,13398
président,PREP,24051
président d'un pays,PREP,24220
président0,VERB,24051
présidente,VERB,24051
présidentes,VERB,24051
présidents,VERB,24051
prétend,VERB,16247
prétendaient,VERB,16247
prétendais,VERB,16247
prétendait,VERB,16247
prétendant,VERB,16247
prétende,VERB,16247
prétendent,VERB,16247
prétendes,VERB,16247
prétendez,VERB,16247
prétendiez,VERB,16247
prétendions,VERB,16247
prétendirent,VERB,16247
prétendis,VERB,16247
prétendisse,VERB,16247
prétendissent,VERB,16247
prétendisses,VERB,16247
prétendissiez,VERB,16247
prétendissions,VERB,16247
prétendit,VERB,16247
prétendons,VERB,16247
prétendra,VERB,16247
prétendrai,VERB,16247
prétendraient,VERB,16247
prétendrais,VERB,16247
prétendrait,VERB,16247
prétendras,VERB,16247
prétendre,PRON,16247
prétendrez,VERB,16247
prétendriez,VERB,16247
prétendrions,VERB,16247
prétendrons,VERB,16247
prétendront,VERB,16247
prétends,VERB,16247
prétendu,VERB,16247
prétendue,VERB,16247
prétendues,VERB,16247
prétendus,VERB,16247
prétendîmes,VERB,16247
prétendît,VERB,16247
prétendîtes,VERB,16247
prévenance,VERB,24880
prévenance0,VERB,24880
prévenances,VERB,24880
prévenant,ADJ,13402
prévenant0,VERB,13402
prévenante,VERB,13402
prévenantes,VERB,13402
prévenants,VERB,13402
prévisions météorologiques,VERB,22637
prêcha,VERB,21310
prêchai,VERB,21310
prêchaient,VERB,21310
prêchais,VERB,21310
prêchait,VERB,21310
prêchant,VERB,21310
prêchas,VERB,21310
prêchasse,VERB,21310
prêchassent,VERB,21310
prêchasses,VERB,21310
prêchassiez,VERB,21310
prêchassions,VERB,21310
prêche,VERB,21310
prêchent,VERB,21310
prêcher,PRON,21310
prêcher l'evangile,PRON,21347
prêchera,VERB,21310
prêcherai,VERB,21310
prêcheraient,VERB,21310
prêcherais,VERB,21310
prêcherait,VERB,21310
prêcheras,VERB,21310
prêcherez,VERB,21310
prêcheriez,VERB,21310
prêcherions,VERB,21310
prêcherons,VERB,21310
prêcheront,VERB,21310
prêches,VERB,21310
prêchez,VERB,21310
prêchiez,VERB,21310
prêchions,VERB,21310
prêchons,VERB,21310
prêchâmes,VERB,21310
prêchât,VERB,21310
prêchâtes,VERB,21310
prêchèrent,VERB,21310
prêché,VERB,21310
prêchée,VERB,21310
prêchées,VERB,21310
prêchés,VERB,21310
prêt,ADJ,16466
prêt0,VERB,16466
prêta,VERB,15192
prêtai,VERB,15192
prêtaient,VERB,15192
prêtais,VERB,15192
prêtait,VERB,15192
prêtant,VERB,15192
prêtas,VERB,15192
prêtasse,VERB,15192
prêtassent,VERB,15192
prêtasses,VERB,15192
prêtassiez,VERB,15192
prêtassions,VERB,15192
prête,VERB,15192
prêtent,VERB,15192
prêter,PRON,15192
prêtera,VERB,15192
prêterai,VERB,15192
prêteraient,VERB,15192
prêterais,VERB,15192
prêterait,VERB,15192
prêteras,VERB,15192
prêterez,VERB,15192
prêteriez,VERB,15192
prêterions,VERB,15192
prêterons,VERB,15192
prêteront,VERB,15192
prêtes,VERB,15192
prêtez,VERB,15192
prêtiez,VERB,15192
prêtions,VERB,15192
prêtons,VERB,15192
prêtre,PREP,15473
prêtre0,VERB,15473
prêtres,VERB,15473
prêtresse,VERB,15473
prêtresses,VERB,15473
prêts,VERB,16466
prêtâmes,VERB,15192
prêtât,VERB,15192
prêtâtes,VERB,15192
prêtèrent,VERB,15192
prêté,VERB,15192
prêtée,VERB,15192
prêtées,VERB,15192
prêtés,VERB,15192
prîmes,VERB,23637
prît,VERB,23637
prîtes,VERB,23637
psaume,VERB,21074
psaume0,VERB,21074
psaumes,VERB,21074
psychiatre,PREP,21584
psychiatre0,VERB,21584
psychiatres,VERB,21584
psychologie,VERB,21552
psychologie0,VERB,21552
psychologies,VERB,21552
psychologue,PREP,21586
psychologue0,VERB,21586
psychologues,VERB,21586
ptérodactyle,VERB,23625
ptérodactyle0,VERB,23625
ptérodactyles,VERB,23625
pu,VERB,13114
pua,VERB,17020
puai,VERB,17020
puaient,VERB,17020
puais,VERB,17020
puait,VERB,17020
puant,VERB,17020
puanteur,VERB,24919
puanteur0,VERB,24919
puanteurs,VERB,24919
puas,VERB,17020
puasse,VERB,17020
puassent,VERB,17020
puasses,VERB,17020
puassiez,VERB,17020
puassions,VERB,17020
pub,VERB,12627
pub0,VERB,12627
puberté,VERB,16425
puberté0,VERB,16425
pubertés,VERB,16425
public,ADJ,16427
public0,VERB,16427
publicité,VERB,16977
publicité0,VERB,16977
publicités,VERB,16977
publics,VERB,16427
pubs,VERB,12627
puce,VERB,14199
puce0,VERB,14199
puces,VERB,14199
pudding,VERB,22307
pudding0,VERB,22307
puddings,VERB,22307
pue,VERB,17020
puent,VERB,17020
puer,PRON,17020
puera,VERB,17020
puerai,VERB,17020
pueraient,VERB,17020
puerais,VERB,17020
puerait,VERB,17020
pueras,VERB,17020
puerez,VERB,17020
pueriez,VERB,17020
puerions,VERB,17020
puerons,VERB,17020
pueront,VERB,17020
pues,VERB,17020
puez,VERB,17020
puiez,VERB,17020
puions,VERB,17020
puis,VERB,13114
puissance,VERB,24718
puissance0,VERB,24718
puissances,VERB,24718
puissant,ADJ,24719
puissant0,VERB,24719
puissante,VERB,24719
puissantes,VERB,24719
puissants,VERB,24719
puisse,VERB,13114
puissent,VERB,13114
puisses,VERB,13114
puissiez,VERB,13114
puissions,VERB,13114
puissé,VERB,13114
pull,VERB,13371
pull0,VERB,13371
pulls,VERB,13371
pulsion sexuelle,VERB,16765
puons,VERB,17020
purent,VERB,13114
pus,VERB,13114
pusse,VERB,13114
pussent,VERB,13114
pusses,VERB,13114
pussiez,VERB,13114
pussions,VERB,13114
pussé,VERB,13114
pustule,VERB,16180
pustule0,VERB,16180
pustules,VERB,16180
put,VERB,13114
puzzle,VERB,16441
puzzle0,VERB,16441
puzzles,VERB,16441
puâmes,VERB,17020
puât,VERB,17020
puâtes,VERB,17020
puèrent,VERB,17020
pué,VERB,17020
puée,VERB,17020
puées,VERB,17020
pués,VERB,17020
pyjama,VERB,16442
pyjama0,VERB,16442
pyjamas,VERB,16442
pyramide,VERB,16443
pyramide0,VERB,16443
pyramides,VERB,16443
pâque juive,VERB,15974
pâques,VERB,13903
pâte,VERB,22132
pâte alimentaire,VERB,22129
pâte à frire,VERB,22379
pâte0,VERB,22132
pâtes,VERB,22132
pâtes chinoises,VERB,22136
pâtisserie,VERB,17479
pâtisserie0,VERB,17479
pâtisseries,VERB,17479
pâturage,VERB,24208
pâturage0,VERB,24208
pâturages,VERB,24208
pèche,VERB,16989
pèchent,VERB,16989
pèches,VERB,16989
pèle,VERB,15989
pèlent,VERB,15989
pèlera,VERB,15989
pèlerai,VERB,15989
pèleraient,VERB,15989
pèlerais,VERB,15989
pèlerait,VERB,15989
pèleras,VERB,15989
pèlerez,VERB,15989
pèleriez,VERB,15989
pèlerions,VERB,15989
pèlerons,VERB,15989
pèleront,VERB,15989
pèles,VERB,15989
père,PREP,14157
père célibataire,PREP,21092
père noël,PREP,23647
père0,VERB,14157
pères,VERB,14157
pèse,VERB,18220
pèsent,VERB,18220
pèsera,VERB,18220
pèserai,VERB,18220
pèseraient,VERB,18220
pèserais,VERB,18220
pèserait,VERB,18220
pèseras,VERB,18220
pèserez,VERB,18220
pèseriez,VERB,18220
pèserions,VERB,18220
pèserons,VERB,18220
pèseront,VERB,18220
pèses,VERB,18220
pécha,VERB,16989
péchai,VERB,16989
péchaient,VERB,16989
péchais,VERB,16989
péchait,VERB,16989
péchant,VERB,16989
péchas,VERB,16989
péchasse,VERB,16989
péchassent,VERB,16989
péchasses,VERB,16989
péchassiez,VERB,16989
péchassions,VERB,16989
pécher,PRON,16989
péchera,VERB,16989
pécherai,VERB,16989
pécheraient,VERB,16989
pécherais,VERB,16989
pécherait,VERB,16989
pécheras,VERB,16989
pécheresse,VERB,16993
pécheresses,VERB,16993
pécherez,VERB,16989
pécheriez,VERB,16989
pécherions,VERB,16989
pécherons,VERB,16989
pécheront,VERB,16989
pécheur,PREP,16993
pécheur0,VERB,16993
pécheurs,VERB,16993
péchez,VERB,16989
péchiez,VERB,16989
péchions,VERB,16989
péchons,VERB,16989
péchâmes,VERB,16989
péchât,VERB,16989
péchâtes,VERB,16989
péchèrent,VERB,16989
péché,VERB,16988
péché0,VERB,16988
péchés,VERB,16988
pédagogie,VERB,23607
pédagogie conductive,VERB,24068
pédagogie0,VERB,23607
pédagogies,VERB,23607
pédagogue,PREP,23606
pédagogue0,VERB,23606
pédagogues,VERB,23606
pédalo,VERB,22088
pédalo0,VERB,22088
pédalos,VERB,22088
pédiatre,PREP,21574
pédiatre0,VERB,21574
pédiatres,VERB,21574
pédiatrie,VERB,12606
pédiatrie0,VERB,12606
pédiatries,VERB,12606
pégase,VERB,23608
pégase0,VERB,23608
pégases,VERB,23608
pélican,VERB,15990
pélican0,VERB,15990
pélicans,VERB,15990
pénible,ADJ,15955
pénible0,VERB,15955
pénibles,VERB,15955
péniche,VERB,22072
péniche aménagée,VERB,22089
péniche0,VERB,22072
péniches,VERB,22072
pénis,VERB,15994
pénètre,VERB,13940
pénètrent,VERB,13940
pénètres,VERB,13940
pénétra,VERB,13940
pénétrai,VERB,13940
pénétraient,VERB,13940
pénétrais,VERB,13940
pénétrait,VERB,13940
pénétrant,VERB,13940
pénétras,VERB,13940
pénétrasse,VERB,13940
pénétrassent,VERB,13940
pénétrasses,VERB,13940
pénétrassiez,VERB,13940
pénétrassions,VERB,13940
pénétrer,PRON,13940
pénétrera,VERB,13940
pénétrerai,VERB,13940
pénétreraient,VERB,13940
pénétrerais,VERB,13940
pénétrerait,VERB,13940
pénétreras,VERB,13940
pénétrerez,VERB,13940
pénétreriez,VERB,13940
pénétrerions,VERB,13940
pénétrerons,VERB,13940
pénétreront,VERB,13940
pénétrez,VERB,13940
pénétriez,VERB,13940
pénétrions,VERB,13940
pénétrons,VERB,13940
pénétrâmes,VERB,13940
pénétrât,VERB,13940
pénétrâtes,VERB,13940
pénétrèrent,VERB,13940
pénétré,VERB,13940
pénétrée,VERB,13940
pénétrées,VERB,13940
pénétrés,VERB,13940
pépia,VERB,24060
pépiai,VERB,24060
pépiaient,VERB,24060
pépiais,VERB,24060
pépiait,VERB,24060
pépiant,VERB,24060
pépias,VERB,24060
pépiasse,VERB,24060
pépiassent,VERB,24060
pépiasses,VERB,24060
pépiassiez,VERB,24060
pépiassions,VERB,24060
pépie,VERB,24060
pépient,VERB,24060
pépier,PRON,24060
pépiera,VERB,24060
pépierai,VERB,24060
pépieraient,VERB,24060
pépierais,VERB,24060
pépierait,VERB,24060
pépieras,VERB,24060
pépierez,VERB,24060
pépieriez,VERB,24060
pépierions,VERB,24060
pépierons,VERB,24060
pépieront,VERB,24060
pépies,VERB,24060
pépiez,VERB,24060
pépiiez,VERB,24060
pépiions,VERB,24060
pépions,VERB,24060
pépiâmes,VERB,24060
pépiât,VERB,24060
pépiâtes,VERB,24060
pépièrent,VERB,24060
pépié,VERB,24060
période de repos,VERB,16497
période de temps,VERB,15212
périodique,VERB,15407
périodique0,VERB,15407
périodiques,VERB,15407
périphérique,VERB,23450
périphérique0,VERB,23450
périphériques,VERB,23450
pétanque,VERB,21806
pétanque0,VERB,21806
pétanques,VERB,21806
pétrolier,VERB,22071
pétrolier0,VERB,22071
pétroliers,VERB,22071
pétrolière,VERB,22071
pétrolières,VERB,22071
pêcha,VERB,14190
pêchai,VERB,14190
pêchaient,VERB,14190
pêchais,VERB,14190
pêchait,VERB,14190
pêchant,VERB,14190
pêchas,VERB,14190
pêchasse,VERB,14190
pêchassent,VERB,14190
pêchasses,VERB,14190
pêchassiez,VERB,14190
pêchassions,VERB,14190
pêche,VERB,14191
pêche0,VERB,14191
pêchent,VERB,14190
pêcher,PRON,14190
pêchera,VERB,14190
pêcherai,VERB,14190
pêcheraient,VERB,14190
pêcherais,VERB,14190
pêcherait,VERB,14190
pêcheras,VERB,14190
pêcherez,VERB,14190
pêcheriez,VERB,14190
pêcherions,VERB,14190
pêcherons,VERB,14190
pêcheront,VERB,14190
pêches,VERB,14190
pêcheur,PREP,23509
pêcheur0,VERB,23509
pêcheurs,VERB,23509
pêcheuse,VERB,23509
pêcheuses,VERB,23509
pêchez,VERB,14190
pêchiez,VERB,14190
pêchions,VERB,14190
pêchons,VERB,14190
pêchâmes,VERB,14190
pêchât,VERB,14190
pêchâtes,VERB,14190
pêchèrent,VERB,14190
pêché,VERB,14190
pêchée,VERB,14190
pêchées,VERB,14190
pêchés,VERB,14190
pôle nord,VERB,22600
pôle sud,VERB,22599
pûmes,VERB,13114
pût,VERB,13114
pûtes,VERB,13114
qu',NOUN,24309
quai,VERB,16174
quai0,VERB,16174
quais,VERB,16174
qualité,VERB,14456
qualité0,VERB,14456
qualités,VERB,14456
quand,NOUN,18234
quantité,VERB,24722
quantité0,VERB,24722
quantités,VERB,24722
quart,NOUN,24932
quart d'heure,VERB,23185
quart0,VERB,24932
quarte,VERB,24932
quartes,VERB,24932
quartier,VERB,23847
quartier de ville,VERB,23848
quartier0,VERB,23847
quartiers,VERB,23847
quarts,VERB,24932
quatre,NOUN,8500
que,NOUN,16482
quel,NOUN,18231
quel0,VERB,18231
quelle,VERB,18231
quelle sorte de,NOUN,18230
quelles,VERB,18231
quelqu'un,PREP,12399
quelque chose,NOUN,12400
quelque part,NOUN,12402
quelques,ADJ,17207
quels,VERB,18231
question,VERB,16445
question0,VERB,16445
questionna,VERB,12588
questionnai,VERB,12588
questionnaient,VERB,12588
questionnais,VERB,12588
questionnait,VERB,12588
questionnant,VERB,12588
questionnas,VERB,12588
questionnasse,VERB,12588
questionnassent,VERB,12588
questionnasses,VERB,12588
questionnassiez,VERB,12588
questionnassions,VERB,12588
questionne,VERB,12588
questionnent,VERB,12588
questionner,PRON,12588
questionnera,VERB,12588
questionnerai,VERB,12588
questionneraient,VERB,12588
questionnerais,VERB,12588
questionnerait,VERB,12588
questionneras,VERB,12588
questionnerez,VERB,12588
questionneriez,VERB,12588
questionnerions,VERB,12588
questionnerons,VERB,12588
questionneront,VERB,12588
questionnes,VERB,12588
questionnez,VERB,12588
questionniez,VERB,12588
questionnions,VERB,12588
questionnons,VERB,12588
questionnâmes,VERB,12588
questionnât,VERB,12588
questionnâtes,VERB,12588
questionnèrent,VERB,12588
questionné,VERB,12588
questionnée,VERB,12588
questionnées,VERB,12588
questionnés,VERB,12588
questions,VERB,16445
queue,VERB,17496
queue0,VERB,17496
queues,VERB,17496
qui,NOUN,16482
qui se tortille,ADJ,18253
quille,VERB,22064
quille0,VERB,22064
quilles,VERB,22064
quitta,VERB,14449
quittai,VERB,14449
quittaient,VERB,14449
quittais,VERB,14449
quittait,VERB,14449
quittant,VERB,14449
quittas,VERB,14449
quittasse,VERB,14449
quittassent,VERB,14449
quittasses,VERB,14449
quittassiez,VERB,14449
quittassions,VERB,14449
quitte,VERB,14449
quittent,VERB,14449
quitter,PRON,14449
quittera,VERB,14449
quitterai,VERB,14449
quitteraient,VERB,14449
quitterais,VERB,14449
quitterait,VERB,14449
quitteras,VERB,14449
quitterez,VERB,14449
quitteriez,VERB,14449
quitterions,VERB,14449
quitterons,VERB,14449
quitteront,VERB,14449
quittes,VERB,14449
quittez,VERB,14449
quittiez,VERB,14449
quittions,VERB,14449
quittons,VERB,14449
quittâmes,VERB,14449
quittât,VERB,14449
quittâtes,VERB,14449
quittèrent,VERB,14449
quitté,VERB,14449
quittée,VERB,14449
quittées,VERB,14449
quittés,VERB,14449
quiétude,VERB,23828
quiétude0,VERB,23828
quiétudes,VERB,23828
quoi,NOUN,18231
quoique,NOUN,12367
rabais,VERB,23068
rabin,PREP,15473
racine,VERB,16688
racine0,VERB,16688
racines,VERB,16688
radiation électromagnétique,VERB,13922
radio,VERB,16453
radio0,VERB,16453
radio_,VERB,16453
radioactivité,VERB,15740
radioactivité0,VERB,15740
radioactivités,VERB,15740
radios,VERB,16453
radis,VERB,16454
radis noir,VERB,14898
rafale de vent,VERB,17271
rage,VERB,16449
rage0,VERB,16449
rages,VERB,16449
ragoût,VERB,23668
ragoût0,VERB,23668
ragoûts,VERB,23668
raifort,VERB,14898
raifort0,VERB,14898
raiforts,VERB,14898
rails,VERB,23690
raisin,VERB,14635
raisin0,VERB,14635
raisins,VERB,14635
raisins secs,VERB,16460
ramadan,VERB,21324
ramadan0,VERB,21324
ramadans,VERB,21324
ramassa,VERB,24709
ramassai,VERB,24709
ramassaient,VERB,24709
ramassais,VERB,24709
ramassait,VERB,24709
ramassant,VERB,24709
ramassas,VERB,24709
ramassasse,VERB,24709
ramassassent,VERB,24709
ramassasses,VERB,24709
ramassassiez,VERB,24709
ramassassions,VERB,24709
ramasse,VERB,24709
ramassent,VERB,24709
ramasser,PRON,24709
ramassera,VERB,24709
ramasserai,VERB,24709
ramasseraient,VERB,24709
ramasserais,VERB,24709
ramasserait,VERB,24709
ramasseras,VERB,24709
ramasserez,VERB,24709
ramasseriez,VERB,24709
ramasserions,VERB,24709
ramasserons,VERB,24709
ramasseront,VERB,24709
ramasses,VERB,24709
ramassez,VERB,24709
ramassiez,VERB,24709
ramassions,VERB,24709
ramassons,VERB,24709
ramassâmes,VERB,24709
ramassât,VERB,24709
ramassâtes,VERB,24709
ramassèrent,VERB,24709
ramassé,VERB,24709
ramassée,VERB,24709
ramassées,VERB,24709
ramassés,VERB,24709
rame,VERB,22067
rame0,VERB,22067
rames,VERB,22068
rampa,VERB,13603
rampai,VERB,13603
rampaient,VERB,13603
rampais,VERB,13603
rampait,VERB,13603
rampant,VERB,13603
rampas,VERB,13603
rampasse,VERB,13603
rampassent,VERB,13603
rampasses,VERB,13603
rampassiez,VERB,13603
rampassions,VERB,13603
rampe,VERB,23629
rampe0,VERB,23629
rampent,VERB,13603
ramper,PRON,13603
rampera,VERB,13603
ramperai,VERB,13603
ramperaient,VERB,13603
ramperais,VERB,13603
ramperait,VERB,13603
ramperas,VERB,13603
ramperez,VERB,13603
ramperiez,VERB,13603
ramperions,VERB,13603
ramperons,VERB,13603
ramperont,VERB,13603
rampes,VERB,13603
rampez,VERB,13603
rampiez,VERB,13603
rampions,VERB,13603
rampons,VERB,13603
rampâmes,VERB,13603
rampât,VERB,13603
rampâtes,VERB,13603
rampèrent,VERB,13603
rampé,VERB,13603
ramure,VERB,21061
ramure0,VERB,21061
ramures,VERB,21061
rapide,ADJ,16446
rapide0,VERB,16446
rapides,VERB,22623
rapidité,VERB,24819
rapidité0,VERB,24819
rapidités,VERB,24819
rappela,VERB,16485
rappelai,VERB,16485
rappelaient,VERB,16485
rappelais,VERB,16485
rappelait,VERB,16485
rappelant,VERB,16485
rappelas,VERB,16485
rappelasse,VERB,16485
rappelassent,VERB,16485
rappelasses,VERB,16485
rappelassiez,VERB,16485
rappelassions,VERB,16485
rappeler,VERB,16485
rappeler-,PRON,16485
rappelez,VERB,16485
rappeliez,VERB,16485
rappelions,VERB,16485
rappelle,VERB,16485
rappellent,VERB,16485
rappellera,VERB,16485
rappellerai,VERB,16485
rappelleraient,VERB,16485
rappellerais,VERB,16485
rappellerait,VERB,16485
rappelleras,VERB,16485
rappellerez,VERB,16485
rappelleriez,VERB,16485
rappellerions,VERB,16485
rappellerons,VERB,16485
rappelleront,VERB,16485
rappelles,VERB,16485
rappelons,VERB,16485
rappelâmes,VERB,16485
rappelât,VERB,16485
rappelâtes,VERB,16485
rappelèrent,VERB,16485
rappelé,VERB,16485
rappelée,VERB,16485
rappelées,VERB,16485
rappelés,VERB,16485
rapport bucco-génital,VERB,15930
rapport sexuel,VERB,16931
rapporteur,VERB,23180
rapporteur0,VERB,23180
rapporteurs,VERB,23180
rapporteuse,VERB,23180
rapporteuses,VERB,23180
raquette,VERB,16452
raquette de neige,VERB,17197
raquette0,VERB,16452
raquettes,VERB,16452
rasa,VERB,24263
rasai,VERB,24263
rasaient,VERB,24263
rasais,VERB,24263
rasait,VERB,24263
rasant,VERB,24263
rasas,VERB,24263
rasasse,VERB,24263
rasassent,VERB,24263
rasasses,VERB,24263
rasassiez,VERB,24263
rasassions,VERB,24263
rase,VERB,24263
rasent,VERB,24263
raser,PRON,24263
raser-,PRON,16945
rasera,VERB,24263
raserai,VERB,24263
raseraient,VERB,24263
raserais,VERB,24263
raserait,VERB,24263
raseras,VERB,24263
raserez,VERB,24263
raseriez,VERB,24263
raserions,VERB,24263
raserons,VERB,24263
raseront,VERB,24263
rases,VERB,24263
rasez,VERB,24263
rasiez,VERB,24263
rasions,VERB,24263
rasoir,VERB,16946
rasoir0,VERB,16946
rasoirs,VERB,16946
rasons,VERB,24263
rasâmes,VERB,24263
rasât,VERB,24263
rasâtes,VERB,24263
rasèrent,VERB,24263
rasé,VERB,24263
rasée,VERB,24263
rasées,VERB,24263
rasés,VERB,24263
rat,VERB,12386
rat musqué,VERB,15684
rat0,VERB,12386
rate,VERB,12386
rates,VERB,12386
rationnel,ADJ,15456
rationnel0,VERB,15456
rationnels,VERB,15456
raton laveur,VERB,16450
rats,VERB,12386
ravioli,VERB,22134
ravioli0,VERB,22134
raviolis,VERB,22134
ravissement,VERB,14120
ravissement0,VERB,14120
ravissements,VERB,14120
rayé,ADJ,24293
raz-de-marée,VERB,22624
recette de cuisine,VERB,16469
recevaient,VERB,14435
recevais,VERB,14435
recevait,VERB,14435
recevant,VERB,14435
recevez,VERB,14435
receviez,VERB,14435
recevions,VERB,14435
recevoir,PRON,14435
recevons,VERB,14435
recevra,VERB,14435
recevrai,VERB,14435
recevraient,VERB,14435
recevrais,VERB,14435
recevrait,VERB,14435
recevras,VERB,14435
recevrez,VERB,14435
recevriez,VERB,14435
recevrions,VERB,14435
recevrons,VERB,14435
recevront,VERB,14435
recherche,VERB,23635
recherche0,VERB,23635
recherches,VERB,23635
recouvrement,VERB,23600
recouvrement0,VERB,23600
recouvrements,VERB,23600
rectangle,VERB,16472
rectangle0,VERB,16472
rectangles,VERB,16472
rectangulaire,ADJ,16473
rectangulaire0,VERB,16473
rectangulaires,VERB,16473
recul,VERB,24805
recul0,VERB,24805
recula,VERB,12612
reculai,VERB,12612
reculaient,VERB,12612
reculais,VERB,12612
reculait,VERB,12612
reculant,VERB,12612
reculas,VERB,12612
reculasse,VERB,12612
reculassent,VERB,12612
reculasses,VERB,12612
reculassiez,VERB,12612
reculassions,VERB,12612
recule,VERB,12612
reculent,VERB,12612
reculer,PRON,12612
reculera,VERB,12612
reculerai,VERB,12612
reculeraient,VERB,12612
reculerais,VERB,12612
reculerait,VERB,12612
reculeras,VERB,12612
reculerez,VERB,12612
reculeriez,VERB,12612
reculerions,VERB,12612
reculerons,VERB,12612
reculeront,VERB,12612
recules,VERB,12612
reculez,VERB,12612
reculiez,VERB,12612
reculions,VERB,12612
reculons,VERB,12612
reculs,VERB,24805
reculâmes,VERB,12612
reculât,VERB,12612
reculâtes,VERB,12612
reculèrent,VERB,12612
reculé,VERB,12612
reculée,VERB,12612
reculées,VERB,12612
reculés,VERB,12612
refaire,PRON,23630
refais,VERB,23630
refaisaient,VERB,23630
refaisais,VERB,23630
refaisait,VERB,23630
refaisant,VERB,23630
refaisiez,VERB,23630
refaisions,VERB,23630
refaisons,VERB,23630
refait,VERB,23630
refaite,VERB,23630
refaites,VERB,23630
refaits,VERB,23630
refasse,VERB,23630
refassent,VERB,23630
refasses,VERB,23630
refassiez,VERB,23630
refassions,VERB,23630
refera,VERB,23630
referai,VERB,23630
referaient,VERB,23630
referais,VERB,23630
referait,VERB,23630
referas,VERB,23630
referez,VERB,23630
referiez,VERB,23630
referions,VERB,23630
referons,VERB,23630
referont,VERB,23630
refirent,VERB,23630
refis,VERB,23630
refisse,VERB,23630
refissent,VERB,23630
refisses,VERB,23630
refissiez,VERB,23630
refissions,VERB,23630
refit,VERB,23630
reflet,VERB,22384
reflet0,VERB,22384
reflets,VERB,22384
refont,VERB,23630
refuge,VERB,16955
refuge0,VERB,16955
refuges,VERB,16955
refîmes,VERB,23630
refît,VERB,23630
refîtes,VERB,23630
regarda,VERB,16747
regardai,VERB,16747
regardaient,VERB,16747
regardais,VERB,16747
regardait,VERB,16747
regardant,VERB,16747
regardas,VERB,16747
regardasse,VERB,16747
regardassent,VERB,16747
regardasses,VERB,16747
regardassiez,VERB,16747
regardassions,VERB,16747
regarde,VERB,16747
regardent,VERB,16747
regarder,PRON,16747
regardera,VERB,16747
regarderai,VERB,16747
regarderaient,VERB,16747
regarderais,VERB,16747
regarderait,VERB,16747
regarderas,VERB,16747
regarderez,VERB,16747
regarderiez,VERB,16747
regarderions,VERB,16747
regarderons,VERB,16747
regarderont,VERB,16747
regardes,VERB,16747
regardez,VERB,16747
regardiez,VERB,16747
regardions,VERB,16747
regardons,VERB,16747
regardâmes,VERB,16747
regardât,VERB,16747
regardâtes,VERB,16747
regardèrent,VERB,16747
regardé,VERB,16747
regardée,VERB,16747
regardées,VERB,16747
regardés,VERB,16747
regretta,VERB,16477
regrettai,VERB,16477
regrettaient,VERB,16477
regrettais,VERB,16477
regrettait,VERB,16477
regrettant,VERB,16477
regrettas,VERB,16477
regrettasse,VERB,16477
regrettassent,VERB,16477
regrettasses,VERB,16477
regrettassiez,VERB,16477
regrettassions,VERB,16477
regrette,VERB,16477
regrettent,VERB,16477
regretter,PRON,16477
regrettera,VERB,16477
regretterai,VERB,16477
regretteraient,VERB,16477
regretterais,VERB,16477
regretterait,VERB,16477
regretteras,VERB,16477
regretterez,VERB,16477
regretteriez,VERB,16477
regretterions,VERB,16477
regretterons,VERB,16477
regretteront,VERB,16477
regrettes,VERB,16477
regrettez,VERB,16477
regrettiez,VERB,16477
regrettions,VERB,16477
regrettons,VERB,16477
regrettâmes,VERB,16477
regrettât,VERB,16477
regrettâtes,VERB,16477
regrettèrent,VERB,16477
regretté,VERB,16477
regrettée,VERB,16477
regrettées,VERB,16477
regrettés,VERB,16477
rein,VERB,24176
rein0,VERB,24176
reine,PREP,23626
reine-claude,VERB,16208
reine0,VERB,23626
reines,VERB,23626
reins,VERB,24176
relais,VERB,21841
relation sexuelle,VERB,16931
relation sexuelle anale,VERB,12373
releva,VERB,24723
relevai,VERB,24723
relevaient,VERB,24723
relevais,VERB,24723
relevait,VERB,24723
relevant,VERB,24723
relevas,VERB,24723
relevasse,VERB,24723
relevassent,VERB,24723
relevasses,VERB,24723
relevassiez,VERB,24723
relevassions,VERB,24723
relever,PRON,24723
relevez,VERB,24723
releviez,VERB,24723
relevions,VERB,24723
relevons,VERB,24723
relevâmes,VERB,24723
relevât,VERB,24723
relevâtes,VERB,24723
relevèrent,VERB,24723
relevé,VERB,24723
relevée,VERB,24723
relevées,VERB,24723
relevés,VERB,24723
religieuse,VERB,16484
religieuses,VERB,16484
religieux,ADJ,16484
religieux0,VERB,16484
religion,VERB,23190
religion0,VERB,23190
religion_,VERB,16483
religions,VERB,23190
relui,VERB,22387
reluira,VERB,22387
reluirai,VERB,22387
reluiraient,VERB,22387
reluirais,VERB,22387
reluirait,VERB,22387
reluiras,VERB,22387
reluire,PRON,22387
reluirez,VERB,22387
reluiriez,VERB,22387
reluirions,VERB,22387
reluirons,VERB,22387
reluiront,VERB,22387
reluis,VERB,22387
reluisaient,VERB,22387
reluisais,VERB,22387
reluisait,VERB,22387
reluisant,ADJ,22388
reluisant0,VERB,22388
reluisante,VERB,22388
reluisantes,VERB,22388
reluisants,VERB,22388
reluise,VERB,22387
reluisent,VERB,22387
reluises,VERB,22387
reluisez,VERB,22387
reluisiez,VERB,22387
reluisions,VERB,22387
reluisirent,VERB,22387
reluisis,VERB,22387
reluisisse,VERB,22387
reluisissent,VERB,22387
reluisisses,VERB,22387
reluisissiez,VERB,22387
reluisissions,VERB,22387
reluisit,VERB,22387
reluisons,VERB,22387
reluisîmes,VERB,22387
reluisît,VERB,22387
reluisîtes,VERB,22387
reluit,VERB,22387
relève,VERB,24723
relèvent,VERB,24723
relèvera,VERB,24723
relèverai,VERB,24723
relèveraient,VERB,24723
relèverais,VERB,24723
relèverait,VERB,24723
relèveras,VERB,24723
relèverez,VERB,24723
relèveriez,VERB,24723
relèverions,VERB,24723
relèverons,VERB,24723
relèveront,VERB,24723
relèves,VERB,24723
remarqua,VERB,15908
remarquai,VERB,15908
remarquaient,VERB,15908
remarquais,VERB,15908
remarquait,VERB,15908
remarquant,VERB,15908
remarquas,VERB,15908
remarquasse,VERB,15908
remarquassent,VERB,15908
remarquasses,VERB,15908
remarquassiez,VERB,15908
remarquassions,VERB,15908
remarque,VERB,15908
remarquent,VERB,15908
remarquer,PRON,15908
remarquera,VERB,15908
remarquerai,VERB,15908
remarqueraient,VERB,15908
remarquerais,VERB,15908
remarquerait,VERB,15908
remarqueras,VERB,15908
remarquerez,VERB,15908
remarqueriez,VERB,15908
remarquerions,VERB,15908
remarquerons,VERB,15908
remarqueront,VERB,15908
remarques,VERB,15908
remarquez,VERB,15908
remarquiez,VERB,15908
remarquions,VERB,15908
remarquons,VERB,15908
remarquâmes,VERB,15908
remarquât,VERB,15908
remarquâtes,VERB,15908
remarquèrent,VERB,15908
remarqué,VERB,15908
remarquée,VERB,15908
remarquées,VERB,15908
remarqués,VERB,15908
remercia,VERB,17532
remerciai,VERB,17532
remerciaient,VERB,17532
remerciais,VERB,17532
remerciait,VERB,17532
remerciant,VERB,17532
remercias,VERB,17532
remerciasse,VERB,17532
remerciassent,VERB,17532
remerciasses,VERB,17532
remerciassiez,VERB,17532
remerciassions,VERB,17532
remercie,VERB,17532
remerciement,OTHER,17533
remerciement0,VERB,17533
remerciements,VERB,17533
remercient,VERB,17532
remercier,PRON,17532
remerciera,VERB,17532
remercierai,VERB,17532
remercieraient,VERB,17532
remercierais,VERB,17532
remercierait,VERB,17532
remercieras,VERB,17532
remercierez,VERB,17532
remercieriez,VERB,17532
remercierions,VERB,17532
remercierons,VERB,17532
remercieront,VERB,17532
remercies,VERB,17532
remerciez,VERB,17532
remerciiez,VERB,17532
remerciions,VERB,17532
remercions,VERB,17532
remerciâmes,VERB,17532
remerciât,VERB,17532
remerciâtes,VERB,17532
remercièrent,VERB,17532
remercié,VERB,17532
remerciée,VERB,17532
remerciées,VERB,17532
remerciés,VERB,17532
remise,VERB,23068
remise0,VERB,23068
remises,VERB,23068
remorqueur,VERB,22080
remorqueur0,VERB,22080
remorqueurs,VERB,22080
remorqueuse,VERB,22080
remorqueuses,VERB,22080
remplaçant,VERB,24759
remplaçant0,VERB,24759
remplaçante,VERB,24759
remplaçantes,VERB,24759
remplaçants,VERB,24759
rempli,VERB,14176
remplie,VERB,14176
remplies,VERB,14176
remplir,PRON,14176
remplira,VERB,14176
remplirai,VERB,14176
rempliraient,VERB,14176
remplirais,VERB,14176
remplirait,VERB,14176
rempliras,VERB,14176
remplirent,VERB,14176
remplirez,VERB,14176
rempliriez,VERB,14176
remplirions,VERB,14176
remplirons,VERB,14176
rempliront,VERB,14176
remplis,VERB,14176
remplissage,VERB,24897
remplissage0,VERB,24897
remplissages,VERB,24897
remplissaient,VERB,14176
remplissais,VERB,14176
remplissait,VERB,14176
remplissant,VERB,14176
remplisse,VERB,14176
remplissent,VERB,14176
remplisses,VERB,14176
remplissez,VERB,14176
remplissiez,VERB,14176
remplissions,VERB,14176
remplissons,VERB,14176
remplit,VERB,14176
remplîmes,VERB,14176
remplît,VERB,14176
remplîtes,VERB,14176
remua,VERB,18252
remuai,VERB,18252
remuaient,VERB,18252
remuais,VERB,18252
remuait,VERB,18252
remuant,ADJ,18253
remuant0,VERB,18253
remuante,VERB,18253
remuantes,VERB,18253
remuants,VERB,18253
remuas,VERB,18252
remuasse,VERB,18252
remuassent,VERB,18252
remuasses,VERB,18252
remuassiez,VERB,18252
remuassions,VERB,18252
remue,VERB,18252
remuent,VERB,18252
remuer,PRON,18252
remuera,VERB,18252
remuerai,VERB,18252
remueraient,VERB,18252
remuerais,VERB,18252
remuerait,VERB,18252
remueras,VERB,18252
remuerez,VERB,18252
remueriez,VERB,18252
remuerions,VERB,18252
remuerons,VERB,18252
remueront,VERB,18252
remues,VERB,18252
remuez,VERB,18252
remuiez,VERB,18252
remuions,VERB,18252
remuons,VERB,18252
remuâmes,VERB,18252
remuât,VERB,18252
remuâtes,VERB,18252
remuèrent,VERB,18252
remué,VERB,18252
remuée,VERB,18252
remuées,VERB,18252
remués,VERB,18252
renard,VERB,14394
renard0,VERB,14394
renarde,VERB,14394
renardes,VERB,14394
renards,VERB,14394
rencontra,VERB,15449
rencontrai,VERB,15449
rencontraient,VERB,15449
rencontrais,VERB,15449
rencontrait,VERB,15449
rencontrant,VERB,15449
rencontras,VERB,15449
rencontrasse,VERB,15449
rencontrassent,VERB,15449
rencontrasses,VERB,15449
rencontrassiez,VERB,15449
rencontrassions,VERB,15449
rencontre,VERB,15450
rencontre0,VERB,15450
rencontrent,VERB,15449
rencontrer,PRON,15449
rencontrera,VERB,15449
rencontrerai,VERB,15449
rencontreraient,VERB,15449
rencontrerais,VERB,15449
rencontrerait,VERB,15449
rencontreras,VERB,15449
rencontrerez,VERB,15449
rencontreriez,VERB,15449
rencontrerions,VERB,15449
rencontrerons,VERB,15449
rencontreront,VERB,15449
rencontres,VERB,15449
rencontrez,VERB,15449
rencontriez,VERB,15449
rencontrions,VERB,15449
rencontrons,VERB,15449
rencontrâmes,VERB,15449
rencontrât,VERB,15449
rencontrâtes,VERB,15449
rencontrèrent,VERB,15449
rencontré,VERB,15449
rencontrée,VERB,15449
rencontrées,VERB,15449
rencontrés,VERB,15449
rendez-vous,VERB,12406
rendez-vous amoureux,VERB,13635
rendre visite,PRON,18017
renne,VERB,16478
renne0,VERB,16478
rennes,VERB,16478
rente d'invalidité,VERB,24430
rente de retraite,VERB,24503
repas,VERB,15438
repas de midi,VERB,15405
repas du soir,VERB,17468
repassa,VERB,14956
repassai,VERB,14956
repassaient,VERB,14956
repassais,VERB,14956
repassait,VERB,14956
repassant,VERB,14956
repassas,VERB,14956
repassasse,VERB,14956
repassassent,VERB,14956
repassasses,VERB,14956
repassassiez,VERB,14956
repassassions,VERB,14956
repasse,VERB,14956
repassent,VERB,14956
repasser,PRON,14956
repassera,VERB,14956
repasserai,VERB,14956
repasseraient,VERB,14956
repasserais,VERB,14956
repasserait,VERB,14956
repasseras,VERB,14956
repasserez,VERB,14956
repasseriez,VERB,14956
repasserions,VERB,14956
repasserons,VERB,14956
repasseront,VERB,14956
repasses,VERB,14956
repassez,VERB,14956
repassiez,VERB,14956
repassions,VERB,14956
repassons,VERB,14956
repassâmes,VERB,14956
repassât,VERB,14956
repassâtes,VERB,14956
repassèrent,VERB,14956
repassé,VERB,14956
repassée,VERB,14956
repassées,VERB,14956
repassés,VERB,14956
repos,VERB,16495
reposa,VERB,16496
reposai,VERB,16496
reposaient,VERB,16496
reposais,VERB,16496
reposait,VERB,16496
reposant,VERB,16496
reposas,VERB,16496
reposasse,VERB,16496
reposassent,VERB,16496
reposasses,VERB,16496
reposassiez,VERB,16496
reposassions,VERB,16496
repose,VERB,16496
reposent,VERB,16496
reposer,VERB,16496
reposer-,PRON,16496
reposera,VERB,16496
reposerai,VERB,16496
reposeraient,VERB,16496
reposerais,VERB,16496
reposerait,VERB,16496
reposeras,VERB,16496
reposerez,VERB,16496
reposeriez,VERB,16496
reposerions,VERB,16496
reposerons,VERB,16496
reposeront,VERB,16496
reposes,VERB,16496
reposez,VERB,16496
reposiez,VERB,16496
reposions,VERB,16496
reposons,VERB,16496
reposâmes,VERB,16496
reposât,VERB,16496
reposâtes,VERB,16496
reposèrent,VERB,16496
reposé,VERB,16496
reposée,VERB,16496
reposées,VERB,16496
reposés,VERB,16496
reproduction,VERB,16488
reproduction0,VERB,16488
reproductions,VERB,16488
reproduira,VERB,16487
reproduirai,VERB,16487
reproduiraient,VERB,16487
reproduirais,VERB,16487
reproduirait,VERB,16487
reproduiras,VERB,16487
reproduire,PRON,16487
reproduirez,VERB,16487
reproduiriez,VERB,16487
reproduirions,VERB,16487
reproduirons,VERB,16487
reproduiront,VERB,16487
reproduis,VERB,16487
reproduisaient,VERB,16487
reproduisais,VERB,16487
reproduisait,VERB,16487
reproduisant,VERB,16487
reproduise,VERB,16487
reproduisent,VERB,16487
reproduises,VERB,16487
reproduisez,VERB,16487
reproduisiez,VERB,16487
reproduisions,VERB,16487
reproduisirent,VERB,16487
reproduisis,VERB,16487
reproduisisse,VERB,16487
reproduisissent,VERB,16487
reproduisisses,VERB,16487
reproduisissiez,VERB,16487
reproduisissions,VERB,16487
reproduisit,VERB,16487
reproduisons,VERB,16487
reproduisîmes,VERB,16487
reproduisît,VERB,16487
reproduisîtes,VERB,16487
reproduit,VERB,16487
reproduite,VERB,16487
reproduites,VERB,16487
reproduits,VERB,16487
représenta,VERB,23609
représentai,VERB,23609
représentaient,VERB,23609
représentais,VERB,23609
représentait,VERB,23609
représentant,VERB,23609
représentas,VERB,23609
représentasse,VERB,23609
représentassent,VERB,23609
représentasses,VERB,23609
représentassiez,VERB,23609
représentassions,VERB,23609
représentation,VERB,23610
représentation0,VERB,23610
représentations,VERB,23610
représente,VERB,23609
représentent,VERB,23609
représenter,PRON,23609
représentera,VERB,23609
représenterai,VERB,23609
représenteraient,VERB,23609
représenterais,VERB,23609
représenterait,VERB,23609
représenteras,VERB,23609
représenterez,VERB,23609
représenteriez,VERB,23609
représenterions,VERB,23609
représenterons,VERB,23609
représenteront,VERB,23609
représentes,VERB,23609
représentez,VERB,23609
représentiez,VERB,23609
représentions,VERB,23609
représentons,VERB,23609
représentâmes,VERB,23609
représentât,VERB,23609
représentâtes,VERB,23609
représentèrent,VERB,23609
représenté,VERB,23609
représentée,VERB,23609
représentées,VERB,23609
représentés,VERB,23609
requerra,VERB,16489
requerrai,VERB,16489
requerraient,VERB,16489
requerrais,VERB,16489
requerrait,VERB,16489
requerras,VERB,16489
requerrez,VERB,16489
requerriez,VERB,16489
requerrions,VERB,16489
requerrons,VERB,16489
requerront,VERB,16489
requiers,VERB,16489
requiert,VERB,16489
requin,VERB,16942
requin0,VERB,16942
requins,VERB,16942
requirent,VERB,16489
requis,VERB,16489
requise,VERB,16489
requises,VERB,16489
requisse,VERB,16489
requissent,VERB,16489
requisses,VERB,16489
requissiez,VERB,16489
requissions,VERB,16489
requit,VERB,16489
requière,VERB,16489
requièrent,VERB,16489
requières,VERB,16489
requéraient,VERB,16489
requérais,VERB,16489
requérait,VERB,16489
requérant,VERB,16489
requérez,VERB,16489
requériez,VERB,16489
requérions,VERB,16489
requérir,PRON,16489
requérons,VERB,16489
requîmes,VERB,16489
requît,VERB,16489
requîtes,VERB,16489
respect,VERB,16494
respect0,VERB,16494
respects,VERB,16494
respira,VERB,12901
respirai,VERB,12901
respiraient,VERB,12901
respirais,VERB,12901
respirait,VERB,12901
respirant,VERB,12901
respiras,VERB,12901
respirasse,VERB,12901
respirassent,VERB,12901
respirasses,VERB,12901
respirassiez,VERB,12901
respirassions,VERB,12901
respiration,VERB,12900
respiration artificielle,VERB,12584
respiration0,VERB,12900
respirations,VERB,12900
respire,VERB,12901
respirent,VERB,12901
respirer,PRON,12901
respirera,VERB,12901
respirerai,VERB,12901
respireraient,VERB,12901
respirerais,VERB,12901
respirerait,VERB,12901
respireras,VERB,12901
respirerez,VERB,12901
respireriez,VERB,12901
respirerions,VERB,12901
respirerons,VERB,12901
respireront,VERB,12901
respires,VERB,12901
respirez,VERB,12901
respiriez,VERB,12901
respirions,VERB,12901
respirons,VERB,12901
respirâmes,VERB,12901
respirât,VERB,12901
respirâtes,VERB,12901
respirèrent,VERB,12901
respiré,VERB,12901
respirée,VERB,12901
respirées,VERB,12901
respirés,VERB,12901
responsabilité,VERB,24240
responsabilité0,VERB,24240
responsabilités,VERB,24240
responsable,ADJ,24241
responsable0,VERB,24241
responsables,VERB,24241
ressens,VERB,14163
ressent,VERB,14163
ressentaient,VERB,14163
ressentais,VERB,14163
ressentait,VERB,14163
ressentant,VERB,14163
ressente,VERB,14163
ressentent,VERB,14163
ressentes,VERB,14163
ressentez,VERB,14163
ressenti,VERB,14163
ressentie,VERB,14163
ressenties,VERB,14163
ressentiez,VERB,14163
ressentions,VERB,14163
ressentir,PRON,14163
ressentira,VERB,14163
ressentirai,VERB,14163
ressentiraient,VERB,14163
ressentirais,VERB,14163
ressentirait,VERB,14163
ressentiras,VERB,14163
ressentirent,VERB,14163
ressentirez,VERB,14163
ressentiriez,VERB,14163
ressentirions,VERB,14163
ressentirons,VERB,14163
ressentiront,VERB,14163
ressentis,VERB,14163
ressentisse,VERB,14163
ressentissent,VERB,14163
ressentisses,VERB,14163
ressentissiez,VERB,14163
ressentissions,VERB,14163
ressentit,VERB,14163
ressentons,VERB,14163
ressentîmes,VERB,14163
ressentît,VERB,14163
ressentîtes,VERB,14163
resta,VERB,17254
restai,VERB,17254
restaient,VERB,17254
restais,VERB,17254
restait,VERB,17254
restant,VERB,17254
restas,VERB,17254
restasse,VERB,17254
restassent,VERB,17254
restasses,VERB,17254
restassiez,VERB,17254
restassions,VERB,17254
restaurant,VERB,16498
restaurant0,VERB,16498
restaurants,VERB,16498
reste,VERB,17254
restent,VERB,17254
rester,PRON,17254
restera,VERB,17254
resterai,VERB,17254
resteraient,VERB,17254
resterais,VERB,17254
resterait,VERB,17254
resteras,VERB,17254
resterez,VERB,17254
resteriez,VERB,17254
resterions,VERB,17254
resterons,VERB,17254
resteront,VERB,17254
restes,VERB,17254
restez,VERB,17254
restiez,VERB,17254
restions,VERB,17254
restons,VERB,17254
restâmes,VERB,17254
restât,VERB,17254
restâtes,VERB,17254
restèrent,VERB,17254
resté,VERB,17254
restée,VERB,17254
restées,VERB,17254
restés,VERB,17254
retira,VERB,17498
retirai,VERB,17498
retiraient,VERB,17498
retirais,VERB,17498
retirait,VERB,17498
retirant,VERB,17498
retiras,VERB,17498
retirasse,VERB,17498
retirassent,VERB,17498
retirasses,VERB,17498
retirassiez,VERB,17498
retirassions,VERB,17498
retire,VERB,17498
retirent,VERB,17498
retirer,PRON,17498
retirera,VERB,17498
retirerai,VERB,17498
retireraient,VERB,17498
retirerais,VERB,17498
retirerait,VERB,17498
retireras,VERB,17498
retirerez,VERB,17498
retireriez,VERB,17498
retirerions,VERB,17498
retirerons,VERB,17498
retireront,VERB,17498
retires,VERB,17498
retirez,VERB,17498
retiriez,VERB,17498
retirions,VERB,17498
retirons,VERB,17498
retirâmes,VERB,17498
retirât,VERB,17498
retirâtes,VERB,17498
retirèrent,VERB,17498
retiré,VERB,17498
retirée,VERB,17498
retirées,VERB,17498
retirés,VERB,17498
retombées radioactives,VERB,15739
retour,VERB,16499
retour0,VERB,16499
retourna,VERB,16500
retournai,VERB,16500
retournaient,VERB,16500
retournais,VERB,16500
retournait,VERB,16500
retournant,VERB,16500
retournas,VERB,16500
retournasse,VERB,16500
retournassent,VERB,16500
retournasses,VERB,16500
retournassiez,VERB,16500
retournassions,VERB,16500
retourne,VERB,16500
retournent,VERB,16500
retourner,PRON,16500
retournera,VERB,16500
retournerai,VERB,16500
retourneraient,VERB,16500
retournerais,VERB,16500
retournerait,VERB,16500
retourneras,VERB,16500
retournerez,VERB,16500
retourneriez,VERB,16500
retournerions,VERB,16500
retournerons,VERB,16500
retourneront,VERB,16500
retournes,VERB,16500
retournez,VERB,16500
retourniez,VERB,16500
retournions,VERB,16500
retournons,VERB,16500
retournâmes,VERB,16500
retournât,VERB,16500
retournâtes,VERB,16500
retournèrent,VERB,16500
retourné,VERB,16500
retournée,VERB,16500
retournées,VERB,16500
retournés,VERB,16500
retours,VERB,16499
retraité,PREP,24497
retraité0,VERB,24497
retraitée,VERB,24497
retraitées,VERB,24497
retraités,VERB,24497
revenaient,VERB,16500
revenais,VERB,16500
revenait,VERB,16500
revenant,VERB,16500
revenez,VERB,16500
reveniez,VERB,16500
revenions,VERB,16500
revenir,PRON,16500
revenons,VERB,16500
revenu,VERB,16500
revenue,VERB,16500
revenues,VERB,16500
revenus,VERB,16500
reverra,VERB,16748
reverrai,VERB,16748
reverraient,VERB,16748
reverrais,VERB,16748
reverrait,VERB,16748
reverras,VERB,16748
reverrez,VERB,16748
reverriez,VERB,16748
reverrions,VERB,16748
reverrons,VERB,16748
reverront,VERB,16748
reviendra,VERB,16500
reviendrai,VERB,16500
reviendraient,VERB,16500
reviendrais,VERB,16500
reviendrait,VERB,16500
reviendras,VERB,16500
reviendrez,VERB,16500
reviendriez,VERB,16500
reviendrions,VERB,16500
reviendrons,VERB,16500
reviendront,VERB,16500
revienne,VERB,16500
reviennent,VERB,16500
reviennes,VERB,16500
reviens,VERB,16500
revient,VERB,16500
revinrent,VERB,16500
revins,VERB,16500
revinsse,VERB,16500
revinssent,VERB,16500
revinsses,VERB,16500
revinssiez,VERB,16500
revinssions,VERB,16500
revint,VERB,16500
revirent,VERB,16748
revis,VERB,16748
revisse,VERB,16748
revissent,VERB,16748
revisses,VERB,16748
revissiez,VERB,16748
revissions,VERB,16748
revit,VERB,16748
revoie,VERB,16748
revoient,VERB,16748
revoies,VERB,16748
revoir,OTHER,16748
revois,VERB,16748
revoit,VERB,16748
revoyaient,VERB,16748
revoyais,VERB,16748
revoyait,VERB,16748
revoyant,VERB,16748
revoyez,VERB,16748
revoyiez,VERB,16748
revoyions,VERB,16748
revoyons,VERB,16748
revu,VERB,16748
revue,VERB,15407
revue0,VERB,15407
revues,VERB,15407
revus,VERB,16748
revêtement,VERB,23600
revêtement de sol,VERB,14203
revêtement0,VERB,23600
revêtements,VERB,23600
revîmes,VERB,16748
revînmes,VERB,16500
revînt,VERB,16500
revîntes,VERB,16500
revît,VERB,16748
revîtes,VERB,16748
rez-de-chaussée,VERB,23087
reçois,VERB,14435
reçoit,VERB,14435
reçoive,VERB,14435
reçoivent,VERB,14435
reçoives,VERB,14435
reçu,VERB,24724
reçu0,VERB,24724
reçue,VERB,14435
reçues,VERB,14435
reçurent,VERB,14435
reçus,VERB,14435
reçusse,VERB,14435
reçussent,VERB,14435
reçusses,VERB,14435
reçussiez,VERB,14435
reçussions,VERB,14435
reçut,VERB,14435
reçûmes,VERB,14435
reçût,VERB,14435
reçûtes,VERB,14435
rhinocéros,VERB,16501
rhume,VERB,24065
rhume0,VERB,24065
rhumes,VERB,24065
ri,VERB,15178
riaient,VERB,15178
riais,VERB,15178
riait,VERB,15178
riant,VERB,15178
riche,ADJ,16506
riche0,VERB,16506
riches,VERB,16506
rideau,VERB,13626
rideau0,VERB,13626
rideaux,VERB,13626
rie,VERB,15178
rien,NOUN,15725
rien0,VERB,15725
riens,VERB,15725
rient,VERB,15178
ries,VERB,15178
riez,VERB,15178
riiez,VERB,15178
riions,VERB,15178
rime,VERB,16502
rime0,VERB,16502
rimes,VERB,16502
rions,VERB,15178
rira,VERB,15178
rirai,VERB,15178
riraient,VERB,15178
rirais,VERB,15178
rirait,VERB,15178
riras,VERB,15178
rire,PRON,15178
rirent,VERB,15178
rirez,VERB,15178
ririez,VERB,15178
ririons,VERB,15178
rirons,VERB,15178
riront,VERB,15178
ris,VERB,15178
risque,VERB,24426
risque0,VERB,24426
risques,VERB,24426
risse,VERB,15178
rissent,VERB,15178
risses,VERB,15178
rissiez,VERB,15178
rissions,VERB,15178
rissola,VERB,14411
rissolai,VERB,14411
rissolaient,VERB,14411
rissolais,VERB,14411
rissolait,VERB,14411
rissolant,VERB,14411
rissolas,VERB,14411
rissolasse,VERB,14411
rissolassent,VERB,14411
rissolasses,VERB,14411
rissolassiez,VERB,14411
rissolassions,VERB,14411
rissole,VERB,14411
rissolent,VERB,14411
rissoler,PRON,14411
rissolera,VERB,14411
rissolerai,VERB,14411
rissoleraient,VERB,14411
rissolerais,VERB,14411
rissolerait,VERB,14411
rissoleras,VERB,14411
rissolerez,VERB,14411
rissoleriez,VERB,14411
rissolerions,VERB,14411
rissolerons,VERB,14411
rissoleront,VERB,14411
rissoles,VERB,14411
rissolez,VERB,14411
rissoliez,VERB,14411
rissolions,VERB,14411
rissolons,VERB,14411
rissolâmes,VERB,14411
rissolât,VERB,14411
rissolâtes,VERB,14411
rissolèrent,VERB,14411
rissolé,VERB,14411
rissolée,VERB,14411
rissolées,VERB,14411
rissolés,VERB,14411
ristourne,VERB,23068
ristourne0,VERB,23068
ristournes,VERB,23068
rit,VERB,15178
rituel,VERB,21317
rituel0,VERB,21317
rituelle,VERB,21317
rituelles,VERB,21317
rituels,VERB,21317
rivage,VERB,12640
rivage0,VERB,12640
rivages,VERB,12640
rivalisa,VERB,13392
rivalisai,VERB,13392
rivalisaient,VERB,13392
rivalisais,VERB,13392
rivalisait,VERB,13392
rivalisant,VERB,13392
rivalisas,VERB,13392
rivalisasse,VERB,13392
rivalisassent,VERB,13392
rivalisasses,VERB,13392
rivalisassiez,VERB,13392
rivalisassions,VERB,13392
rivalise,VERB,13392
rivalisent,VERB,13392
rivaliser,PRON,13392
rivalisera,VERB,13392
rivaliserai,VERB,13392
rivaliseraient,VERB,13392
rivaliserais,VERB,13392
rivaliserait,VERB,13392
rivaliseras,VERB,13392
rivaliserez,VERB,13392
rivaliseriez,VERB,13392
rivaliserions,VERB,13392
rivaliserons,VERB,13392
rivaliseront,VERB,13392
rivalises,VERB,13392
rivalisez,VERB,13392
rivalisiez,VERB,13392
rivalisions,VERB,13392
rivalisons,VERB,13392
rivalisâmes,VERB,13392
rivalisât,VERB,13392
rivalisâtes,VERB,13392
rivalisèrent,VERB,13392
rivalisé,VERB,13392
rive,VERB,12640
rive0,VERB,12640
rives,VERB,12640
rivière,VERB,16677
rivière0,VERB,16677
rivières,VERB,16677
riz,VERB,16505
riz au lait,VERB,23636
robe,VERB,13876
robe de chambre,VERB,13879
robe0,VERB,13876
robes,VERB,13876
robinet,VERB,24516
robinet0,VERB,24516
robinet_,VERB,24516
robinets,VERB,24516
robot,VERB,23639
robot0,VERB,23639
robots,VERB,23639
rocher,VERB,17267
rocher submergé,VERB,24763
roi,PREP,23559
roi0,VERB,23559
rois,VERB,23559
rond,VERB,13347
rond0,VERB,13347
ronde,VERB,13347
rondes,VERB,13347
ronds,VERB,13347
rongeur,VERB,12386
rongeur0,VERB,12386
rongeurs,VERB,12386
rongeuse,VERB,12386
rongeuses,VERB,12386
ronronna,VERB,24228
ronronnai,VERB,24228
ronronnaient,VERB,24228
ronronnais,VERB,24228
ronronnait,VERB,24228
ronronnant,VERB,24228
ronronnas,VERB,24228
ronronnasse,VERB,24228
ronronnassent,VERB,24228
ronronnasses,VERB,24228
ronronnassiez,VERB,24228
ronronnassions,VERB,24228
ronronne,VERB,24228
ronronnent,VERB,24228
ronronner,PRON,24228
ronronnera,VERB,24228
ronronnerai,VERB,24228
ronronneraient,VERB,24228
ronronnerais,VERB,24228
ronronnerait,VERB,24228
ronronneras,VERB,24228
ronronnerez,VERB,24228
ronronneriez,VERB,24228
ronronnerions,VERB,24228
ronronnerons,VERB,24228
ronronneront,VERB,24228
ronronnes,VERB,24228
ronronnez,VERB,24228
ronronniez,VERB,24228
ronronnions,VERB,24228
ronronnons,VERB,24228
ronronnâmes,VERB,24228
ronronnât,VERB,24228
ronronnâtes,VERB,24228
ronronnèrent,VERB,24228
ronronné,VERB,24228
rose,VERB,22611
rose0,VERB,22611
rose_,NOUN,16184
roses,VERB,22611
rosh ha-shanah,VERB,16689
rota,VERB,12925
rotai,VERB,12925
rotaient,VERB,12925
rotais,VERB,12925
rotait,VERB,12925
rotant,VERB,12925
rotas,VERB,12925
rotasse,VERB,12925
rotassent,VERB,12925
rotasses,VERB,12925
rotassiez,VERB,12925
rotassions,VERB,12925
rotation,VERB,24249
rotation0,VERB,24249
rotations,VERB,24249
rote,VERB,12925
rotelle,VERB,22132
rotelline,VERB,22132
rotent,VERB,12925
roter,PRON,12925
rotera,VERB,12925
roterai,VERB,12925
roteraient,VERB,12925
roterais,VERB,12925
roterait,VERB,12925
roteras,VERB,12925
roterez,VERB,12925
roteriez,VERB,12925
roterions,VERB,12925
roterons,VERB,12925
roteront,VERB,12925
rotes,VERB,12925
rotez,VERB,12925
rotiez,VERB,12925
rotions,VERB,12925
rotons,VERB,12925
rotâmes,VERB,12925
rotât,VERB,12925
rotâtes,VERB,12925
rotèrent,VERB,12925
roté,VERB,12925
roue,VERB,18232
roue de dharma,VERB,23472
roue0,VERB,18232
roues,VERB,18232
rouge,VERB,16474
rouge à lèvres,VERB,15219
rouge0,VERB,16474
rouge_,NOUN,16474
rougeoie,VERB,24136
rougeoiement,VERB,24135
rougeoiement0,VERB,24135
rougeoiements,VERB,24135
rougeoient,VERB,24136
rougeoiera,VERB,24136
rougeoierai,VERB,24136
rougeoieraient,VERB,24136
rougeoierais,VERB,24136
rougeoierait,VERB,24136
rougeoieras,VERB,24136
rougeoierez,VERB,24136
rougeoieriez,VERB,24136
rougeoierions,VERB,24136
rougeoierons,VERB,24136
rougeoieront,VERB,24136
rougeoies,VERB,24136
rougeoya,VERB,24136
rougeoyai,VERB,24136
rougeoyaient,VERB,24136
rougeoyais,VERB,24136
rougeoyait,VERB,24136
rougeoyant,VERB,24136
rougeoyas,VERB,24136
rougeoyasse,VERB,24136
rougeoyassent,VERB,24136
rougeoyasses,VERB,24136
rougeoyassiez,VERB,24136
rougeoyassions,VERB,24136
rougeoyer,PRON,24136
rougeoyez,VERB,24136
rougeoyiez,VERB,24136
rougeoyions,VERB,24136
rougeoyons,VERB,24136
rougeoyâmes,VERB,24136
rougeoyât,VERB,24136
rougeoyâtes,VERB,24136
rougeoyèrent,VERB,24136
rougeoyé,VERB,24136
rouges,VERB,16474
rougeur,VERB,24232
rougeur0,VERB,24232
rougeurs,VERB,24232
rougi,VERB,24029
rougie,VERB,24029
rougies,VERB,24029
rougir,PRON,24029
rougira,VERB,24029
rougirai,VERB,24029
rougiraient,VERB,24029
rougirais,VERB,24029
rougirait,VERB,24029
rougiras,VERB,24029
rougirent,VERB,24029
rougirez,VERB,24029
rougiriez,VERB,24029
rougirions,VERB,24029
rougirons,VERB,24029
rougiront,VERB,24029
rougis,VERB,24029
rougissaient,VERB,24029
rougissais,VERB,24029
rougissait,VERB,24029
rougissant,VERB,24029
rougisse,VERB,24029
rougissent,VERB,24029
rougisses,VERB,24029
rougissez,VERB,24029
rougissiez,VERB,24029
rougissions,VERB,24029
rougissons,VERB,24029
rougit,VERB,24029
rougîmes,VERB,24029
rougît,VERB,24029
rougîtes,VERB,24029
roula,VERB,23640
roulai,VERB,23640
roulaient,VERB,23640
roulais,VERB,23640
roulait,VERB,23640
roulant,VERB,23640
roulas,VERB,23640
roulasse,VERB,23640
roulassent,VERB,23640
roulasses,VERB,23640
roulassiez,VERB,23640
roulassions,VERB,23640
roule,VERB,23640
rouleau à pâtisserie,VERB,22592
roulent,VERB,23640
rouler,PRON,23640
rouler à vélo,PRON,21832
roulera,VERB,23640
roulerai,VERB,23640
rouleraient,VERB,23640
roulerais,VERB,23640
roulerait,VERB,23640
rouleras,VERB,23640
roulerez,VERB,23640
rouleriez,VERB,23640
roulerions,VERB,23640
roulerons,VERB,23640
rouleront,VERB,23640
roules,VERB,23640
roulez,VERB,23640
rouliez,VERB,23640
roulions,VERB,23640
roulons,VERB,23640
roulâmes,VERB,23640
roulât,VERB,23640
roulâtes,VERB,23640
roulèrent,VERB,23640
roulé,VERB,23640
roulée,VERB,23640
roulées,VERB,23640
roulés,VERB,23640
route,VERB,16678
route0,VERB,16678
route_,VERB,16678
routes,VERB,16678
royal,ADJ,24250
royal0,VERB,24250
royale,VERB,24250
royales,VERB,24250
royaume de dieu,VERB,24149
royaume-uni,VERB,17979
royaux,VERB,24250
ruban,VERB,16504
ruban0,VERB,16504
rubans,VERB,16504
rue,VERB,17441
rue0,VERB,17441
rues,VERB,17441
rugby,VERB,20593
rugby0,VERB,20593
rugbys,VERB,20593
rugi,VERB,24248
rugie,VERB,24248
rugies,VERB,24248
rugir,PRON,24248
rugira,VERB,24248
rugirai,VERB,24248
rugiraient,VERB,24248
rugirais,VERB,24248
rugirait,VERB,24248
rugiras,VERB,24248
rugirent,VERB,24248
rugirez,VERB,24248
rugiriez,VERB,24248
rugirions,VERB,24248
rugirons,VERB,24248
rugiront,VERB,24248
rugis,VERB,24248
rugissaient,VERB,24248
rugissais,VERB,24248
rugissait,VERB,24248
rugissant,VERB,24248
rugisse,VERB,24248
rugissent,VERB,24248
rugisses,VERB,24248
rugissez,VERB,24248
rugissiez,VERB,24248
rugissions,VERB,24248
rugissons,VERB,24248
rugit,VERB,24248
rugîmes,VERB,24248
rugît,VERB,24248
rugîtes,VERB,24248
ruine,VERB,23641
ruine0,VERB,23641
ruines,VERB,23641
russie,VERB,23642
russie0,VERB,23642
russies,VERB,23642
râpe,VERB,22562
râpe0,VERB,22562
râpes,VERB,22562
râteau,VERB,16461
râteau0,VERB,16461
râteaux,VERB,16461
règle,VERB,16697
règle fondamentale,VERB,24124
règle à mesurer,VERB,16698
règle0,VERB,16697
règlement,VERB,16697
règlement0,VERB,16697
règlements,VERB,16697
règles,VERB,24189
réaction,VERB,24501
réaction0,VERB,24501
réactions,VERB,24501
réagi,VERB,24500
réagir,PRON,24500
réagira,VERB,24500
réagirai,VERB,24500
réagiraient,VERB,24500
réagirais,VERB,24500
réagirait,VERB,24500
réagiras,VERB,24500
réagirent,VERB,24500
réagirez,VERB,24500
réagiriez,VERB,24500
réagirions,VERB,24500
réagirons,VERB,24500
réagiront,VERB,24500
réagis,VERB,24500
réagissaient,VERB,24500
réagissais,VERB,24500
réagissait,VERB,24500
réagissant,VERB,24500
réagisse,VERB,24500
réagissent,VERB,24500
réagisses,VERB,24500
réagissez,VERB,24500
réagissiez,VERB,24500
réagissions,VERB,24500
réagissons,VERB,24500
réagit,VERB,24500
réagîmes,VERB,24500
réagît,VERB,24500
réagîtes,VERB,24500
réalisa,VERB,24401
réalisable,ADJ,25831
réalisable0,VERB,25831
réalisables,VERB,25831
réalisai,VERB,24401
réalisaient,VERB,24401
réalisais,VERB,24401
réalisait,VERB,24401
réalisant,VERB,24401
réalisas,VERB,24401
réalisasse,VERB,24401
réalisassent,VERB,24401
réalisasses,VERB,24401
réalisassiez,VERB,24401
réalisassions,VERB,24401
réalise,VERB,24401
réalisent,VERB,24401
réaliser,PRON,24401
réalisera,VERB,24401
réaliserai,VERB,24401
réaliseraient,VERB,24401
réaliserais,VERB,24401
réaliserait,VERB,24401
réaliseras,VERB,24401
réaliserez,VERB,24401
réaliseriez,VERB,24401
réaliserions,VERB,24401
réaliserons,VERB,24401
réaliseront,VERB,24401
réalises,VERB,24401
réalisez,VERB,24401
réalisiez,VERB,24401
réalisions,VERB,24401
réalisons,VERB,24401
réalisâmes,VERB,24401
réalisât,VERB,24401
réalisâtes,VERB,24401
réalisèrent,VERB,24401
réalisé,VERB,24401
réalisée,VERB,24401
réalisées,VERB,24401
réalisés,VERB,24401
récent,ADJ,16468
récent0,VERB,16468
récente,VERB,16468
récentes,VERB,16468
récents,VERB,16468
réceptacle,VERB,24726
réceptacle0,VERB,24726
réceptacles,VERB,24726
récepteur,VERB,24725
récepteur parabolique_,VERB,24751
récepteur0,VERB,24725
récepteurs,VERB,24725
réception,VERB,15973
réception0,VERB,15973
réceptions,VERB,15973
réceptrice,VERB,24725
réceptrices,VERB,24725
réchaud,VERB,22593
réchaud0,VERB,22593
réchauds,VERB,22593
récif de corail,VERB,23458
récipient,VERB,13403
récipient0,VERB,13403
récipients,VERB,13403
récit,VERB,12330
récit0,VERB,12330
récits,VERB,12330
réclama,VERB,21336
réclamai,VERB,21336
réclamaient,VERB,21336
réclamais,VERB,21336
réclamait,VERB,21336
réclamant,VERB,21336
réclamas,VERB,21336
réclamasse,VERB,21336
réclamassent,VERB,21336
réclamasses,VERB,21336
réclamassiez,VERB,21336
réclamassions,VERB,21336
réclame,VERB,21336
réclament,VERB,21336
réclamer,PRON,21336
réclamera,VERB,21336
réclamerai,VERB,21336
réclameraient,VERB,21336
réclamerais,VERB,21336
réclamerait,VERB,21336
réclameras,VERB,21336
réclamerez,VERB,21336
réclameriez,VERB,21336
réclamerions,VERB,21336
réclamerons,VERB,21336
réclameront,VERB,21336
réclames,VERB,21336
réclamez,VERB,21336
réclamiez,VERB,21336
réclamions,VERB,21336
réclamons,VERB,21336
réclamâmes,VERB,21336
réclamât,VERB,21336
réclamâtes,VERB,21336
réclamèrent,VERB,21336
réclamé,VERB,21336
réclamée,VERB,21336
réclamées,VERB,21336
réclamés,VERB,21336
récolte,VERB,14681
récolte0,VERB,14681
récoltes,VERB,14681
réel,ADJ,16467
réel0,VERB,16467
réelle,VERB,16467
réelles,VERB,16467
réels,VERB,16467
réflecteur,VERB,22385
réflecteur0,VERB,22385
réflecteurs,VERB,22385
réflexion,VERB,22384
réflexion0,VERB,22384
réflexions,VERB,22384
réflexologue,PREP,21604
réfléchi,VERB,21097
réfléchie,VERB,21097
réfléchies,VERB,21097
réfléchir,PRON,21097
réfléchira,VERB,21097
réfléchirai,VERB,21097
réfléchiraient,VERB,21097
réfléchirais,VERB,21097
réfléchirait,VERB,21097
réfléchiras,VERB,21097
réfléchirent,VERB,21097
réfléchirez,VERB,21097
réfléchiriez,VERB,21097
réfléchirions,VERB,21097
réfléchirons,VERB,21097
réfléchiront,VERB,21097
réfléchis,VERB,21097
réfléchissaient,VERB,21097
réfléchissais,VERB,21097
réfléchissait,VERB,21097
réfléchissant,VERB,21097
réfléchisse,VERB,21097
réfléchissent,VERB,21097
réfléchisses,VERB,21097
réfléchissez,VERB,21097
réfléchissiez,VERB,21097
réfléchissions,VERB,21097
réfléchissons,VERB,21097
réfléchit,VERB,21097
réfléchîmes,VERB,21097
réfléchît,VERB,21097
réfléchîtes,VERB,21097
réfrigérateur,VERB,16476
réfrigérateur0,VERB,16476
réfrigérateurs,VERB,16476
régime,VERB,13673
régime0,VERB,13673
régimes,VERB,13673
région,VERB,16423
région inhabitée,VERB,21351
région sauvage,VERB,21351
région0,VERB,16423
régions,VERB,16423
régurgitation,VERB,24950
régurgitation0,VERB,24950
régurgitations,VERB,24950
réjouissances,VERB,21287
répara,VERB,14192
réparai,VERB,14192
réparaient,VERB,14192
réparais,VERB,14192
réparait,VERB,14192
réparant,VERB,14192
réparas,VERB,14192
réparasse,VERB,14192
réparassent,VERB,14192
réparasses,VERB,14192
réparassiez,VERB,14192
réparassions,VERB,14192
réparation,VERB,24898
réparation0,VERB,24898
réparations,VERB,24898
répare,VERB,14192
réparent,VERB,14192
réparer,PRON,14192
réparera,VERB,14192
réparerai,VERB,14192
répareraient,VERB,14192
réparerais,VERB,14192
réparerait,VERB,14192
répareras,VERB,14192
réparerez,VERB,14192
répareriez,VERB,14192
réparerions,VERB,14192
réparerons,VERB,14192
répareront,VERB,14192
répares,VERB,14192
réparez,VERB,14192
répariez,VERB,14192
réparions,VERB,14192
réparons,VERB,14192
réparâmes,VERB,14192
réparât,VERB,14192
réparâtes,VERB,14192
réparèrent,VERB,14192
réparé,VERB,14192
réparée,VERB,14192
réparées,VERB,14192
réparés,VERB,14192
répond,VERB,12394
répondaient,VERB,12394
répondais,VERB,12394
répondait,VERB,12394
répondant,VERB,12394
réponde,VERB,12394
répondent,VERB,12394
répondes,VERB,12394
répondez,VERB,12394
répondiez,VERB,12394
répondions,VERB,12394
répondirent,VERB,12394
répondis,VERB,12394
répondisse,VERB,12394
répondissent,VERB,12394
répondisses,VERB,12394
répondissiez,VERB,12394
répondissions,VERB,12394
répondit,VERB,12394
répondons,VERB,12394
répondra,VERB,12394
répondrai,VERB,12394
répondraient,VERB,12394
répondrais,VERB,12394
répondrait,VERB,12394
répondras,VERB,12394
répondre,PRON,12394
répondrez,VERB,12394
répondriez,VERB,12394
répondrions,VERB,12394
répondrons,VERB,12394
répondront,VERB,12394
réponds,VERB,12394
répondu,VERB,12394
répondue,VERB,12394
répondues,VERB,12394
répondus,VERB,12394
répondîmes,VERB,12394
répondît,VERB,12394
répondîtes,VERB,12394
réponse,VERB,12393
réponse0,VERB,12393
réponses,VERB,12393
république,VERB,24238
république0,VERB,24238
républiques,VERB,24238
répète,VERB,16235
répètent,VERB,16235
répètes,VERB,16235
répéta,VERB,16235
répétai,VERB,16235
répétaient,VERB,16235
répétais,VERB,16235
répétait,VERB,16235
répétant,VERB,16235
répétas,VERB,16235
répétasse,VERB,16235
répétassent,VERB,16235
répétasses,VERB,16235
répétassiez,VERB,16235
répétassions,VERB,16235
répéter,PRON,16235
répétera,VERB,16235
répéterai,VERB,16235
répéteraient,VERB,16235
répéterais,VERB,16235
répéterait,VERB,16235
répéteras,VERB,16235
répéterez,VERB,16235
répéteriez,VERB,16235
répéterions,VERB,16235
répéterons,VERB,16235
répéteront,VERB,16235
répétez,VERB,16235
répétiez,VERB,16235
répétions,VERB,16235
répétition,VERB,24934
répétition0,VERB,24934
répétitions,VERB,24934
répétons,VERB,16235
répétâmes,VERB,16235
répétât,VERB,16235
répétâtes,VERB,16235
répétèrent,VERB,16235
répété,VERB,16235
répétée,VERB,16235
répétées,VERB,16235
répétés,VERB,16235
réserve,VERB,17270
réserve0,VERB,17270
réserves,VERB,17270
résident,PREP,16491
résident0,VERB,16491
résidente,VERB,16491
résidentes,VERB,16491
résidents,VERB,16491
résista,VERB,23178
résistai,VERB,23178
résistaient,VERB,23178
résistais,VERB,23178
résistait,VERB,23178
résistance,VERB,23179
résistance0,VERB,23179
résistances,VERB,23179
résistant,VERB,23178
résistas,VERB,23178
résistasse,VERB,23178
résistassent,VERB,23178
résistasses,VERB,23178
résistassiez,VERB,23178
résistassions,VERB,23178
résiste,VERB,23178
résistent,VERB,23178
résister,PRON,23178
résistera,VERB,23178
résisterai,VERB,23178
résisteraient,VERB,23178
résisterais,VERB,23178
résisterait,VERB,23178
résisteras,VERB,23178
résisterez,VERB,23178
résisteriez,VERB,23178
résisterions,VERB,23178
résisterons,VERB,23178
résisteront,VERB,23178
résistes,VERB,23178
résistez,VERB,23178
résistiez,VERB,23178
résistions,VERB,23178
résistons,VERB,23178
résistâmes,VERB,23178
résistât,VERB,23178
résistâtes,VERB,23178
résistèrent,VERB,23178
résisté,VERB,23178
résolu,VERB,17206
résolue,VERB,17206
résolues,VERB,17206
résolurent,VERB,17206
résolus,VERB,17206
résolusse,VERB,17206
résolussent,VERB,17206
résolusses,VERB,17206
résolussiez,VERB,17206
résolussions,VERB,17206
résolut,VERB,17206
résolvaient,VERB,17206
résolvais,VERB,17206
résolvait,VERB,17206
résolvant,VERB,17206
résolve,VERB,17206
résolvent,VERB,17206
résolves,VERB,17206
résolvez,VERB,17206
résolviez,VERB,17206
résolvions,VERB,17206
résolvons,VERB,17206
résolûmes,VERB,17206
résolût,VERB,17206
résolûtes,VERB,17206
résoudra,VERB,17206
résoudrai,VERB,17206
résoudraient,VERB,17206
résoudrais,VERB,17206
résoudrait,VERB,17206
résoudras,VERB,17206
résoudre,PRON,17206
résoudrez,VERB,17206
résoudriez,VERB,17206
résoudrions,VERB,17206
résoudrons,VERB,17206
résoudront,VERB,17206
résous,VERB,17206
résout,VERB,17206
résoute,VERB,17206
résoutes,VERB,17206
résouts,VERB,17206
résultat,VERB,16737
résultat0,VERB,16737
résultats,VERB,16737
résurrection,VERB,21316
résurrection0,VERB,21316
résurrections,VERB,21316
réuni,VERB,14426
réunie,VERB,14426
réunies,VERB,14426
réunion,VERB,14427
réunion0,VERB,14427
réunions,VERB,14427
réunir,PRON,14426
réunira,VERB,14426
réunirai,VERB,14426
réuniraient,VERB,14426
réunirais,VERB,14426
réunirait,VERB,14426
réuniras,VERB,14426
réunirent,VERB,14426
réunirez,VERB,14426
réuniriez,VERB,14426
réunirions,VERB,14426
réunirons,VERB,14426
réuniront,VERB,14426
réunis,VERB,14426
réunissaient,VERB,14426
réunissais,VERB,14426
réunissait,VERB,14426
réunissant,VERB,14426
réunisse,VERB,14426
réunissent,VERB,14426
réunisses,VERB,14426
réunissez,VERB,14426
réunissiez,VERB,14426
réunissions,VERB,14426
réunissons,VERB,14426
réunit,VERB,14426
réunîmes,VERB,14426
réunît,VERB,14426
réunîtes,VERB,14426
réussi,VERB,17450
réussie,VERB,17450
réussies,VERB,17450
réussir,PRON,17450
réussira,VERB,17450
réussirai,VERB,17450
réussiraient,VERB,17450
réussirais,VERB,17450
réussirait,VERB,17450
réussiras,VERB,17450
réussirent,VERB,17450
réussirez,VERB,17450
réussiriez,VERB,17450
réussirions,VERB,17450
réussirons,VERB,17450
réussiront,VERB,17450
réussis,VERB,17450
réussissaient,VERB,17450
réussissais,VERB,17450
réussissait,VERB,17450
réussissant,VERB,17450
réussisse,VERB,17450
réussissent,VERB,17450
réussisses,VERB,17450
réussissez,VERB,17450
réussissiez,VERB,17450
réussissions,VERB,17450
réussissons,VERB,17450
réussit,VERB,17450
réussite,VERB,17451
réussite0,VERB,17451
réussites,VERB,17451
réussîmes,VERB,17450
réussît,VERB,17450
réussîtes,VERB,17450
réveillé,ADJ,12601
révolver,VERB,14670
rênes,VERB,24729
rêva,VERB,13875
rêvai,VERB,13875
rêvaient,VERB,13875
rêvais,VERB,13875
rêvait,VERB,13875
rêvant,VERB,13875
rêvas,VERB,13875
rêvasse,VERB,13875
rêvassent,VERB,13875
rêvasses,VERB,13875
rêvassiez,VERB,13875
rêvassions,VERB,13875
rêve,VERB,13875
rêvent,VERB,13875
rêver,PRON,13875
rêvera,VERB,13875
rêverai,VERB,13875
rêveraient,VERB,13875
rêverais,VERB,13875
rêverait,VERB,13875
rêveras,VERB,13875
rêverez,VERB,13875
rêveriez,VERB,13875
rêverions,VERB,13875
rêverons,VERB,13875
rêveront,VERB,13875
rêves,VERB,13875
rêvez,VERB,13875
rêviez,VERB,13875
rêvions,VERB,13875
rêvons,VERB,13875
rêvâmes,VERB,13875
rêvât,VERB,13875
rêvâtes,VERB,13875
rêvèrent,VERB,13875
rêvé,VERB,13875
rêvée,VERB,13875
rêvées,VERB,13875
rêvés,VERB,13875
rîmes,VERB,15178
rît,VERB,15178
rîtes,VERB,15178
s'approprier,PRON,23667
s'il te plaît,OTHER,16204
s'il vous plaît,OTHER,16204
sa,PREP,14707
sabbath,VERB,16700
sable,VERB,16715
sable0,VERB,16715
sables,VERB,16715
sablier,VERB,23238
sablier0,VERB,23238
sabliers,VERB,23238
sablière,VERB,23238
sablières,VERB,23238
sabot du cheval,VERB,24155
sac,VERB,16701
sac d'école,VERB,23650
sac de couchage,VERB,17010
sac à dos,VERB,12611
sac à main,VERB,14668
sac0,VERB,16701
sachant,VERB,15161
sache,VERB,15161
sachent,VERB,15161
saches,VERB,15161
sachez,VERB,15161
sachiez,VERB,15161
sachions,VERB,15161
sachons,VERB,15161
sacoche d'ordinateur,VERB,23448
sacrement,VERB,21102
sacrement de communion,VERB,21105
sacrement de confirmation,VERB,21104
sacrement de l'absolution,VERB,21106
sacrement de l'ordination sacerdotale,VERB,21107
sacrement des malades,VERB,21109
sacrement du baptême,VERB,21103
sacrement du mariage,VERB,21108
sacrement0,VERB,21102
sacrements,VERB,21102
sacrifia,VERB,22831
sacrifiai,VERB,22831
sacrifiaient,VERB,22831
sacrifiais,VERB,22831
sacrifiait,VERB,22831
sacrifiant,VERB,22831
sacrifias,VERB,22831
sacrifiasse,VERB,22831
sacrifiassent,VERB,22831
sacrifiasses,VERB,22831
sacrifiassiez,VERB,22831
sacrifiassions,VERB,22831
sacrifice,VERB,22832
sacrifice0,VERB,22832
sacrifices,VERB,22832
sacrifie,VERB,22831
sacrifient,VERB,22831
sacrifier,PRON,22831
sacrifiera,VERB,22831
sacrifierai,VERB,22831
sacrifieraient,VERB,22831
sacrifierais,VERB,22831
sacrifierait,VERB,22831
sacrifieras,VERB,22831
sacrifierez,VERB,22831
sacrifieriez,VERB,22831
sacrifierions,VERB,22831
sacrifierons,VERB,22831
sacrifieront,VERB,22831
sacrifies,VERB,22831
sacrifiez,VERB,22831
sacrifiiez,VERB,22831
sacrifiions,VERB,22831
sacrifions,VERB,22831
sacrifiâmes,VERB,22831
sacrifiât,VERB,22831
sacrifiâtes,VERB,22831
sacrifièrent,VERB,22831
sacrifié,VERB,22831
sacrifiée,VERB,22831
sacrifiées,VERB,22831
sacrifiés,VERB,22831
sacs,VERB,16701
saehrimnir,VERB,22825
sagittaire,VERB,22645
sagittaire0,VERB,22645
sagittaires,VERB,22645
saigna,VERB,12855
saignai,VERB,12855
saignaient,VERB,12855
saignais,VERB,12855
saignait,VERB,12855
saignant,VERB,12855
saignas,VERB,12855
saignasse,VERB,12855
saignassent,VERB,12855
saignasses,VERB,12855
saignassiez,VERB,12855
saignassions,VERB,12855
saigne,VERB,12855
saignent,VERB,12855
saigner,PRON,12855
saignera,VERB,12855
saignerai,VERB,12855
saigneraient,VERB,12855
saignerais,VERB,12855
saignerait,VERB,12855
saigneras,VERB,12855
saignerez,VERB,12855
saigneriez,VERB,12855
saignerions,VERB,12855
saignerons,VERB,12855
saigneront,VERB,12855
saignes,VERB,12855
saignez,VERB,12855
saigniez,VERB,12855
saignions,VERB,12855
saignons,VERB,12855
saignâmes,VERB,12855
saignât,VERB,12855
saignâtes,VERB,12855
saignèrent,VERB,12855
saigné,VERB,12855
saignée,VERB,12855
saignées,VERB,12855
saignés,VERB,12855
saint,ADJ,21041
saint joseph,PREP,21047
saint-esprit,PREP,23114
saint0,VERB,21041
sainte,VERB,21041
sainte-famille,PREP,21089
sainte-trinité,VERB,23115
saintes,VERB,21041
sainteté,VERB,21082
sainteté0,VERB,21082
saintetés,VERB,21082
saints,VERB,21041
sais,VERB,15161
saisi,VERB,13131
saisie,VERB,13131
saisies,VERB,13131
saisir,PRON,13131
saisira,VERB,13131
saisirai,VERB,13131
saisiraient,VERB,13131
saisirais,VERB,13131
saisirait,VERB,13131
saisiras,VERB,13131
saisirent,VERB,13131
saisirez,VERB,13131
saisiriez,VERB,13131
saisirions,VERB,13131
saisirons,VERB,13131
saisiront,VERB,13131
saisis,VERB,13131
saisissaient,VERB,13131
saisissais,VERB,13131
saisissait,VERB,13131
saisissant,VERB,13131
saisisse,VERB,13131
saisissent,VERB,13131
saisisses,VERB,13131
saisissez,VERB,13131
saisissiez,VERB,13131
saisissions,VERB,13131
saisissons,VERB,13131
saisit,VERB,13131
saison,VERB,23199
saison0,VERB,23199
saisons,VERB,23199
saisîmes,VERB,13131
saisît,VERB,13131
saisîtes,VERB,13131
sait,VERB,15161
salade,VERB,15200
salade de crustacés,VERB,22305
salade de fruits,VERB,22142
salade de pâtes,VERB,22306
salade0,VERB,15200
salades,VERB,15200
salaire,VERB,18027
salaire0,VERB,18027
salaires,VERB,18027
sale,ADJ,13683
sale0,VERB,13683
sales,VERB,13683
saleté,VERB,22910
saleté0,VERB,22910
saletés,VERB,22910
salive,VERB,16710
salive0,VERB,16710
salives,VERB,16710
salle d'attente,VERB,15224
salle d'ergothérapie,VERB,24201
salle d'exposition,VERB,16970
salle de bain,VERB,12637
salle de cinéma,VERB,15670
salle de concert,VERB,13396
salle de jeu,VERB,16203
salle de kinésithérapie,VERB,24212
salle de physiothérapie,VERB,24212
salle de psychologie,VERB,24226
salle de récréation,VERB,15482
salle de réunion,VERB,24481
salle à manger,VERB,13680
salon,VERB,15224
salon de coiffure,VERB,12629
salon0,VERB,15224
salons,VERB,15224
salsifis,VERB,15971
salut,VERB,16936
salut0,VERB,16936
salutation,VERB,16936
salutation0,VERB,16936
salutations,VERB,16936
saluts,VERB,16936
salé,ADJ,16712
samedi,VERB,16722
samedi0,VERB,16722
samedis,VERB,16722
samosa,VERB,23643
samosa0,VERB,23643
samosas,VERB,23643
sanctifia,VERB,21084
sanctifiai,VERB,21084
sanctifiaient,VERB,21084
sanctifiais,VERB,21084
sanctifiait,VERB,21084
sanctifiant,VERB,21084
sanctifias,VERB,21084
sanctifiasse,VERB,21084
sanctifiassent,VERB,21084
sanctifiasses,VERB,21084
sanctifiassiez,VERB,21084
sanctifiassions,VERB,21084
sanctifie,VERB,21084
sanctifient,VERB,21084
sanctifier,PRON,21084
sanctifiera,VERB,21084
sanctifierai,VERB,21084
sanctifieraient,VERB,21084
sanctifierais,VERB,21084
sanctifierait,VERB,21084
sanctifieras,VERB,21084
sanctifierez,VERB,21084
sanctifieriez,VERB,21084
sanctifierions,VERB,21084
sanctifierons,VERB,21084
sanctifieront,VERB,21084
sanctifies,VERB,21084
sanctifiez,VERB,21084
sanctifiiez,VERB,21084
sanctifiions,VERB,21084
sanctifions,VERB,21084
sanctifiâmes,VERB,21084
sanctifiât,VERB,21084
sanctifiâtes,VERB,21084
sanctifièrent,VERB,21084
sanctifié,VERB,21084
sanctifiée,VERB,21084
sanctifiées,VERB,21084
sanctifiés,VERB,21084
sandale,VERB,16716
sandale0,VERB,16716
sandales,VERB,16716
sandwich,VERB,16718
sandwich0,VERB,16718
sandwiches,VERB,16718
sandwichs,VERB,16718
sang,VERB,12861
sang0,VERB,12861
sangle,VERB,17276
sangle0,VERB,17276
sangles,VERB,17276
sangs,VERB,12861
sans arrêt,ADJ,24286
sans fin,ADJ,21331
sans goût,ADJ,22353
santé,VERB,14690
santé0,VERB,14690
santés,VERB,14690
saoul,ADJ,13886
saoul0,VERB,13886
saoule,VERB,13886
saoules,VERB,13886
saouls,VERB,13886
sapin,VERB,14116
sapin de noël,VERB,21371
sapin0,VERB,14116
sapins,VERB,14116
sardine,VERB,23530
sardine0,VERB,23530
sardines,VERB,23530
sari,VERB,16720
sari0,VERB,16720
saris,VERB,16720
satellite,VERB,24739
satellite de communication,VERB,24624
satellite espion,VERB,24779
satellite météo,VERB,24779
satellite0,VERB,24739
satellites,VERB,24739
satisfaction,VERB,16721
satisfaction0,VERB,16721
satisfactions,VERB,16721
sauce,VERB,16723
sauce au gingembre,VERB,22320
sauce au poivre,VERB,22326
sauce aux herbes,VERB,22323
sauce chocolat,VERB,22342
sauce moutarde,VERB,22332
sauce pour salade,VERB,22324
sauce tomate,VERB,23685
sauce vanille,VERB,22317
sauce vanillée,VERB,22317
sauce0,VERB,16723
sauces,VERB,16723
saucisse,VERB,16726
saucisse de francfort,VERB,16726
saucisse0,VERB,16726
saucisses,VERB,16726
saucière,VERB,22579
sauf,NOUN,17981
sauf0,VERB,17981
saufs,VERB,17981
saumon,VERB,23195
saumon0,VERB,23195
saumons,VERB,23195
sauna,VERB,16725
sauna0,VERB,16725
saunas,VERB,16725
saura,VERB,15161
saurai,VERB,15161
sauraient,VERB,15161
saurais,VERB,15161
saurait,VERB,15161
sauras,VERB,15161
saurez,VERB,15161
sauriez,VERB,15161
saurions,VERB,15161
saurons,VERB,15161
sauront,VERB,15161
saut,VERB,23550
saut d'obstacles,VERB,22096
saut en arrière,VERB,24805
saut en hauteur,VERB,21843
saut en longueur,VERB,21845
saut périlleux_,VERB,24272
saut à la perche,VERB,21844
saut à skis,VERB,21866
saut0,VERB,23550
sauta,VERB,14411
sautai,VERB,14411
sautaient,VERB,14411
sautais,VERB,14411
sautait,VERB,14411
sautant,VERB,14411
sautas,VERB,14411
sautasse,VERB,14411
sautassent,VERB,14411
sautasses,VERB,14411
sautassiez,VERB,14411
sautassions,VERB,14411
saute,VERB,14411
sautent,VERB,14411
sauter,PRON,14411
sautera,VERB,14411
sauterai,VERB,14411
sauteraient,VERB,14411
sauterais,VERB,14411
sauterait,VERB,14411
sauteras,VERB,14411
sauterelle,VERB,14637
sauterelle0,VERB,14637
sauterelles,VERB,14637
sauterez,VERB,14411
sauteriez,VERB,14411
sauterions,VERB,14411
sauterons,VERB,14411
sauteront,VERB,14411
sautes,VERB,14411
sautez,VERB,14411
sautiez,VERB,14411
sautiller sur un pied,PRON,14892
sautions,VERB,14411
sautons,VERB,14411
sauts,VERB,23550
sautâmes,VERB,14411
sautât,VERB,14411
sautâtes,VERB,14411
sautèrent,VERB,14411
sauté,VERB,14411
sautée,VERB,14411
sautées,VERB,14411
sautés,VERB,14411
sauva,VERB,23648
sauvai,VERB,23648
sauvaient,VERB,23648
sauvais,VERB,23648
sauvait,VERB,23648
sauvant,VERB,23648
sauvas,VERB,23648
sauvasse,VERB,23648
sauvassent,VERB,23648
sauvasses,VERB,23648
sauvassiez,VERB,23648
sauvassions,VERB,23648
sauve,VERB,17981
sauvent,VERB,23648
sauver,PRON,23648
sauver sous,PRON,23649
sauvera,VERB,23648
sauverai,VERB,23648
sauveraient,VERB,23648
sauverais,VERB,23648
sauverait,VERB,23648
sauveras,VERB,23648
sauverez,VERB,23648
sauvergarder,PRON,23648
sauvergarder sous,PRON,23649
sauveriez,VERB,23648
sauverions,VERB,23648
sauverons,VERB,23648
sauveront,VERB,23648
sauves,VERB,17981
sauvez,VERB,23648
sauviez,VERB,23648
sauvions,VERB,23648
sauvons,VERB,23648
sauvâmes,VERB,23648
sauvât,VERB,23648
sauvâtes,VERB,23648
sauvèrent,VERB,23648
sauvé,VERB,23648
sauvée,VERB,23648
sauvées,VERB,23648
sauvés,VERB,23648
savaient,VERB,15161
savais,VERB,15161
savait,VERB,15161
savant,PREP,21559
savant0,VERB,21559
savante,VERB,21559
savantes,VERB,21559
savants,VERB,21559
savent,VERB,15161
savez,VERB,15161
saviez,VERB,15161
savions,VERB,15161
savoir,PRON,15161
savon,VERB,17200
savon à barbe,VERB,16947
savon0,VERB,17200
savons,VERB,15161
savoureuse,VERB,16506
savoureuses,VERB,16506
savoureux,ADJ,16506
savoureux0,VERB,16506
saxophone,VERB,23946
saxophone0,VERB,23946
saxophone_,VERB,23946
saxophones,VERB,23946
scarabée,VERB,12655
scarabée0,VERB,12655
scarabées,VERB,12655
scie,VERB,16727
scie0,VERB,16727
science,VERB,16735
science0,VERB,16735
sciences,VERB,16735
scientifique,PREP,21559
scientifique0,VERB,21559
scientifiques,VERB,21559
scies,VERB,16727
scintilla,VERB,17960
scintillai,VERB,17960
scintillaient,VERB,17960
scintillais,VERB,17960
scintillait,VERB,17960
scintillant,VERB,17960
scintillas,VERB,17960
scintillasse,VERB,17960
scintillassent,VERB,17960
scintillasses,VERB,17960
scintillassiez,VERB,17960
scintillassions,VERB,17960
scintille,VERB,17960
scintillent,VERB,17960
scintiller,PRON,17960
scintillera,VERB,17960
scintillerai,VERB,17960
scintilleraient,VERB,17960
scintillerais,VERB,17960
scintillerait,VERB,17960
scintilleras,VERB,17960
scintillerez,VERB,17960
scintilleriez,VERB,17960
scintillerions,VERB,17960
scintillerons,VERB,17960
scintilleront,VERB,17960
scintilles,VERB,17960
scintillez,VERB,17960
scintilliez,VERB,17960
scintillions,VERB,17960
scintillons,VERB,17960
scintillâmes,VERB,17960
scintillât,VERB,17960
scintillâtes,VERB,17960
scintillèrent,VERB,17960
scintillé,VERB,17960
scooter,VERB,21810
scooter électrique  à 3 roues,VERB,21812
scooter0,VERB,21810
scooters,VERB,21810
score,VERB,16737
score0,VERB,16737
scores,VERB,16737
scorpion,VERB,16738
scorpion0,VERB,16738
scorpions,VERB,16738
scorsonère,VERB,15971
scorsonère0,VERB,15971
scorsonères,VERB,15971
scrotum,VERB,16741
scrotum0,VERB,16741
scrotums,VERB,16741
scène,VERB,24214
scène0,VERB,24214
scènes,VERB,24214
seau,VERB,15953
seau d'eau,VERB,24331
seau0,VERB,15953
seaux,VERB,15953
sec,ADJ,13887
sec0,VERB,13887
second,ADJ,16744
second0,VERB,16744
seconde,VERB,16743
secondes,VERB,16744
seconds,VERB,16744
secoua,VERB,16934
secouai,VERB,16934
secouaient,VERB,16934
secouais,VERB,16934
secouait,VERB,16934
secouant,VERB,16934
secouas,VERB,16934
secouasse,VERB,16934
secouassent,VERB,16934
secouasses,VERB,16934
secouassiez,VERB,16934
secouassions,VERB,16934
secoue,VERB,16934
secouent,VERB,16934
secouer,PRON,16934
secouera,VERB,16934
secouerai,VERB,16934
secoueraient,VERB,16934
secouerais,VERB,16934
secouerait,VERB,16934
secoueras,VERB,16934
secouerez,VERB,16934
secoueriez,VERB,16934
secouerions,VERB,16934
secouerons,VERB,16934
secoueront,VERB,16934
secoues,VERB,16934
secouez,VERB,16934
secouiez,VERB,16934
secouions,VERB,16934
secouons,VERB,16934
secours,VERB,13154
secouâmes,VERB,16934
secouât,VERB,16934
secouâtes,VERB,16934
secouèrent,VERB,16934
secoué,VERB,16934
secouée,VERB,16934
secouées,VERB,16934
secoués,VERB,16934
secret,VERB,16745
secret0,VERB,16745
secrets,VERB,16745
secrète,VERB,16745
secrètes,VERB,16745
secrétaire,PREP,16746
secrétaire0,VERB,16746
secrétaires,VERB,16746
secs,VERB,13887
seigle,VERB,24738
seigle0,VERB,24738
seigles,VERB,24738
seins,VERB,12899
sel,VERB,20523
sel marin,VERB,16711
sel0,VERB,20523
selle,VERB,22839
selle0,VERB,22839
sellerie,VERB,24301
sellerie0,VERB,24301
selleries,VERB,24301
selles,VERB,12884
sels,VERB,20523
semaine,VERB,18217
semaine dernière,VERB,15175
semaine passée,VERB,15175
semaine prochaine,VERB,15715
semaine0,VERB,18217
semaines,VERB,18217
sembla,VERB,16750
semblable,OTHER,16984
semblable0,VERB,16984
semblables,VERB,16984
semblai,VERB,16750
semblaient,VERB,16750
semblais,VERB,16750
semblait,VERB,16750
semblant,VERB,16750
semblas,VERB,16750
semblasse,VERB,16750
semblassent,VERB,16750
semblasses,VERB,16750
semblassiez,VERB,16750
semblassions,VERB,16750
semble,VERB,16750
semblent,VERB,16750
sembler,PRON,16750
semblera,VERB,16750
semblerai,VERB,16750
sembleraient,VERB,16750
semblerais,VERB,16750
semblerait,VERB,16750
sembleras,VERB,16750
semblerez,VERB,16750
sembleriez,VERB,16750
semblerions,VERB,16750
semblerons,VERB,16750
sembleront,VERB,16750
sembles,VERB,16750
semblez,VERB,16750
sembliez,VERB,16750
semblions,VERB,16750
semblons,VERB,16750
semblâmes,VERB,16750
semblât,VERB,16750
semblâtes,VERB,16750
semblèrent,VERB,16750
semblé,VERB,16750
semence,VERB,16749
semence0,VERB,16749
semences,VERB,16749
semoule de maïs,VERB,13415
sens,VERB,17018
sent,VERB,17018
sentaient,VERB,17018
sentais,VERB,17018
sentait,VERB,17018
sentant,VERB,17018
sente,VERB,17018
sentent,VERB,17018
sentes,VERB,17018
senteur,VERB,15997
senteur0,VERB,15997
senteurs,VERB,15997
sentez,VERB,17018
senti,VERB,17018
sentie,VERB,17018
senties,VERB,17018
sentiez,VERB,17018
sentiment,VERB,14164
sentiment0,VERB,14164
sentiments,VERB,14164
sentions,VERB,17018
sentir,PRON,17018
sentir mauvais,PRON,17020
sentira,VERB,17018
sentirai,VERB,17018
sentiraient,VERB,17018
sentirais,VERB,17018
sentirait,VERB,17018
sentiras,VERB,17018
sentirent,VERB,17018
sentirez,VERB,17018
sentiriez,VERB,17018
sentirions,VERB,17018
sentirons,VERB,17018
sentiront,VERB,17018
sentis,VERB,17018
sentisse,VERB,17018
sentissent,VERB,17018
sentisses,VERB,17018
sentissiez,VERB,17018
sentissions,VERB,17018
sentit,VERB,17018
sentons,VERB,17018
sentîmes,VERB,17018
sentît,VERB,17018
sentîtes,VERB,17018
sept,NOUN,8503
septembre,VERB,16761
septembre0,VERB,16761
septembres,VERB,16761
sera,VERB,12639
serai,VERB,12639
seraient,VERB,12639
serais,VERB,12639
serait,VERB,12639
seras,VERB,12639
serez,VERB,12639
seriez,VERB,12639
seringue,VERB,17491
seringue0,VERB,17491
seringues,VERB,17491
serions,VERB,12639
serons,VERB,12639
seront,VERB,12639
serpent,VERB,17189
serpent d'eau,VERB,17190
serpent de midgard,VERB,22826
serpent0,VERB,17189
serpents,VERB,17189
serra,VERB,15227
serrai,VERB,15227
serraient,VERB,15227
serrais,VERB,15227
serrait,VERB,15227
serrant,VERB,15227
serras,VERB,15227
serrasse,VERB,15227
serrassent,VERB,15227
serrasses,VERB,15227
serrassiez,VERB,15227
serrassions,VERB,15227
serre,VERB,13355
serre0,VERB,13355
serrent,VERB,15227
serrer,PRON,15227
serrer dans ses bras,PRON,14909
serrera,VERB,15227
serrerai,VERB,15227
serreraient,VERB,15227
serrerais,VERB,15227
serrerait,VERB,15227
serreras,VERB,15227
serrerez,VERB,15227
serreriez,VERB,15227
serrerions,VERB,15227
serrerons,VERB,15227
serreront,VERB,15227
serres,VERB,13355
serrez,VERB,15227
serriez,VERB,15227
serrions,VERB,15227
serrons,VERB,15227
serrâmes,VERB,15227
serrât,VERB,15227
serrâtes,VERB,15227
serrèrent,VERB,15227
serré,VERB,15227
serrée,VERB,15227
serrées,VERB,15227
serrés,VERB,15227
serveur,PREP,24777
serveur0,VERB,24777
serveurs,VERB,24777
serveuse,VERB,24777
serveuses,VERB,24777
serviabilité,VERB,24880
serviabilité0,VERB,24880
serviabilités,VERB,24880
service,VERB,23203
service d'accueil de jour,VERB,13640
service religieux,VERB,23192
service0,VERB,23203
services,VERB,23203
serviette,VERB,23420
serviette de bain,VERB,17762
serviette de table,VERB,15692
serviette hygiénique,VERB,16719
serviette0,VERB,23420
serviettes,VERB,23420
ses,PREP,14707
seul,ADJ,12363
seul0,VERB,12363
seule,VERB,12363
seules,VERB,12363
seuls,VERB,12363
sexe,VERB,14428
sexe0,VERB,14428
sexes,VERB,14428
sexualité,VERB,16933
sexualité0,VERB,16933
sexualités,VERB,16933
shampooina,VERB,24262
shampooinai,VERB,24262
shampooinaient,VERB,24262
shampooinais,VERB,24262
shampooinait,VERB,24262
shampooinant,VERB,24262
shampooinas,VERB,24262
shampooinasse,VERB,24262
shampooinassent,VERB,24262
shampooinasses,VERB,24262
shampooinassiez,VERB,24262
shampooinassions,VERB,24262
shampooine,VERB,24262
shampooinent,VERB,24262
shampooiner,PRON,24262
shampooinera,VERB,24262
shampooinerai,VERB,24262
shampooineraient,VERB,24262
shampooinerais,VERB,24262
shampooinerait,VERB,24262
shampooineras,VERB,24262
shampooinerez,VERB,24262
shampooineriez,VERB,24262
shampooinerions,VERB,24262
shampooinerons,VERB,24262
shampooineront,VERB,24262
shampooines,VERB,24262
shampooinez,VERB,24262
shampooing,VERB,16938
shampooing0,VERB,16938
shampooings,VERB,16938
shampooiniez,VERB,24262
shampooinions,VERB,24262
shampooinons,VERB,24262
shampooinâmes,VERB,24262
shampooinât,VERB,24262
shampooinâtes,VERB,24262
shampooinèrent,VERB,24262
shampooiné,VERB,24262
shampooinée,VERB,24262
shampooinées,VERB,24262
shampooinés,VERB,24262
shampouina,VERB,24262
shampouinai,VERB,24262
shampouinaient,VERB,24262
shampouinais,VERB,24262
shampouinait,VERB,24262
shampouinant,VERB,24262
shampouinas,VERB,24262
shampouinasse,VERB,24262
shampouinassent,VERB,24262
shampouinasses,VERB,24262
shampouinassiez,VERB,24262
shampouinassions,VERB,24262
shampouine,VERB,24262
shampouinent,VERB,24262
shampouiner,PRON,24262
shampouinera,VERB,24262
shampouinerai,VERB,24262
shampouineraient,VERB,24262
shampouinerais,VERB,24262
shampouinerait,VERB,24262
shampouineras,VERB,24262
shampouinerez,VERB,24262
shampouineriez,VERB,24262
shampouinerions,VERB,24262
shampouinerons,VERB,24262
shampouineront,VERB,24262
shampouines,VERB,24262
shampouinez,VERB,24262
shampouiniez,VERB,24262
shampouinions,VERB,24262
shampouinons,VERB,24262
shampouinâmes,VERB,24262
shampouinât,VERB,24262
shampouinâtes,VERB,24262
shampouinèrent,VERB,24262
shampouiné,VERB,24262
shampouinée,VERB,24262
shampouinées,VERB,24262
shampouinés,VERB,24262
shavouot,VERB,16948
shekel,VERB,16952
shekel0,VERB,16952
shekels,VERB,16952
shevat,VERB,16971
shiva,PREP,16958
shiva_,VERB,21295
shofar,VERB,16960
short,VERB,16963
short0,VERB,16963
shorts,VERB,16963
si,NOUN,14927
siddour,VERB,16238
side-car,VERB,21821
side-car motocyclisme,VERB,21828
side-car0,VERB,21821
side-cars,VERB,21821
sif,PREP,22653
siffla,VERB,18241
sifflai,VERB,18241
sifflaient,VERB,18241
sifflais,VERB,18241
sifflait,VERB,18241
sifflant,VERB,18241
sifflas,VERB,18241
sifflasse,VERB,18241
sifflassent,VERB,18241
sifflasses,VERB,18241
sifflassiez,VERB,18241
sifflassions,VERB,18241
siffle,VERB,18241
sifflent,VERB,18241
siffler,PRON,18241
sifflera,VERB,18241
sifflerai,VERB,18241
siffleraient,VERB,18241
sifflerais,VERB,18241
sifflerait,VERB,18241
siffleras,VERB,18241
sifflerez,VERB,18241
siffleriez,VERB,18241
sifflerions,VERB,18241
sifflerons,VERB,18241
siffleront,VERB,18241
siffles,VERB,18241
sifflet,VERB,24616
sifflet0,VERB,24616
sifflets,VERB,24616
sifflez,VERB,18241
siffliez,VERB,18241
sifflions,VERB,18241
sifflons,VERB,18241
sifflâmes,VERB,18241
sifflât,VERB,18241
sifflâtes,VERB,18241
sifflèrent,VERB,18241
sifflé,VERB,18241
sifflée,VERB,18241
sifflées,VERB,18241
sifflés,VERB,18241
signa,VERB,21537
signai,VERB,21537
signaient,VERB,21537
signais,VERB,21537
signait,VERB,21537
signal,VERB,24749
signal de navigation,VERB,24704
signal numérique,VERB,24639
signal satellite,VERB,24742
signal0,VERB,24749
signalisation,VERB,24749
signalisation0,VERB,24749
signalisations,VERB,24749
signant,VERB,21537
signas,VERB,21537
signasse,VERB,21537
signassent,VERB,21537
signasses,VERB,21537
signassiez,VERB,21537
signassions,VERB,21537
signature,VERB,16979
signature0,VERB,16979
signatures,VERB,16979
signaux,VERB,24749
signe,VERB,21537
signe de croix,VERB,24265
signent,VERB,21537
signer,PRON,21537
signera,VERB,21537
signerai,VERB,21537
signeraient,VERB,21537
signerais,VERB,21537
signerait,VERB,21537
signeras,VERB,21537
signerez,VERB,21537
signeriez,VERB,21537
signerions,VERB,21537
signerons,VERB,21537
signeront,VERB,21537
signes,VERB,21537
signez,VERB,21537
signiez,VERB,21537
signifia,VERB,15440
signifiai,VERB,15440
signifiaient,VERB,15440
signifiais,VERB,15440
signifiait,VERB,15440
signifiant,VERB,15440
signifias,VERB,15440
signifiasse,VERB,15440
signifiassent,VERB,15440
signifiasses,VERB,15440
signifiassiez,VERB,15440
signifiassions,VERB,15440
signification,VERB,15441
signification0,VERB,15441
significations,VERB,15441
signifie,VERB,15440
signifient,VERB,15440
signifier,PRON,15440
signifiera,VERB,15440
signifierai,VERB,15440
signifieraient,VERB,15440
signifierais,VERB,15440
signifierait,VERB,15440
signifieras,VERB,15440
signifierez,VERB,15440
signifieriez,VERB,15440
signifierions,VERB,15440
signifierons,VERB,15440
signifieront,VERB,15440
signifies,VERB,15440
signifiez,VERB,15440
signifiiez,VERB,15440
signifiions,VERB,15440
signifions,VERB,15440
signifiâmes,VERB,15440
signifiât,VERB,15440
signifiâtes,VERB,15440
signifièrent,VERB,15440
signifié,VERB,15440
signifiée,VERB,15440
signifiées,VERB,15440
signifiés,VERB,15440
signions,VERB,21537
signons,VERB,21537
signâmes,VERB,21537
signât,VERB,21537
signâtes,VERB,21537
signèrent,VERB,21537
signé,VERB,21537
signée,VERB,21537
signées,VERB,21537
signés,VERB,21537
silence,VERB,16981
silence0,VERB,16981
silences,VERB,16981
silencieuse,VERB,16447
silencieuses,VERB,16447
silencieux,ADJ,16447
silencieux0,VERB,16447
simchat torah,VERB,16983
simplicité,VERB,24890
simplicité0,VERB,24890
simplicités,VERB,24890
singe,VERB,15485
singe0,VERB,15485
singes,VERB,15485
sirop,VERB,22335
sirop d'érable,VERB,22338
sirop de maïs,VERB,22339
sirop de sève,VERB,22337
sirop0,VERB,22335
sirops,VERB,22335
sirène,PREP,23590
sirène0,VERB,23590
sirènes,VERB,23590
site web,VERB,23709
sivan,VERB,16996
six,NOUN,8502
siècle,VERB,13144
siècle0,VERB,13144
siècles,VERB,13144
siège de douche,VERB,24748
skateboard,VERB,16997
skateboard0,VERB,16997
skateboards,VERB,16997
ski,VERB,20597
ski acrobatique,VERB,21867
ski artistique,VERB,21867
ski assis,VERB,23948
ski de descente,VERB,21864
ski de fond,VERB,21865
ski nautique,VERB,21883
ski0,VERB,20597
skiff,VERB,22076
skiff0,VERB,22076
skiffs,VERB,22076
skis,VERB,17003
sleipnir,VERB,22824
slip,VERB,17971
slip0,VERB,17971
slips,VERB,17971
sms,VERB,24509
snack,VERB,17187
snack-bar,VERB,13104
snack-bar0,VERB,13104
snack-bars,VERB,13104
snack0,VERB,17187
snacks,VERB,17187
snowboard,VERB,21868
snowboard0,VERB,21868
snowboards,VERB,21868
social,ADJ,24269
social0,VERB,24269
sociale,VERB,24269
sociales,VERB,24269
sociaux,VERB,24269
sociologie,VERB,21551
sociologie0,VERB,21551
sociologies,VERB,21551
sociologue,PREP,21568
sociologue0,VERB,21568
sociologues,VERB,21568
société,VERB,24270
société0,VERB,24270
sociétés,VERB,24270
soda,VERB,17202
soda0,VERB,17202
sodas,VERB,17202
soi,PREP,16752
soi-même,PREP,16752
soie,VERB,23211
soie0,VERB,23211
soient,VERB,12639
soies,VERB,23211
soigna,VERB,24317
soignai,VERB,24317
soignaient,VERB,24317
soignais,VERB,24317
soignait,VERB,24317
soignant,VERB,24317
soignas,VERB,24317
soignasse,VERB,24317
soignassent,VERB,24317
soignasses,VERB,24317
soignassiez,VERB,24317
soignassions,VERB,24317
soigne,VERB,24317
soignent,VERB,24317
soigner,PRON,24317
soignera,VERB,24317
soignerai,VERB,24317
soigneraient,VERB,24317
soignerais,VERB,24317
soignerait,VERB,24317
soigneras,VERB,24317
soignerez,VERB,24317
soigneriez,VERB,24317
soignerions,VERB,24317
soignerons,VERB,24317
soigneront,VERB,24317
soignes,VERB,24317
soignez,VERB,24317
soigniez,VERB,24317
soignions,VERB,24317
soignons,VERB,24317
soignâmes,VERB,24317
soignât,VERB,24317
soignâtes,VERB,24317
soignèrent,VERB,24317
soigné,VERB,24317
soignée,VERB,24317
soignées,VERB,24317
soignés,VERB,24317
soin,VERB,23056
soin0,VERB,23056
soins,VERB,23056
soir,VERB,13950
soir du sabbath,VERB,14113
soir0,VERB,13950
soirs,VERB,13950
soirée,VERB,15973
soirée0,VERB,15973
soirées,VERB,15973
sois,VERB,12639
soit,VERB,12639
sol,VERB,13901
sol0,VERB,13901
soldat,PREP,17204
soldat0,VERB,17204
soldate,VERB,17204
soldates,VERB,17204
soldats,VERB,17204
solderie,VERB,23070
solderie0,VERB,23070
solderies,VERB,23070
soldes,VERB,23069
soleil,VERB,17462
soleil0,VERB,17462
soleils,VERB,17462
solide,VERB,17205
solide0,VERB,17205
solides,VERB,17205
solidifia,VERB,14397
solidifiai,VERB,14397
solidifiaient,VERB,14397
solidifiais,VERB,14397
solidifiait,VERB,14397
solidifiant,VERB,14397
solidifias,VERB,14397
solidifiasse,VERB,14397
solidifiassent,VERB,14397
solidifiasses,VERB,14397
solidifiassiez,VERB,14397
solidifiassions,VERB,14397
solidifie,VERB,14397
solidifient,VERB,14397
solidifier,VERB,14397
solidifier-,PRON,14397
solidifiera,VERB,14397
solidifierai,VERB,14397
solidifieraient,VERB,14397
solidifierais,VERB,14397
solidifierait,VERB,14397
solidifieras,VERB,14397
solidifierez,VERB,14397
solidifieriez,VERB,14397
solidifierions,VERB,14397
solidifierons,VERB,14397
solidifieront,VERB,14397
solidifies,VERB,14397
solidifiez,VERB,14397
solidifiiez,VERB,14397
solidifiions,VERB,14397
solidifions,VERB,14397
solidifiâmes,VERB,14397
solidifiât,VERB,14397
solidifiâtes,VERB,14397
solidifièrent,VERB,14397
solidifié,VERB,14397
solidifiée,VERB,14397
solidifiées,VERB,14397
solidifiés,VERB,14397
solitaire,ADJ,12363
solitaire0,VERB,12363
solitaires,VERB,12363
sollicita,VERB,16489
sollicitai,VERB,16489
sollicitaient,VERB,16489
sollicitais,VERB,16489
sollicitait,VERB,16489
sollicitant,VERB,16489
sollicitas,VERB,16489
sollicitasse,VERB,16489
sollicitassent,VERB,16489
sollicitasses,VERB,16489
sollicitassiez,VERB,16489
sollicitassions,VERB,16489
sollicite,VERB,16489
sollicitent,VERB,16489
solliciter,PRON,16489
sollicitera,VERB,16489
solliciterai,VERB,16489
solliciteraient,VERB,16489
solliciterais,VERB,16489
solliciterait,VERB,16489
solliciteras,VERB,16489
solliciterez,VERB,16489
solliciteriez,VERB,16489
solliciterions,VERB,16489
solliciterons,VERB,16489
solliciteront,VERB,16489
sollicites,VERB,16489
sollicitez,VERB,16489
sollicitiez,VERB,16489
sollicitions,VERB,16489
sollicitons,VERB,16489
sollicitâmes,VERB,16489
sollicitât,VERB,16489
sollicitâtes,VERB,16489
sollicitèrent,VERB,16489
sollicité,VERB,16489
sollicitée,VERB,16489
sollicitées,VERB,16489
sollicités,VERB,16489
sols,VERB,13901
sombre,ADJ,13634
sombre0,VERB,13634
sombres,VERB,13634
sommeil,VERB,17008
sommeil0,VERB,17008
sommeils,VERB,17008
sommes,VERB,12639
son,PREP,14707
son semblable,OTHER,16986
son0,VERB,14707
songe,VERB,21097
songea,VERB,21097
songeai,VERB,21097
songeaient,VERB,21097
songeais,VERB,21097
songeait,VERB,21097
songeant,VERB,21097
songeas,VERB,21097
songeasse,VERB,21097
songeassent,VERB,21097
songeasses,VERB,21097
songeassiez,VERB,21097
songeassions,VERB,21097
songent,VERB,21097
songeons,VERB,21097
songer,PRON,21097
songera,VERB,21097
songerai,VERB,21097
songeraient,VERB,21097
songerais,VERB,21097
songerait,VERB,21097
songeras,VERB,21097
songerez,VERB,21097
songeriez,VERB,21097
songerions,VERB,21097
songerons,VERB,21097
songeront,VERB,21097
songes,VERB,21097
songez,VERB,21097
songeâmes,VERB,21097
songeât,VERB,21097
songeâtes,VERB,21097
songiez,VERB,21097
songions,VERB,21097
songèrent,VERB,21097
songé,VERB,21097
sonna,VERB,17217
sonnai,VERB,17217
sonnaient,VERB,17217
sonnais,VERB,17217
sonnait,VERB,17217
sonnant,VERB,17217
sonnas,VERB,17217
sonnasse,VERB,17217
sonnassent,VERB,17217
sonnasses,VERB,17217
sonnassiez,VERB,17217
sonnassions,VERB,17217
sonne,VERB,17217
sonnent,VERB,17217
sonner,PRON,17217
sonnera,VERB,17217
sonnerai,VERB,17217
sonneraient,VERB,17217
sonnerais,VERB,17217
sonnerait,VERB,17217
sonneras,VERB,17217
sonnerez,VERB,17217
sonnerie,VERB,24616
sonnerie0,VERB,24616
sonneries,VERB,24616
sonneriez,VERB,17217
sonnerions,VERB,17217
sonnerons,VERB,17217
sonneront,VERB,17217
sonnes,VERB,17217
sonnez,VERB,17217
sonniez,VERB,17217
sonnions,VERB,17217
sonnons,VERB,17217
sonnâmes,VERB,17217
sonnât,VERB,17217
sonnâtes,VERB,17217
sonnèrent,VERB,17217
sonné,VERB,17217
sonnée,VERB,17217
sonnées,VERB,17217
sonnés,VERB,17217
sonore,ADJ,15397
sonore0,VERB,15397
sonores,VERB,15397
sons,VERB,14707
sont,VERB,12639
soprani,VERB,23952
soprano,VERB,23952
soprano0,VERB,23952
sopranos,VERB,23952
sorbet,VERB,22369
sorbet0,VERB,22369
sorbets,VERB,22369
sors,VERB,14126
sort,VERB,14126
sortaient,VERB,14126
sortais,VERB,14126
sortait,VERB,14126
sortant,VERB,14126
sorte,VERB,17961
sorte0,VERB,17961
sortent,VERB,14126
sortes,VERB,14126
sortez,VERB,14126
sorti,VERB,14126
sortie,NOUN,15943
sortie0,VERB,15943
sorties,VERB,14126
sortiez,VERB,14126
sortions,VERB,14126
sortir,PRON,14126
sortir d'un véhicule,PRON,23478
sortira,VERB,14126
sortirai,VERB,14126
sortiraient,VERB,14126
sortirais,VERB,14126
sortirait,VERB,14126
sortiras,VERB,14126
sortirent,VERB,14126
sortirez,VERB,14126
sortiriez,VERB,14126
sortirions,VERB,14126
sortirons,VERB,14126
sortiront,VERB,14126
sortis,VERB,14126
sortisse,VERB,14126
sortissent,VERB,14126
sortisses,VERB,14126
sortissiez,VERB,14126
sortissions,VERB,14126
sortit,VERB,14126
sortons,VERB,14126
sortîmes,VERB,14126
sortît,VERB,14126
sortîtes,VERB,14126
sottise,VERB,15726
sottise0,VERB,15726
sottises,VERB,15726
souci,VERB,18280
souci0,VERB,18280
soucia,VERB,18281
souciai,VERB,18281
souciaient,VERB,18281
souciais,VERB,18281
souciait,VERB,18281
souciant,VERB,18281
soucias,VERB,18281
souciasse,VERB,18281
souciassent,VERB,18281
souciasses,VERB,18281
souciassiez,VERB,18281
souciassions,VERB,18281
soucie,VERB,18281
soucient,VERB,18281
soucier,VERB,18281
soucier-,PRON,18281
souciera,VERB,18281
soucierai,VERB,18281
soucieraient,VERB,18281
soucierais,VERB,18281
soucierait,VERB,18281
soucieras,VERB,18281
soucierez,VERB,18281
soucieriez,VERB,18281
soucierions,VERB,18281
soucierons,VERB,18281
soucieront,VERB,18281
soucies,VERB,18281
souciez,VERB,18281
souciiez,VERB,18281
souciions,VERB,18281
soucions,VERB,18281
soucis,VERB,18280
souciâmes,VERB,18281
souciât,VERB,18281
souciâtes,VERB,18281
soucièrent,VERB,18281
soucié,VERB,18281
souciée,VERB,18281
souciées,VERB,18281
souciés,VERB,18281
soudainement,ADJ,17452
souffla,VERB,12862
soufflai,VERB,12862
soufflaient,VERB,12862
soufflais,VERB,12862
soufflait,VERB,12862
soufflant,VERB,12862
soufflas,VERB,12862
soufflasse,VERB,12862
soufflassent,VERB,12862
soufflasses,VERB,12862
soufflassiez,VERB,12862
soufflassions,VERB,12862
souffle,VERB,12862
soufflent,VERB,12862
souffler,PRON,12862
soufflera,VERB,12862
soufflerai,VERB,12862
souffleraient,VERB,12862
soufflerais,VERB,12862
soufflerait,VERB,12862
souffleras,VERB,12862
soufflerez,VERB,12862
souffleriez,VERB,12862
soufflerions,VERB,12862
soufflerons,VERB,12862
souffleront,VERB,12862
souffles,VERB,12862
soufflez,VERB,12862
souffliez,VERB,12862
soufflions,VERB,12862
soufflons,VERB,12862
soufflâmes,VERB,12862
soufflât,VERB,12862
soufflâtes,VERB,12862
soufflèrent,VERB,12862
soufflé,VERB,12862
soufflée,VERB,12862
soufflées,VERB,12862
soufflés,VERB,12862
souffrance,VERB,15954
souffrance0,VERB,15954
souffrances,VERB,15954
soufganiot,VERB,17215
souhait,VERB,24833
souhait0,VERB,24833
souhaita,VERB,14893
souhaitable,ADJ,13662
souhaitable0,VERB,13662
souhaitables,VERB,13662
souhaitai,VERB,14893
souhaitaient,VERB,14893
souhaitais,VERB,14893
souhaitait,VERB,14893
souhaitant,VERB,14893
souhaitas,VERB,14893
souhaitasse,VERB,14893
souhaitassent,VERB,14893
souhaitasses,VERB,14893
souhaitassiez,VERB,14893
souhaitassions,VERB,14893
souhaite,VERB,14893
souhaitent,VERB,14893
souhaiter,PRON,14893
souhaitera,VERB,14893
souhaiterai,VERB,14893
souhaiteraient,VERB,14893
souhaiterais,VERB,14893
souhaiterait,VERB,14893
souhaiteras,VERB,14893
souhaiterez,VERB,14893
souhaiteriez,VERB,14893
souhaiterions,VERB,14893
souhaiterons,VERB,14893
souhaiteront,VERB,14893
souhaites,VERB,14893
souhaitez,VERB,14893
souhaitiez,VERB,14893
souhaitions,VERB,14893
souhaitons,VERB,14893
souhaits,VERB,24833
souhaitâmes,VERB,14893
souhaitât,VERB,14893
souhaitâtes,VERB,14893
souhaitèrent,VERB,14893
souhaité,VERB,14893
souhaitée,VERB,14893
souhaitées,VERB,14893
souhaités,VERB,14893
soukka,VERB,17457
soukkot,VERB,17458
souleva,VERB,15207
soulevai,VERB,15207
soulevaient,VERB,15207
soulevais,VERB,15207
soulevait,VERB,15207
soulevant,VERB,15207
soulevas,VERB,15207
soulevasse,VERB,15207
soulevassent,VERB,15207
soulevasses,VERB,15207
soulevassiez,VERB,15207
soulevassions,VERB,15207
soulever,PRON,15207
soulevez,VERB,15207
souleviez,VERB,15207
soulevions,VERB,15207
soulevons,VERB,15207
soulevâmes,VERB,15207
soulevât,VERB,15207
soulevâtes,VERB,15207
soulevèrent,VERB,15207
soulevé,VERB,15207
soulevée,VERB,15207
soulevées,VERB,15207
soulevés,VERB,15207
soulève,VERB,15207
soulèvent,VERB,15207
soulèvera,VERB,15207
soulèverai,VERB,15207
soulèveraient,VERB,15207
soulèverais,VERB,15207
soulèverait,VERB,15207
soulèveras,VERB,15207
soulèverez,VERB,15207
soulèveriez,VERB,15207
soulèverions,VERB,15207
soulèverons,VERB,15207
soulèveront,VERB,15207
soulèves,VERB,15207
soupa,VERB,17468
soupai,VERB,17468
soupaient,VERB,17468
soupais,VERB,17468
soupait,VERB,17468
soupant,VERB,17468
soupas,VERB,17468
soupasse,VERB,17468
soupassent,VERB,17468
soupasses,VERB,17468
soupassiez,VERB,17468
soupassions,VERB,17468
soupe,VERB,17218
soupe0,VERB,17218
soupent,VERB,17468
souper,VERB,17468
soupera,VERB,17468
souperai,VERB,17468
souperaient,VERB,17468
souperais,VERB,17468
souperait,VERB,17468
souperas,VERB,17468
souperez,VERB,17468
souperiez,VERB,17468
souperions,VERB,17468
souperons,VERB,17468
souperont,VERB,17468
soupes,VERB,17218
soupez,VERB,17468
soupiez,VERB,17468
soupions,VERB,17468
soupons,VERB,17468
soupâmes,VERB,17468
soupât,VERB,17468
soupâtes,VERB,17468
soupèrent,VERB,17468
soupé,VERB,17468
source,VERB,22631
source chaude,VERB,22632
source0,VERB,22631
sources,VERB,22631
sourcil,VERB,14134
sourcil0,VERB,14134
sourcils,VERB,14134
sourd,ADJ,13643
sourd0,VERB,13643
sourde,VERB,13643
sourdes,VERB,13643
sourds,VERB,13643
souri,VERB,17021
souriaient,VERB,17021
souriais,VERB,17021
souriait,VERB,17021
souriant,VERB,17021
sourie,VERB,17021
sourient,VERB,17021
souries,VERB,17021
souriez,VERB,17021
souriiez,VERB,17021
souriions,VERB,17021
sourions,VERB,17021
sourira,VERB,17021
sourirai,VERB,17021
souriraient,VERB,17021
sourirais,VERB,17021
sourirait,VERB,17021
souriras,VERB,17021
sourire,PRON,17021
sourirent,VERB,17021
sourirez,VERB,17021
souririez,VERB,17021
souririons,VERB,17021
sourirons,VERB,17021
souriront,VERB,17021
souris,VERB,15665
sourisse,VERB,17021
sourissent,VERB,17021
sourisses,VERB,17021
sourissiez,VERB,17021
sourissions,VERB,17021
sourit,VERB,17021
sourîmes,VERB,17021
sourît,VERB,17021
sourîtes,VERB,17021
sous,NOUN,17969
sous-plat,VERB,22595
sous-plat0,VERB,22595
sous-plats,VERB,22595
sous-sol,VERB,23029
sous-sol0,VERB,23029
sous-sols,VERB,23029
sous-vêtement,VERB,17974
sous-vêtement0,VERB,17974
sous-vêtements,VERB,17974
soustraction,VERB,17449
soustraction0,VERB,17449
soustractions,VERB,17449
soustraie,VERB,17448
soustraient,VERB,17448
soustraies,VERB,17448
soustraira,VERB,17448
soustrairai,VERB,17448
soustrairaient,VERB,17448
soustrairais,VERB,17448
soustrairait,VERB,17448
soustrairas,VERB,17448
soustraire,PRON,17448
soustrairez,VERB,17448
soustrairiez,VERB,17448
soustrairions,VERB,17448
soustrairons,VERB,17448
soustrairont,VERB,17448
soustrais,VERB,17448
soustrait,VERB,17448
soustraite,VERB,17448
soustraites,VERB,17448
soustraits,VERB,17448
soustrayaient,VERB,17448
soustrayais,VERB,17448
soustrayait,VERB,17448
soustrayant,VERB,17448
soustrayez,VERB,17448
soustrayiez,VERB,17448
soustrayions,VERB,17448
soustrayons,VERB,17448
soutenaient,VERB,14705
soutenais,VERB,14705
soutenait,VERB,14705
soutenant,VERB,14705
soutenez,VERB,14705
souteniez,VERB,14705
soutenions,VERB,14705
soutenir,PRON,14705
soutenons,VERB,14705
soutenu,VERB,14705
soutenue,VERB,14705
soutenues,VERB,14705
soutenus,VERB,14705
soutien,VERB,14704
soutien-gorge,VERB,12889
soutien0,VERB,14704
soutiendra,VERB,14705
soutiendrai,VERB,14705
soutiendraient,VERB,14705
soutiendrais,VERB,14705
soutiendrait,VERB,14705
soutiendras,VERB,14705
soutiendrez,VERB,14705
soutiendriez,VERB,14705
soutiendrions,VERB,14705
soutiendrons,VERB,14705
soutiendront,VERB,14705
soutienne,VERB,14705
soutiennent,VERB,14705
soutiennes,VERB,14705
soutiens,VERB,14704
soutient,VERB,14705
soutinrent,VERB,14705
soutins,VERB,14705
soutinsse,VERB,14705
soutinssent,VERB,14705
soutinsses,VERB,14705
soutinssiez,VERB,14705
soutinssions,VERB,14705
soutint,VERB,14705
soutînmes,VERB,14705
soutînt,VERB,14705
soutîntes,VERB,14705
souvenaient,VERB,16485
souvenais,VERB,16485
souvenait,VERB,16485
souvenant,VERB,16485
souvenez,VERB,16485
souveniez,VERB,16485
souvenions,VERB,16485
souvenir,VERB,16485
souvenir-,PRON,16485
souvenons,VERB,16485
souvent,ADJ,15913
souvenu,VERB,16485
souvenue,VERB,16485
souvenues,VERB,16485
souvenus,VERB,16485
souviendra,VERB,16485
souviendrai,VERB,16485
souviendraient,VERB,16485
souviendrais,VERB,16485
souviendrait,VERB,16485
souviendras,VERB,16485
souviendrez,VERB,16485
souviendriez,VERB,16485
souviendrions,VERB,16485
souviendrons,VERB,16485
souviendront,VERB,16485
souvienne,VERB,16485
souviennent,VERB,16485
souviennes,VERB,16485
souviens,VERB,16485
souvient,VERB,16485
souvinrent,VERB,16485
souvins,VERB,16485
souvinsse,VERB,16485
souvinssent,VERB,16485
souvinsses,VERB,16485
souvinssiez,VERB,16485
souvinssions,VERB,16485
souvint,VERB,16485
souvînmes,VERB,16485
souvînt,VERB,16485
souvîntes,VERB,16485
soyez,VERB,12639
soyons,VERB,12639
spaghetti,VERB,17222
spaghetti0,VERB,17222
spaghettis,VERB,17222
sparadrap,VERB,12625
sparadrap0,VERB,12625
sparadraps,VERB,12625
spasme,VERB,13432
spasme0,VERB,13432
spasmes,VERB,13432
spectacle,VERB,23610
spectacle0,VERB,23610
spectacles,VERB,23610
spermatozoïde,VERB,17226
spermatozoïde0,VERB,17226
spermatozoïdes,VERB,17226
sperme,VERB,16757
sperme0,VERB,16757
spermes,VERB,16757
spermicide,VERB,17227
spermicide0,VERB,17227
spermicides,VERB,17227
spirale,VERB,17230
spiritualité,VERB,24278
spiritualité0,VERB,24278
spiritualités,VERB,24278
sport,VERB,17234
sport aérien,VERB,21796
sport bateau à moteur,VERB,22052
sport cérébral,VERB,21799
sport de contact,VERB,21627
sport de montagne,VERB,21795
sport de relais,VERB,21842
sport de table,VERB,21800
sport moteur,VERB,21794
sport multiple,VERB,21857
sport équestre,VERB,21629
sport0,VERB,17234
sports,VERB,17234
sports d'hiver,VERB,21630
sports de balle,VERB,21625
sports nautiques,VERB,21626
spray,VERB,24940
spray0,VERB,24940
sprays,VERB,24940
springbok,VERB,22616
springbok0,VERB,22616
springboks,VERB,22616
spécial,ADJ,17223
spécial0,VERB,17223
spéciale,VERB,17223
spéciales,VERB,17223
spéciaux,VERB,17223
spécifique,ADJ,17224
spécifique0,VERB,17224
spécifiques,VERB,17224
square,VERB,24281
square0,VERB,24281
squares,VERB,24281
squash,VERB,22101
squash0,VERB,22101
squashs,VERB,22101
squelette,VERB,16998
squelette0,VERB,16998
squelettes,VERB,16998
stalle,VERB,24157
stalle0,VERB,24157
stalles,VERB,24157
station de métro,VERB,24322
statuts,VERB,24124
stick de poisson,VERB,23508
stickball,VERB,21803
stress,VERB,24942
stressé,ADJ,23957
structura,VERB,24877
structurai,VERB,24877
structuraient,VERB,24877
structurais,VERB,24877
structurait,VERB,24877
structurant,VERB,24877
structuras,VERB,24877
structurasse,VERB,24877
structurassent,VERB,24877
structurasses,VERB,24877
structurassiez,VERB,24877
structurassions,VERB,24877
structure,VERB,17445
structure0,VERB,17445
structurent,VERB,24877
structurer,PRON,24877
structurera,VERB,24877
structurerai,VERB,24877
structureraient,VERB,24877
structurerais,VERB,24877
structurerait,VERB,24877
structureras,VERB,24877
structurerez,VERB,24877
structureriez,VERB,24877
structurerions,VERB,24877
structurerons,VERB,24877
structureront,VERB,24877
structures,VERB,17445
structurez,VERB,24877
structuriez,VERB,24877
structurions,VERB,24877
structurons,VERB,24877
structurâmes,VERB,24877
structurât,VERB,24877
structurâtes,VERB,24877
structurèrent,VERB,24877
structuré,VERB,24877
structurée,VERB,24877
structurées,VERB,24877
structurés,VERB,24877
studio de radio,VERB,24774
studio de tv,VERB,24774
stupide,ADJ,17447
stupide0,VERB,17447
stupides,VERB,17447
stupéfiant,VERB,24488
stupéfiant0,VERB,24488
stupéfiants,VERB,24488
stylo,VERB,15991
stylo0,VERB,15991
stylos,VERB,15991
stérile,ADJ,14939
stérile0,VERB,14939
stériles,VERB,14939
stérilet,VERB,14963
stérilet0,VERB,14963
stérilets,VERB,14963
stérilisation,VERB,17262
stérilisation0,VERB,17262
stérilisations,VERB,17262
su,VERB,15161
substance,VERB,24515
substance0,VERB,24515
substances,VERB,24515
succulent,ADJ,22352
succulent0,VERB,22352
succulente,VERB,22352
succulentes,VERB,22352
succulents,VERB,22352
sucette,VERB,22365
sucette0,VERB,22365
sucettes,VERB,22365
sucre,VERB,17453
sucre0,VERB,17453
sucrerie,VERB,17479
sucrerie0,VERB,17479
sucreries,VERB,22376
sucres,VERB,17453
sucrosité,VERB,24946
sucré,ADJ,17478
sud,VERB,17219
sudiste,ADJ,17220
sudiste0,VERB,17220
sudistes,VERB,17220
sue,VERB,15161
sues,VERB,15161
sueur,VERB,17475
sueur0,VERB,17475
sueurs,VERB,17475
suggestion,VERB,17455
suggestion0,VERB,17455
suggestions,VERB,17455
suggère,VERB,17454
suggèrent,VERB,17454
suggères,VERB,17454
suggéra,VERB,17454
suggérai,VERB,17454
suggéraient,VERB,17454
suggérais,VERB,17454
suggérait,VERB,17454
suggérant,VERB,17454
suggéras,VERB,17454
suggérasse,VERB,17454
suggérassent,VERB,17454
suggérasses,VERB,17454
suggérassiez,VERB,17454
suggérassions,VERB,17454
suggérer,PRON,17454
suggérera,VERB,17454
suggérerai,VERB,17454
suggéreraient,VERB,17454
suggérerais,VERB,17454
suggérerait,VERB,17454
suggéreras,VERB,17454
suggérerez,VERB,17454
suggéreriez,VERB,17454
suggérerions,VERB,17454
suggérerons,VERB,17454
suggéreront,VERB,17454
suggérez,VERB,17454
suggériez,VERB,17454
suggérions,VERB,17454
suggérons,VERB,17454
suggérâmes,VERB,17454
suggérât,VERB,17454
suggérâtes,VERB,17454
suggérèrent,VERB,17454
suggéré,VERB,17454
suggérée,VERB,17454
suggérées,VERB,17454
suggérés,VERB,17454
suis,VERB,12639
suit,VERB,14376
suite,VERB,24881
suite0,VERB,24881
suites,VERB,24881
suivaient,VERB,14376
suivais,VERB,14376
suivait,VERB,14376
suivant,ADJ,15714
suivant0,VERB,15714
suivante,VERB,15714
suivantes,VERB,15714
suivants,VERB,15714
suive,VERB,14376
suivent,VERB,14376
suives,VERB,14376
suivez,VERB,14376
suivi,VERB,14376
suivie,VERB,14376
suivies,VERB,14376
suiviez,VERB,14376
suivions,VERB,14376
suivirent,VERB,14376
suivis,VERB,14376
suivisse,VERB,14376
suivissent,VERB,14376
suivisses,VERB,14376
suivissiez,VERB,14376
suivissions,VERB,14376
suivit,VERB,14376
suivons,VERB,14376
suivra,VERB,14376
suivrai,VERB,14376
suivraient,VERB,14376
suivrais,VERB,14376
suivrait,VERB,14376
suivras,VERB,14376
suivre,PRON,14376
suivrez,VERB,14376
suivriez,VERB,14376
suivrions,VERB,14376
suivrons,VERB,14376
suivront,VERB,14376
suivîmes,VERB,14376
suivît,VERB,14376
suivîtes,VERB,14376
sujet,VERB,23669
sujet0,VERB,23669
sujets,VERB,23669
sujette,VERB,23669
sujettes,VERB,23669
sulkies,VERB,22093
sulky,VERB,22093
sulky0,VERB,22093
sulkys,VERB,22093
super,OTHER,18282
super0,VERB,18282
supers,VERB,18282
supplia,VERB,21334
suppliai,VERB,21334
suppliaient,VERB,21334
suppliais,VERB,21334
suppliait,VERB,21334
suppliant,VERB,21334
supplias,VERB,21334
suppliasse,VERB,21334
suppliassent,VERB,21334
suppliasses,VERB,21334
suppliassiez,VERB,21334
suppliassions,VERB,21334
supplie,VERB,21334
supplient,VERB,21334
supplier,PRON,21334
suppliera,VERB,21334
supplierai,VERB,21334
supplieraient,VERB,21334
supplierais,VERB,21334
supplierait,VERB,21334
supplieras,VERB,21334
supplierez,VERB,21334
supplieriez,VERB,21334
supplierions,VERB,21334
supplierons,VERB,21334
supplieront,VERB,21334
supplies,VERB,21334
suppliez,VERB,21334
suppliiez,VERB,21334
suppliions,VERB,21334
supplions,VERB,21334
suppliâmes,VERB,21334
suppliât,VERB,21334
suppliâtes,VERB,21334
supplièrent,VERB,21334
supplié,VERB,21334
suppliée,VERB,21334
suppliées,VERB,21334
suppliés,VERB,21334
suppléant,VERB,24759
suppléant0,VERB,24759
suppléante,VERB,24759
suppléantes,VERB,24759
suppléants,VERB,24759
support,VERB,14704
support de sauvegarde,VERB,24641
support matériel,VERB,12355
support0,VERB,14704
supporter financièrement,PRON,17469
supports,VERB,14704
suppression,VERB,24883
suppression0,VERB,24883
suppressions,VERB,24883
supprima,VERB,13665
supprimai,VERB,13665
supprimaient,VERB,13665
supprimais,VERB,13665
supprimait,VERB,13665
supprimant,VERB,13665
supprimas,VERB,13665
supprimasse,VERB,13665
supprimassent,VERB,13665
supprimasses,VERB,13665
supprimassiez,VERB,13665
supprimassions,VERB,13665
supprime,VERB,13665
suppriment,VERB,13665
supprimer,PRON,13665
supprimer en revenant en arrière,PRON,23411
supprimera,VERB,13665
supprimerai,VERB,13665
supprimeraient,VERB,13665
supprimerais,VERB,13665
supprimerait,VERB,13665
supprimeras,VERB,13665
supprimerez,VERB,13665
supprimeriez,VERB,13665
supprimerions,VERB,13665
supprimerons,VERB,13665
supprimeront,VERB,13665
supprimes,VERB,13665
supprimez,VERB,13665
supprimiez,VERB,13665
supprimions,VERB,13665
supprimons,VERB,13665
supprimâmes,VERB,13665
supprimât,VERB,13665
supprimâtes,VERB,13665
supprimèrent,VERB,13665
supprimé,VERB,13665
supprimée,VERB,13665
supprimées,VERB,13665
supprimés,VERB,13665
sur,NOUN,15918
sur0,VERB,15918
sure,VERB,15918
surent,VERB,15161
sures,VERB,15918
surf,VERB,21881
surf des neiges,VERB,21868
surf0,VERB,21881
surface,VERB,17758
surface0,VERB,17758
surfaces,VERB,17758
surfs,VERB,21881
surgélateur,VERB,23514
surgélateur0,VERB,23514
surgélateurs,VERB,23514
surnaturel,VERB,21036
surnaturel0,VERB,21036
surnaturelle,VERB,21036
surnaturelles,VERB,21036
surnaturels,VERB,21036
surprenaient,VERB,17470
surprenais,VERB,17470
surprenait,VERB,17470
surprenant,VERB,17470
surprend,VERB,17470
surprendra,VERB,17470
surprendrai,VERB,17470
surprendraient,VERB,17470
surprendrais,VERB,17470
surprendrait,VERB,17470
surprendras,VERB,17470
surprendre,PRON,17470
surprendrez,VERB,17470
surprendriez,VERB,17470
surprendrions,VERB,17470
surprendrons,VERB,17470
surprendront,VERB,17470
surprends,VERB,17470
surprenez,VERB,17470
surpreniez,VERB,17470
surprenions,VERB,17470
surprenne,VERB,17470
surprennent,VERB,17470
surprennes,VERB,17470
surprenons,VERB,17470
surprirent,VERB,17470
surpris,ADJ,23962
surprise,VERB,23960
surprise0,VERB,23960
surprises,VERB,17470
surprisse,VERB,17470
surprissent,VERB,17470
surprisses,VERB,17470
surprissiez,VERB,17470
surprissions,VERB,17470
surprit,VERB,17470
surprîmes,VERB,17470
surprît,VERB,17470
surprîtes,VERB,17470
surs,VERB,15918
sus,VERB,15161
suspend,VERB,14673
suspendaient,VERB,14673
suspendais,VERB,14673
suspendait,VERB,14673
suspendant,VERB,14673
suspende,VERB,14673
suspendent,VERB,14673
suspendes,VERB,14673
suspendez,VERB,14673
suspendiez,VERB,14673
suspendions,VERB,14673
suspendirent,VERB,14673
suspendis,VERB,14673
suspendisse,VERB,14673
suspendissent,VERB,14673
suspendisses,VERB,14673
suspendissiez,VERB,14673
suspendissions,VERB,14673
suspendit,VERB,14673
suspendons,VERB,14673
suspendra,VERB,14673
suspendrai,VERB,14673
suspendraient,VERB,14673
suspendrais,VERB,14673
suspendrait,VERB,14673
suspendras,VERB,14673
suspendre,PRON,14673
suspendrez,VERB,14673
suspendriez,VERB,14673
suspendrions,VERB,14673
suspendrons,VERB,14673
suspendront,VERB,14673
suspends,VERB,14673
suspendu,VERB,14673
suspendue,VERB,14673
suspendues,VERB,14673
suspendus,VERB,14673
suspendîmes,VERB,14673
suspendît,VERB,14673
suspendîtes,VERB,14673
susse,VERB,15161
sussent,VERB,15161
susses,VERB,15161
sussiez,VERB,15161
sussions,VERB,15161
sut,VERB,15161
suède,VERB,22617
suède0,VERB,22617
suèdes,VERB,22617
suédois,VERB,23227
suédois0,VERB,23227
suédoise,VERB,23227
suédoises,VERB,23227
symbole bliss,VERB,12857
symbolique bliss,VERB,23031
synagogue,VERB,13345
synagogue0,VERB,13345
synagogues,VERB,13345
syndrome de fatigue chronique,VERB,23836
synthétique,VERB,23229
synthétique0,VERB,23229
synthétiques,VERB,23229
synthétiseur,VERB,23963
synthétiseur0,VERB,23963
synthétiseurs,VERB,23963
système nerveux central,VERB,21585
système solaire,VERB,22836
sèche,ADJ,23857
sèche-cheveux,VERB,24141
sèche-linge,VERB,24320
sèchent,VERB,13888
sèches,VERB,13887
sève,VERB,22333
sève0,VERB,22333
sèves,VERB,22333
sécha,VERB,13888
séchai,VERB,13888
séchaient,VERB,13888
séchais,VERB,13888
séchait,VERB,13888
séchant,VERB,13888
séchas,VERB,13888
séchasse,VERB,13888
séchassent,VERB,13888
séchasses,VERB,13888
séchassiez,VERB,13888
séchassions,VERB,13888
sécher,PRON,13888
séchera,VERB,13888
sécherai,VERB,13888
sécheraient,VERB,13888
sécherais,VERB,13888
sécherait,VERB,13888
sécheras,VERB,13888
sécheresse,VERB,23859
sécheresse0,VERB,23859
sécheresses,VERB,23859
sécherez,VERB,13888
sécheriez,VERB,13888
sécherions,VERB,13888
sécherons,VERB,13888
sécheront,VERB,13888
séchez,VERB,13888
séchiez,VERB,13888
séchions,VERB,13888
séchoir,VERB,24088
séchoir0,VERB,24088
séchoirs,VERB,24088
séchons,VERB,13888
séchâmes,VERB,13888
séchât,VERB,13888
séchâtes,VERB,13888
séchèrent,VERB,13888
séché,VERB,13888
séchée,VERB,13888
séchées,VERB,13888
séchés,VERB,13888
sécrétion corporelle,VERB,24031
sécurité,VERB,16705
sécurité0,VERB,16705
sécurités,VERB,16705
sélectionner tout,PRON,23659
sépulture,VERB,22841
sépulture0,VERB,22841
sépultures,VERB,22841
sûmes,VERB,15161
sûr,ADJ,24049
sûr0,VERB,24049
sûre,VERB,24049
sûres,VERB,24049
sûrs,VERB,24049
sût,VERB,15161
sûtes,VERB,15161
sœur,PREP,16994
sœur0,VERB,16994
sœurs,VERB,16994
tabac,VERB,17743
tabac0,VERB,17743
tabacs,VERB,17743
table,VERB,17493
table de repassage,VERB,14957
table0,VERB,17493
tableau de symboles,VERB,17489
tableau noir,VERB,12852
tables,VERB,17493
tablette,VERB,23673
tablette pc,VERB,23672
tablette électronique,VERB,23672
tablette0,VERB,23673
tablettes,VERB,23673
tablier,VERB,12411
tablier0,VERB,12411
tabliers,VERB,12411
tache,VERB,17236
tache0,VERB,17236
taches,VERB,17236
taie d'oreiller,VERB,16178
taille,VERB,18029
taille0,VERB,18029
tailles,VERB,18029
tailleur,PREP,23674
tailleur0,VERB,23674
tailleurs,VERB,23674
tailleuse,VERB,23674
tailleuses,VERB,23674
taillis,VERB,13092
talc,VERB,17500
talc0,VERB,17500
talcs,VERB,17500
tallith,VERB,17501
tallith0,VERB,17501
talliths,VERB,17501
talon,VERB,14700
talon0,VERB,14700
talons,VERB,14700
tam-tam,VERB,23816
tam-tam0,VERB,23816
tam-tams,VERB,23816
tambour,VERB,23816
tambour0,VERB,23854
tambour_,VERB,23854
tambourin,VERB,23964
tambourin0,VERB,23964
tambourin_,VERB,23964
tambourins,VERB,23964
tambours,VERB,23854
tamia,VERB,13170
tamia0,VERB,13170
tamias,VERB,13170
tamis,VERB,16976
tamouz,VERB,17502
tampon,VERB,16980
tampon0,VERB,16980
tampons,VERB,16980
tank,VERB,17504
tank0,VERB,17504
tanks,VERB,17504
tant pis,OTHER,17698
tante,PREP,12596
tante0,VERB,12596
tantes,VERB,12596
tapa,VERB,14717
tapai,VERB,14717
tapaient,VERB,14717
tapais,VERB,14717
tapait,VERB,14717
tapant,VERB,14717
tapas,VERB,14717
tapasse,VERB,14717
tapassent,VERB,14717
tapasses,VERB,14717
tapassiez,VERB,14717
tapassions,VERB,14717
tape,VERB,14717
tapent,VERB,14717
taper,PRON,14717
tapera,VERB,14717
taperai,VERB,14717
taperaient,VERB,14717
taperais,VERB,14717
taperait,VERB,14717
taperas,VERB,14717
taperez,VERB,14717
taperiez,VERB,14717
taperions,VERB,14717
taperons,VERB,14717
taperont,VERB,14717
tapes,VERB,14717
tapez,VERB,14717
tapiez,VERB,14717
tapions,VERB,14717
tapis de gym,VERB,14657
tapis de protection de la table,VERB,22594
tapis de selle,VERB,24252
tapons,VERB,14717
tapâmes,VERB,14717
tapât,VERB,14717
tapâtes,VERB,14717
tapèrent,VERB,14717
tapé,VERB,14717
tapée,VERB,14717
tapées,VERB,14717
tapés,VERB,14717
taquina,VERB,17515
taquinai,VERB,17515
taquinaient,VERB,17515
taquinais,VERB,17515
taquinait,VERB,17515
taquinant,VERB,17515
taquinas,VERB,17515
taquinasse,VERB,17515
taquinassent,VERB,17515
taquinasses,VERB,17515
taquinassiez,VERB,17515
taquinassions,VERB,17515
taquine,VERB,17515
taquinent,VERB,17515
taquiner,PRON,17515
taquinera,VERB,17515
taquinerai,VERB,17515
taquineraient,VERB,17515
taquinerais,VERB,17515
taquinerait,VERB,17515
taquineras,VERB,17515
taquinerez,VERB,17515
taquineriez,VERB,17515
taquinerions,VERB,17515
taquinerons,VERB,17515
taquineront,VERB,17515
taquines,VERB,17515
taquinez,VERB,17515
taquiniez,VERB,17515
taquinions,VERB,17515
taquinons,VERB,17515
taquinâmes,VERB,17515
taquinât,VERB,17515
taquinâtes,VERB,17515
taquinèrent,VERB,17515
taquiné,VERB,17515
taquinée,VERB,17515
taquinées,VERB,17515
taquinés,VERB,17515
tard,ADJ,15177
tarif,VERB,24109
tarif0,VERB,24109
tarifs,VERB,24109
tarte,VERB,16173
tarte0,VERB,16173
tartes,VERB,16173
tartina,VERB,17239
tartinade,VERB,17238
tartinade liquide,VERB,20522
tartinade0,VERB,17238
tartinades,VERB,17238
tartinai,VERB,17239
tartinaient,VERB,17239
tartinais,VERB,17239
tartinait,VERB,17239
tartinant,VERB,17239
tartinas,VERB,17239
tartinasse,VERB,17239
tartinassent,VERB,17239
tartinasses,VERB,17239
tartinassiez,VERB,17239
tartinassions,VERB,17239
tartine,VERB,17239
tartinent,VERB,17239
tartiner,PRON,17239
tartinera,VERB,17239
tartinerai,VERB,17239
tartineraient,VERB,17239
tartinerais,VERB,17239
tartinerait,VERB,17239
tartineras,VERB,17239
tartinerez,VERB,17239
tartineriez,VERB,17239
tartinerions,VERB,17239
tartinerons,VERB,17239
tartineront,VERB,17239
tartines,VERB,17239
tartinez,VERB,17239
tartiniez,VERB,17239
tartinions,VERB,17239
tartinons,VERB,17239
tartinâmes,VERB,17239
tartinât,VERB,17239
tartinâtes,VERB,17239
tartinèrent,VERB,17239
tartiné,VERB,17239
tartinée,VERB,17239
tartinées,VERB,17239
tartinés,VERB,17239
tasse,VERB,13621
tasse0,VERB,13621
tasses,VERB,13621
taureau,VERB,12920
taureau0,VERB,12920
taureaux,VERB,12920
taxe,VERB,23230
taxe gouvernementale,VERB,23231
taxe provinciale,VERB,23234
taxe régionale,VERB,23234
taxe sur biens immobiliers,VERB,23232
taxe0,VERB,23230
taxes,VERB,23230
taxi,VERB,17509
taxi0,VERB,17509
taxis,VERB,17509
tefilin,VERB,17531
teinture,VERB,15956
teinture0,VERB,15956
teintures,VERB,15956
temple,VERB,13345
temple0,VERB,13345
temples,VERB,13345
temporaire,ADJ,24307
temporaire0,VERB,24307
temporaires,VERB,24307
temps,VERB,17732
temps de pause à la maison,VERB,23209
temps météorologique,VERB,18214
température,VERB,17520
température corporelle,VERB,24034
température0,VERB,17520
températures,VERB,17520
tempête,VERB,23956
tempête de neige,VERB,17198
tempête0,VERB,23956
tempêtes,VERB,23956
tenaient,VERB,23532
tenais,VERB,23532
tenait,VERB,23532
tenant,VERB,23532
tendu,ADJ,23957
tenez,VERB,23532
teniez,VERB,23532
tenions,VERB,23532
tenir,PRON,23532
tennis,VERB,17522
tennis de plage,VERB,12641
tennis de table,VERB,16183
tennis en salle,VERB,22101
tenons,VERB,23532
tente,VERB,17523
tente0,VERB,17523
tentes,VERB,17523
tenu,VERB,23532
tenue,VERB,23532
tenue d'équitation,VERB,24244
tenues,VERB,23532
tenus,VERB,23532
termina,VERB,14181
terminai,VERB,14181
terminaient,VERB,14181
terminais,VERB,14181
terminait,VERB,14181
terminant,VERB,14181
terminas,VERB,14181
terminasse,VERB,14181
terminassent,VERB,14181
terminasses,VERB,14181
terminassiez,VERB,14181
terminassions,VERB,14181
termine,VERB,14181
terminent,VERB,14181
terminer,PRON,14181
terminera,VERB,14181
terminerai,VERB,14181
termineraient,VERB,14181
terminerais,VERB,14181
terminerait,VERB,14181
termineras,VERB,14181
terminerez,VERB,14181
termineriez,VERB,14181
terminerions,VERB,14181
terminerons,VERB,14181
termineront,VERB,14181
termines,VERB,14181
terminez,VERB,14181
terminiez,VERB,14181
terminions,VERB,14181
terminons,VERB,14181
terminâmes,VERB,14181
terminât,VERB,14181
terminâtes,VERB,14181
terminèrent,VERB,14181
terminé,ADJ,24844
terminée,VERB,14181
terminées,VERB,14181
terminés,VERB,14181
termite,VERB,17524
termite0,VERB,17524
termites,VERB,17524
terrain de jeux,VERB,16202
terrain de sport,VERB,22840
terre,VERB,13901
terre-plein,VERB,24214
terre-plein0,VERB,24214
terre-pleins,VERB,24214
terre0,VERB,13901
terres,VERB,13901
terrifié,ADJ,17525
terrorisa,VERB,17527
terrorisai,VERB,17527
terrorisaient,VERB,17527
terrorisais,VERB,17527
terrorisait,VERB,17527
terrorisant,VERB,17527
terrorisas,VERB,17527
terrorisasse,VERB,17527
terrorisassent,VERB,17527
terrorisasses,VERB,17527
terrorisassiez,VERB,17527
terrorisassions,VERB,17527
terrorise,VERB,17527
terrorisent,VERB,17527
terroriser,PRON,17527
terrorisera,VERB,17527
terroriserai,VERB,17527
terroriseraient,VERB,17527
terroriserais,VERB,17527
terroriserait,VERB,17527
terroriseras,VERB,17527
terroriserez,VERB,17527
terroriseriez,VERB,17527
terroriserions,VERB,17527
terroriserons,VERB,17527
terroriseront,VERB,17527
terrorises,VERB,17527
terrorisez,VERB,17527
terrorisiez,VERB,17527
terrorisions,VERB,17527
terrorisme,VERB,24820
terrorisme0,VERB,24820
terrorismes,VERB,24820
terrorisons,VERB,17527
terroriste,PREP,17526
terroriste0,VERB,17526
terroristes,VERB,17526
terrorisâmes,VERB,17527
terrorisât,VERB,17527
terrorisâtes,VERB,17527
terrorisèrent,VERB,17527
terrorisé,VERB,17527
terrorisée,VERB,17527
terrorisées,VERB,17527
terrorisés,VERB,17527
test,VERB,17528
test0,VERB,17528
testicule,VERB,17529
testicule0,VERB,17529
testicules,VERB,17529
tests,VERB,17528
tevet,VERB,17530
texto,VERB,24509
texto0,VERB,24509
textos,VERB,24509
thermomètre,VERB,17709
thermomètre0,VERB,17709
thermomètres,VERB,17709
thermos,VERB,17710
thon,VERB,23697
thon0,VERB,23697
thons,VERB,23697
thor,PREP,22652
thé,VERB,17511
thé0,VERB,17511
théologie,VERB,23681
théologie0,VERB,23681
théologien,PREP,23680
théologien0,VERB,23680
théologienne,VERB,23680
théologiennes,VERB,23680
théologiens,VERB,23680
théologies,VERB,23681
thérapeute,PREP,17706
thérapeute de danse,PREP,21599
thérapeute en communication,PREP,21595
thérapeute0,VERB,17706
thérapeutes,VERB,17706
thérapie,VERB,21589
thérapie du langage,VERB,24276
thérapie par la danse,VERB,24078
thérapie0,VERB,21589
thérapies,VERB,21589
thés,VERB,17511
théâtre,VERB,16970
théâtre0,VERB,16970
théâtres,VERB,16970
tibet,VERB,23684
ticket,VERB,17729
ticket de stationnement,VERB,23915
ticket0,VERB,17729
tickets,VERB,17729
tiendra,VERB,23532
tiendrai,VERB,23532
tiendraient,VERB,23532
tiendrais,VERB,23532
tiendrait,VERB,23532
tiendras,VERB,23532
tiendrez,VERB,23532
tiendriez,VERB,23532
tiendrions,VERB,23532
tiendrons,VERB,23532
tiendront,VERB,23532
tienne,VERB,23532
tiennent,VERB,23532
tiennes,VERB,23532
tiens,VERB,23532
tient,VERB,23532
tige,VERB,17259
tige0,VERB,17259
tiges,VERB,17259
tigre,VERB,17731
tigre0,VERB,17731
tigres,VERB,17731
tigresse,VERB,17731
tigresses,VERB,17731
timbre,VERB,17248
timbre0,VERB,17248
timbres,VERB,17248
tinrent,VERB,23532
tins,VERB,23532
tinsse,VERB,23532
tinssent,VERB,23532
tinsses,VERB,23532
tinssiez,VERB,23532
tinssions,VERB,23532
tint,VERB,23532
tinta,VERB,17217
tintai,VERB,17217
tintaient,VERB,17217
tintais,VERB,17217
tintait,VERB,17217
tintant,VERB,17217
tintas,VERB,17217
tintasse,VERB,17217
tintassent,VERB,17217
tintasses,VERB,17217
tintassiez,VERB,17217
tintassions,VERB,17217
tinte,VERB,17217
tintent,VERB,17217
tinter,PRON,17217
tintera,VERB,17217
tinterai,VERB,17217
tinteraient,VERB,17217
tinterais,VERB,17217
tinterait,VERB,17217
tinteras,VERB,17217
tinterez,VERB,17217
tinteriez,VERB,17217
tinterions,VERB,17217
tinterons,VERB,17217
tinteront,VERB,17217
tintes,VERB,17217
tintez,VERB,17217
tintiez,VERB,17217
tintions,VERB,17217
tintons,VERB,17217
tintâmes,VERB,17217
tintât,VERB,17217
tintâtes,VERB,17217
tintèrent,VERB,17217
tinté,VERB,17217
tintée,VERB,17217
tintées,VERB,17217
tintés,VERB,17217
tique,VERB,15480
tique0,VERB,15480
tiques,VERB,15480
tir,VERB,21797
tir à l'arc,VERB,21856
tir0,VERB,21797
tira,VERB,16431
tirai,VERB,16431
tiraient,VERB,16431
tirais,VERB,16431
tirait,VERB,16431
tirant,VERB,16431
tiras,VERB,16431
tirasse,VERB,16431
tirassent,VERB,16431
tirasses,VERB,16431
tirassiez,VERB,16431
tirassions,VERB,16431
tire,VERB,16431
tire-bouchon,VERB,22564
tire-bouchon0,VERB,22564
tire-bouchons,VERB,22564
tirent,VERB,16431
tirer,PRON,16431
tirera,VERB,16431
tirerai,VERB,16431
tireraient,VERB,16431
tirerais,VERB,16431
tirerait,VERB,16431
tireras,VERB,16431
tirerez,VERB,16431
tireriez,VERB,16431
tirerions,VERB,16431
tirerons,VERB,16431
tireront,VERB,16431
tires,VERB,16431
tirez,VERB,16431
tiriez,VERB,16431
tirions,VERB,16431
tiroir,VERB,13874
tiroir0,VERB,13874
tiroirs,VERB,13874
tirons,VERB,16431
tirs,VERB,21797
tirâmes,VERB,16431
tirât,VERB,16431
tirâtes,VERB,16431
tirèrent,VERB,16431
tiré,VERB,16431
tirée,VERB,16431
tirées,VERB,16431
tirés,VERB,16431
tishah be-av,VERB,17736
tishri,VERB,17737
tissa,VERB,18215
tissai,VERB,18215
tissaient,VERB,18215
tissais,VERB,18215
tissait,VERB,18215
tissant,VERB,18215
tissas,VERB,18215
tissasse,VERB,18215
tissassent,VERB,18215
tissasses,VERB,18215
tissassiez,VERB,18215
tissassions,VERB,18215
tisse,VERB,18215
tissent,VERB,18215
tisser,PRON,18215
tissera,VERB,18215
tisserai,VERB,18215
tisseraient,VERB,18215
tisserais,VERB,18215
tisserait,VERB,18215
tisseras,VERB,18215
tisserez,VERB,18215
tisseriez,VERB,18215
tisserions,VERB,18215
tisserons,VERB,18215
tisseront,VERB,18215
tisses,VERB,18215
tissez,VERB,18215
tissiez,VERB,18215
tissions,VERB,18215
tissons,VERB,18215
tissu,VERB,13365
tissu0,VERB,13365
tissus,VERB,13365
tissâmes,VERB,18215
tissât,VERB,18215
tissâtes,VERB,18215
tissèrent,VERB,18215
tissé,VERB,18215
tissée,VERB,18215
tissées,VERB,18215
tissés,VERB,18215
toast,VERB,17740
toast0,VERB,17740
toasts,VERB,17740
toboggan,VERB,17011
toboggan0,VERB,17011
toboggans,VERB,17011
toiletta,VERB,24138
toilettai,VERB,24138
toilettaient,VERB,24138
toilettais,VERB,24138
toilettait,VERB,24138
toilettant,VERB,24138
toilettas,VERB,24138
toilettasse,VERB,24138
toilettassent,VERB,24138
toilettasses,VERB,24138
toilettassiez,VERB,24138
toilettassions,VERB,24138
toilette,VERB,16992
toilette0,VERB,16992
toilettent,VERB,24138
toiletter,PRON,24138
toilettera,VERB,24138
toiletterai,VERB,24138
toiletteraient,VERB,24138
toiletterais,VERB,24138
toiletterait,VERB,24138
toiletteras,VERB,24138
toiletterez,VERB,24138
toiletteriez,VERB,24138
toiletterions,VERB,24138
toiletterons,VERB,24138
toiletteront,VERB,24138
toilettes,VERB,17747
toilettez,VERB,24138
toilettiez,VERB,24138
toilettions,VERB,24138
toilettons,VERB,24138
toilettâmes,VERB,24138
toilettât,VERB,24138
toilettâtes,VERB,24138
toilettèrent,VERB,24138
toiletté,VERB,24138
toilettée,VERB,24138
toilettées,VERB,24138
toilettés,VERB,24138
toit,VERB,16686
toit de la soukka en branchages,VERB,16732
toit0,VERB,16686
toits,VERB,16686
tomate,VERB,17749
tomate0,VERB,17749
tomates,VERB,17749
tomba,VERB,13436
tombai,VERB,13436
tombaient,VERB,13436
tombais,VERB,13436
tombait,VERB,13436
tombant,VERB,13436
tombas,VERB,13436
tombasse,VERB,13436
tombassent,VERB,13436
tombasses,VERB,13436
tombassiez,VERB,13436
tombassions,VERB,13436
tombe,VERB,14638
tombe0,VERB,14638
tombeau,VERB,21283
tombeau0,VERB,21283
tombeaux,VERB,21283
tombent,VERB,13436
tomber,PRON,13436
tombera,VERB,13436
tomberai,VERB,13436
tomberaient,VERB,13436
tomberais,VERB,13436
tomberait,VERB,13436
tomberas,VERB,13436
tomberez,VERB,13436
tomberiez,VERB,13436
tomberions,VERB,13436
tomberons,VERB,13436
tomberont,VERB,13436
tombes,VERB,13436
tombez,VERB,13436
tombiez,VERB,13436
tombions,VERB,13436
tombons,VERB,13436
tombâmes,VERB,13436
tombât,VERB,13436
tombâtes,VERB,13436
tombèrent,VERB,13436
tombé,VERB,13436
tombée,VERB,13436
tombées,VERB,13436
tombés,VERB,13436
ton,VERB,17953
ton0,VERB,17953
tonalité,VERB,23928
tonalité0,VERB,23928
tonalités,VERB,23928
tonneau,VERB,24272
tonneau0,VERB,24272
tonneaux,VERB,24272
tonnerre,VERB,17727
tonnerre0,VERB,17727
tonnerres,VERB,17727
tons,VERB,17953
torah,VERB,17760
torah0,VERB,17760
torahs,VERB,17760
torche,VERB,14196
torche0,VERB,14196
torches,VERB,14196
torchon,VERB,22398
torchon0,VERB,22398
torchons,VERB,22398
tornade,VERB,23967
tornade0,VERB,23967
tornades,VERB,23967
torse,VERB,13161
torse0,VERB,13161
torses,VERB,13161
tortilla,VERB,23603
tortilla0,VERB,23603
tortillai,VERB,18252
tortillaient,VERB,18252
tortillais,VERB,18252
tortillait,VERB,18252
tortillant,VERB,18252
tortillas,VERB,18252
tortillasse,VERB,18252
tortillassent,VERB,18252
tortillasses,VERB,18252
tortillassiez,VERB,18252
tortillassions,VERB,18252
tortille,VERB,18252
tortillent,VERB,18252
tortiller,PRON,18252
tortillera,VERB,18252
tortillerai,VERB,18252
tortilleraient,VERB,18252
tortillerais,VERB,18252
tortillerait,VERB,18252
tortilleras,VERB,18252
tortillerez,VERB,18252
tortilleriez,VERB,18252
tortillerions,VERB,18252
tortillerons,VERB,18252
tortilleront,VERB,18252
tortilles,VERB,18252
tortillez,VERB,18252
tortilliez,VERB,18252
tortillions,VERB,18252
tortillons,VERB,18252
tortillâmes,VERB,18252
tortillât,VERB,18252
tortillâtes,VERB,18252
tortillèrent,VERB,18252
tortillé,VERB,18252
tortillée,VERB,18252
tortillées,VERB,18252
tortillés,VERB,18252
tortue,VERB,17959
tortue0,VERB,17959
tortues,VERB,17959
tou bichvat,VERB,17788
toucha,VERB,17761
touchai,VERB,17761
touchaient,VERB,17761
touchais,VERB,17761
touchait,VERB,17761
touchant,VERB,17761
touchas,VERB,17761
touchasse,VERB,17761
touchassent,VERB,17761
touchasses,VERB,17761
touchassiez,VERB,17761
touchassions,VERB,17761
touche,VERB,17761
touche de clavier,VERB,23553
touchent,VERB,17761
toucher,PRON,17761
touchera,VERB,17761
toucherai,VERB,17761
toucheraient,VERB,17761
toucherais,VERB,17761
toucherait,VERB,17761
toucheras,VERB,17761
toucherez,VERB,17761
toucheriez,VERB,17761
toucherions,VERB,17761
toucherons,VERB,17761
toucheront,VERB,17761
touches,VERB,17761
touchez,VERB,17761
touchiez,VERB,17761
touchions,VERB,17761
touchons,VERB,17761
touchâmes,VERB,17761
touchât,VERB,17761
touchâtes,VERB,17761
touchèrent,VERB,17761
touché,VERB,17761
touchée,VERB,17761
touchées,VERB,17761
touchés,VERB,17761
toujours,ADJ,12368
toupie,VERB,17759
toupie0,VERB,17759
toupies,VERB,17759
tour,VERB,17956
tour complet,VERB,14886
tour d'observation,VERB,23245
tour de contrôle,VERB,23045
tour de garde,VERB,14650
tour de guet,VERB,23245
tour panoramique,VERB,23245
tour0,VERB,17956
touriste,PREP,24771
touriste0,VERB,24771
touristes,VERB,24771
tourna,VERB,16690
tournai,VERB,16690
tournaient,VERB,16690
tournais,VERB,16690
tournait,VERB,16690
tournant,VERB,16690
tournas,VERB,16690
tournasse,VERB,16690
tournassent,VERB,16690
tournasses,VERB,16690
tournassiez,VERB,16690
tournassions,VERB,16690
tourne,VERB,16690
tourne-disque,VERB,16471
tournent,VERB,16690
tourner,PRON,16690
tournera,VERB,16690
tournerai,VERB,16690
tourneraient,VERB,16690
tournerais,VERB,16690
tournerait,VERB,16690
tourneras,VERB,16690
tournerez,VERB,16690
tourneriez,VERB,16690
tournerions,VERB,16690
tournerons,VERB,16690
tourneront,VERB,16690
tournes,VERB,16690
tournesol,VERB,24297
tournesol0,VERB,24297
tournesols,VERB,24297
tournevis,VERB,16740
tournez,VERB,16690
tourniez,VERB,16690
tournions,VERB,16690
tournons,VERB,16690
tournâmes,VERB,16690
tournât,VERB,16690
tournâtes,VERB,16690
tournèrent,VERB,16690
tourné,VERB,16690
tournée,VERB,16690
tournées,VERB,16690
tournés,VERB,16690
tours,VERB,17956
tous les deux,NOUN,12879
toussa,VERB,13420
toussai,VERB,13420
toussaient,VERB,13420
toussaint,VERB,14662
toussais,VERB,13420
toussait,VERB,13420
toussant,VERB,13420
toussas,VERB,13420
toussasse,VERB,13420
toussassent,VERB,13420
toussasses,VERB,13420
toussassiez,VERB,13420
toussassions,VERB,13420
tousse,VERB,13420
toussent,VERB,13420
tousser,PRON,13420
toussera,VERB,13420
tousserai,VERB,13420
tousseraient,VERB,13420
tousserais,VERB,13420
tousserait,VERB,13420
tousseras,VERB,13420
tousserez,VERB,13420
tousseriez,VERB,13420
tousserions,VERB,13420
tousserons,VERB,13420
tousseront,VERB,13420
tousses,VERB,13420
toussez,VERB,13420
toussiez,VERB,13420
toussions,VERB,13420
toussons,VERB,13420
toussâmes,VERB,13420
toussât,VERB,13420
toussâtes,VERB,13420
toussèrent,VERB,13420
toussé,VERB,13420
tout,NOUN,12360
tout le monde,NOUN,14117
tout à coup,ADJ,17452
tout-puissant,ADJ,21329
tout-puissant0,VERB,21329
tout-puissants,VERB,21329
tout0,VERB,12360
toutefois,NOUN,13094
touts,VERB,12360
toxicomane,PREP,24434
toxicomane0,VERB,24434
toxicomanes,VERB,24434
toxicomanie,VERB,24435
toxicomanie0,VERB,24435
toxicomanies,VERB,24435
tracas,VERB,18280
trackball,VERB,23691
tract,VERB,21340
tract0,VERB,21340
tracteur,VERB,17765
tracteur0,VERB,17765
tracteurs,VERB,17765
tractrice,VERB,17765
tractrices,VERB,17765
tracts,VERB,21340
traduira,VERB,17769
traduirai,VERB,17769
traduiraient,VERB,17769
traduirais,VERB,17769
traduirait,VERB,17769
traduiras,VERB,17769
traduire,PRON,17769
traduirez,VERB,17769
traduiriez,VERB,17769
traduirions,VERB,17769
traduirons,VERB,17769
traduiront,VERB,17769
traduis,VERB,17769
traduisaient,VERB,17769
traduisais,VERB,17769
traduisait,VERB,17769
traduisant,VERB,17769
traduise,VERB,17769
traduisent,VERB,17769
traduises,VERB,17769
traduisez,VERB,17769
traduisiez,VERB,17769
traduisions,VERB,17769
traduisirent,VERB,17769
traduisis,VERB,17769
traduisisse,VERB,17769
traduisissent,VERB,17769
traduisisses,VERB,17769
traduisissiez,VERB,17769
traduisissions,VERB,17769
traduisit,VERB,17769
traduisons,VERB,17769
traduisîmes,VERB,17769
traduisît,VERB,17769
traduisîtes,VERB,17769
traduit,VERB,17769
traduite,VERB,17769
traduites,VERB,17769
traduits,VERB,17769
trafic,VERB,17766
trafic0,VERB,17766
trafics,VERB,17766
tragédie,VERB,23480
tragédie0,VERB,23480
tragédies,VERB,23480
train,VERB,17767
train de banlieue,VERB,24067
train0,VERB,17767
trains,VERB,17767
traita,VERB,24317
traitai,VERB,24317
traitaient,VERB,24317
traitais,VERB,24317
traitait,VERB,24317
traitant,VERB,24317
traitas,VERB,24317
traitasse,VERB,24317
traitassent,VERB,24317
traitasses,VERB,24317
traitassiez,VERB,24317
traitassions,VERB,24317
traite,VERB,24317
traitement,VERB,24519
traitement médical,VERB,24188
traitement0,VERB,24519
traitements,VERB,24519
traitent,VERB,24317
traiter,PRON,24317
traitera,VERB,24317
traiterai,VERB,24317
traiteraient,VERB,24317
traiterais,VERB,24317
traiterait,VERB,24317
traiteras,VERB,24317
traiterez,VERB,24317
traiteriez,VERB,24317
traiterions,VERB,24317
traiterons,VERB,24317
traiteront,VERB,24317
traites,VERB,24317
traitez,VERB,24317
traitiez,VERB,24317
traitions,VERB,24317
traitons,VERB,24317
traitâmes,VERB,24317
traitât,VERB,24317
traitâtes,VERB,24317
traitèrent,VERB,24317
traité,VERB,24007
traité0,VERB,24007
traitée,VERB,24317
traitées,VERB,24317
traités,VERB,24007
tram,VERB,24316
tram0,VERB,24316
trampoline,VERB,17768
trampoline0,VERB,17768
trampolines,VERB,17768
trams,VERB,24316
trancha,VERB,22382
tranchai,VERB,22382
tranchaient,VERB,22382
tranchais,VERB,22382
tranchait,VERB,22382
tranchant,VERB,22382
tranchas,VERB,22382
tranchasse,VERB,22382
tranchassent,VERB,22382
tranchasses,VERB,22382
tranchassiez,VERB,22382
tranchassions,VERB,22382
tranche,VERB,22381
tranche0,VERB,22381
tranchent,VERB,22382
trancher,PRON,22382
tranchera,VERB,22382
trancherai,VERB,22382
trancheraient,VERB,22382
trancherais,VERB,22382
trancherait,VERB,22382
trancheras,VERB,22382
trancherez,VERB,22382
trancheriez,VERB,22382
trancherions,VERB,22382
trancherons,VERB,22382
trancheront,VERB,22382
tranches,VERB,22381
tranchez,VERB,22382
tranchiez,VERB,22382
tranchions,VERB,22382
tranchons,VERB,22382
tranchâmes,VERB,22382
tranchât,VERB,22382
tranchâtes,VERB,22382
tranchèrent,VERB,22382
tranché,VERB,22382
tranchée,VERB,22382
tranchées,VERB,22382
tranchés,VERB,22382
tranquille,ADJ,15982
tranquille0,VERB,15982
tranquilles,VERB,15982
transat,VERB,24764
transat0,VERB,24764
transats,VERB,24764
transforma,VERB,23453
transformai,VERB,23453
transformaient,VERB,23453
transformais,VERB,23453
transformait,VERB,23453
transformant,VERB,23453
transformas,VERB,23453
transformasse,VERB,23453
transformassent,VERB,23453
transformasses,VERB,23453
transformassiez,VERB,23453
transformassions,VERB,23453
transforme,VERB,23453
transforment,VERB,23453
transformer,PRON,23453
transformera,VERB,23453
transformerai,VERB,23453
transformeraient,VERB,23453
transformerais,VERB,23453
transformerait,VERB,23453
transformeras,VERB,23453
transformerez,VERB,23453
transformeriez,VERB,23453
transformerions,VERB,23453
transformerons,VERB,23453
transformeront,VERB,23453
transformes,VERB,23453
transformez,VERB,23453
transformiez,VERB,23453
transformions,VERB,23453
transformons,VERB,23453
transformâmes,VERB,23453
transformât,VERB,23453
transformâtes,VERB,23453
transformèrent,VERB,23453
transformé,VERB,23453
transformée,VERB,23453
transformées,VERB,23453
transformés,VERB,23453
transmet,VERB,24615
transmets,VERB,24615
transmettaient,VERB,24615
transmettais,VERB,24615
transmettait,VERB,24615
transmettant,VERB,24615
transmette,VERB,24615
transmettent,VERB,24615
transmettes,VERB,24615
transmettez,VERB,24615
transmettiez,VERB,24615
transmettions,VERB,24615
transmettons,VERB,24615
transmettra,VERB,24615
transmettrai,VERB,24615
transmettraient,VERB,24615
transmettrais,VERB,24615
transmettrait,VERB,24615
transmettras,VERB,24615
transmettre,PRON,24615
transmettrez,VERB,24615
transmettriez,VERB,24615
transmettrions,VERB,24615
transmettrons,VERB,24615
transmettront,VERB,24615
transmirent,VERB,24615
transmis,VERB,24615
transmise,VERB,24615
transmises,VERB,24615
transmisse,VERB,24615
transmissent,VERB,24615
transmisses,VERB,24615
transmissiez,VERB,24615
transmission,VERB,24750
transmission0,VERB,24750
transmissions,VERB,24615
transmit,VERB,24615
transmîmes,VERB,24615
transmît,VERB,24615
transmîtes,VERB,24615
transparence,VERB,24878
transparence0,VERB,24878
transparences,VERB,24878
transparent,ADJ,13358
transparent0,VERB,13358
transparente,VERB,13358
transparentes,VERB,13358
transparents,VERB,13358
transpira,VERB,17474
transpirai,VERB,17474
transpiraient,VERB,17474
transpirais,VERB,17474
transpirait,VERB,17474
transpirant,VERB,17474
transpiras,VERB,17474
transpirasse,VERB,17474
transpirassent,VERB,17474
transpirasses,VERB,17474
transpirassiez,VERB,17474
transpirassions,VERB,17474
transpiration,VERB,17475
transpiration0,VERB,17475
transpirations,VERB,17475
transpire,VERB,17474
transpirent,VERB,17474
transpirer,PRON,17474
transpirera,VERB,17474
transpirerai,VERB,17474
transpireraient,VERB,17474
transpirerais,VERB,17474
transpirerait,VERB,17474
transpireras,VERB,17474
transpirerez,VERB,17474
transpireriez,VERB,17474
transpirerions,VERB,17474
transpirerons,VERB,17474
transpireront,VERB,17474
transpires,VERB,17474
transpirez,VERB,17474
transpiriez,VERB,17474
transpirions,VERB,17474
transpirons,VERB,17474
transpirâmes,VERB,17474
transpirât,VERB,17474
transpirâtes,VERB,17474
transpirèrent,VERB,17474
transpiré,VERB,17474
transpirée,VERB,17474
transpirées,VERB,17474
transpirés,VERB,17474
transporta,VERB,13125
transportai,VERB,13125
transportaient,VERB,13125
transportais,VERB,13125
transportait,VERB,13125
transportant,VERB,13125
transportas,VERB,13125
transportasse,VERB,13125
transportassent,VERB,13125
transportasses,VERB,13125
transportassiez,VERB,13125
transportassions,VERB,13125
transporte,VERB,13125
transportent,VERB,13125
transporter,PRON,13125
transportera,VERB,13125
transporterai,VERB,13125
transporteraient,VERB,13125
transporterais,VERB,13125
transporterait,VERB,13125
transporteras,VERB,13125
transporterez,VERB,13125
transporteriez,VERB,13125
transporterions,VERB,13125
transporterons,VERB,13125
transporteront,VERB,13125
transportes,VERB,13125
transportez,VERB,13125
transportiez,VERB,13125
transportions,VERB,13125
transportons,VERB,13125
transports en commun,VERB,24227
transports publics,VERB,24227
transportâmes,VERB,13125
transportât,VERB,13125
transportâtes,VERB,13125
transportèrent,VERB,13125
transporté,VERB,13125
transportée,VERB,13125
transportées,VERB,13125
transportés,VERB,13125
travail,VERB,15165
travail culinaire,VERB,22909
travail d'art,VERB,18275
travail d'équipe,VERB,24305
travail0,VERB,15165
travailla,VERB,18274
travaillai,VERB,18274
travaillaient,VERB,18274
travaillais,VERB,18274
travaillait,VERB,18274
travaillant,VERB,18274
travaillas,VERB,18274
travaillasse,VERB,18274
travaillassent,VERB,18274
travaillasses,VERB,18274
travaillassiez,VERB,18274
travaillassions,VERB,18274
travaille,VERB,18274
travaillent,VERB,18274
travailler,PRON,18274
travaillera,VERB,18274
travaillerai,VERB,18274
travailleraient,VERB,18274
travaillerais,VERB,18274
travaillerait,VERB,18274
travailleras,VERB,18274
travaillerez,VERB,18274
travailleriez,VERB,18274
travaillerions,VERB,18274
travaillerons,VERB,18274
travailleront,VERB,18274
travailles,VERB,18274
travailleur,PREP,18277
travailleur0,VERB,18277
travailleurs,VERB,18277
travailleuse,VERB,18277
travailleuses,VERB,18277
travaillez,VERB,18274
travailliez,VERB,18274
travaillions,VERB,18274
travaillons,VERB,18274
travaillâmes,VERB,18274
travaillât,VERB,18274
travaillâtes,VERB,18274
travaillèrent,VERB,18274
travaillé,VERB,18274
travaillée,VERB,18274
travaillées,VERB,18274
travaillés,VERB,18274
travaux,VERB,15165
traversa,VERB,13614
traversai,VERB,13614
traversaient,VERB,13614
traversais,VERB,13614
traversait,VERB,13614
traversant,VERB,13614
traversas,VERB,13614
traversasse,VERB,13614
traversassent,VERB,13614
traversasses,VERB,13614
traversassiez,VERB,13614
traversassions,VERB,13614
traverse,VERB,13614
traversent,VERB,13614
traverser,PRON,13614
traversera,VERB,13614
traverserai,VERB,13614
traverseraient,VERB,13614
traverserais,VERB,13614
traverserait,VERB,13614
traverseras,VERB,13614
traverserez,VERB,13614
traverseriez,VERB,13614
traverserions,VERB,13614
traverserons,VERB,13614
traverseront,VERB,13614
traverses,VERB,13614
traversez,VERB,13614
traversiez,VERB,13614
traversions,VERB,13614
traversons,VERB,13614
traversâmes,VERB,13614
traversât,VERB,13614
traversâtes,VERB,13614
traversèrent,VERB,13614
traversé,VERB,13614
traversée,VERB,13614
traversées,VERB,13614
traversés,VERB,13614
travesti,PREP,17771
travesti0,VERB,17771
travestie,PREP,17770
travesties,VERB,17771
travestis,VERB,17771
traîna,VERB,16431
traînai,VERB,16431
traînaient,VERB,16431
traînais,VERB,16431
traînait,VERB,16431
traînant,VERB,16431
traînas,VERB,16431
traînasse,VERB,16431
traînassent,VERB,16431
traînasses,VERB,16431
traînassiez,VERB,16431
traînassions,VERB,16431
traîne,VERB,16431
traîneau,VERB,17007
traîneau de chien,VERB,21874
traîneau0,VERB,17007
traîneaux,VERB,17007
traînent,VERB,16431
traîner,PRON,16431
traînera,VERB,16431
traînerai,VERB,16431
traîneraient,VERB,16431
traînerais,VERB,16431
traînerait,VERB,16431
traîneras,VERB,16431
traînerez,VERB,16431
traîneriez,VERB,16431
traînerions,VERB,16431
traînerons,VERB,16431
traîneront,VERB,16431
traînes,VERB,16431
traînez,VERB,16431
traîniez,VERB,16431
traînions,VERB,16431
traînons,VERB,16431
traînâmes,VERB,16431
traînât,VERB,16431
traînâtes,VERB,16431
traînèrent,VERB,16431
traîné,VERB,16431
traînée,VERB,16431
traînées,VERB,16431
traînés,VERB,16431
tremblement de terre,VERB,22620
triangle,VERB,17776
triangle _,VERB,23968
triangle0,VERB,23968
triangles,VERB,23968
triangulaire,ADJ,17777
triangulaire0,VERB,17777
triangulaires,VERB,17777
triathlon,VERB,21858
triathlon0,VERB,21858
triathlons,VERB,21858
tribord,VERB,24760
tribord0,VERB,24760
tribords,VERB,24760
tribu,VERB,21609
tribu0,VERB,21609
tribune,VERB,24298
tribune0,VERB,24298
tribunes,VERB,24298
tribus,VERB,21609
tricota,VERB,15160
tricotai,VERB,15160
tricotaient,VERB,15160
tricotais,VERB,15160
tricotait,VERB,15160
tricotant,VERB,15160
tricotas,VERB,15160
tricotasse,VERB,15160
tricotassent,VERB,15160
tricotasses,VERB,15160
tricotassiez,VERB,15160
tricotassions,VERB,15160
tricote,VERB,15160
tricotent,VERB,15160
tricoter,PRON,15160
tricotera,VERB,15160
tricoterai,VERB,15160
tricoteraient,VERB,15160
tricoterais,VERB,15160
tricoterait,VERB,15160
tricoteras,VERB,15160
tricoterez,VERB,15160
tricoteriez,VERB,15160
tricoterions,VERB,15160
tricoterons,VERB,15160
tricoteront,VERB,15160
tricotes,VERB,15160
tricotez,VERB,15160
tricotiez,VERB,15160
tricotions,VERB,15160
tricotons,VERB,15160
tricotâmes,VERB,15160
tricotât,VERB,15160
tricotâtes,VERB,15160
tricotèrent,VERB,15160
tricoté,VERB,15160
tricotée,VERB,15160
tricotées,VERB,15160
tricotés,VERB,15160
tricycle,VERB,17778
tricycle0,VERB,17778
tricycles,VERB,17778
tricératops,VERB,23694
triste,ADJ,16702
triste0,VERB,16702
tristes,VERB,16702
tristesse,VERB,16703
tristesse0,VERB,16703
tristesses,VERB,16703
trois,NOUN,8499
trolleybus,VERB,24318
trombone,VERB,23970
trombone0,VERB,23970
trombones,VERB,23970
trompe de fallope,VERB,14143
trompette,VERB,14895
trompette0,VERB,14895
trompettes,VERB,14895
tronc,VERB,17783
tronc0,VERB,17783
troncs,VERB,17783
trop,ADJ,17754
trotta,VERB,24319
trottai,VERB,24319
trottaient,VERB,24319
trottais,VERB,24319
trottait,VERB,24319
trottant,VERB,24319
trottas,VERB,24319
trottasse,VERB,24319
trottassent,VERB,24319
trottasses,VERB,24319
trottassiez,VERB,24319
trottassions,VERB,24319
trotte,VERB,24319
trottent,VERB,24319
trotter,PRON,24319
trottera,VERB,24319
trotterai,VERB,24319
trotteraient,VERB,24319
trotterais,VERB,24319
trotterait,VERB,24319
trotteras,VERB,24319
trotterez,VERB,24319
trotteriez,VERB,24319
trotterions,VERB,24319
trotterons,VERB,24319
trotteront,VERB,24319
trottes,VERB,24319
trotteur,VERB,18032
trotteur0,VERB,18032
trotteurs,VERB,18032
trotteuse,VERB,18032
trotteuses,VERB,18032
trottez,VERB,24319
trottiez,VERB,24319
trottinette,VERB,21811
trottinette0,VERB,21811
trottinettes,VERB,21811
trottions,VERB,24319
trottoir,VERB,24209
trottoir0,VERB,24209
trottoirs,VERB,24209
trottons,VERB,24319
trottâmes,VERB,24319
trottât,VERB,24319
trottâtes,VERB,24319
trottèrent,VERB,24319
trotté,VERB,24319
trottée,VERB,24319
trottées,VERB,24319
trottés,VERB,24319
trou,VERB,14883
trou0,VERB,14883
troua,VERB,24630
trouai,VERB,24630
trouaient,VERB,24630
trouais,VERB,24630
trouait,VERB,24630
trouant,VERB,24630
trouas,VERB,24630
trouasse,VERB,24630
trouassent,VERB,24630
trouasses,VERB,24630
trouassiez,VERB,24630
trouassions,VERB,24630
trouble,VERB,24822
trouble du comportement alimentaire,VERB,24439
trouble0,VERB,24822
troubles,VERB,24822
troublé,ADJ,17985
troue,VERB,24630
trouent,VERB,24630
trouer,VERB,24630
trouera,VERB,24630
trouerai,VERB,24630
troueraient,VERB,24630
trouerais,VERB,24630
trouerait,VERB,24630
troueras,VERB,24630
trouerez,VERB,24630
troueriez,VERB,24630
trouerions,VERB,24630
trouerons,VERB,24630
troueront,VERB,24630
troues,VERB,24630
trouez,VERB,24630
trouiez,VERB,24630
trouions,VERB,24630
trouons,VERB,24630
trous,VERB,14883
trousse,VERB,23166
trousse0,VERB,23166
trousses,VERB,23166
trouva,VERB,14179
trouvai,VERB,14179
trouvaient,VERB,14179
trouvais,VERB,14179
trouvait,VERB,14179
trouvant,VERB,14179
trouvas,VERB,14179
trouvasse,VERB,14179
trouvassent,VERB,14179
trouvasses,VERB,14179
trouvassiez,VERB,14179
trouvassions,VERB,14179
trouve,VERB,14179
trouvent,VERB,14179
trouver,PRON,14179
trouvera,VERB,14179
trouverai,VERB,14179
trouveraient,VERB,14179
trouverais,VERB,14179
trouverait,VERB,14179
trouveras,VERB,14179
trouverez,VERB,14179
trouveriez,VERB,14179
trouverions,VERB,14179
trouverons,VERB,14179
trouveront,VERB,14179
trouves,VERB,14179
trouvez,VERB,14179
trouviez,VERB,14179
trouvions,VERB,14179
trouvons,VERB,14179
trouvâmes,VERB,14179
trouvât,VERB,14179
trouvâtes,VERB,14179
trouvèrent,VERB,14179
trouvé,VERB,14179
trouvée,VERB,14179
trouvées,VERB,14179
trouvés,VERB,14179
trouâmes,VERB,24630
trouât,VERB,24630
trouâtes,VERB,24630
trouèrent,VERB,24630
troué,VERB,24630
trouée,VERB,24630
trouées,VERB,24630
troués,VERB,24630
trèfle,VERB,16939
trèfle0,VERB,16939
trèfles,VERB,16939
tsunami,VERB,23972
tsunami0,VERB,23972
tsunamis,VERB,23972
tu,PREP,18465
tua,VERB,15148
tuai,VERB,15148
tuaient,VERB,15148
tuais,VERB,15148
tuait,VERB,15148
tuant,VERB,15148
tuas,VERB,15148
tuasse,VERB,15148
tuassent,VERB,15148
tuasses,VERB,15148
tuassiez,VERB,15148
tuassions,VERB,15148
tuba,VERB,23973
tuba0,VERB,23973
tuba_,VERB,23973
tubas,VERB,23973
tube,VERB,23926
tube0,VERB,23926
tubes,VERB,23926
tue,VERB,15148
tuent,VERB,15148
tuer,PRON,15148
tuera,VERB,15148
tuerai,VERB,15148
tueraient,VERB,15148
tuerais,VERB,15148
tuerait,VERB,15148
tueras,VERB,15148
tuerez,VERB,15148
tueriez,VERB,15148
tuerions,VERB,15148
tuerons,VERB,15148
tueront,VERB,15148
tues,VERB,15148
tuez,VERB,15148
tuiez,VERB,15148
tuile,VERB,24518
tuile0,VERB,24518
tuiles,VERB,24518
tuions,VERB,15148
tunnel,VERB,24321
tunnel0,VERB,24321
tunnels,VERB,24321
tuons,VERB,15148
tuyau,VERB,16187
tuyau0,VERB,23926
tuyau_,VERB,23926
tuyaux,VERB,23926
tuâmes,VERB,15148
tuât,VERB,15148
tuâtes,VERB,15148
tuèrent,VERB,15148
tué,VERB,15148
tuée,VERB,15148
tuées,VERB,15148
tués,VERB,15148
tva,VERB,23233
type,VERB,17961
type0,VERB,17961
types,VERB,17961
tyr,PREP,22820
tyrannosaurus rex,VERB,23699
tâches ménagères,VERB,23536
télécabine,VERB,24042
télécabine0,VERB,24042
télécabines,VERB,24042
télécommande,VERB,24730
télécommande0,VERB,24730
télécommandes,VERB,24730
télécopie,VERB,23497
télécopie0,VERB,23497
télécopies,VERB,23497
télécopieur,VERB,23499
télécopieur0,VERB,23499
télécopieurs,VERB,23499
téléphona,VERB,22904
téléphonai,VERB,22904
téléphonaient,VERB,22904
téléphonais,VERB,22904
téléphonait,VERB,22904
téléphonant,VERB,22904
téléphonas,VERB,22904
téléphonasse,VERB,22904
téléphonassent,VERB,22904
téléphonasses,VERB,22904
téléphonassiez,VERB,22904
téléphonassions,VERB,22904
téléphone,VERB,17518
téléphone portable,VERB,23592
téléphone sans fil,VERB,23459
téléphone0,VERB,17518
téléphonent,VERB,22904
téléphoner,PRON,22904
téléphonera,VERB,22904
téléphonerai,VERB,22904
téléphoneraient,VERB,22904
téléphonerais,VERB,22904
téléphonerait,VERB,22904
téléphoneras,VERB,22904
téléphonerez,VERB,22904
téléphoneriez,VERB,22904
téléphonerions,VERB,22904
téléphonerons,VERB,22904
téléphoneront,VERB,22904
téléphones,VERB,17518
téléphonez,VERB,22904
téléphoniez,VERB,22904
téléphonions,VERB,22904
téléphonons,VERB,22904
téléphonâmes,VERB,22904
téléphonât,VERB,22904
téléphonâtes,VERB,22904
téléphonèrent,VERB,22904
téléphoné,VERB,22904
téléphonée,VERB,22904
téléphonées,VERB,22904
téléphonés,VERB,22904
téléphérique,VERB,24042
téléphérique0,VERB,24042
téléphériques,VERB,24042
téléscope,VERB,22635
télésiège,VERB,24050
télésiège0,VERB,24050
télésièges,VERB,24050
télévision,VERB,17519
télévision0,VERB,17519
télévisions,VERB,17519
témoigna,VERB,23235
témoignage,VERB,23079
témoignage0,VERB,23079
témoignages,VERB,23079
témoignai,VERB,23235
témoignaient,VERB,23235
témoignais,VERB,23235
témoignait,VERB,23235
témoignant,VERB,23235
témoignas,VERB,23235
témoignasse,VERB,23235
témoignassent,VERB,23235
témoignasses,VERB,23235
témoignassiez,VERB,23235
témoignassions,VERB,23235
témoigne,VERB,23235
témoignent,VERB,23235
témoigner,PRON,23235
témoignera,VERB,23235
témoignerai,VERB,23235
témoigneraient,VERB,23235
témoignerais,VERB,23235
témoignerait,VERB,23235
témoigneras,VERB,23235
témoignerez,VERB,23235
témoigneriez,VERB,23235
témoignerions,VERB,23235
témoignerons,VERB,23235
témoigneront,VERB,23235
témoignes,VERB,23235
témoignez,VERB,23235
témoigniez,VERB,23235
témoignions,VERB,23235
témoignons,VERB,23235
témoignâmes,VERB,23235
témoignât,VERB,23235
témoignâtes,VERB,23235
témoignèrent,VERB,23235
témoigné,VERB,23235
témoignée,VERB,23235
témoignées,VERB,23235
témoignés,VERB,23235
témoin,PREP,23251
témoin0,VERB,23251
témoins,VERB,23251
ténor,VERB,23966
ténor0,VERB,23966
ténors,VERB,23966
tétine,VERB,24418
tétine0,VERB,24418
tétines,VERB,24418
têtard,VERB,24302
têtard0,VERB,24302
têtards,VERB,24302
tête,VERB,14689
tête d'ours,VERB,24801
tête0,VERB,14689
têtes,VERB,14689
tînmes,VERB,23532
tînt,VERB,23532
tîntes,VERB,23532
tôt,ADJ,13896
ukulélé,VERB,23979
ukulélé0,VERB,23979
ukulélés,VERB,23979
un,NOUN,8497
un de ces jours,VERB,23021
un jour ou l'autre,VERB,23021
un peu,ADJ,17207
un quart,NOUN,24932
une,NOUN,12321
une fois,NOUN,12401
une seule fois,ADJ,15919
uni,VERB,13381
unicorne,VERB,23702
unicorne0,VERB,23702
unicornes,VERB,23702
unie,VERB,13381
unies,VERB,13381
uniforme scolaire,VERB,24743
union,VERB,13380
union0,VERB,13380
unions,VERB,13380
unir,PRON,13381
unira,VERB,13381
unirai,VERB,13381
uniraient,VERB,13381
unirais,VERB,13381
unirait,VERB,13381
uniras,VERB,13381
unirent,VERB,13381
unirez,VERB,13381
uniriez,VERB,13381
unirions,VERB,13381
unirons,VERB,13381
uniront,VERB,13381
unis,VERB,13381
unissaient,VERB,13381
unissais,VERB,13381
unissait,VERB,13381
unissant,VERB,13381
unisse,VERB,13381
unissent,VERB,13381
unisses,VERB,13381
unissez,VERB,13381
unissiez,VERB,13381
unissions,VERB,13381
unissons,VERB,13381
unit,VERB,13381
united kingdom,VERB,17979
unité monétaire,VERB,23464
univers,VERB,24520
universel,ADJ,21380
universel0,VERB,21380
universelle,VERB,21380
universelles,VERB,21380
universels,VERB,21380
université,VERB,17980
université0,VERB,17980
universités,VERB,17980
unîmes,VERB,13381
unît,VERB,13381
unîtes,VERB,13381
urgence,VERB,13930
urgence0,VERB,13930
urgences,VERB,13930
urina,VERB,17989
urinai,VERB,17989
urinaient,VERB,17989
urinais,VERB,17989
urinait,VERB,17989
urinal,VERB,24775
urinal0,VERB,24775
urinant,VERB,17989
urinas,VERB,17989
urinasse,VERB,17989
urinassent,VERB,17989
urinasses,VERB,17989
urinassiez,VERB,17989
urinassions,VERB,17989
urinaux,VERB,24775
urine,VERB,17990
urine0,VERB,17990
urinent,VERB,17989
uriner,PRON,17989
urinera,VERB,17989
urinerai,VERB,17989
urineraient,VERB,17989
urinerais,VERB,17989
urinerait,VERB,17989
urineras,VERB,17989
urinerez,VERB,17989
urineriez,VERB,17989
urinerions,VERB,17989
urinerons,VERB,17989
urineront,VERB,17989
urines,VERB,17989
urinez,VERB,17989
uriniez,VERB,17989
urinions,VERB,17989
urinons,VERB,17989
urinâmes,VERB,17989
urinât,VERB,17989
urinâtes,VERB,17989
urinèrent,VERB,17989
uriné,VERB,17989
urinée,VERB,17989
urinées,VERB,17989
urinés,VERB,17989
urne,VERB,21282
urne funéraire,VERB,21281
urne0,VERB,21282
urnes,VERB,21282
urètre,VERB,17988
urètre0,VERB,17988
urètres,VERB,17988
usa,VERB,24776
usage,VERB,24847
usage0,VERB,24847
usages,VERB,24847
usine,VERB,14140
usine0,VERB,14140
usines,VERB,14140
ustensile de cuisine,VERB,17993
ustensile de nettoyage,VERB,22397
utilisa,VERB,17991
utilisai,VERB,17991
utilisaient,VERB,17991
utilisais,VERB,17991
utilisait,VERB,17991
utilisant,VERB,17991
utilisas,VERB,17991
utilisasse,VERB,17991
utilisassent,VERB,17991
utilisasses,VERB,17991
utilisassiez,VERB,17991
utilisassions,VERB,17991
utilisation,VERB,24847
utilisation0,VERB,24847
utilisations,VERB,24847
utilise,VERB,17991
utilisent,VERB,17991
utiliser,PRON,17991
utilisera,VERB,17991
utiliserai,VERB,17991
utiliseraient,VERB,17991
utiliserais,VERB,17991
utiliserait,VERB,17991
utiliseras,VERB,17991
utiliserez,VERB,17991
utiliseriez,VERB,17991
utiliserions,VERB,17991
utiliserons,VERB,17991
utiliseront,VERB,17991
utilises,VERB,17991
utilisez,VERB,17991
utilisiez,VERB,17991
utilisions,VERB,17991
utilisons,VERB,17991
utilisâmes,VERB,17991
utilisât,VERB,17991
utilisâtes,VERB,17991
utilisèrent,VERB,17991
utilisé,VERB,17991
utilisée,VERB,17991
utilisées,VERB,17991
utilisés,VERB,17991
utérus,VERB,17994
va,VERB,14449
va-et-vient,NOUN,12610
va-t'en,VERB,14449
vacances,VERB,17995
vache,VERB,13430
vache0,VERB,13430
vaches,VERB,13430
vagin,VERB,17996
vagin0,VERB,17996
vagins,VERB,17996
vague,VERB,21880
vague0,VERB,21880
vagues,VERB,21880
vais,VERB,14449
vaisseau sanguin,VERB,24028
valeur,VERB,14456
valeur0,VERB,14456
valeurs,VERB,14456
valhalla,VERB,22827
valise,VERB,12618
valise0,VERB,12618
valises,VERB,12618
valisette d'ordinateur,VERB,23448
vallée,VERB,17999
vallée0,VERB,17999
vallées,VERB,17999
van,VERB,24161
van0,VERB,24161
vanille,VERB,22314
vanille0,VERB,22314
vanilles,VERB,22314
vans,VERB,24161
vapeur,VERB,17255
vapeur0,VERB,17255
vapeurs,VERB,17255
vaporisa,VERB,23953
vaporisai,VERB,23953
vaporisaient,VERB,23953
vaporisais,VERB,23953
vaporisait,VERB,23953
vaporisant,VERB,23953
vaporisas,VERB,23953
vaporisasse,VERB,23953
vaporisassent,VERB,23953
vaporisasses,VERB,23953
vaporisassiez,VERB,23953
vaporisassions,VERB,23953
vaporisateur,VERB,23954
vaporisateur0,VERB,23954
vaporisateurs,VERB,23954
vaporisation,VERB,24940
vaporisation0,VERB,24940
vaporisations,VERB,24940
vaporise,VERB,23953
vaporisent,VERB,23953
vaporiser,PRON,23953
vaporisera,VERB,23953
vaporiserai,VERB,23953
vaporiseraient,VERB,23953
vaporiserais,VERB,23953
vaporiserait,VERB,23953
vaporiseras,VERB,23953
vaporiserez,VERB,23953
vaporiseriez,VERB,23953
vaporiserions,VERB,23953
vaporiserons,VERB,23953
vaporiseront,VERB,23953
vaporises,VERB,23953
vaporisez,VERB,23953
vaporisiez,VERB,23953
vaporisions,VERB,23953
vaporisons,VERB,23953
vaporisâmes,VERB,23953
vaporisât,VERB,23953
vaporisâtes,VERB,23953
vaporisèrent,VERB,23953
vaporisé,VERB,23953
vaporisée,VERB,23953
vaporisées,VERB,23953
vaporisés,VERB,23953
vas,VERB,14449
vas-y,VERB,14449
vase,VERB,21282
vase0,VERB,21282
vasectomie,VERB,18002
vasectomie0,VERB,18002
vasectomies,VERB,18002
vases,VERB,21282
vatican,VERB,21037
vautour,VERB,18024
vautour0,VERB,18024
vautours,VERB,18024
veau,VERB,18003
veau0,VERB,18003
veaux,VERB,18003
velcro,VERB,14155
velcro0,VERB,14155
velcros,VERB,14155
venaient,VERB,13383
venais,VERB,13383
venait,VERB,13383
venant,VERB,13383
vend,VERB,16756
vendaient,VERB,16756
vendais,VERB,16756
vendait,VERB,16756
vendant,VERB,16756
vende,VERB,16756
vendent,VERB,16756
vendes,VERB,16756
vendez,VERB,16756
vendiez,VERB,16756
vendions,VERB,16756
vendirent,VERB,16756
vendis,VERB,16756
vendisse,VERB,16756
vendissent,VERB,16756
vendisses,VERB,16756
vendissiez,VERB,16756
vendissions,VERB,16756
vendit,VERB,16756
vendons,VERB,16756
vendra,VERB,16756
vendrai,VERB,16756
vendraient,VERB,16756
vendrais,VERB,16756
vendrait,VERB,16756
vendras,VERB,16756
vendre,PRON,16756
vendredi,VERB,14400
vendredi saint,VERB,14455
vendredi0,VERB,14400
vendredis,VERB,14400
vendrez,VERB,16756
vendriez,VERB,16756
vendrions,VERB,16756
vendrons,VERB,16756
vendront,VERB,16756
vends,VERB,16756
vendu,VERB,16756
vendue,VERB,16756
vendues,VERB,16756
vendus,VERB,16756
vendîmes,VERB,16756
vendît,VERB,16756
vendîtes,VERB,16756
venez,VERB,13383
veniez,VERB,13383
venions,VERB,13383
venir,PRON,13383
venons,VERB,13383
vent,VERB,17271
vent0,VERB,17271
vente,VERB,23194
vente0,VERB,23194
ventes,VERB,23194
ventilateur,VERB,24104
ventilateur0,VERB,24104
ventilateurs,VERB,24104
ventre,VERB,17265
ventre0,VERB,17265
ventres,VERB,17265
ventrière,VERB,24132
ventrière0,VERB,24132
ventrières,VERB,24132
vents,VERB,17271
venu,VERB,13383
venue,VERB,13383
venues,VERB,13383
venus,VERB,13383
ver de terre,VERB,18279
verge,VERB,15934
vergea,VERB,15934
vergeai,VERB,15934
vergeaient,VERB,15934
vergeais,VERB,15934
vergeait,VERB,15934
vergeant,VERB,15934
vergeas,VERB,15934
vergeasse,VERB,15934
vergeassent,VERB,15934
vergeasses,VERB,15934
vergeassiez,VERB,15934
vergeassions,VERB,15934
vergent,VERB,15934
vergeons,VERB,15934
verger,VERB,15934
vergera,VERB,15934
vergerai,VERB,15934
vergeraient,VERB,15934
vergerais,VERB,15934
vergerait,VERB,15934
vergeras,VERB,15934
vergerez,VERB,15934
vergeriez,VERB,15934
vergerions,VERB,15934
vergerons,VERB,15934
vergeront,VERB,15934
verges,VERB,15934
vergez,VERB,15934
vergeâmes,VERB,15934
vergeât,VERB,15934
vergeâtes,VERB,15934
vergiez,VERB,15934
vergions,VERB,15934
vergèrent,VERB,15934
vergé,VERB,15934
vernis à ongle,VERB,15690
verra,VERB,16747
verrai,VERB,16747
verraient,VERB,16747
verrais,VERB,16747
verrait,VERB,16747
verras,VERB,16747
verre,VERB,14441
verre à vin,VERB,21363
verre0,VERB,14441
verrerie,VERB,14444
verrerie artisanale,VERB,24134
verrerie0,VERB,14444
verreries,VERB,14444
verres,VERB,14441
verrez,VERB,16747
verriez,VERB,16747
verrions,VERB,16747
verrons,VERB,16747
verront,VERB,16747
verrue vénérienne,VERB,24329
vers,VERB,16502
vers l'avant,NOUN,14390
vers le bas,NOUN,13869
vers le bas et en arrière,NOUN,13870
vers le bas et en avant,NOUN,13871
vers le haut,NOUN,17983
verseau,VERB,22647
verseau0,VERB,22647
verseaux,VERB,22647
vert,VERB,14641
vert0,VERB,14641
vert_,NOUN,14641
verte,VERB,14641
vertes,VERB,14641
vertical,ADJ,23249
vertical0,VERB,23249
verticale,VERB,23250
verticales,VERB,23249
verticalisateur,VERB,17250
verticalisateur sur roues,VERB,21820
verticalisateur0,VERB,17250
verticalisateurs,VERB,17250
verticaux,VERB,23249
vertigineuse,VERB,24642
vertigineuses,VERB,24642
vertigineux,ADJ,24642
vertigineux0,VERB,24642
verts,VERB,14641
vessie,VERB,12853
vessie0,VERB,12853
vessies,VERB,12853
veste,VERB,13371
veste0,VERB,13371
vestes,VERB,13371
vestiaire,VERB,24063
vestiaire0,VERB,24063
vestiaires,VERB,24063
vestibule,VERB,23105
vestibule0,VERB,23105
vestibules,VERB,23105
veston,VERB,13371
veston0,VERB,13371
vestons,VERB,13371
veuille,VERB,18035
veuillent,VERB,18035
veuilles,VERB,18035
veuillez,VERB,18035
veuillons,VERB,18035
veuillé,VERB,18035
veulent,VERB,18035
veut,VERB,18035
veux,VERB,18035
viande,VERB,15444
viande de boeuf,VERB,12652
viande en morceaux,VERB,23473
viande hâchée,VERB,23591
viande surgelée,VERB,22355
viande séchée,VERB,24187
viande à la broche,VERB,23945
viande0,VERB,15444
viandes,VERB,15444
vibraphone,VERB,23986
vibraphone0,VERB,23986
vibraphone_,VERB,23986
vibraphones,VERB,23986
vida,VERB,13933
vidai,VERB,13933
vidaient,VERB,13933
vidais,VERB,13933
vidait,VERB,13933
vidant,VERB,13933
vidas,VERB,13933
vidasse,VERB,13933
vidassent,VERB,13933
vidasses,VERB,13933
vidassiez,VERB,13933
vidassions,VERB,13933
vide,ADJ,13932
vide0,VERB,13932
vident,VERB,13933
vider,PRON,13933
videra,VERB,13933
viderai,VERB,13933
videraient,VERB,13933
viderais,VERB,13933
viderait,VERB,13933
videras,VERB,13933
viderez,VERB,13933
videriez,VERB,13933
viderions,VERB,13933
viderons,VERB,13933
videront,VERB,13933
vides,VERB,13932
videz,VERB,13933
vidiez,VERB,13933
vidions,VERB,13933
vidons,VERB,13933
vidâmes,VERB,13933
vidât,VERB,13933
vidâtes,VERB,13933
vidèrent,VERB,13933
vidé,VERB,13933
vidée,VERB,13933
vidées,VERB,13933
vidéocassette,VERB,13128
vidéocassette0,VERB,13128
vidéocassettes,VERB,13128
vidéophone,VERB,24781
vidéophone0,VERB,24781
vidéophones,VERB,24781
vidés,VERB,13933
vie,VERB,15206
vie éternelle,VERB,13945
vie0,VERB,15206
vieil,VERB,15915
vieille,VERB,15915
vieilles,VERB,15915
viendra,VERB,13383
viendrai,VERB,13383
viendraient,VERB,13383
viendrais,VERB,13383
viendrait,VERB,13383
viendras,VERB,13383
viendrez,VERB,13383
viendriez,VERB,13383
viendrions,VERB,13383
viendrons,VERB,13383
viendront,VERB,13383
vienne,VERB,13383
viennent,VERB,13383
viennes,VERB,13383
viens,VERB,13383
vient,VERB,13383
vierge,VERB,22642
vierge0,VERB,22642
vierges,VERB,22642
vies,VERB,15206
vieux,ADJ,15915
vieux0,VERB,15915
vigilance,VERB,24949
vigilance0,VERB,24949
vigilances,VERB,24949
vigilant,ADJ,18046
vigilant0,VERB,18046
vigilante,VERB,18046
vigilantes,VERB,18046
vigilants,VERB,18046
vignette de stationnement,VERB,23914
viking,PREP,22828
viking0,VERB,22828
vikings,VERB,22828
vilain,ADJ,15694
vilain0,VERB,15694
vilaine,VERB,15694
vilaines,VERB,15694
vilains,VERB,15694
village,VERB,18012
village0,VERB,18012
villages,VERB,18012
ville,VERB,13351
ville sainte,VERB,21088
ville0,VERB,13351
villes,VERB,13351
vin,VERB,18258
vin mousseux,VERB,22345
vin0,VERB,18258
vinaigre,VERB,18013
vinaigre0,VERB,18013
vinaigres,VERB,18013
vinaigrette,VERB,22324
vinaigrette0,VERB,22324
vinaigrettes,VERB,22324
vinaigré,ADJ,22350
vinrent,VERB,13383
vins,VERB,13383
vinsse,VERB,13383
vinssent,VERB,13383
vinsses,VERB,13383
vinssiez,VERB,13383
vinssions,VERB,13383
vint,VERB,13383
viol,VERB,16462
viol0,VERB,16462
violence,VERB,12327
violence sexuelle,VERB,16766
violence0,VERB,12327
violences,VERB,12327
violet,NOUN,16436
violet0,VERB,16436
violets,VERB,16436
violette,VERB,16436
violettes,VERB,16436
violon,VERB,23983
violon alto,VERB,23982
violon0,VERB,23983
violoncelle,VERB,23834
violoncelle0,VERB,23834
violoncelles,VERB,23834
violons,VERB,23983
viols,VERB,16462
virent,VERB,16747
virginité,VERB,18015
virginité0,VERB,18015
virginités,VERB,18015
virgule,NOUN,8487
virgule0,VERB,8487
virgules,VERB,8487
virus,VERB,23711
vis,VERB,16739
visa,VERB,24337
visa0,VERB,24337
visage,VERB,14138
visage0,VERB,14138
visages,VERB,14138
visai,VERB,16213
visaient,VERB,16213
visais,VERB,16213
visait,VERB,16213
visant,VERB,16213
visas,VERB,16213
visasse,VERB,16213
visassent,VERB,16213
visasses,VERB,16213
visassiez,VERB,16213
visassions,VERB,16213
vise,VERB,16213
visent,VERB,16213
viser,PRON,16213
visera,VERB,16213
viserai,VERB,16213
viseraient,VERB,16213
viserais,VERB,16213
viserait,VERB,16213
viseras,VERB,16213
viserez,VERB,16213
viseriez,VERB,16213
viserions,VERB,16213
viserons,VERB,16213
viseront,VERB,16213
vises,VERB,16213
visez,VERB,16213
vishnou,PREP,18016
visiez,VERB,16213
vision,VERB,21300
vision0,VERB,21300
visions,VERB,16213
visiophone,VERB,24781
visiophone0,VERB,24781
visiophones,VERB,24781
visita,VERB,18017
visitai,VERB,18017
visitaient,VERB,18017
visitais,VERB,18017
visitait,VERB,18017
visitant,VERB,18017
visitas,VERB,18017
visitasse,VERB,18017
visitassent,VERB,18017
visitasses,VERB,18017
visitassiez,VERB,18017
visitassions,VERB,18017
visite,VERB,24859
visite0,VERB,24859
visitent,VERB,18017
visiter,PRON,18017
visitera,VERB,18017
visiterai,VERB,18017
visiteraient,VERB,18017
visiterais,VERB,18017
visiterait,VERB,18017
visiteras,VERB,18017
visiterez,VERB,18017
visiteriez,VERB,18017
visiterions,VERB,18017
visiterons,VERB,18017
visiteront,VERB,18017
visites,VERB,18017
visiteur,PREP,18018
visiteur0,VERB,18018
visiteurs,VERB,18018
visiteuse,VERB,18018
visiteuses,VERB,18018
visitez,VERB,18017
visitiez,VERB,18017
visitions,VERB,18017
visitons,VERB,18017
visitâmes,VERB,18017
visitât,VERB,18017
visitâtes,VERB,18017
visitèrent,VERB,18017
visité,VERB,18017
visitée,VERB,18017
visitées,VERB,18017
visités,VERB,18017
visons,VERB,16213
visse,VERB,16747
vissent,VERB,16747
visses,VERB,16747
vissiez,VERB,16747
vissions,VERB,16747
visâmes,VERB,16213
visât,VERB,16213
visâtes,VERB,16213
visèrent,VERB,16213
visé,VERB,16213
visée,VERB,16213
visées,VERB,16213
visés,VERB,16213
vit,VERB,15222
vitesse,VERB,23216
vitesse0,VERB,23216
vitesses,VERB,23216
vivaient,VERB,15222
vivais,VERB,15222
vivait,VERB,15222
vivant,VERB,15222
vive,VERB,15222
vivent,VERB,15222
vives,VERB,15222
vivez,VERB,15222
viviez,VERB,15222
vivions,VERB,15222
vivons,VERB,15222
vivra,VERB,15222
vivrai,VERB,15222
vivraient,VERB,15222
vivrais,VERB,15222
vivrait,VERB,15222
vivras,VERB,15222
vivre,PRON,15222
vivrez,VERB,15222
vivriez,VERB,15222
vivrions,VERB,15222
vivrons,VERB,15222
vivront,VERB,15222
vocation,VERB,21359
vocation0,VERB,21359
vocations,VERB,21359
voie,VERB,23690
voie des bus,VERB,24039
voie ferrée,VERB,23628
voie routière,VERB,23430
voie0,VERB,23690
voient,VERB,16747
voies,VERB,16747
voile,VERB,16706
voile0,VERB,16706
voiles,VERB,16706
voilier,VERB,16707
voilier à plusieurs mâts,VERB,22073
voilier0,VERB,16707
voiliers,VERB,16707
voir,PRON,16747
vois,VERB,16747
voisin,PREP,15705
voisin0,VERB,15705
voisine,VERB,15705
voisines,VERB,15705
voisins,VERB,15705
voit,VERB,16747
voiture,VERB,13121
voiture0,VERB,13121
voitures,VERB,13121
voix,VERB,23984
vol à voile,VERB,22114
vola,VERB,14372
volai,VERB,14372
volaient,VERB,14372
volais,VERB,14372
volait,VERB,14372
volant,ADJ,14373
volant0,VERB,14373
volants,VERB,14373
volas,VERB,14372
volasse,VERB,14372
volassent,VERB,14372
volasses,VERB,14372
volassiez,VERB,14372
volassions,VERB,14372
volcan,VERB,18020
volcan0,VERB,18020
volcans,VERB,18020
vole,VERB,14372
volent,VERB,14372
voler,PRON,14372
volera,VERB,14372
volerai,VERB,14372
voleraient,VERB,14372
volerais,VERB,14372
volerait,VERB,14372
voleras,VERB,14372
volerez,VERB,14372
voleriez,VERB,14372
volerions,VERB,14372
volerons,VERB,14372
voleront,VERB,14372
voles,VERB,14372
voleur,PREP,23638
voleur0,VERB,23638
voleurs,VERB,23638
voleuse,VERB,23638
voleuses,VERB,23638
volez,VERB,14372
voliez,VERB,14372
volions,VERB,14372
volleyball,VERB,21804
volleyball0,VERB,21804
volleyballs,VERB,21804
volons,VERB,14372
volonté,VERB,24804
volonté0,VERB,24804
volontés,VERB,24804
volume,VERB,17221
volume0,VERB,17221
volumes,VERB,17221
volâmes,VERB,14372
volât,VERB,14372
volâtes,VERB,14372
volèrent,VERB,14372
volé,VERB,14372
volée,VERB,14372
volées,VERB,14372
volés,VERB,14372
vomi,VERB,18022
vomie,VERB,18022
vomies,VERB,18022
vomir,PRON,18022
vomira,VERB,18022
vomirai,VERB,18022
vomiraient,VERB,18022
vomirais,VERB,18022
vomirait,VERB,18022
vomiras,VERB,18022
vomirent,VERB,18022
vomirez,VERB,18022
vomiriez,VERB,18022
vomirions,VERB,18022
vomirons,VERB,18022
vomiront,VERB,18022
vomis,VERB,18022
vomissaient,VERB,18022
vomissais,VERB,18022
vomissait,VERB,18022
vomissant,VERB,18022
vomisse,VERB,18022
vomissement,VERB,24950
vomissement0,VERB,24950
vomissements,VERB,24950
vomissent,VERB,18022
vomisses,VERB,18022
vomissez,VERB,18022
vomissiez,VERB,18022
vomissions,VERB,18022
vomissons,VERB,18022
vomit,VERB,18022
vomîmes,VERB,18022
vomît,VERB,18022
vomîtes,VERB,18022
vont,VERB,14449
vos,PREP,18468
votre,PREP,18468
voudra,VERB,18035
voudrai,VERB,18035
voudraient,VERB,18035
voudrais,VERB,18035
voudrait,VERB,18035
voudras,VERB,18035
voudrez,VERB,18035
voudriez,VERB,18035
voudrions,VERB,18035
voudrons,VERB,18035
voudront,VERB,18035
voulaient,VERB,18035
voulais,VERB,18035
voulait,VERB,18035
voulant,VERB,18035
voulez,VERB,18035
vouliez,VERB,18035
voulions,VERB,18035
vouloir,PRON,18035
voulons,VERB,18035
voulu,VERB,18035
voulue,VERB,18035
voulues,VERB,18035
voulurent,VERB,18035
voulus,VERB,18035
voulusse,VERB,18035
voulussent,VERB,18035
voulusses,VERB,18035
voulussiez,VERB,18035
voulussions,VERB,18035
voulut,VERB,18035
voulûmes,VERB,18035
voulût,VERB,18035
voulûtes,VERB,18035
vous,PREP,18298
vous-même,PREP,18299
vous-mêmes,PREP,18298
voué à,ADJ,24082
voyage,VERB,17779
voyage0,VERB,17779
voyagea,VERB,17772
voyageai,VERB,17772
voyageaient,VERB,17772
voyageais,VERB,17772
voyageait,VERB,17772
voyageant,VERB,17772
voyageas,VERB,17772
voyageasse,VERB,17772
voyageassent,VERB,17772
voyageasses,VERB,17772
voyageassiez,VERB,17772
voyageassions,VERB,17772
voyagent,VERB,17772
voyageons,VERB,17772
voyager,PRON,17772
voyagera,VERB,17772
voyagerai,VERB,17772
voyageraient,VERB,17772
voyagerais,VERB,17772
voyagerait,VERB,17772
voyageras,VERB,17772
voyagerez,VERB,17772
voyageriez,VERB,17772
voyagerions,VERB,17772
voyagerons,VERB,17772
voyageront,VERB,17772
voyages,VERB,17772
voyageur,VERB,23605
voyageur0,VERB,23605
voyageurs,VERB,23605
voyageuse,VERB,23605
voyageuses,VERB,23605
voyagez,VERB,17772
voyageâmes,VERB,17772
voyageât,VERB,17772
voyageâtes,VERB,17772
voyagiez,VERB,17772
voyagions,VERB,17772
voyagèrent,VERB,17772
voyagé,VERB,17772
voyaient,VERB,16747
voyais,VERB,16747
voyait,VERB,16747
voyant,VERB,16747
voyeurisme,VERB,18023
voyeurisme0,VERB,18023
voyeurismes,VERB,18023
voyez,VERB,16747
voyiez,VERB,16747
voyions,VERB,16747
voyons,VERB,16747
vrai,ADJ,16467
vu,VERB,16747
vue,VERB,16747
vues,VERB,16747
vulve,VERB,18025
vulve0,VERB,18025
vulves,VERB,18025
vus,VERB,16747
vécu,VERB,15222
vécue,VERB,15222
vécues,VERB,15222
vécurent,VERB,15222
vécus,VERB,15222
vécusse,VERB,15222
vécussent,VERB,15222
vécusses,VERB,15222
vécussiez,VERB,15222
vécussions,VERB,15222
vécut,VERB,15222
vécûmes,VERB,15222
vécût,VERB,15222
vécûtes,VERB,15222
véhicule,VERB,18010
véhicule de neige,VERB,23950
véhicule spatial,VERB,16680
véhicule0,VERB,18010
véhicules,VERB,18010
vélo,VERB,12834
vélo chaise roulante,VERB,21819
vélo couché,VERB,21815
vélo de montagne,VERB,21817
vélo manuel,VERB,21814
vélo tout terrain,VERB,21818
vélo0,VERB,12834
vélomoteur,VERB,21810
vélomoteur0,VERB,21810
vélomoteurs,VERB,21810
vélos,VERB,12834
véranda,VERB,12620
véranda0,VERB,12620
vérandas,VERB,12620
véridique,ADJ,17782
véridique0,VERB,17782
véridiques,VERB,17782
vérificateur des comptes,PREP,24018
véritable,ADJ,16467
véritable0,VERB,16467
véritables,VERB,16467
vérité,VERB,17786
vérité0,VERB,17786
vérités,VERB,17786
vésicule séminale,VERB,16758
vêtement,VERB,13366
vêtement de neige,VERB,17199
vêtement de pluie,VERB,16457
vêtement0,VERB,13366
vêtements,VERB,13366
vîmes,VERB,16747
vînmes,VERB,13383
vînt,VERB,13383
vîntes,VERB,13383
vît,VERB,16747
vîtes,VERB,16747
vœu,VERB,24833
vœu0,VERB,24833
vœux,VERB,24833
wagon,VERB,18028
wagon0,VERB,18028
wagons,VERB,18028
water-polo,VERB,21805
water-polo0,VERB,21805
water-polos,VERB,21805
web,VERB,23709
weekend,VERB,18218
wok,VERB,22582
wok0,VERB,22582
woks,VERB,22582
wow,OTHER,18282
xylophone,VERB,23986
xylophone0,VERB,23986
xylophones,VERB,23986
yahrzeit,VERB,18286
yaourt,VERB,18296
yaourt aux fruits,VERB,14407
yaourt surgelé,VERB,22357
yaourt0,VERB,18296
yaourts,VERB,18296
yen,VERB,18293
yen0,VERB,18293
yens,VERB,18293
yoghourt,VERB,18296
yoghourt0,VERB,18296
yoghourts,VERB,18296
yom ha-atsmaout,VERB,14937
zoo,VERB,18475
zoo0,VERB,18475
zoologie,VERB,21549
zoologie0,VERB,21549
zoologies,VERB,21549
zoologue,PREP,21566
zoologue0,VERB,21566
zoologues,VERB,21566
zoos,VERB,18475
zèbre,VERB,18474
zèbre0,VERB,18474
zèbres,VERB,18474
zéro,NOUN,8496
zéro0,VERB,8496
zéros,VERB,8496
à bord,ADJ,23401
à carreaux,ADJ,24055
à destination,ADJ,24017
à l'aide de,NOUN,18267
à l'arrivée,ADJ,24017
à l'intérieur,VERB,22116
à ligne,ADJ,24293
à moins,NOUN,17981
à nouveau,NOUN,12350
à pois,ADJ,24087
à propos de,NOUN,12324
à proximité,ADJ,15697
à qui,NOUN,18246
à terre,ADJ,23404
à travers,NOUN,12333
à votre service,OTHER,18466
âge de bronze,VERB,23036
âge de pierre,VERB,23222
âge du fer,VERB,23123
âgé,ADJ,23910
âgé0,VERB,23910
âgée,VERB,23910
âgées,VERB,23910
âgés,VERB,23910
âme,VERB,21044
âme0,VERB,21044
âmes,VERB,21044
âne,VERB,13865
âne0,VERB,13865
ânes,VERB,13865
ânon,VERB,24448
ânon0,VERB,24448
ânons,VERB,24448
âpre,ADJ,12848
âpre0,VERB,12848
âpres,VERB,12848
ça,NOUN,17697
ébénisterie,VERB,24339
ébénisterie0,VERB,24339
ébénisteries,VERB,24339
échalotte,VERB,18006
échange,VERB,14118
échangea,VERB,14118
échangeai,VERB,14118
échangeaient,VERB,14118
échangeais,VERB,14118
échangeait,VERB,14118
échangeant,VERB,14118
échangeas,VERB,14118
échangeasse,VERB,14118
échangeassent,VERB,14118
échangeasses,VERB,14118
échangeassiez,VERB,14118
échangeassions,VERB,14118
échangent,VERB,14118
échangeons,VERB,14118
échanger,PRON,14118
échangera,VERB,14118
échangerai,VERB,14118
échangeraient,VERB,14118
échangerais,VERB,14118
échangerait,VERB,14118
échangeras,VERB,14118
échangerez,VERB,14118
échangeriez,VERB,14118
échangerions,VERB,14118
échangerons,VERB,14118
échangeront,VERB,14118
échanges,VERB,14118
échangeur,VERB,24653
échangeur0,VERB,24653
échangeurs,VERB,24653
échangeuse,VERB,24653
échangeuses,VERB,24653
échangez,VERB,14118
échangeâmes,VERB,14118
échangeât,VERB,14118
échangeâtes,VERB,14118
échangiez,VERB,14118
échangions,VERB,14118
échangèrent,VERB,14118
échangé,VERB,14118
échangée,VERB,14118
échangées,VERB,14118
échangés,VERB,14118
écharpe,VERB,16730
écharpe0,VERB,16730
écharpes,VERB,16730
échec,VERB,24445
échec0,VERB,24445
échecs,VERB,24445
échelle,VERB,15166
échelle0,VERB,15166
échelles,VERB,15166
échoua,VERB,23897
échouai,VERB,23897
échouaient,VERB,23897
échouais,VERB,23897
échouait,VERB,23897
échouant,VERB,23897
échouas,VERB,23897
échouasse,VERB,23897
échouassent,VERB,23897
échouasses,VERB,23897
échouassiez,VERB,23897
échouassions,VERB,23897
échoue,VERB,23897
échouent,VERB,23897
échouer,PRON,23897
échouera,VERB,23897
échouerai,VERB,23897
échoueraient,VERB,23897
échouerais,VERB,23897
échouerait,VERB,23897
échoueras,VERB,23897
échouerez,VERB,23897
échoueriez,VERB,23897
échouerions,VERB,23897
échouerons,VERB,23897
échoueront,VERB,23897
échoues,VERB,23897
échouez,VERB,23897
échouiez,VERB,23897
échouions,VERB,23897
échouons,VERB,23897
échouâmes,VERB,23897
échouât,VERB,23897
échouâtes,VERB,23897
échouèrent,VERB,23897
échoué,VERB,23897
échouée,VERB,23897
échouées,VERB,23897
échoués,VERB,23897
éclaboussa,VERB,17232
éclaboussai,VERB,17232
éclaboussaient,VERB,17232
éclaboussais,VERB,17232
éclaboussait,VERB,17232
éclaboussant,VERB,17232
éclaboussas,VERB,17232
éclaboussasse,VERB,17232
éclaboussassent,VERB,17232
éclaboussasses,VERB,17232
éclaboussassiez,VERB,17232
éclaboussassions,VERB,17232
éclabousse,VERB,17232
éclaboussent,VERB,17232
éclabousser,PRON,17232
éclaboussera,VERB,17232
éclabousserai,VERB,17232
éclabousseraient,VERB,17232
éclabousserais,VERB,17232
éclabousserait,VERB,17232
éclabousseras,VERB,17232
éclabousserez,VERB,17232
éclabousseriez,VERB,17232
éclabousserions,VERB,17232
éclabousserons,VERB,17232
éclabousseront,VERB,17232
éclabousses,VERB,17232
éclaboussez,VERB,17232
éclaboussiez,VERB,17232
éclaboussions,VERB,17232
éclaboussons,VERB,17232
éclaboussâmes,VERB,17232
éclaboussât,VERB,17232
éclaboussâtes,VERB,17232
éclaboussèrent,VERB,17232
éclaboussé,VERB,17232
éclaboussée,VERB,17232
éclaboussées,VERB,17232
éclaboussés,VERB,17232
éclair,VERB,15209
éclair0,VERB,15209
éclairs,VERB,15209
éclat,VERB,24135
éclat0,VERB,24135
éclats,VERB,24135
éclipse lunaire,VERB,24690
éclipse solaire,VERB,24755
écoeurant,ADJ,22354
école,VERB,16734
école d'équitation,VERB,24246
école maternelle,VERB,23558
école primaire,VERB,23076
école0,VERB,16734
écoles,VERB,16734
économie,VERB,21543
économie0,VERB,21543
économies,VERB,21543
économiste,PREP,21561
économiste0,VERB,21561
économistes,VERB,21561
écorce,VERB,22311
écorce0,VERB,22311
écorces,VERB,22311
écoulement vaginal,VERB,24326
écouta,VERB,14692
écoutai,VERB,14692
écoutaient,VERB,14692
écoutais,VERB,14692
écoutait,VERB,14692
écoutant,VERB,14692
écoutas,VERB,14692
écoutasse,VERB,14692
écoutassent,VERB,14692
écoutasses,VERB,14692
écoutassiez,VERB,14692
écoutassions,VERB,14692
écoute,VERB,14692
écoutent,VERB,14692
écouter,PRON,14692
écoutera,VERB,14692
écouterai,VERB,14692
écouteraient,VERB,14692
écouterais,VERB,14692
écouterait,VERB,14692
écouteras,VERB,14692
écouterez,VERB,14692
écouteriez,VERB,14692
écouterions,VERB,14692
écouterons,VERB,14692
écouteront,VERB,14692
écoutes,VERB,14692
écouteurs,VERB,13899
écoutez,VERB,14692
écoutiez,VERB,14692
écoutions,VERB,14692
écoutons,VERB,14692
écoutâmes,VERB,14692
écoutât,VERB,14692
écoutâtes,VERB,14692
écoutèrent,VERB,14692
écouté,VERB,14692
écoutée,VERB,14692
écoutées,VERB,14692
écoutés,VERB,14692
écran,VERB,23451
écran tactile,VERB,23687
écran total,VERB,17463
écran0,VERB,23451
écrans,VERB,23451
écrasa,VERB,13616
écrasai,VERB,13616
écrasaient,VERB,13616
écrasais,VERB,13616
écrasait,VERB,13616
écrasant,VERB,13616
écrasas,VERB,13616
écrasasse,VERB,13616
écrasassent,VERB,13616
écrasasses,VERB,13616
écrasassiez,VERB,13616
écrasassions,VERB,13616
écrase,VERB,13616
écrasent,VERB,13616
écraser,PRON,13616
écraser-,PRON,13436
écrasera,VERB,13616
écraserai,VERB,13616
écraseraient,VERB,13616
écraserais,VERB,13616
écraserait,VERB,13616
écraseras,VERB,13616
écraserez,VERB,13616
écraseriez,VERB,13616
écraserions,VERB,13616
écraserons,VERB,13616
écraseront,VERB,13616
écrases,VERB,13616
écrasez,VERB,13616
écrasiez,VERB,13616
écrasions,VERB,13616
écrasons,VERB,13616
écrasâmes,VERB,13616
écrasât,VERB,13616
écrasâtes,VERB,13616
écrasèrent,VERB,13616
écrasé,VERB,13616
écrasée,VERB,13616
écrasées,VERB,13616
écrasés,VERB,13616
écrevisse,VERB,23053
écrevisse0,VERB,23053
écrevisses,VERB,23053
écrira,VERB,18285
écrirai,VERB,18285
écriraient,VERB,18285
écrirais,VERB,18285
écrirait,VERB,18285
écriras,VERB,18285
écrire,PRON,18285
écrirez,VERB,18285
écririez,VERB,18285
écririons,VERB,18285
écrirons,VERB,18285
écriront,VERB,18285
écris,VERB,18285
écrit,VERB,18285
écrite,VERB,18285
écrites,VERB,18285
écrits,VERB,18285
écrivaient,VERB,18285
écrivain,PREP,23716
écrivain0,VERB,23716
écrivaine,VERB,23716
écrivaines,VERB,23716
écrivains,VERB,23716
écrivais,VERB,18285
écrivait,VERB,18285
écrivant,VERB,18285
écrive,VERB,18285
écrivent,VERB,18285
écrives,VERB,18285
écrivez,VERB,18285
écriviez,VERB,18285
écrivions,VERB,18285
écrivirent,VERB,18285
écrivis,VERB,18285
écrivisse,VERB,18285
écrivissent,VERB,18285
écrivisses,VERB,18285
écrivissiez,VERB,18285
écrivissions,VERB,18285
écrivit,VERB,18285
écrivons,VERB,18285
écrivîmes,VERB,18285
écrivît,VERB,18285
écrivîtes,VERB,18285
écueil,VERB,24763
écueil0,VERB,24763
écueils,VERB,24763
écume,VERB,23875
écume0,VERB,23875
écumes,VERB,23875
écureuil,VERB,17245
écureuil0,VERB,17245
écureuils,VERB,17245
écurie,VERB,12630
écurie0,VERB,12630
écuries,VERB,12630
édifia,VERB,24877
édifiai,VERB,24877
édifiaient,VERB,24877
édifiais,VERB,24877
édifiait,VERB,24877
édifiant,VERB,24877
édifias,VERB,24877
édifiasse,VERB,24877
édifiassent,VERB,24877
édifiasses,VERB,24877
édifiassiez,VERB,24877
édifiassions,VERB,24877
édifie,VERB,24877
édifient,VERB,24877
édifier,PRON,24877
édifiera,VERB,24877
édifierai,VERB,24877
édifieraient,VERB,24877
édifierais,VERB,24877
édifierait,VERB,24877
édifieras,VERB,24877
édifierez,VERB,24877
édifieriez,VERB,24877
édifierions,VERB,24877
édifierons,VERB,24877
édifieront,VERB,24877
édifies,VERB,24877
édifiez,VERB,24877
édifiiez,VERB,24877
édifiions,VERB,24877
édifions,VERB,24877
édifiâmes,VERB,24877
édifiât,VERB,24877
édifiâtes,VERB,24877
édifièrent,VERB,24877
édifié,VERB,24877
édifiée,VERB,24877
édifiées,VERB,24877
édifiés,VERB,24877
éducateur,PREP,23675
éducateur0,VERB,23675
éducateurs,VERB,23675
éducation,VERB,13908
éducation conductive,VERB,24068
éducation0,VERB,13908
éducations,VERB,13908
éducatrice,VERB,23675
éducatrices,VERB,23675
édulcorant,VERB,17453
édulcorant0,VERB,17453
édulcorants,VERB,17453
égal,PREP,23165
égal0,VERB,23165
égala,VERB,13943
égalai,VERB,13943
égalaient,VERB,13943
égalais,VERB,13943
égalait,VERB,13943
égalant,VERB,13943
égalas,VERB,13943
égalasse,VERB,13943
égalassent,VERB,13943
égalasses,VERB,13943
égalassiez,VERB,13943
égalassions,VERB,13943
égale,VERB,13943
égalent,VERB,13943
égaler,PRON,13943
égalera,VERB,13943
égalerai,VERB,13943
égaleraient,VERB,13943
égalerais,VERB,13943
égalerait,VERB,13943
égaleras,VERB,13943
égalerez,VERB,13943
égaleriez,VERB,13943
égalerions,VERB,13943
égalerons,VERB,13943
égaleront,VERB,13943
égales,VERB,13943
égalez,VERB,13943
égaliez,VERB,13943
égalions,VERB,13943
égalité,NOUN,16713
égalité0,VERB,16713
égalités,VERB,16713
égalons,VERB,13943
égalâmes,VERB,13943
égalât,VERB,13943
égalâtes,VERB,13943
égalèrent,VERB,13943
égalé,VERB,13943
égalée,VERB,13943
égalées,VERB,13943
égalés,VERB,13943
égaux,VERB,23165
église,VERB,13345
église0,VERB,13345
églises,VERB,13345
égocentrique,ADJ,16755
égocentrique0,VERB,16755
égocentriques,VERB,16755
égocentrisme,VERB,24937
égocentrisme0,VERB,24937
égocentrismes,VERB,24937
égoutta,VERB,13872
égouttai,VERB,13872
égouttaient,VERB,13872
égouttais,VERB,13872
égouttait,VERB,13872
égouttant,VERB,13872
égouttas,VERB,13872
égouttasse,VERB,13872
égouttassent,VERB,13872
égouttasses,VERB,13872
égouttassiez,VERB,13872
égouttassions,VERB,13872
égoutte,VERB,13872
égouttent,VERB,13872
égoutter,PRON,13872
égouttera,VERB,13872
égoutterai,VERB,13872
égoutteraient,VERB,13872
égoutterais,VERB,13872
égoutterait,VERB,13872
égoutteras,VERB,13872
égoutterez,VERB,13872
égoutteriez,VERB,13872
égoutterions,VERB,13872
égoutterons,VERB,13872
égoutteront,VERB,13872
égouttes,VERB,13872
égouttez,VERB,13872
égouttiez,VERB,13872
égouttions,VERB,13872
égouttoir,VERB,24431
égouttoir0,VERB,24431
égouttoirs,VERB,24431
égouttons,VERB,13872
égouttâmes,VERB,13872
égouttât,VERB,13872
égouttâtes,VERB,13872
égouttèrent,VERB,13872
égoutté,VERB,13872
égouttée,VERB,13872
égouttées,VERB,13872
égouttés,VERB,13872
égoïsme,VERB,24937
égoïsme0,VERB,24937
égoïsmes,VERB,24937
égoïste,ADJ,16755
égoïste0,VERB,16755
égoïstes,VERB,16755
éjaculation,VERB,13915
éjaculation0,VERB,13915
éjaculations,VERB,13915
élabora,VERB,16195
élaborai,VERB,16195
élaboraient,VERB,16195
élaborais,VERB,16195
élaborait,VERB,16195
élaborant,VERB,16195
élaboras,VERB,16195
élaborasse,VERB,16195
élaborassent,VERB,16195
élaborasses,VERB,16195
élaborassiez,VERB,16195
élaborassions,VERB,16195
élabore,VERB,16195
élaborent,VERB,16195
élaborer,PRON,16195
élaborera,VERB,16195
élaborerai,VERB,16195
élaboreraient,VERB,16195
élaborerais,VERB,16195
élaborerait,VERB,16195
élaboreras,VERB,16195
élaborerez,VERB,16195
élaboreriez,VERB,16195
élaborerions,VERB,16195
élaborerons,VERB,16195
élaboreront,VERB,16195
élabores,VERB,16195
élaborez,VERB,16195
élaboriez,VERB,16195
élaborions,VERB,16195
élaborons,VERB,16195
élaborâmes,VERB,16195
élaborât,VERB,16195
élaborâtes,VERB,16195
élaborèrent,VERB,16195
élaboré,VERB,16195
élaborée,VERB,16195
élaborées,VERB,16195
élaborés,VERB,16195
élan,VERB,15652
élan0,VERB,15652
élans,VERB,15652
électeur,PREP,24092
électeur0,VERB,24092
électeurs,VERB,24092
électorat,PREP,24093
électorat0,VERB,24093
électorats,VERB,24093
électrice,VERB,24092
électrices,VERB,24092
électricien,PREP,23482
électricien0,VERB,23482
électricienne,VERB,23482
électriciennes,VERB,23482
électriciens,VERB,23482
électricité,VERB,13918
électricité0,VERB,13918
électricités,VERB,13918
électrique,ADJ,13917
électrique0,VERB,13917
électriques,VERB,13917
éloignement,VERB,24896
éloignement0,VERB,24896
éloignements,VERB,24896
éloigné,ADJ,14150
élève,PREP,17446
élève0,VERB,17446
élèves,VERB,17446
éléphant,VERB,13923
éléphant0,VERB,13923
éléphante,VERB,13923
éléphantes,VERB,13923
éléphants,VERB,13923
élévateur,VERB,13924
élévateur0,VERB,13924
élévateurs,VERB,13924
élévatrice,VERB,13924
élévatrices,VERB,13924
émet,VERB,24615
émets,VERB,24615
émettaient,VERB,24615
émettais,VERB,24615
émettait,VERB,24615
émettant,VERB,24615
émette,VERB,24615
émettent,VERB,24615
émettes,VERB,24615
émettez,VERB,24615
émettiez,VERB,24615
émettions,VERB,24615
émettons,VERB,24615
émettra,VERB,24615
émettrai,VERB,24615
émettraient,VERB,24615
émettrais,VERB,24615
émettrait,VERB,24615
émettras,VERB,24615
émettre,PRON,24615
émettrez,VERB,24615
émettriez,VERB,24615
émettrions,VERB,24615
émettrons,VERB,24615
émettront,VERB,24615
émirent,VERB,24615
émis,VERB,24615
émise,VERB,24615
émises,VERB,24615
émisse,VERB,24615
émissent,VERB,24615
émisses,VERB,24615
émissiez,VERB,24615
émissions,VERB,24615
émit,VERB,24615
émotion,VERB,14164
émotion0,VERB,14164
émotions,VERB,14164
émîmes,VERB,24615
émît,VERB,24615
émîtes,VERB,24615
énergie corporelle,VERB,23866
énergie mentale,VERB,23865
énergie nucléaire,VERB,15738
énergie physique,VERB,16234
énergie solaire,VERB,13936
énorme,ADJ,21352
énorme0,VERB,21352
énormes,VERB,21352
épaule,VERB,16964
épaule0,VERB,16964
épaules,VERB,16964
épela,VERB,23665
épelai,VERB,23665
épelaient,VERB,23665
épelais,VERB,23665
épelait,VERB,23665
épelant,VERB,23665
épelas,VERB,23665
épelasse,VERB,23665
épelassent,VERB,23665
épelasses,VERB,23665
épelassiez,VERB,23665
épelassions,VERB,23665
épeler,PRON,23665
épelez,VERB,23665
épeliez,VERB,23665
épelions,VERB,23665
épelle,VERB,23665
épellent,VERB,23665
épellera,VERB,23665
épellerai,VERB,23665
épelleraient,VERB,23665
épellerais,VERB,23665
épellerait,VERB,23665
épelleras,VERB,23665
épellerez,VERB,23665
épelleriez,VERB,23665
épellerions,VERB,23665
épellerons,VERB,23665
épelleront,VERB,23665
épelles,VERB,23665
épelons,VERB,23665
épelâmes,VERB,23665
épelât,VERB,23665
épelâtes,VERB,23665
épelèrent,VERB,23665
épelé,VERB,23665
épelée,VERB,23665
épelées,VERB,23665
épelés,VERB,23665
épicerie,VERB,14645
épicerie0,VERB,14645
épiceries,VERB,14645
épicé,ADJ,14901
épingle,VERB,16181
épingle0,VERB,16181
épingles,VERB,16181
éponge,VERB,12325
éponge0,VERB,12325
éponges,VERB,12325
épousa,VERB,15426
épousai,VERB,15426
épousaient,VERB,15426
épousais,VERB,15426
épousait,VERB,15426
épousant,VERB,15426
épousas,VERB,15426
épousasse,VERB,15426
épousassent,VERB,15426
épousasses,VERB,15426
épousassiez,VERB,15426
épousassions,VERB,15426
épouse,PREP,18251
épousent,VERB,15426
épouser,PRON,15426
épousera,VERB,15426
épouserai,VERB,15426
épouseraient,VERB,15426
épouserais,VERB,15426
épouserait,VERB,15426
épouseras,VERB,15426
épouserez,VERB,15426
épouseriez,VERB,15426
épouserions,VERB,15426
épouserons,VERB,15426
épouseront,VERB,15426
épouses,VERB,14914
épousez,VERB,15426
épousiez,VERB,15426
épousions,VERB,15426
épousons,VERB,15426
épousâmes,VERB,15426
épousât,VERB,15426
épousâtes,VERB,15426
épousèrent,VERB,15426
épousé,VERB,15426
épousée,VERB,15426
épousées,VERB,15426
épousés,VERB,15426
époux,PREP,14914
époux0,VERB,14914
éprouver de la rancune,PRON,16490
épuisé,ADJ,23827
épée,VERB,15159
épée0,VERB,15159
épées,VERB,15159
équateur,VERB,22598
équateur0,VERB,22598
équateurs,VERB,22598
équipage,VERB,20601
équipage0,VERB,20601
équipages,VERB,20601
équipe,PREP,17514
équipe de football,VERB,24450
équipe0,VERB,17514
équipes,VERB,17514
équitable,ADJ,23081
équitable0,VERB,23081
équitables,VERB,23081
équitation,VERB,24936
équitation0,VERB,24936
équitations,VERB,24936
équithérapie,VERB,24310
érection,VERB,13944
érection0,VERB,13944
érections,VERB,13944
éruption,VERB,24232
éruption0,VERB,24232
éruptions,VERB,24232
étable,VERB,12630
étable0,VERB,12630
étables,VERB,12630
établissement de logement,VERB,16492
étage,VERB,23085
étage 42,VERB,23086
étage0,VERB,23085
étages,VERB,23085
étagère,VERB,16953
étagère0,VERB,16953
étagères,VERB,16953
étaient,VERB,12639
étain,VERB,23239
étain0,VERB,23239
étains,VERB,23239
étais,VERB,12639
était,VERB,12639
étala,VERB,17239
étalai,VERB,17239
étalaient,VERB,17239
étalais,VERB,17239
étalait,VERB,17239
étalant,VERB,17239
étalas,VERB,17239
étalasse,VERB,17239
étalassent,VERB,17239
étalasses,VERB,17239
étalassiez,VERB,17239
étalassions,VERB,17239
étale,VERB,17239
étalent,VERB,17239
étaler,PRON,17239
étalera,VERB,17239
étalerai,VERB,17239
étaleraient,VERB,17239
étalerais,VERB,17239
étalerait,VERB,17239
étaleras,VERB,17239
étalerez,VERB,17239
étaleriez,VERB,17239
étalerions,VERB,17239
étalerons,VERB,17239
étaleront,VERB,17239
étales,VERB,17239
étalez,VERB,17239
étaliez,VERB,17239
étalions,VERB,17239
étalon,VERB,24282
étalon0,VERB,24282
étalons,VERB,17239
étalâmes,VERB,17239
étalât,VERB,17239
étalâtes,VERB,17239
étalèrent,VERB,17239
étalé,VERB,17239
étalée,VERB,17239
étalées,VERB,17239
étalés,VERB,17239
étang,VERB,15168
étang0,VERB,15168
étangs,VERB,15168
étant,VERB,12639
éteignaient,VERB,24299
éteignais,VERB,24299
éteignait,VERB,24299
éteignant,VERB,24299
éteigne,VERB,24299
éteignent,VERB,24299
éteignes,VERB,24299
éteignez,VERB,24299
éteigniez,VERB,24299
éteignions,VERB,24299
éteignirent,VERB,24299
éteignis,VERB,24299
éteignisse,VERB,24299
éteignissent,VERB,24299
éteignisses,VERB,24299
éteignissiez,VERB,24299
éteignissions,VERB,24299
éteignit,VERB,24299
éteignons,VERB,24299
éteignîmes,VERB,24299
éteignît,VERB,24299
éteignîtes,VERB,24299
éteindra,VERB,24299
éteindrai,VERB,24299
éteindraient,VERB,24299
éteindrais,VERB,24299
éteindrait,VERB,24299
éteindras,VERB,24299
éteindre,PRON,24299
éteindrez,VERB,24299
éteindriez,VERB,24299
éteindrions,VERB,24299
éteindrons,VERB,24299
éteindront,VERB,24299
éteins,VERB,24299
éteint,VERB,24299
éteinte,VERB,24299
éteintes,VERB,24299
éteints,VERB,24299
étend,VERB,24291
étendaient,VERB,24291
étendais,VERB,24291
étendait,VERB,24291
étendant,VERB,24291
étende,VERB,24291
étendent,VERB,24291
étendes,VERB,24291
étendez,VERB,24291
étendiez,VERB,24291
étendions,VERB,24291
étendirent,VERB,24291
étendis,VERB,24291
étendisse,VERB,24291
étendissent,VERB,24291
étendisses,VERB,24291
étendissiez,VERB,24291
étendissions,VERB,24291
étendit,VERB,24291
étendons,VERB,24291
étendra,VERB,24291
étendrai,VERB,24291
étendraient,VERB,24291
étendrais,VERB,24291
étendrait,VERB,24291
étendras,VERB,24291
étendre,PRON,24291
étendrez,VERB,24291
étendriez,VERB,24291
étendrions,VERB,24291
étendrons,VERB,24291
étendront,VERB,24291
étends,VERB,24291
étendu,VERB,24291
étendue,VERB,24291
étendues,VERB,24291
étendus,VERB,24291
étendîmes,VERB,24291
étendît,VERB,24291
étendîtes,VERB,24291
éternel,ADJ,21332
éternel0,VERB,21332
éternelle,VERB,21332
éternelles,VERB,21332
éternels,VERB,21332
éternité,VERB,24892
éternité0,VERB,24892
éternités,VERB,24892
éternua,VERB,17191
éternuai,VERB,17191
éternuaient,VERB,17191
éternuais,VERB,17191
éternuait,VERB,17191
éternuant,VERB,17191
éternuas,VERB,17191
éternuasse,VERB,17191
éternuassent,VERB,17191
éternuasses,VERB,17191
éternuassiez,VERB,17191
éternuassions,VERB,17191
éternue,VERB,17191
éternuent,VERB,17191
éternuer,PRON,17191
éternuera,VERB,17191
éternuerai,VERB,17191
éternueraient,VERB,17191
éternuerais,VERB,17191
éternuerait,VERB,17191
éternueras,VERB,17191
éternuerez,VERB,17191
éternueriez,VERB,17191
éternuerions,VERB,17191
éternuerons,VERB,17191
éternueront,VERB,17191
éternues,VERB,17191
éternuez,VERB,17191
éternuiez,VERB,17191
éternuions,VERB,17191
éternuons,VERB,17191
éternuâmes,VERB,17191
éternuât,VERB,17191
éternuâtes,VERB,17191
éternuèrent,VERB,17191
éternué,VERB,17191
étiez,VERB,12639
étincelle,VERB,24274
étincelle0,VERB,24274
étincelles,VERB,24274
étions,VERB,12639
étira,VERB,24291
étirai,VERB,24291
étiraient,VERB,24291
étirais,VERB,24291
étirait,VERB,24291
étirant,VERB,24291
étiras,VERB,24291
étirasse,VERB,24291
étirassent,VERB,24291
étirasses,VERB,24291
étirassiez,VERB,24291
étirassions,VERB,24291
étire,VERB,24291
étirent,VERB,24291
étirer,PRON,24291
étirera,VERB,24291
étirerai,VERB,24291
étireraient,VERB,24291
étirerais,VERB,24291
étirerait,VERB,24291
étireras,VERB,24291
étirerez,VERB,24291
étireriez,VERB,24291
étirerions,VERB,24291
étirerons,VERB,24291
étireront,VERB,24291
étires,VERB,24291
étirez,VERB,24291
étiriez,VERB,24291
étirions,VERB,24291
étirons,VERB,24291
étirâmes,VERB,24291
étirât,VERB,24291
étirâtes,VERB,24291
étirèrent,VERB,24291
étiré,VERB,24291
étirée,VERB,24291
étirées,VERB,24291
étirés,VERB,24291
étoffe,VERB,13365
étoffe0,VERB,13365
étoffes,VERB,13365
étoile,VERB,17252
étoile de david,VERB,17251
étoile de mer,VERB,17253
étoile0,VERB,17252
étoiles,VERB,17252
étonna,VERB,17470
étonnai,VERB,17470
étonnaient,VERB,17470
étonnais,VERB,17470
étonnait,VERB,17470
étonnant,VERB,17470
étonnas,VERB,17470
étonnasse,VERB,17470
étonnassent,VERB,17470
étonnasses,VERB,17470
étonnassiez,VERB,17470
étonnassions,VERB,17470
étonne,VERB,17470
étonnement,VERB,23960
étonnement0,VERB,23960
étonnements,VERB,23960
étonnent,VERB,17470
étonner,PRON,17470
étonnera,VERB,17470
étonnerai,VERB,17470
étonneraient,VERB,17470
étonnerais,VERB,17470
étonnerait,VERB,17470
étonneras,VERB,17470
étonnerez,VERB,17470
étonneriez,VERB,17470
étonnerions,VERB,17470
étonnerons,VERB,17470
étonneront,VERB,17470
étonnes,VERB,17470
étonnez,VERB,17470
étonniez,VERB,17470
étonnions,VERB,17470
étonnons,VERB,17470
étonnâmes,VERB,17470
étonnât,VERB,17470
étonnâtes,VERB,17470
étonnèrent,VERB,17470
étonné,ADJ,23962
étonnée,VERB,17470
étonnées,VERB,17470
étonnés,VERB,17470
étouffa,VERB,13177
étouffai,VERB,13177
étouffaient,VERB,13177
étouffais,VERB,13177
étouffait,VERB,13177
étouffant,VERB,13177
étouffas,VERB,13177
étouffasse,VERB,13177
étouffassent,VERB,13177
étouffasses,VERB,13177
étouffassiez,VERB,13177
étouffassions,VERB,13177
étouffe,VERB,13177
étouffent,VERB,13177
étouffer,VERB,13177
étouffer-,PRON,13177
étouffera,VERB,13177
étoufferai,VERB,13177
étoufferaient,VERB,13177
étoufferais,VERB,13177
étoufferait,VERB,13177
étoufferas,VERB,13177
étoufferez,VERB,13177
étoufferiez,VERB,13177
étoufferions,VERB,13177
étoufferons,VERB,13177
étoufferont,VERB,13177
étouffes,VERB,13177
étouffez,VERB,13177
étouffiez,VERB,13177
étouffions,VERB,13177
étouffons,VERB,13177
étouffâmes,VERB,13177
étouffât,VERB,13177
étouffâtes,VERB,13177
étouffèrent,VERB,13177
étouffé,VERB,13177
étouffée,VERB,13177
étouffées,VERB,13177
étouffés,VERB,13177
étourdi,ADJ,24642
étourdi0,VERB,24642
étourdie,VERB,24642
étourdies,VERB,24642
étourdis,VERB,24642
étrange,ADJ,17274
étrange0,VERB,17274
étranger,PREP,17275
étranger0,VERB,17275
étrangers,VERB,17275
étranges,VERB,17274
étrangla,VERB,13177
étranglai,VERB,13177
étranglaient,VERB,13177
étranglais,VERB,13177
étranglait,VERB,13177
étranglant,VERB,13177
étranglas,VERB,13177
étranglasse,VERB,13177
étranglassent,VERB,13177
étranglasses,VERB,13177
étranglassiez,VERB,13177
étranglassions,VERB,13177
étrangle,VERB,13177
étranglent,VERB,13177
étrangler,VERB,13177
étrangler-,PRON,13177
étranglera,VERB,13177
étranglerai,VERB,13177
étrangleraient,VERB,13177
étranglerais,VERB,13177
étranglerait,VERB,13177
étrangleras,VERB,13177
étranglerez,VERB,13177
étrangleriez,VERB,13177
étranglerions,VERB,13177
étranglerons,VERB,13177
étrangleront,VERB,13177
étrangles,VERB,13177
étranglez,VERB,13177
étrangliez,VERB,13177
étranglions,VERB,13177
étranglons,VERB,13177
étranglâmes,VERB,13177
étranglât,VERB,13177
étranglâtes,VERB,13177
étranglèrent,VERB,13177
étranglé,VERB,13177
étranglée,VERB,13177
étranglées,VERB,13177
étranglés,VERB,13177
étrangère,ADJ,24118
étrangères,VERB,17275
étreignaient,VERB,14909
étreignais,VERB,14909
étreignait,VERB,14909
étreignant,VERB,14909
étreigne,VERB,14909
étreignent,VERB,14909
étreignes,VERB,14909
étreignez,VERB,14909
étreigniez,VERB,14909
étreignions,VERB,14909
étreignirent,VERB,14909
étreignis,VERB,14909
étreignisse,VERB,14909
étreignissent,VERB,14909
étreignisses,VERB,14909
étreignissiez,VERB,14909
étreignissions,VERB,14909
étreignit,VERB,14909
étreignons,VERB,14909
étreignîmes,VERB,14909
étreignît,VERB,14909
étreignîtes,VERB,14909
étreindra,VERB,14909
étreindrai,VERB,14909
étreindraient,VERB,14909
étreindrais,VERB,14909
étreindrait,VERB,14909
étreindras,VERB,14909
étreindre,PRON,14909
étreindrez,VERB,14909
étreindriez,VERB,14909
étreindrions,VERB,14909
étreindrons,VERB,14909
étreindront,VERB,14909
étreins,VERB,14909
étreint,VERB,14909
étreinte,VERB,24848
étreinte0,VERB,24848
étreintes,VERB,14909
étreints,VERB,14909
étrier,VERB,24287
étrier0,VERB,24287
étriers,VERB,24287
étroit,ADJ,15693
étroit0,VERB,15693
étroite,VERB,15693
étroites,VERB,15693
étroits,VERB,15693
étudia,VERB,24294
étudiai,VERB,24294
étudiaient,VERB,24294
étudiais,VERB,24294
étudiait,VERB,24294
étudiant,PREP,17446
étudiant0,VERB,17446
étudiante,VERB,17446
étudiantes,VERB,17446
étudiants,VERB,17446
étudias,VERB,24294
étudiasse,VERB,24294
étudiassent,VERB,24294
étudiasses,VERB,24294
étudiassiez,VERB,24294
étudiassions,VERB,24294
étudie,VERB,24294
étudient,VERB,24294
étudier,PRON,24294
étudiera,VERB,24294
étudierai,VERB,24294
étudieraient,VERB,24294
étudierais,VERB,24294
étudierait,VERB,24294
étudieras,VERB,24294
étudierez,VERB,24294
étudieriez,VERB,24294
étudierions,VERB,24294
étudierons,VERB,24294
étudieront,VERB,24294
étudies,VERB,24294
étudiez,VERB,24294
étudiiez,VERB,24294
étudiions,VERB,24294
étudions,VERB,24294
étudiâmes,VERB,24294
étudiât,VERB,24294
étudiâtes,VERB,24294
étudièrent,VERB,24294
étudié,VERB,24294
étudiée,VERB,24294
étudiées,VERB,24294
étudiés,VERB,24294
été,VERB,17460
été0,VERB,17460
été_,VERB,17459
étés,VERB,17460
évacuation,VERB,24891
évacuation0,VERB,24891
évacuations,VERB,24891
évalua,VERB,13947
évaluai,VERB,13947
évaluaient,VERB,13947
évaluais,VERB,13947
évaluait,VERB,13947
évaluant,VERB,13947
évaluas,VERB,13947
évaluasse,VERB,13947
évaluassent,VERB,13947
évaluasses,VERB,13947
évaluassiez,VERB,13947
évaluassions,VERB,13947
évaluation,VERB,13949
évaluation0,VERB,13949
évaluations,VERB,13949
évalue,VERB,13947
évaluent,VERB,13947
évaluer,PRON,13947
évaluera,VERB,13947
évaluerai,VERB,13947
évalueraient,VERB,13947
évaluerais,VERB,13947
évaluerait,VERB,13947
évalueras,VERB,13947
évaluerez,VERB,13947
évalueriez,VERB,13947
évaluerions,VERB,13947
évaluerons,VERB,13947
évalueront,VERB,13947
évalues,VERB,13947
évaluez,VERB,13947
évaluiez,VERB,13947
évaluions,VERB,13947
évaluons,VERB,13947
évaluâmes,VERB,13947
évaluât,VERB,13947
évaluâtes,VERB,13947
évaluèrent,VERB,13947
évalué,VERB,13947
évaluée,VERB,13947
évaluées,VERB,13947
évalués,VERB,13947
évangile,VERB,21076
évangile0,VERB,21076
évangiles,VERB,21076
évangélisa,VERB,21346
évangélisai,VERB,21346
évangélisaient,VERB,21346
évangélisais,VERB,21346
évangélisait,VERB,21346
évangélisant,VERB,21346
évangélisas,VERB,21346
évangélisasse,VERB,21346
évangélisassent,VERB,21346
évangélisasses,VERB,21346
évangélisassiez,VERB,21346
évangélisassions,VERB,21346
évangélise,VERB,21346
évangélisent,VERB,21346
évangéliser,PRON,21346
évangélisera,VERB,21346
évangéliserai,VERB,21346
évangéliseraient,VERB,21346
évangéliserais,VERB,21346
évangéliserait,VERB,21346
évangéliseras,VERB,21346
évangéliserez,VERB,21346
évangéliseriez,VERB,21346
évangéliserions,VERB,21346
évangéliserons,VERB,21346
évangéliseront,VERB,21346
évangélises,VERB,21346
évangélisez,VERB,21346
évangélisiez,VERB,21346
évangélisions,VERB,21346
évangélisons,VERB,21346
évangélisâmes,VERB,21346
évangélisât,VERB,21346
évangélisâtes,VERB,21346
évangélisèrent,VERB,21346
évangélisé,VERB,21346
évangélisée,VERB,21346
évangélisées,VERB,21346
évangélisés,VERB,21346
éveil,VERB,24949
éveil0,VERB,24949
éveilla,VERB,23703
éveillai,VERB,23703
éveillaient,VERB,23703
éveillais,VERB,23703
éveillait,VERB,23703
éveillant,VERB,23703
éveillas,VERB,23703
éveillasse,VERB,23703
éveillassent,VERB,23703
éveillasses,VERB,23703
éveillassiez,VERB,23703
éveillassions,VERB,23703
éveille,VERB,23703
éveillent,VERB,23703
éveiller,VERB,23703
éveiller-,PRON,23703
éveillera,VERB,23703
éveillerai,VERB,23703
éveilleraient,VERB,23703
éveillerais,VERB,23703
éveillerait,VERB,23703
éveilleras,VERB,23703
éveillerez,VERB,23703
éveilleriez,VERB,23703
éveillerions,VERB,23703
éveillerons,VERB,23703
éveilleront,VERB,23703
éveilles,VERB,23703
éveillez,VERB,23703
éveilliez,VERB,23703
éveillions,VERB,23703
éveillons,VERB,23703
éveillâmes,VERB,23703
éveillât,VERB,23703
éveillâtes,VERB,23703
éveillèrent,VERB,23703
éveillé,ADJ,12601
éveillé0,VERB,12601
éveillée,VERB,12601
éveillées,VERB,12601
éveillés,VERB,12601
éveils,VERB,24949
éventail,VERB,14149
éventail0,VERB,14149
éventails,VERB,14149
éventuel,ADJ,25831
éventuel0,VERB,25831
éventuelle,VERB,25831
éventuelles,VERB,25831
éventuels,VERB,25831
évident,ADJ,14961
évident0,VERB,14961
évidente,VERB,14961
évidentes,VERB,14961
évidents,VERB,14961
évier,VERB,24511
évier0,VERB,24511
éviers,VERB,24511
événement,VERB,14114
événement chrétien,VERB,21100
événement imprévisible,VERB,12329
événement religieux,VERB,21095
événement saint,VERB,21101
événement0,VERB,14114
événements,VERB,14114
évêque,PREP,21056
évêque0,VERB,21056
évêques,VERB,21056
êtes,VERB,12639
être,PRON,12639
être capable de,PRON,13114
être d'accord,PRON,12353
être debout,PRON,17249
être en deuil,PRON,21296
être en pension,PRON,23033
être forcé,PRON,15685
être humain,PREP,16161
être patient,PRON,15977
être vivant,VERB,13609
île,VERB,14958
île0,VERB,14958
îles,VERB,14958
œil,VERB,14133
œil0,VERB,14133
œils,VERB,14133
œuf,VERB,13911
œuf brouillé,VERB,22140
œuf cuit,VERB,22137
œuf frit,VERB,22138
œuf poché,VERB,22141
œuf0,VERB,13911
œufs,VERB,13911
œuvre,VERB,18275
œuvre0,VERB,18275
œuvres,VERB,18275
